station,year,month,latitude,longitude,elevation_m,temperature_c,relative_humidity_pct,rainfall_mm,month_sin,month_cos,lag_1_month_rainfall,lag_2_month_rainfall,rolling_3m_avg_rainfall,rainfall_regime
Ahmedabad,2005,1,23.02,72.57,53,28.5,30.0,7.5,0.49999999999999994,0.8660254037844387,0.0,0.0,0.0,Deficit
Ahmedabad,2005,2,23.02,72.57,53,21.3,39.5,7.3,0.8660254037844386,0.5000000000000001,7.5,0.0,7.5,Deficit
Ahmedabad,2005,3,23.02,72.57,53,26.5,59.0,16.8,1.0,6.123233995736766e-17,7.3,7.5,7.4,Deficit
Ahmedabad,2005,4,23.02,72.57,53,22.3,55.7,27.3,0.8660254037844387,-0.4999999999999998,16.8,7.3,10.533333333333333,Deficit
Ahmedabad,2005,5,23.02,72.57,53,28.7,59.8,62.5,0.49999999999999994,-0.8660254037844387,27.3,16.8,17.133333333333336,Normal
Ahmedabad,2005,6,23.02,72.57,53,25.8,78.1,140.5,1.2246467991473532e-16,-1.0,62.5,27.3,35.53333333333333,Normal
Ahmedabad,2005,7,23.02,72.57,53,27.2,83.6,212.4,-0.4999999999999997,-0.8660254037844388,140.5,62.5,76.76666666666667,Excess
Ahmedabad,2005,8,23.02,72.57,53,27.9,82.1,236.5,-0.8660254037844385,-0.5000000000000004,212.4,140.5,138.46666666666667,Excess
Ahmedabad,2005,9,23.02,72.57,53,26.7,76.4,125.4,-1.0,-1.8369701987210297e-16,236.5,212.4,196.46666666666667,Normal
Ahmedabad,2005,10,23.02,72.57,53,22.2,56.7,17.9,-0.8660254037844386,0.5000000000000001,125.4,236.5,191.4333333333333,Deficit
Ahmedabad,2005,11,23.02,72.57,53,24.0,56.7,11.4,-0.5000000000000004,0.8660254037844384,17.9,125.4,126.59999999999998,Deficit
Ahmedabad,2005,12,23.02,72.57,53,20.7,62.0,5.4,-2.4492935982947064e-16,1.0,11.4,17.9,51.56666666666667,Deficit
Ahmedabad,2006,1,23.02,72.57,53,21.7,63.9,6.8,0.49999999999999994,0.8660254037844387,5.4,11.4,11.566666666666665,Deficit
Ahmedabad,2006,2,23.02,72.57,53,16.1,38.0,8.8,0.8660254037844386,0.5000000000000001,6.8,5.4,7.866666666666667,Deficit
Ahmedabad,2006,3,23.02,72.57,53,20.3,47.9,17.3,1.0,6.123233995736766e-17,8.8,6.8,7.0,Deficit
Ahmedabad,2006,4,23.02,72.57,53,30.8,49.1,27.3,0.8660254037844387,-0.4999999999999998,17.3,8.8,10.966666666666669,Deficit
Ahmedabad,2006,5,23.02,72.57,53,30.7,66.3,75.6,0.49999999999999994,-0.8660254037844387,27.3,17.3,17.8,Normal
Ahmedabad,2006,6,23.02,72.57,53,23.1,84.8,152.3,1.2246467991473532e-16,-1.0,75.6,27.3,40.06666666666666,Excess
Ahmedabad,2006,7,23.02,72.57,53,27.8,92.5,290.6,-0.4999999999999997,-0.8660254037844388,152.3,75.6,85.06666666666666,Excess
Ahmedabad,2006,8,23.02,72.57,53,29.4,88.5,250.9,-0.8660254037844385,-0.5000000000000004,290.6,152.3,172.83333333333334,Excess
Ahmedabad,2006,9,23.02,72.57,53,21.8,79.0,134.4,-1.0,-1.8369701987210297e-16,250.9,290.6,231.26666666666668,Normal
Ahmedabad,2006,10,23.02,72.57,53,21.8,49.8,33.0,-0.8660254037844386,0.5000000000000001,134.4,250.9,225.29999999999998,Deficit
Ahmedabad,2006,11,23.02,72.57,53,32.1,68.8,11.0,-0.5000000000000004,0.8660254037844384,33.0,134.4,139.43333333333334,Deficit
Ahmedabad,2006,12,23.02,72.57,53,25.6,45.2,2.8,-2.4492935982947064e-16,1.0,11.0,33.0,59.46666666666667,Deficit
Ahmedabad,2007,1,23.02,72.57,53,28.2,55.3,9.5,0.49999999999999994,0.8660254037844387,2.8,11.0,15.6,Deficit
Ahmedabad,2007,2,23.02,72.57,53,20.9,34.9,14.4,0.8660254037844386,0.5000000000000001,9.5,2.8,7.766666666666667,Deficit
Ahmedabad,2007,3,23.02,72.57,53,18.7,37.1,15.8,1.0,6.123233995736766e-17,14.4,9.5,8.9,Deficit
Ahmedabad,2007,4,23.02,72.57,53,21.3,42.5,20.9,0.8660254037844387,-0.4999999999999998,15.8,14.4,13.233333333333334,Deficit
Ahmedabad,2007,5,23.02,72.57,53,23.0,50.2,65.0,0.49999999999999994,-0.8660254037844387,20.9,15.8,17.033333333333335,Normal
Ahmedabad,2007,6,23.02,72.57,53,26.1,80.4,157.8,1.2246467991473532e-16,-1.0,65.0,20.9,33.9,Excess
Ahmedabad,2007,7,23.02,72.57,53,23.1,67.7,244.4,-0.4999999999999997,-0.8660254037844388,157.8,65.0,81.23333333333333,Excess
Ahmedabad,2007,8,23.02,72.57,53,29.2,94.4,216.5,-0.8660254037844385,-0.5000000000000004,244.4,157.8,155.73333333333335,Excess
Ahmedabad,2007,9,23.02,72.57,53,30.0,80.8,122.3,-1.0,-1.8369701987210297e-16,216.5,244.4,206.23333333333335,Normal
Ahmedabad,2007,10,23.02,72.57,53,31.7,30.8,26.8,-0.8660254037844386,0.5000000000000001,122.3,216.5,194.39999999999998,Deficit
Ahmedabad,2007,11,23.02,72.57,53,33.5,54.8,13.7,-0.5000000000000004,0.8660254037844384,26.8,122.3,121.86666666666667,Deficit
Ahmedabad,2007,12,23.02,72.57,53,22.5,51.7,7.5,-2.4492935982947064e-16,1.0,13.7,26.8,54.26666666666666,Deficit
Ahmedabad,2008,1,23.02,72.57,53,20.3,41.0,3.4,0.49999999999999994,0.8660254037844387,7.5,13.7,16.0,Deficit
Ahmedabad,2008,2,23.02,72.57,53,28.5,55.2,9.5,0.8660254037844386,0.5000000000000001,3.4,7.5,8.2,Deficit
Ahmedabad,2008,3,23.02,72.57,53,24.3,64.0,18.0,1.0,6.123233995736766e-17,9.5,3.4,6.8,Deficit
Ahmedabad,2008,4,23.02,72.57,53,25.2,49.3,23.6,0.8660254037844387,-0.4999999999999998,18.0,9.5,10.299999999999999,Deficit
Ahmedabad,2008,5,23.02,72.57,53,23.3,61.8,61.8,0.49999999999999994,-0.8660254037844387,23.6,18.0,17.033333333333335,Normal
Ahmedabad,2008,6,23.02,72.57,53,25.3,86.1,100.1,1.2246467991473532e-16,-1.0,61.8,23.6,34.46666666666667,Normal
Ahmedabad,2008,7,23.02,72.57,53,26.9,87.3,208.8,-0.4999999999999997,-0.8660254037844388,100.1,61.8,61.833333333333336,Excess
Ahmedabad,2008,8,23.02,72.57,53,27.5,90.4,167.9,-0.8660254037844385,-0.5000000000000004,208.8,100.1,123.56666666666666,Excess
Ahmedabad,2008,9,23.02,72.57,53,31.9,80.3,140.5,-1.0,-1.8369701987210297e-16,167.9,208.8,158.9333333333333,Normal
Ahmedabad,2008,10,23.02,72.57,53,21.2,42.9,28.8,-0.8660254037844386,0.5000000000000001,140.5,167.9,172.4,Deficit
Ahmedabad,2008,11,23.02,72.57,53,31.7,43.4,6.8,-0.5000000000000004,0.8660254037844384,28.8,140.5,112.39999999999999,Deficit
Ahmedabad,2008,12,23.02,72.57,53,21.4,59.0,3.7,-2.4492935982947064e-16,1.0,6.8,28.8,58.70000000000001,Deficit
Ahmedabad,2009,1,23.02,72.57,53,26.8,37.7,4.8,0.49999999999999994,0.8660254037844387,3.7,6.8,13.100000000000001,Deficit
Ahmedabad,2009,2,23.02,72.57,53,16.6,37.8,5.7,0.8660254037844386,0.5000000000000001,4.8,3.7,5.1000000000000005,Deficit
Ahmedabad,2009,3,23.02,72.57,53,17.1,37.2,15.3,1.0,6.123233995736766e-17,5.7,4.8,4.733333333333333,Deficit
Ahmedabad,2009,4,23.02,72.57,53,22.8,71.9,22.2,0.8660254037844387,-0.4999999999999998,15.3,5.7,8.6,Deficit
Ahmedabad,2009,5,23.02,72.57,53,21.5,57.6,69.0,0.49999999999999994,-0.8660254037844387,22.2,15.3,14.4,Normal
Ahmedabad,2009,6,23.02,72.57,53,26.5,73.0,134.5,1.2246467991473532e-16,-1.0,69.0,22.2,35.5,Normal
Ahmedabad,2009,7,23.02,72.57,53,27.6,79.4,199.6,-0.4999999999999997,-0.8660254037844388,134.5,69.0,75.23333333333333,Excess
Ahmedabad,2009,8,23.02,72.57,53,26.1,75.1,192.0,-0.8660254037844385,-0.5000000000000004,199.6,134.5,134.36666666666667,Excess
Ahmedabad,2009,9,23.02,72.57,53,29.0,74.9,105.8,-1.0,-1.8369701987210297e-16,192.0,199.6,175.36666666666667,Normal
Ahmedabad,2009,10,23.02,72.57,53,17.9,46.2,25.9,-0.8660254037844386,0.5000000000000001,105.8,192.0,165.8,Deficit
Ahmedabad,2009,11,23.02,72.57,53,22.5,46.3,10.6,-0.5000000000000004,0.8660254037844384,25.9,105.8,107.89999999999999,Deficit
Ahmedabad,2009,12,23.02,72.57,53,21.6,76.4,7.4,-2.4492935982947064e-16,1.0,10.6,25.9,47.43333333333333,Deficit
Ahmedabad,2010,1,23.02,72.57,53,26.9,77.3,8.5,0.49999999999999994,0.8660254037844387,7.4,10.6,14.633333333333333,Deficit
Ahmedabad,2010,2,23.02,72.57,53,20.5,44.5,6.3,0.8660254037844386,0.5000000000000001,8.5,7.4,8.833333333333334,Deficit
Ahmedabad,2010,3,23.02,72.57,53,18.1,52.2,16.7,1.0,6.123233995736766e-17,6.3,8.5,7.3999999999999995,Deficit
Ahmedabad,2010,4,23.02,72.57,53,25.6,49.1,32.5,0.8660254037844387,-0.4999999999999998,16.7,6.3,10.5,Deficit
Ahmedabad,2010,5,23.02,72.57,53,28.6,43.7,51.6,0.49999999999999994,-0.8660254037844387,32.5,16.7,18.5,Normal
Ahmedabad,2010,6,23.02,72.57,53,32.8,83.5,176.9,1.2246467991473532e-16,-1.0,51.6,32.5,33.6,Excess
Ahmedabad,2010,7,23.02,72.57,53,30.6,88.6,223.6,-0.4999999999999997,-0.8660254037844388,176.9,51.6,87.0,Excess
Ahmedabad,2010,8,23.02,72.57,53,26.7,74.1,170.3,-0.8660254037844385,-0.5000000000000004,223.6,176.9,150.70000000000002,Excess
Ahmedabad,2010,9,23.02,72.57,53,29.7,73.9,124.7,-1.0,-1.8369701987210297e-16,170.3,223.6,190.26666666666665,Normal
Ahmedabad,2010,10,23.02,72.57,53,19.6,43.0,22.9,-0.8660254037844386,0.5000000000000001,124.7,170.3,172.86666666666667,Deficit
Ahmedabad,2010,11,23.02,72.57,53,22.1,49.0,13.7,-0.5000000000000004,0.8660254037844384,22.9,124.7,105.96666666666665,Deficit
Ahmedabad,2010,12,23.02,72.57,53,25.7,51.6,0.9,-2.4492935982947064e-16,1.0,13.7,22.9,53.76666666666666,Deficit
Ahmedabad,2011,1,23.02,72.57,53,25.7,43.9,6.6,0.49999999999999994,0.8660254037844387,0.9,13.7,12.499999999999998,Deficit
Ahmedabad,2011,2,23.02,72.57,53,32.2,45.7,4.1,0.8660254037844386,0.5000000000000001,6.6,0.9,7.066666666666666,Deficit
Ahmedabad,2011,3,23.02,72.57,53,29.0,80.0,13.8,1.0,6.123233995736766e-17,4.1,6.6,3.8666666666666667,Deficit
Ahmedabad,2011,4,23.02,72.57,53,26.8,44.9,16.3,0.8660254037844387,-0.4999999999999998,13.8,4.1,8.166666666666666,Deficit
Ahmedabad,2011,5,23.02,72.57,53,22.1,40.7,44.4,0.49999999999999994,-0.8660254037844387,16.3,13.8,11.4,Normal
Ahmedabad,2011,6,23.02,72.57,53,24.3,87.7,111.5,1.2246467991473532e-16,-1.0,44.4,16.3,24.833333333333332,Normal
Ahmedabad,2011,7,23.02,72.57,53,29.1,79.2,191.5,-0.4999999999999997,-0.8660254037844388,111.5,44.4,57.4,Excess
Ahmedabad,2011,8,23.02,72.57,53,28.7,75.0,157.4,-0.8660254037844385,-0.5000000000000004,191.5,111.5,115.8,Excess
Ahmedabad,2011,9,23.02,72.57,53,25.9,76.7,92.0,-1.0,-1.8369701987210297e-16,157.4,191.5,153.46666666666667,Normal
Ahmedabad,2011,10,23.02,72.57,53,30.4,45.1,13.1,-0.8660254037844386,0.5000000000000001,92.0,157.4,146.96666666666667,Deficit
Ahmedabad,2011,11,23.02,72.57,53,29.3,39.1,12.9,-0.5000000000000004,0.8660254037844384,13.1,92.0,87.5,Deficit
Ahmedabad,2011,12,23.02,72.57,53,35.2,69.5,1.3,-2.4492935982947064e-16,1.0,12.9,13.1,39.333333333333336,Deficit
Ahmedabad,2012,1,23.02,72.57,53,22.5,56.3,8.3,0.49999999999999994,0.8660254037844387,1.3,12.9,9.1,Deficit
Ahmedabad,2012,2,23.02,72.57,53,16.9,38.8,6.4,0.8660254037844386,0.5000000000000001,8.3,1.3,7.5,Deficit
Ahmedabad,2012,3,23.02,72.57,53,20.5,51.3,15.6,1.0,6.123233995736766e-17,6.4,8.3,5.333333333333333,Deficit
Ahmedabad,2012,4,23.02,72.57,53,21.9,60.5,18.8,0.8660254037844387,-0.4999999999999998,15.6,6.4,10.1,Deficit
Ahmedabad,2012,5,23.02,72.57,53,25.0,60.8,56.9,0.49999999999999994,-0.8660254037844387,18.8,15.6,13.6,Normal
Ahmedabad,2012,6,23.02,72.57,53,31.6,79.2,135.3,1.2246467991473532e-16,-1.0,56.9,18.8,30.433333333333334,Normal
Ahmedabad,2012,7,23.02,72.57,53,24.7,79.4,194.0,-0.4999999999999997,-0.8660254037844388,135.3,56.9,70.33333333333333,Excess
Ahmedabad,2012,8,23.02,72.57,53,31.2,87.8,219.3,-0.8660254037844385,-0.5000000000000004,194.0,135.3,128.73333333333335,Excess
Ahmedabad,2012,9,23.02,72.57,53,30.7,71.0,73.8,-1.0,-1.8369701987210297e-16,219.3,194.0,182.86666666666667,Normal
Ahmedabad,2012,10,23.02,72.57,53,23.5,59.0,27.1,-0.8660254037844386,0.5000000000000001,73.8,219.3,162.36666666666667,Deficit
Ahmedabad,2012,11,23.02,72.57,53,29.7,37.4,8.9,-0.5000000000000004,0.8660254037844384,27.1,73.8,106.73333333333335,Deficit
Ahmedabad,2012,12,23.02,72.57,53,21.0,34.5,2.6,-2.4492935982947064e-16,1.0,8.9,27.1,36.6,Deficit
Ahmedabad,2013,1,23.02,72.57,53,35.7,53.0,11.5,0.49999999999999994,0.8660254037844387,2.6,8.9,12.866666666666667,Deficit
Ahmedabad,2013,2,23.02,72.57,53,25.9,57.0,10.2,0.8660254037844386,0.5000000000000001,11.5,2.6,7.666666666666667,Deficit
Ahmedabad,2013,3,23.02,72.57,53,25.8,57.4,14.9,1.0,6.123233995736766e-17,10.2,11.5,8.1,Deficit
Ahmedabad,2013,4,23.02,72.57,53,24.7,51.4,21.3,0.8660254037844387,-0.4999999999999998,14.9,10.2,12.200000000000001,Deficit
Ahmedabad,2013,5,23.02,72.57,53,20.7,51.5,63.7,0.49999999999999994,-0.8660254037844387,21.3,14.9,15.466666666666669,Normal
Ahmedabad,2013,6,23.02,72.57,53,30.9,90.1,170.4,1.2246467991473532e-16,-1.0,63.7,21.3,33.300000000000004,Excess
Ahmedabad,2013,7,23.02,72.57,53,28.8,88.0,214.9,-0.4999999999999997,-0.8660254037844388,170.4,63.7,85.13333333333334,Excess
Ahmedabad,2013,8,23.02,72.57,53,23.1,74.1,243.6,-0.8660254037844385,-0.5000000000000004,214.9,170.4,149.66666666666666,Excess
Ahmedabad,2013,9,23.02,72.57,53,27.3,78.0,137.1,-1.0,-1.8369701987210297e-16,243.6,214.9,209.63333333333333,Normal
Ahmedabad,2013,10,23.02,72.57,53,22.8,38.0,18.4,-0.8660254037844386,0.5000000000000001,137.1,243.6,198.53333333333333,Deficit
Ahmedabad,2013,11,23.02,72.57,53,24.9,51.4,16.4,-0.5000000000000004,0.8660254037844384,18.4,137.1,133.03333333333333,Deficit
Ahmedabad,2013,12,23.02,72.57,53,28.8,61.5,5.1,-2.4492935982947064e-16,1.0,16.4,18.4,57.300000000000004,Deficit
Ahmedabad,2014,1,23.02,72.57,53,23.8,59.7,7.7,0.49999999999999994,0.8660254037844387,5.1,16.4,13.299999999999999,Deficit
Ahmedabad,2014,2,23.02,72.57,53,25.0,56.0,7.9,0.8660254037844386,0.5000000000000001,7.7,5.1,9.733333333333333,Deficit
Ahmedabad,2014,3,23.02,72.57,53,17.9,59.1,20.5,1.0,6.123233995736766e-17,7.9,7.7,6.900000000000001,Deficit
Ahmedabad,2014,4,23.02,72.57,53,27.8,59.8,25.9,0.8660254037844387,-0.4999999999999998,20.5,7.9,12.033333333333333,Deficit
Ahmedabad,2014,5,23.02,72.57,53,30.4,65.5,81.2,0.49999999999999994,-0.8660254037844387,25.9,20.5,18.099999999999998,Normal
Ahmedabad,2014,6,23.02,72.57,53,28.7,82.2,181.3,1.2246467991473532e-16,-1.0,81.2,25.9,42.53333333333333,Excess
Ahmedabad,2014,7,23.02,72.57,53,29.8,80.1,281.0,-0.4999999999999997,-0.8660254037844388,181.3,81.2,96.13333333333333,Excess
Ahmedabad,2014,8,23.02,72.57,53,27.9,76.9,231.6,-0.8660254037844385,-0.5000000000000004,281.0,181.3,181.16666666666666,Excess
Ahmedabad,2014,9,23.02,72.57,53,28.1,94.3,155.2,-1.0,-1.8369701987210297e-16,231.6,281.0,231.29999999999998,Excess
Ahmedabad,2014,10,23.02,72.57,53,22.8,52.3,19.1,-0.8660254037844386,0.5000000000000001,155.2,231.6,222.6,Deficit
Ahmedabad,2014,11,23.02,72.57,53,26.6,55.1,16.3,-0.5000000000000004,0.8660254037844384,19.1,155.2,135.29999999999998,Deficit
Ahmedabad,2014,12,23.02,72.57,53,20.4,55.2,2.2,-2.4492935982947064e-16,1.0,16.3,19.1,63.53333333333333,Deficit
Ahmedabad,2015,1,23.02,72.57,53,27.0,42.2,5.3,0.49999999999999994,0.8660254037844387,2.2,16.3,12.533333333333337,Deficit
Ahmedabad,2015,2,23.02,72.57,53,29.9,36.3,9.5,0.8660254037844386,0.5000000000000001,5.3,2.2,7.933333333333334,Deficit
Ahmedabad,2015,3,23.02,72.57,53,15.9,44.2,10.5,1.0,6.123233995736766e-17,9.5,5.3,5.666666666666667,Deficit
Ahmedabad,2015,4,23.02,72.57,53,23.3,56.6,21.6,0.8660254037844387,-0.4999999999999998,10.5,9.5,8.433333333333334,Deficit
Ahmedabad,2015,5,23.02,72.57,53,28.2,46.4,32.2,0.49999999999999994,-0.8660254037844387,21.6,10.5,13.866666666666667,Deficit
Ahmedabad,2015,6,23.02,72.57,53,27.8,74.4,101.4,1.2246467991473532e-16,-1.0,32.2,21.6,21.433333333333337,Normal
Ahmedabad,2015,7,23.02,72.57,53,30.4,84.4,135.4,-0.4999999999999997,-0.8660254037844388,101.4,32.2,51.73333333333334,Normal
Ahmedabad,2015,8,23.02,72.57,53,28.8,82.9,180.5,-0.8660254037844385,-0.5000000000000004,135.4,101.4,89.66666666666667,Excess
Ahmedabad,2015,9,23.02,72.57,53,27.3,81.8,61.1,-1.0,-1.8369701987210297e-16,180.5,135.4,139.1,Normal
Ahmedabad,2015,10,23.02,72.57,53,27.7,67.4,25.7,-0.8660254037844386,0.5000000000000001,61.1,180.5,125.66666666666667,Deficit
Ahmedabad,2015,11,23.02,72.57,53,22.2,53.2,10.7,-0.5000000000000004,0.8660254037844384,25.7,61.1,89.10000000000001,Deficit
Ahmedabad,2015,12,23.02,72.57,53,21.2,48.2,3.6,-2.4492935982947064e-16,1.0,10.7,25.7,32.5,Deficit
Ahmedabad,2016,1,23.02,72.57,53,16.7,64.1,10.8,0.49999999999999994,0.8660254037844387,3.6,10.7,13.333333333333334,Deficit
Ahmedabad,2016,2,23.02,72.57,53,19.5,63.8,5.7,0.8660254037844386,0.5000000000000001,10.8,3.6,8.366666666666667,Deficit
Ahmedabad,2016,3,23.02,72.57,53,30.0,60.0,17.2,1.0,6.123233995736766e-17,5.7,10.8,6.7,Deficit
Ahmedabad,2016,4,23.02,72.57,53,27.2,50.4,31.2,0.8660254037844387,-0.4999999999999998,17.2,5.7,11.233333333333334,Deficit
Ahmedabad,2016,5,23.02,72.57,53,30.0,44.2,56.4,0.49999999999999994,-0.8660254037844387,31.2,17.2,18.03333333333333,Normal
Ahmedabad,2016,6,23.02,72.57,53,27.2,69.4,107.3,1.2246467991473532e-16,-1.0,56.4,31.2,34.93333333333333,Normal
Ahmedabad,2016,7,23.02,72.57,53,23.3,82.3,210.2,-0.4999999999999997,-0.8660254037844388,107.3,56.4,64.96666666666665,Excess
Ahmedabad,2016,8,23.02,72.57,53,26.8,92.1,210.7,-0.8660254037844385,-0.5000000000000004,210.2,107.3,124.63333333333333,Excess
Ahmedabad,2016,9,23.02,72.57,53,31.0,86.1,78.4,-1.0,-1.8369701987210297e-16,210.7,210.2,176.0666666666667,Normal
Ahmedabad,2016,10,23.02,72.57,53,35.8,51.4,15.7,-0.8660254037844386,0.5000000000000001,78.4,210.7,166.4333333333333,Deficit
Ahmedabad,2016,11,23.02,72.57,53,19.4,49.8,9.6,-0.5000000000000004,0.8660254037844384,15.7,78.4,101.60000000000001,Deficit
Ahmedabad,2016,12,23.02,72.57,53,25.4,49.0,3.5,-2.4492935982947064e-16,1.0,9.6,15.7,34.56666666666667,Deficit
Ahmedabad,2017,1,23.02,72.57,53,17.3,50.5,7.7,0.49999999999999994,0.8660254037844387,3.5,9.6,9.6,Deficit
Ahmedabad,2017,2,23.02,72.57,53,26.4,42.2,3.8,0.8660254037844386,0.5000000000000001,7.7,3.5,6.933333333333334,Deficit
Ahmedabad,2017,3,23.02,72.57,53,30.3,42.5,17.5,1.0,6.123233995736766e-17,3.8,7.7,5.0,Deficit
Ahmedabad,2017,4,23.02,72.57,53,23.3,69.5,30.4,0.8660254037844387,-0.4999999999999998,17.5,3.8,9.666666666666666,Deficit
Ahmedabad,2017,5,23.02,72.57,53,21.6,58.9,55.7,0.49999999999999994,-0.8660254037844387,30.4,17.5,17.233333333333334,Normal
Ahmedabad,2017,6,23.02,72.57,53,25.9,79.1,125.5,1.2246467991473532e-16,-1.0,55.7,30.4,34.53333333333333,Normal
Ahmedabad,2017,7,23.02,72.57,53,31.4,70.4,228.0,-0.4999999999999997,-0.8660254037844388,125.5,55.7,70.53333333333333,Excess
Ahmedabad,2017,8,23.02,72.57,53,29.6,83.2,205.2,-0.8660254037844385,-0.5000000000000004,228.0,125.5,136.4,Excess
Ahmedabad,2017,9,23.02,72.57,53,27.8,80.9,147.3,-1.0,-1.8369701987210297e-16,205.2,228.0,186.23333333333335,Normal
Ahmedabad,2017,10,23.02,72.57,53,25.4,48.1,28.3,-0.8660254037844386,0.5000000000000001,147.3,205.2,193.5,Deficit
Ahmedabad,2017,11,23.02,72.57,53,22.4,45.9,14.0,-0.5000000000000004,0.8660254037844384,28.3,147.3,126.93333333333334,Deficit
Ahmedabad,2017,12,23.02,72.57,53,30.4,30.0,3.2,-2.4492935982947064e-16,1.0,14.0,28.3,63.20000000000001,Deficit
Ahmedabad,2018,1,23.02,72.57,53,18.3,55.1,8.3,0.49999999999999994,0.8660254037844387,3.2,14.0,15.166666666666666,Deficit
Ahmedabad,2018,2,23.02,72.57,53,27.4,30.0,9.2,0.8660254037844386,0.5000000000000001,8.3,3.2,8.5,Deficit
Ahmedabad,2018,3,23.02,72.57,53,22.0,58.9,20.6,1.0,6.123233995736766e-17,9.2,8.3,6.8999999999999995,Deficit
Ahmedabad,2018,4,23.02,72.57,53,21.5,58.6,28.1,0.8660254037844387,-0.4999999999999998,20.6,9.2,12.700000000000001,Deficit
Ahmedabad,2018,5,23.02,72.57,53,16.7,63.7,53.8,0.49999999999999994,-0.8660254037844387,28.1,20.6,19.3,Normal
Ahmedabad,2018,6,23.02,72.57,53,25.9,79.6,113.6,1.2246467991473532e-16,-1.0,53.8,28.1,34.166666666666664,Normal
Ahmedabad,2018,7,23.02,72.57,53,27.9,85.3,233.8,-0.4999999999999997,-0.8660254037844388,113.6,53.8,65.16666666666667,Excess
Ahmedabad,2018,8,23.02,72.57,53,26.1,81.3,150.3,-0.8660254037844385,-0.5000000000000004,233.8,113.6,133.73333333333332,Excess
Ahmedabad,2018,9,23.02,72.57,53,27.7,88.5,155.0,-1.0,-1.8369701987210297e-16,150.3,233.8,165.9,Excess
Ahmedabad,2018,10,23.02,72.57,53,23.1,49.5,24.9,-0.8660254037844386,0.5000000000000001,155.0,150.3,179.70000000000002,Deficit
Ahmedabad,2018,11,23.02,72.57,53,27.4,65.7,12.0,-0.5000000000000004,0.8660254037844384,24.9,155.0,110.06666666666666,Deficit
Ahmedabad,2018,12,23.02,72.57,53,29.7,42.4,4.8,-2.4492935982947064e-16,1.0,12.0,24.9,63.96666666666667,Deficit
Ahmedabad,2019,1,23.02,72.57,53,26.3,48.4,5.9,0.49999999999999994,0.8660254037844387,4.8,12.0,13.899999999999999,Deficit
Ahmedabad,2019,2,23.02,72.57,53,21.3,52.4,8.8,0.8660254037844386,0.5000000000000001,5.9,4.8,7.566666666666667,Deficit
Ahmedabad,2019,3,23.02,72.57,53,16.7,73.2,16.6,1.0,6.123233995736766e-17,8.8,5.9,6.5,Deficit
Ahmedabad,2019,4,23.02,72.57,53,16.9,53.6,21.0,0.8660254037844387,-0.4999999999999998,16.6,8.8,10.433333333333335,Deficit
Ahmedabad,2019,5,23.02,72.57,53,24.7,61.9,51.9,0.49999999999999994,-0.8660254037844387,21.0,16.6,15.466666666666669,Normal
Ahmedabad,2019,6,23.02,72.57,53,28.7,84.7,133.7,1.2246467991473532e-16,-1.0,51.9,21.0,29.833333333333332,Normal
Ahmedabad,2019,7,23.02,72.57,53,32.4,73.1,195.1,-0.4999999999999997,-0.8660254037844388,133.7,51.9,68.86666666666666,Excess
Ahmedabad,2019,8,23.02,72.57,53,28.2,86.9,181.2,-0.8660254037844385,-0.5000000000000004,195.1,133.7,126.89999999999999,Excess
Ahmedabad,2019,9,23.02,72.57,53,23.6,82.9,87.5,-1.0,-1.8369701987210297e-16,181.2,195.1,169.99999999999997,Normal
Ahmedabad,2019,10,23.02,72.57,53,31.0,39.3,23.2,-0.8660254037844386,0.5000000000000001,87.5,181.2,154.6,Deficit
Ahmedabad,2019,11,23.02,72.57,53,34.5,48.2,13.4,-0.5000000000000004,0.8660254037844384,23.2,87.5,97.3,Deficit
Ahmedabad,2019,12,23.02,72.57,53,23.4,52.1,1.1,-2.4492935982947064e-16,1.0,13.4,23.2,41.36666666666667,Deficit
Ahmedabad,2020,1,23.02,72.57,53,31.2,40.9,7.3,0.49999999999999994,0.8660254037844387,1.1,13.4,12.566666666666668,Deficit
Ahmedabad,2020,2,23.02,72.57,53,29.4,30.0,5.0,0.8660254037844386,0.5000000000000001,7.3,1.1,7.266666666666667,Deficit
Ahmedabad,2020,3,23.02,72.57,53,37.5,51.9,16.3,1.0,6.123233995736766e-17,5.0,7.3,4.466666666666667,Deficit
Ahmedabad,2020,4,23.02,72.57,53,24.8,51.5,20.2,0.8660254037844387,-0.4999999999999998,16.3,5.0,9.533333333333333,Deficit
Ahmedabad,2020,5,23.02,72.57,53,27.6,41.6,60.8,0.49999999999999994,-0.8660254037844387,20.2,16.3,13.833333333333334,Normal
Ahmedabad,2020,6,23.02,72.57,53,28.6,86.4,176.0,1.2246467991473532e-16,-1.0,60.8,20.2,32.43333333333333,Excess
Ahmedabad,2020,7,23.02,72.57,53,31.2,80.5,202.0,-0.4999999999999997,-0.8660254037844388,176.0,60.8,85.66666666666667,Excess
Ahmedabad,2020,8,23.02,72.57,53,25.7,76.0,212.6,-0.8660254037844385,-0.5000000000000004,202.0,176.0,146.26666666666668,Excess
Ahmedabad,2020,9,23.02,72.57,53,26.9,76.9,132.8,-1.0,-1.8369701987210297e-16,212.6,202.0,196.86666666666667,Normal
Ahmedabad,2020,10,23.02,72.57,53,27.8,45.7,22.4,-0.8660254037844386,0.5000000000000001,132.8,212.6,182.4666666666667,Deficit
Ahmedabad,2020,11,23.02,72.57,53,25.1,32.8,12.4,-0.5000000000000004,0.8660254037844384,22.4,132.8,122.59999999999998,Deficit
Ahmedabad,2020,12,23.02,72.57,53,26.3,44.6,1.3,-2.4492935982947064e-16,1.0,12.4,22.4,55.866666666666674,Deficit
Ahmedabad,2021,1,23.02,72.57,53,27.9,70.2,10.9,0.49999999999999994,0.8660254037844387,1.3,12.4,12.033333333333331,Deficit
Ahmedabad,2021,2,23.02,72.57,53,27.6,46.2,8.8,0.8660254037844386,0.5000000000000001,10.9,1.3,8.200000000000001,Deficit
Ahmedabad,2021,3,23.02,72.57,53,32.9,52.1,25.9,1.0,6.123233995736766e-17,8.8,10.9,7.0,Deficit
Ahmedabad,2021,4,23.02,72.57,53,30.4,50.5,28.8,0.8660254037844387,-0.4999999999999998,25.9,8.8,15.200000000000001,Deficit
Ahmedabad,2021,5,23.02,72.57,53,28.5,52.8,55.4,0.49999999999999994,-0.8660254037844387,28.8,25.9,21.166666666666668,Normal
Ahmedabad,2021,6,23.02,72.57,53,25.9,71.7,148.4,1.2246467991473532e-16,-1.0,55.4,28.8,36.699999999999996,Normal
Ahmedabad,2021,7,23.02,72.57,53,30.3,80.6,252.7,-0.4999999999999997,-0.8660254037844388,148.4,55.4,77.53333333333335,Excess
Ahmedabad,2021,8,23.02,72.57,53,26.2,75.7,271.2,-0.8660254037844385,-0.5000000000000004,252.7,148.4,152.16666666666666,Excess
Ahmedabad,2021,9,23.02,72.57,53,27.8,86.6,124.2,-1.0,-1.8369701987210297e-16,271.2,252.7,224.1,Normal
Ahmedabad,2021,10,23.02,72.57,53,30.5,71.7,23.2,-0.8660254037844386,0.5000000000000001,124.2,271.2,216.03333333333333,Deficit
Ahmedabad,2021,11,23.02,72.57,53,30.0,41.4,13.4,-0.5000000000000004,0.8660254037844384,23.2,124.2,139.53333333333333,Deficit
Ahmedabad,2021,12,23.02,72.57,53,29.2,60.6,6.6,-2.4492935982947064e-16,1.0,13.4,23.2,53.6,Deficit
Ahmedabad,2022,1,23.02,72.57,53,22.4,45.7,1.9,0.49999999999999994,0.8660254037844387,6.6,13.4,14.4,Deficit
Ahmedabad,2022,2,23.02,72.57,53,25.5,47.8,5.8,0.8660254037844386,0.5000000000000001,1.9,6.6,7.3,Deficit
Ahmedabad,2022,3,23.02,72.57,53,20.8,44.8,13.3,1.0,6.123233995736766e-17,5.8,1.9,4.766666666666667,Deficit
Ahmedabad,2022,4,23.02,72.57,53,22.4,46.9,28.1,0.8660254037844387,-0.4999999999999998,13.3,5.8,7.0,Deficit
Ahmedabad,2022,5,23.02,72.57,53,26.4,56.6,50.1,0.49999999999999994,-0.8660254037844387,28.1,13.3,15.733333333333334,Normal
Ahmedabad,2022,6,23.02,72.57,53,30.6,90.6,56.4,1.2246467991473532e-16,-1.0,50.1,28.1,30.5,Normal
Ahmedabad,2022,7,23.02,72.57,53,25.6,79.3,170.9,-0.4999999999999997,-0.8660254037844388,56.4,50.1,44.86666666666667,Excess
Ahmedabad,2022,8,23.02,72.57,53,28.6,70.3,161.8,-0.8660254037844385,-0.5000000000000004,170.9,56.4,92.46666666666665,Excess
Ahmedabad,2022,9,23.02,72.57,53,31.8,76.4,87.3,-1.0,-1.8369701987210297e-16,161.8,170.9,129.70000000000002,Normal
Ahmedabad,2022,10,23.02,72.57,53,26.4,33.9,28.6,-0.8660254037844386,0.5000000000000001,87.3,161.8,140.00000000000003,Deficit
Ahmedabad,2022,11,23.02,72.57,53,24.5,47.4,13.0,-0.5000000000000004,0.8660254037844384,28.6,87.3,92.56666666666668,Deficit
Ahmedabad,2022,12,23.02,72.57,53,26.9,59.1,4.4,-2.4492935982947064e-16,1.0,13.0,28.6,42.96666666666667,Deficit
Ahmedabad,2023,1,23.02,72.57,53,19.5,47.3,9.9,0.49999999999999994,0.8660254037844387,4.4,13.0,15.333333333333334,Deficit
Ahmedabad,2023,2,23.02,72.57,53,27.9,75.7,15.0,0.8660254037844386,0.5000000000000001,9.9,4.4,9.1,Deficit
Ahmedabad,2023,3,23.02,72.57,53,26.0,55.0,22.8,1.0,6.123233995736766e-17,15.0,9.9,9.766666666666667,Deficit
Ahmedabad,2023,4,23.02,72.57,53,18.0,52.2,27.1,0.8660254037844387,-0.4999999999999998,22.8,15.0,15.9,Deficit
Ahmedabad,2023,5,23.02,72.57,53,22.6,56.1,77.7,0.49999999999999994,-0.8660254037844387,27.1,22.8,21.633333333333336,Normal
Ahmedabad,2023,6,23.02,72.57,53,25.7,79.3,168.1,1.2246467991473532e-16,-1.0,77.7,27.1,42.53333333333334,Excess
Ahmedabad,2023,7,23.02,72.57,53,25.9,74.3,200.9,-0.4999999999999997,-0.8660254037844388,168.1,77.7,90.96666666666665,Excess
Ahmedabad,2023,8,23.02,72.57,53,31.5,76.5,183.2,-0.8660254037844385,-0.5000000000000004,200.9,168.1,148.9,Excess
Ahmedabad,2023,9,23.02,72.57,53,26.7,89.1,130.4,-1.0,-1.8369701987210297e-16,183.2,200.9,184.0666666666667,Normal
Ahmedabad,2023,10,23.02,72.57,53,28.5,55.1,33.8,-0.8660254037844386,0.5000000000000001,130.4,183.2,171.5,Deficit
Ahmedabad,2023,11,23.02,72.57,53,20.2,71.4,13.1,-0.5000000000000004,0.8660254037844384,33.8,130.4,115.80000000000001,Deficit
Ahmedabad,2023,12,23.02,72.57,53,27.7,62.6,3.0,-2.4492935982947064e-16,1.0,13.1,33.8,59.099999999999994,Deficit
Ahmedabad,2024,1,23.02,72.57,53,28.1,69.3,9.3,0.49999999999999994,0.8660254037844387,3.0,13.1,16.633333333333333,Deficit
Ahmedabad,2024,2,23.02,72.57,53,19.9,46.9,6.3,0.8660254037844386,0.5000000000000001,9.3,3.0,8.466666666666667,Deficit
Ahmedabad,2024,3,23.02,72.57,53,25.2,48.1,15.0,1.0,6.123233995736766e-17,6.3,9.3,6.2,Deficit
Ahmedabad,2024,4,23.02,72.57,53,26.9,71.7,14.2,0.8660254037844387,-0.4999999999999998,15.0,6.3,10.200000000000001,Deficit
Ahmedabad,2024,5,23.02,72.57,53,27.4,57.7,54.7,0.49999999999999994,-0.8660254037844387,14.2,15.0,11.833333333333334,Normal
Ahmedabad,2024,6,23.02,72.57,53,30.3,84.4,123.6,1.2246467991473532e-16,-1.0,54.7,14.2,27.96666666666667,Normal
Ahmedabad,2024,7,23.02,72.57,53,26.0,80.5,183.8,-0.4999999999999997,-0.8660254037844388,123.6,54.7,64.16666666666667,Excess
Ahmedabad,2024,8,23.02,72.57,53,27.2,83.9,182.9,-0.8660254037844385,-0.5000000000000004,183.8,123.6,120.7,Excess
Ahmedabad,2024,9,23.02,72.57,53,30.1,89.7,109.0,-1.0,-1.8369701987210297e-16,182.9,183.8,163.4333333333333,Normal
Ahmedabad,2024,10,23.02,72.57,53,19.8,48.5,21.9,-0.8660254037844386,0.5000000000000001,109.0,182.9,158.5666666666667,Deficit
Ahmedabad,2024,11,23.02,72.57,53,17.7,65.9,10.9,-0.5000000000000004,0.8660254037844384,21.9,109.0,104.59999999999998,Deficit
Ahmedabad,2024,12,23.02,72.57,53,26.5,65.7,3.9,-2.4492935982947064e-16,1.0,10.9,21.9,47.26666666666667,Deficit
Bengaluru,2005,1,12.97,77.59,920,27.6,67.2,9.6,0.49999999999999994,0.8660254037844387,0.0,0.0,0.0,Deficit
Bengaluru,2005,2,12.97,77.59,920,24.1,67.8,9.4,0.8660254037844386,0.5000000000000001,9.6,0.0,9.6,Deficit
Bengaluru,2005,3,12.97,77.59,920,23.1,57.4,22.5,1.0,6.123233995736766e-17,9.4,9.6,9.5,Deficit
Bengaluru,2005,4,12.97,77.59,920,23.1,54.4,27.2,0.8660254037844387,-0.4999999999999998,22.5,9.4,13.833333333333334,Deficit
Bengaluru,2005,5,12.97,77.59,920,18.1,46.4,45.4,0.49999999999999994,-0.8660254037844387,27.2,22.5,19.7,Normal
Bengaluru,2005,6,12.97,77.59,920,28.8,76.6,129.3,1.2246467991473532e-16,-1.0,45.4,27.2,31.7,Normal
Bengaluru,2005,7,12.97,77.59,920,31.7,80.6,199.0,-0.4999999999999997,-0.8660254037844388,129.3,45.4,67.3,Excess
Bengaluru,2005,8,12.97,77.59,920,24.4,78.7,240.1,-0.8660254037844385,-0.5000000000000004,199.0,129.3,124.56666666666668,Excess
Bengaluru,2005,9,12.97,77.59,920,25.1,84.3,141.1,-1.0,-1.8369701987210297e-16,240.1,199.0,189.46666666666667,Normal
Bengaluru,2005,10,12.97,77.59,920,23.8,46.0,26.4,-0.8660254037844386,0.5000000000000001,141.1,240.1,193.4,Deficit
Bengaluru,2005,11,12.97,77.59,920,24.9,41.4,19.8,-0.5000000000000004,0.8660254037844384,26.4,141.1,135.86666666666665,Deficit
Bengaluru,2005,12,12.97,77.59,920,20.1,54.1,6.6,-2.4492935982947064e-16,1.0,19.8,26.4,62.43333333333334,Deficit
Bengaluru,2006,1,12.97,77.59,920,25.8,59.4,4.0,0.49999999999999994,0.8660254037844387,6.6,19.8,17.6,Deficit
Bengaluru,2006,2,12.97,77.59,920,24.5,49.0,7.0,0.8660254037844386,0.5000000000000001,4.0,6.6,10.133333333333333,Deficit
Bengaluru,2006,3,12.97,77.59,920,22.1,47.4,9.8,1.0,6.123233995736766e-17,7.0,4.0,5.866666666666667,Deficit
Bengaluru,2006,4,12.97,77.59,920,26.4,34.4,23.9,0.8660254037844387,-0.4999999999999998,9.8,7.0,6.933333333333334,Deficit
Bengaluru,2006,5,12.97,77.59,920,23.5,45.2,49.7,0.49999999999999994,-0.8660254037844387,23.9,9.8,13.566666666666668,Normal
Bengaluru,2006,6,12.97,77.59,920,30.6,87.6,119.1,1.2246467991473532e-16,-1.0,49.7,23.9,27.8,Normal
Bengaluru,2006,7,12.97,77.59,920,27.2,84.0,153.7,-0.4999999999999997,-0.8660254037844388,119.1,49.7,64.23333333333333,Excess
Bengaluru,2006,8,12.97,77.59,920,26.8,80.9,189.2,-0.8660254037844385,-0.5000000000000004,153.7,119.1,107.5,Excess
Bengaluru,2006,9,12.97,77.59,920,25.0,86.9,75.2,-1.0,-1.8369701987210297e-16,189.2,153.7,153.99999999999997,Normal
Bengaluru,2006,10,12.97,77.59,920,24.7,62.0,25.0,-0.8660254037844386,0.5000000000000001,75.2,189.2,139.36666666666665,Deficit
Bengaluru,2006,11,12.97,77.59,920,22.4,55.6,10.8,-0.5000000000000004,0.8660254037844384,25.0,75.2,96.46666666666665,Deficit
Bengaluru,2006,12,12.97,77.59,920,24.9,67.6,6.4,-2.4492935982947064e-16,1.0,10.8,25.0,37.0,Deficit
Bengaluru,2007,1,12.97,77.59,920,25.3,49.0,7.5,0.49999999999999994,0.8660254037844387,6.4,10.8,14.066666666666665,Deficit
Bengaluru,2007,2,12.97,77.59,920,17.0,49.8,6.0,0.8660254037844386,0.5000000000000001,7.5,6.4,8.233333333333334,Deficit
Bengaluru,2007,3,12.97,77.59,920,30.9,46.8,12.5,1.0,6.123233995736766e-17,6.0,7.5,6.633333333333333,Deficit
Bengaluru,2007,4,12.97,77.59,920,23.0,61.2,15.0,0.8660254037844387,-0.4999999999999998,12.5,6.0,8.666666666666666,Deficit
Bengaluru,2007,5,12.97,77.59,920,22.9,57.1,43.4,0.49999999999999994,-0.8660254037844387,15.0,12.5,11.166666666666666,Normal
Bengaluru,2007,6,12.97,77.59,920,30.4,77.8,95.3,1.2246467991473532e-16,-1.0,43.4,15.0,23.633333333333336,Normal
Bengaluru,2007,7,12.97,77.59,920,27.0,73.2,148.7,-0.4999999999999997,-0.8660254037844388,95.3,43.4,51.23333333333333,Normal
Bengaluru,2007,8,12.97,77.59,920,28.7,82.0,147.9,-0.8660254037844385,-0.5000000000000004,148.7,95.3,95.8,Normal
Bengaluru,2007,9,12.97,77.59,920,24.5,79.5,78.5,-1.0,-1.8369701987210297e-16,147.9,148.7,130.63333333333333,Normal
Bengaluru,2007,10,12.97,77.59,920,21.8,50.4,16.5,-0.8660254037844386,0.5000000000000001,78.5,147.9,125.03333333333335,Deficit
Bengaluru,2007,11,12.97,77.59,920,32.5,53.7,9.6,-0.5000000000000004,0.8660254037844384,16.5,78.5,80.96666666666667,Deficit
Bengaluru,2007,12,12.97,77.59,920,24.7,32.8,3.4,-2.4492935982947064e-16,1.0,9.6,16.5,34.86666666666667,Deficit
Bengaluru,2008,1,12.97,77.59,920,34.9,50.1,9.3,0.49999999999999994,0.8660254037844387,3.4,9.6,9.833333333333334,Deficit
Bengaluru,2008,2,12.97,77.59,920,24.9,40.3,9.8,0.8660254037844386,0.5000000000000001,9.3,3.4,7.433333333333334,Deficit
Bengaluru,2008,3,12.97,77.59,920,28.0,59.9,22.2,1.0,6.123233995736766e-17,9.8,9.3,7.5,Deficit
Bengaluru,2008,4,12.97,77.59,920,30.6,38.0,23.1,0.8660254037844387,-0.4999999999999998,22.2,9.8,13.766666666666666,Deficit
Bengaluru,2008,5,12.97,77.59,920,33.8,42.1,71.2,0.49999999999999994,-0.8660254037844387,23.1,22.2,18.366666666666667,Normal
Bengaluru,2008,6,12.97,77.59,920,28.2,79.0,132.3,1.2246467991473532e-16,-1.0,71.2,23.1,38.833333333333336,Normal
Bengaluru,2008,7,12.97,77.59,920,28.2,75.6,179.2,-0.4999999999999997,-0.8660254037844388,132.3,71.2,75.53333333333335,Excess
Bengaluru,2008,8,12.97,77.59,920,25.7,91.3,239.8,-0.8660254037844385,-0.5000000000000004,179.2,132.3,127.56666666666666,Excess
Bengaluru,2008,9,12.97,77.59,920,27.2,86.9,110.7,-1.0,-1.8369701987210297e-16,239.8,179.2,183.76666666666665,Normal
Bengaluru,2008,10,12.97,77.59,920,25.9,65.1,21.5,-0.8660254037844386,0.5000000000000001,110.7,239.8,176.5666666666667,Deficit
Bengaluru,2008,11,12.97,77.59,920,25.7,54.6,9.8,-0.5000000000000004,0.8660254037844384,21.5,110.7,124.0,Deficit
Bengaluru,2008,12,12.97,77.59,920,20.1,38.8,6.2,-2.4492935982947064e-16,1.0,9.8,21.5,47.333333333333336,Deficit
Bengaluru,2009,1,12.97,77.59,920,26.0,55.5,10.5,0.49999999999999994,0.8660254037844387,6.2,9.8,12.5,Deficit
Bengaluru,2009,2,12.97,77.59,920,25.9,54.9,8.6,0.8660254037844386,0.5000000000000001,10.5,6.2,8.833333333333334,Deficit
Bengaluru,2009,3,12.97,77.59,920,32.5,56.7,17.3,1.0,6.123233995736766e-17,8.6,10.5,8.433333333333332,Deficit
Bengaluru,2009,4,12.97,77.59,920,27.6,42.3,23.4,0.8660254037844387,-0.4999999999999998,17.3,8.6,12.133333333333335,Deficit
Bengaluru,2009,5,12.97,77.59,920,29.6,43.8,79.2,0.49999999999999994,-0.8660254037844387,23.4,17.3,16.433333333333334,Normal
Bengaluru,2009,6,12.97,77.59,920,29.0,86.9,186.2,1.2246467991473532e-16,-1.0,79.2,23.4,39.96666666666667,Excess
Bengaluru,2009,7,12.97,77.59,920,27.4,77.5,359.1,-0.4999999999999997,-0.8660254037844388,186.2,79.2,96.26666666666665,Excess
Bengaluru,2009,8,12.97,77.59,920,26.0,81.5,199.9,-0.8660254037844385,-0.5000000000000004,359.1,186.2,208.16666666666666,Excess
Bengaluru,2009,9,12.97,77.59,920,28.7,87.0,147.3,-1.0,-1.8369701987210297e-16,199.9,359.1,248.39999999999998,Normal
Bengaluru,2009,10,12.97,77.59,920,30.8,49.4,29.8,-0.8660254037844386,0.5000000000000001,147.3,199.9,235.4333333333333,Deficit
Bengaluru,2009,11,12.97,77.59,920,27.5,43.4,22.2,-0.5000000000000004,0.8660254037844384,29.8,147.3,125.66666666666669,Deficit
Bengaluru,2009,12,12.97,77.59,920,26.9,49.8,2.8,-2.4492935982947064e-16,1.0,22.2,29.8,66.43333333333334,Deficit
Bengaluru,2010,1,12.97,77.59,920,24.7,43.5,11.1,0.49999999999999994,0.8660254037844387,2.8,22.2,18.266666666666666,Deficit
Bengaluru,2010,2,12.97,77.59,920,23.2,60.6,7.1,0.8660254037844386,0.5000000000000001,11.1,2.8,12.033333333333333,Deficit
Bengaluru,2010,3,12.97,77.59,920,20.0,53.7,21.1,1.0,6.123233995736766e-17,7.1,11.1,7.0,Deficit
Bengaluru,2010,4,12.97,77.59,920,21.5,53.5,32.6,0.8660254037844387,-0.4999999999999998,21.1,7.1,13.1,Deficit
Bengaluru,2010,5,12.97,77.59,920,20.4,55.6,71.9,0.49999999999999994,-0.8660254037844387,32.6,21.1,20.26666666666667,Normal
Bengaluru,2010,6,12.97,77.59,920,30.7,88.3,179.0,1.2246467991473532e-16,-1.0,71.9,32.6,41.86666666666667,Excess
Bengaluru,2010,7,12.97,77.59,920,25.7,85.1,206.4,-0.4999999999999997,-0.8660254037844388,179.0,71.9,94.5,Excess
Bengaluru,2010,8,12.97,77.59,920,29.3,98.0,266.5,-0.8660254037844385,-0.5000000000000004,206.4,179.0,152.43333333333334,Excess
Bengaluru,2010,9,12.97,77.59,920,30.8,87.7,156.9,-1.0,-1.8369701987210297e-16,266.5,206.4,217.29999999999998,Excess
Bengaluru,2010,10,12.97,77.59,920,23.7,59.6,34.1,-0.8660254037844386,0.5000000000000001,156.9,266.5,209.9333333333333,Deficit
Bengaluru,2010,11,12.97,77.59,920,24.1,47.1,13.1,-0.5000000000000004,0.8660254037844384,34.1,156.9,152.5,Deficit
Bengaluru,2010,12,12.97,77.59,920,34.3,33.3,5.2,-2.4492935982947064e-16,1.0,13.1,34.1,68.03333333333333,Deficit
Bengaluru,2011,1,12.97,77.59,920,23.1,62.9,6.9,0.49999999999999994,0.8660254037844387,5.2,13.1,17.46666666666667,Deficit
Bengaluru,2011,2,12.97,77.59,920,20.7,44.8,10.3,0.8660254037844386,0.5000000000000001,6.9,5.2,8.4,Deficit
Bengaluru,2011,3,12.97,77.59,920,22.1,54.2,22.7,1.0,6.123233995736766e-17,10.3,6.9,7.466666666666668,Deficit
Bengaluru,2011,4,12.97,77.59,920,22.4,73.4,30.6,0.8660254037844387,-0.4999999999999998,22.7,10.3,13.300000000000002,Deficit
Bengaluru,2011,5,12.97,77.59,920,16.9,53.9,79.0,0.49999999999999994,-0.8660254037844387,30.6,22.7,21.2,Normal
Bengaluru,2011,6,12.97,77.59,920,30.1,77.2,142.7,1.2246467991473532e-16,-1.0,79.0,30.6,44.1,Normal
Bengaluru,2011,7,12.97,77.59,920,29.3,87.2,267.8,-0.4999999999999997,-0.8660254037844388,142.7,79.0,84.1,Excess
Bengaluru,2011,8,12.97,77.59,920,27.2,79.2,190.6,-0.8660254037844385,-0.5000000000000004,267.8,142.7,163.16666666666666,Excess
Bengaluru,2011,9,12.97,77.59,920,32.4,84.4,125.1,-1.0,-1.8369701987210297e-16,190.6,267.8,200.36666666666667,Normal
Bengaluru,2011,10,12.97,77.59,920,28.7,73.2,23.5,-0.8660254037844386,0.5000000000000001,125.1,190.6,194.5,Deficit
Bengaluru,2011,11,12.97,77.59,920,18.9,47.2,18.0,-0.5000000000000004,0.8660254037844384,23.5,125.1,113.06666666666666,Deficit
Bengaluru,2011,12,12.97,77.59,920,22.2,56.4,7.6,-2.4492935982947064e-16,1.0,18.0,23.5,55.53333333333333,Deficit
Bengaluru,2012,1,12.97,77.59,920,24.8,30.0,8.4,0.49999999999999994,0.8660254037844387,7.6,18.0,16.366666666666667,Deficit
Bengaluru,2012,2,12.97,77.59,920,24.0,39.5,8.2,0.8660254037844386,0.5000000000000001,8.4,7.6,11.333333333333334,Deficit
Bengaluru,2012,3,12.97,77.59,920,19.3,47.6,26.5,1.0,6.123233995736766e-17,8.2,8.4,8.066666666666666,Deficit
Bengaluru,2012,4,12.97,77.59,920,30.8,37.6,31.4,0.8660254037844387,-0.4999999999999998,26.5,8.2,14.366666666666667,Deficit
Bengaluru,2012,5,12.97,77.59,920,25.0,42.2,86.7,0.49999999999999994,-0.8660254037844387,31.4,26.5,22.03333333333333,Normal
Bengaluru,2012,6,12.97,77.59,920,28.5,78.4,177.5,1.2246467991473532e-16,-1.0,86.7,31.4,48.199999999999996,Excess
Bengaluru,2012,7,12.97,77.59,920,27.0,82.7,280.0,-0.4999999999999997,-0.8660254037844388,177.5,86.7,98.53333333333335,Excess
Bengaluru,2012,8,12.97,77.59,920,32.0,74.6,275.1,-0.8660254037844385,-0.5000000000000004,280.0,177.5,181.4,Excess
Bengaluru,2012,9,12.97,77.59,920,23.1,81.1,198.4,-1.0,-1.8369701987210297e-16,275.1,280.0,244.20000000000002,Excess
Bengaluru,2012,10,12.97,77.59,920,26.1,45.8,34.0,-0.8660254037844386,0.5000000000000001,198.4,275.1,251.16666666666666,Deficit
Bengaluru,2012,11,12.97,77.59,920,23.0,46.1,14.8,-0.5000000000000004,0.8660254037844384,34.0,198.4,169.16666666666666,Deficit
Bengaluru,2012,12,12.97,77.59,920,26.4,45.1,6.8,-2.4492935982947064e-16,1.0,14.8,34.0,82.4,Deficit
Bengaluru,2013,1,12.97,77.59,920,28.3,58.3,11.0,0.49999999999999994,0.8660254037844387,6.8,14.8,18.53333333333333,Deficit
Bengaluru,2013,2,12.97,77.59,920,22.8,59.5,8.7,0.8660254037844386,0.5000000000000001,11.0,6.8,10.866666666666667,Deficit
Bengaluru,2013,3,12.97,77.59,920,24.9,53.2,23.1,1.0,6.123233995736766e-17,8.7,11.0,8.833333333333334,Deficit
Bengaluru,2013,4,12.97,77.59,920,22.6,57.5,38.4,0.8660254037844387,-0.4999999999999998,23.1,8.7,14.266666666666666,Deficit
Bengaluru,2013,5,12.97,77.59,920,24.1,63.0,70.2,0.49999999999999994,-0.8660254037844387,38.4,23.1,23.400000000000002,Normal
Bengaluru,2013,6,12.97,77.59,920,30.0,89.8,191.2,1.2246467991473532e-16,-1.0,70.2,38.4,43.9,Excess
Bengaluru,2013,7,12.97,77.59,920,29.7,80.1,282.0,-0.4999999999999997,-0.8660254037844388,191.2,70.2,99.93333333333332,Excess
Bengaluru,2013,8,12.97,77.59,920,27.7,82.6,264.3,-0.8660254037844385,-0.5000000000000004,282.0,191.2,181.13333333333333,Excess
Bengaluru,2013,9,12.97,77.59,920,26.0,94.6,161.3,-1.0,-1.8369701987210297e-16,264.3,282.0,245.83333333333334,Excess
Bengaluru,2013,10,12.97,77.59,920,20.1,63.6,25.6,-0.8660254037844386,0.5000000000000001,161.3,264.3,235.86666666666665,Deficit
Bengaluru,2013,11,12.97,77.59,920,27.5,58.3,17.8,-0.5000000000000004,0.8660254037844384,25.6,161.3,150.4,Deficit
Bengaluru,2013,12,12.97,77.59,920,21.4,52.8,5.2,-2.4492935982947064e-16,1.0,17.8,25.6,68.23333333333333,Deficit
Bengaluru,2014,1,12.97,77.59,920,24.4,43.7,10.3,0.49999999999999994,0.8660254037844387,5.2,17.8,16.200000000000003,Deficit
Bengaluru,2014,2,12.97,77.59,920,26.7,46.4,7.7,0.8660254037844386,0.5000000000000001,10.3,5.2,11.1,Deficit
Bengaluru,2014,3,12.97,77.59,920,26.0,54.4,14.3,1.0,6.123233995736766e-17,7.7,10.3,7.733333333333333,Deficit
Bengaluru,2014,4,12.97,77.59,920,23.1,54.3,22.8,0.8660254037844387,-0.4999999999999998,14.3,7.7,10.766666666666666,Deficit
Bengaluru,2014,5,12.97,77.59,920,19.4,44.8,43.3,0.49999999999999994,-0.8660254037844387,22.8,14.3,14.933333333333332,Normal
Bengaluru,2014,6,12.97,77.59,920,28.8,90.9,128.7,1.2246467991473532e-16,-1.0,43.3,22.8,26.8,Normal
Bengaluru,2014,7,12.97,77.59,920,27.6,81.9,260.7,-0.4999999999999997,-0.8660254037844388,128.7,43.3,64.93333333333332,Excess
Bengaluru,2014,8,12.97,77.59,920,28.0,80.3,164.5,-0.8660254037844385,-0.5000000000000004,260.7,128.7,144.23333333333332,Excess
Bengaluru,2014,9,12.97,77.59,920,25.9,85.1,123.9,-1.0,-1.8369701987210297e-16,164.5,260.7,184.63333333333333,Normal
Bengaluru,2014,10,12.97,77.59,920,24.6,56.0,32.0,-0.8660254037844386,0.5000000000000001,123.9,164.5,183.03333333333333,Deficit
Bengaluru,2014,11,12.97,77.59,920,23.4,54.2,14.1,-0.5000000000000004,0.8660254037844384,32.0,123.9,106.8,Deficit
Bengaluru,2014,12,12.97,77.59,920,25.4,44.3,4.2,-2.4492935982947064e-16,1.0,14.1,32.0,56.666666666666664,Deficit
Bengaluru,2015,1,12.97,77.59,920,30.8,61.6,10.3,0.49999999999999994,0.8660254037844387,4.2,14.1,16.76666666666667,Deficit
Bengaluru,2015,2,12.97,77.59,920,21.9,60.7,13.6,0.8660254037844386,0.5000000000000001,10.3,4.2,9.533333333333333,Deficit
Bengaluru,2015,3,12.97,77.59,920,33.8,43.9,19.2,1.0,6.123233995736766e-17,13.6,10.3,9.366666666666667,Deficit
Bengaluru,2015,4,12.97,77.59,920,22.6,30.8,23.6,0.8660254037844387,-0.4999999999999998,19.2,13.6,14.366666666666665,Deficit
Bengaluru,2015,5,12.97,77.59,920,22.0,53.5,58.8,0.49999999999999994,-0.8660254037844387,23.6,19.2,18.8,Normal
Bengaluru,2015,6,12.97,77.59,920,32.7,87.7,157.5,1.2246467991473532e-16,-1.0,58.8,23.6,33.86666666666667,Excess
Bengaluru,2015,7,12.97,77.59,920,25.8,85.0,224.3,-0.4999999999999997,-0.8660254037844388,157.5,58.8,79.96666666666667,Excess
Bengaluru,2015,8,12.97,77.59,920,32.6,89.1,169.6,-0.8660254037844385,-0.5000000000000004,224.3,157.5,146.86666666666667,Excess
Bengaluru,2015,9,12.97,77.59,920,23.7,90.1,118.8,-1.0,-1.8369701987210297e-16,169.6,224.3,183.79999999999998,Normal
Bengaluru,2015,10,12.97,77.59,920,30.0,36.1,27.2,-0.8660254037844386,0.5000000000000001,118.8,169.6,170.89999999999998,Deficit
Bengaluru,2015,11,12.97,77.59,920,25.0,52.5,12.4,-0.5000000000000004,0.8660254037844384,27.2,118.8,105.19999999999999,Deficit
Bengaluru,2015,12,12.97,77.59,920,27.5,41.3,3.7,-2.4492935982947064e-16,1.0,12.4,27.2,52.800000000000004,Deficit
Bengaluru,2016,1,12.97,77.59,920,27.1,59.1,9.3,0.49999999999999994,0.8660254037844387,3.7,12.4,14.433333333333335,Deficit
Bengaluru,2016,2,12.97,77.59,920,18.9,64.8,6.8,0.8660254037844386,0.5000000000000001,9.3,3.7,8.466666666666667,Deficit
Bengaluru,2016,3,12.97,77.59,920,22.0,67.5,19.2,1.0,6.123233995736766e-17,6.8,9.3,6.6000000000000005,Deficit
Bengaluru,2016,4,12.97,77.59,920,29.7,52.7,27.7,0.8660254037844387,-0.4999999999999998,19.2,6.8,11.766666666666666,Deficit
Bengaluru,2016,5,12.97,77.59,920,32.0,49.5,86.9,0.49999999999999994,-0.8660254037844387,27.7,19.2,17.900000000000002,Normal
Bengaluru,2016,6,12.97,77.59,920,29.6,90.2,170.2,1.2246467991473532e-16,-1.0,86.9,27.7,44.6,Excess
Bengaluru,2016,7,12.97,77.59,920,29.7,88.4,202.0,-0.4999999999999997,-0.8660254037844388,170.2,86.9,94.93333333333334,Excess
Bengaluru,2016,8,12.97,77.59,920,25.0,69.8,148.5,-0.8660254037844385,-0.5000000000000004,202.0,170.2,153.03333333333333,Normal
Bengaluru,2016,9,12.97,77.59,920,29.8,91.0,120.6,-1.0,-1.8369701987210297e-16,148.5,202.0,173.5666666666667,Normal
Bengaluru,2016,10,12.97,77.59,920,31.5,38.2,27.5,-0.8660254037844386,0.5000000000000001,120.6,148.5,157.03333333333333,Deficit
Bengaluru,2016,11,12.97,77.59,920,24.8,55.8,9.4,-0.5000000000000004,0.8660254037844384,27.5,120.6,98.86666666666667,Deficit
Bengaluru,2016,12,12.97,77.59,920,16.7,51.1,4.5,-2.4492935982947064e-16,1.0,9.4,27.5,52.5,Deficit
Bengaluru,2017,1,12.97,77.59,920,26.5,42.6,8.9,0.49999999999999994,0.8660254037844387,4.5,9.4,13.799999999999999,Deficit
Bengaluru,2017,2,12.97,77.59,920,20.8,51.4,6.5,0.8660254037844386,0.5000000000000001,8.9,4.5,7.6000000000000005,Deficit
Bengaluru,2017,3,12.97,77.59,920,21.1,57.0,17.7,1.0,6.123233995736766e-17,6.5,8.9,6.633333333333333,Deficit
Bengaluru,2017,4,12.97,77.59,920,21.8,50.9,20.5,0.8660254037844387,-0.4999999999999998,17.7,6.5,11.033333333333333,Deficit
Bengaluru,2017,5,12.97,77.59,920,22.8,40.0,43.0,0.49999999999999994,-0.8660254037844387,20.5,17.7,14.9,Normal
Bengaluru,2017,6,12.97,77.59,920,28.1,77.8,163.6,1.2246467991473532e-16,-1.0,43.0,20.5,27.066666666666666,Excess
Bengaluru,2017,7,12.97,77.59,920,27.7,80.7,211.8,-0.4999999999999997,-0.8660254037844388,163.6,43.0,75.7,Excess
Bengaluru,2017,8,12.97,77.59,920,29.9,78.8,201.3,-0.8660254037844385,-0.5000000000000004,211.8,163.6,139.46666666666667,Excess
Bengaluru,2017,9,12.97,77.59,920,27.3,68.2,94.8,-1.0,-1.8369701987210297e-16,201.3,211.8,192.23333333333335,Normal
Bengaluru,2017,10,12.97,77.59,920,30.5,68.4,16.5,-0.8660254037844386,0.5000000000000001,94.8,201.3,169.3,Deficit
Bengaluru,2017,11,12.97,77.59,920,27.3,55.1,10.8,-0.5000000000000004,0.8660254037844384,16.5,94.8,104.2,Deficit
Bengaluru,2017,12,12.97,77.59,920,29.5,50.7,9.9,-2.4492935982947064e-16,1.0,10.8,16.5,40.699999999999996,Deficit
Bengaluru,2018,1,12.97,77.59,920,25.8,44.4,4.8,0.49999999999999994,0.8660254037844387,9.9,10.8,12.4,Deficit
Bengaluru,2018,2,12.97,77.59,920,22.4,41.2,5.2,0.8660254037844386,0.5000000000000001,4.8,9.9,8.500000000000002,Deficit
Bengaluru,2018,3,12.97,77.59,920,28.5,51.9,20.9,1.0,6.123233995736766e-17,5.2,4.8,6.633333333333333,Deficit
Bengaluru,2018,4,12.97,77.59,920,25.3,43.4,30.4,0.8660254037844387,-0.4999999999999998,20.9,5.2,10.299999999999999,Deficit
Bengaluru,2018,5,12.97,77.59,920,27.2,41.6,71.4,0.49999999999999994,-0.8660254037844387,30.4,20.9,18.833333333333332,Normal
Bengaluru,2018,6,12.97,77.59,920,25.8,73.7,123.7,1.2246467991473532e-16,-1.0,71.4,30.4,40.9,Normal
Bengaluru,2018,7,12.97,77.59,920,32.8,73.6,252.1,-0.4999999999999997,-0.8660254037844388,123.7,71.4,75.16666666666667,Excess
Bengaluru,2018,8,12.97,77.59,920,26.4,79.1,211.6,-0.8660254037844385,-0.5000000000000004,252.1,123.7,149.0666666666667,Excess
Bengaluru,2018,9,12.97,77.59,920,25.8,82.3,100.1,-1.0,-1.8369701987210297e-16,211.6,252.1,195.79999999999998,Normal
Bengaluru,2018,10,12.97,77.59,920,26.1,51.5,20.4,-0.8660254037844386,0.5000000000000001,100.1,211.6,187.9333333333333,Deficit
Bengaluru,2018,11,12.97,77.59,920,21.4,46.2,11.5,-0.5000000000000004,0.8660254037844384,20.4,100.1,110.69999999999999,Deficit
Bengaluru,2018,12,12.97,77.59,920,27.0,42.2,5.5,-2.4492935982947064e-16,1.0,11.5,20.4,44.0,Deficit
Bengaluru,2019,1,12.97,77.59,920,18.3,57.4,10.9,0.49999999999999994,0.8660254037844387,5.5,11.5,12.466666666666667,Deficit
Bengaluru,2019,2,12.97,77.59,920,27.3,44.4,8.0,0.8660254037844386,0.5000000000000001,10.9,5.5,9.299999999999999,Deficit
Bengaluru,2019,3,12.97,77.59,920,18.5,52.5,12.6,1.0,6.123233995736766e-17,8.0,10.9,8.133333333333333,Deficit
Bengaluru,2019,4,12.97,77.59,920,21.4,58.4,29.4,0.8660254037844387,-0.4999999999999998,12.6,8.0,10.5,Deficit
Bengaluru,2019,5,12.97,77.59,920,24.7,39.9,46.0,0.49999999999999994,-0.8660254037844387,29.4,12.6,16.666666666666668,Normal
Bengaluru,2019,6,12.97,77.59,920,28.1,76.8,132.3,1.2246467991473532e-16,-1.0,46.0,29.4,29.333333333333332,Normal
Bengaluru,2019,7,12.97,77.59,920,30.5,78.5,235.4,-0.4999999999999997,-0.8660254037844388,132.3,46.0,69.23333333333333,Excess
Bengaluru,2019,8,12.97,77.59,920,25.2,85.2,258.7,-0.8660254037844385,-0.5000000000000004,235.4,132.3,137.9,Excess
Bengaluru,2019,9,12.97,77.59,920,21.8,77.2,165.2,-1.0,-1.8369701987210297e-16,258.7,235.4,208.80000000000004,Excess
Bengaluru,2019,10,12.97,77.59,920,24.2,55.7,31.0,-0.8660254037844386,0.5000000000000001,165.2,258.7,219.76666666666665,Deficit
Bengaluru,2019,11,12.97,77.59,920,25.3,50.4,12.5,-0.5000000000000004,0.8660254037844384,31.0,165.2,151.63333333333333,Deficit
Bengaluru,2019,12,12.97,77.59,920,26.0,55.4,7.0,-2.4492935982947064e-16,1.0,12.5,31.0,69.56666666666666,Deficit
Bengaluru,2020,1,12.97,77.59,920,23.3,55.9,7.7,0.49999999999999994,0.8660254037844387,7.0,12.5,16.833333333333332,Deficit
Bengaluru,2020,2,12.97,77.59,920,26.2,72.8,7.9,0.8660254037844386,0.5000000000000001,7.7,7.0,9.066666666666666,Deficit
Bengaluru,2020,3,12.97,77.59,920,23.7,64.0,20.1,1.0,6.123233995736766e-17,7.9,7.7,7.533333333333334,Deficit
Bengaluru,2020,4,12.97,77.59,920,16.8,41.9,24.2,0.8660254037844387,-0.4999999999999998,20.1,7.9,11.9,Deficit
Bengaluru,2020,5,12.97,77.59,920,23.6,52.2,40.4,0.49999999999999994,-0.8660254037844387,24.2,20.1,17.400000000000002,Normal
Bengaluru,2020,6,12.97,77.59,920,28.8,80.7,181.4,1.2246467991473532e-16,-1.0,40.4,24.2,28.23333333333333,Excess
Bengaluru,2020,7,12.97,77.59,920,22.5,83.4,270.2,-0.4999999999999997,-0.8660254037844388,181.4,40.4,82.0,Excess
Bengaluru,2020,8,12.97,77.59,920,24.3,88.9,238.0,-0.8660254037844385,-0.5000000000000004,270.2,181.4,164.0,Excess
Bengaluru,2020,9,12.97,77.59,920,27.0,85.8,129.3,-1.0,-1.8369701987210297e-16,238.0,270.2,229.86666666666667,Normal
Bengaluru,2020,10,12.97,77.59,920,25.7,54.5,36.8,-0.8660254037844386,0.5000000000000001,129.3,238.0,212.5,Deficit
Bengaluru,2020,11,12.97,77.59,920,21.6,60.3,12.0,-0.5000000000000004,0.8660254037844384,36.8,129.3,134.70000000000002,Deficit
Bengaluru,2020,12,12.97,77.59,920,25.3,47.2,2.6,-2.4492935982947064e-16,1.0,12.0,36.8,59.366666666666674,Deficit
Bengaluru,2021,1,12.97,77.59,920,29.2,46.9,10.5,0.49999999999999994,0.8660254037844387,2.6,12.0,17.133333333333333,Deficit
Bengaluru,2021,2,12.97,77.59,920,21.1,47.6,9.3,0.8660254037844386,0.5000000000000001,10.5,2.6,8.366666666666667,Deficit
Bengaluru,2021,3,12.97,77.59,920,28.0,42.8,21.1,1.0,6.123233995736766e-17,9.3,10.5,7.466666666666666,Deficit
Bengaluru,2021,4,12.97,77.59,920,30.4,56.1,34.2,0.8660254037844387,-0.4999999999999998,21.1,9.3,13.633333333333335,Deficit
Bengaluru,2021,5,12.97,77.59,920,21.9,39.6,92.3,0.49999999999999994,-0.8660254037844387,34.2,21.1,21.533333333333335,Normal
Bengaluru,2021,6,12.97,77.59,920,31.7,85.9,107.2,1.2246467991473532e-16,-1.0,92.3,34.2,49.199999999999996,Normal
Bengaluru,2021,7,12.97,77.59,920,28.7,75.2,263.5,-0.4999999999999997,-0.8660254037844388,107.2,92.3,77.89999999999999,Excess
Bengaluru,2021,8,12.97,77.59,920,28.3,82.7,340.8,-0.8660254037844385,-0.5000000000000004,263.5,107.2,154.33333333333334,Excess
Bengaluru,2021,9,12.97,77.59,920,29.2,83.3,156.1,-1.0,-1.8369701987210297e-16,340.8,263.5,237.16666666666666,Excess
Bengaluru,2021,10,12.97,77.59,920,26.9,70.8,25.4,-0.8660254037844386,0.5000000000000001,156.1,340.8,253.46666666666667,Deficit
Bengaluru,2021,11,12.97,77.59,920,31.4,46.9,18.4,-0.5000000000000004,0.8660254037844384,25.4,156.1,174.1,Deficit
Bengaluru,2021,12,12.97,77.59,920,24.5,52.6,3.0,-2.4492935982947064e-16,1.0,18.4,25.4,66.63333333333334,Deficit
Bengaluru,2022,1,12.97,77.59,920,31.1,50.4,7.3,0.49999999999999994,0.8660254037844387,3.0,18.4,15.6,Deficit
Bengaluru,2022,2,12.97,77.59,920,21.0,35.5,9.8,0.8660254037844386,0.5000000000000001,7.3,3.0,9.566666666666666,Deficit
Bengaluru,2022,3,12.97,77.59,920,25.3,39.1,24.5,1.0,6.123233995736766e-17,9.8,7.3,6.7,Deficit
Bengaluru,2022,4,12.97,77.59,920,23.7,68.7,24.5,0.8660254037844387,-0.4999999999999998,24.5,9.8,13.866666666666667,Deficit
Bengaluru,2022,5,12.97,77.59,920,19.0,49.5,71.1,0.49999999999999994,-0.8660254037844387,24.5,24.5,19.599999999999998,Normal
Bengaluru,2022,6,12.97,77.59,920,21.3,81.7,162.1,1.2246467991473532e-16,-1.0,71.1,24.5,40.03333333333333,Excess
Bengaluru,2022,7,12.97,77.59,920,29.7,93.1,275.7,-0.4999999999999997,-0.8660254037844388,162.1,71.1,85.89999999999999,Excess
Bengaluru,2022,8,12.97,77.59,920,27.3,75.4,307.6,-0.8660254037844385,-0.5000000000000004,275.7,162.1,169.63333333333333,Excess
Bengaluru,2022,9,12.97,77.59,920,28.1,82.1,218.3,-1.0,-1.8369701987210297e-16,307.6,275.7,248.46666666666667,Excess
Bengaluru,2022,10,12.97,77.59,920,25.8,50.6,31.8,-0.8660254037844386,0.5000000000000001,218.3,307.6,267.2,Deficit
Bengaluru,2022,11,12.97,77.59,920,22.8,51.7,14.3,-0.5000000000000004,0.8660254037844384,31.8,218.3,185.9,Deficit
Bengaluru,2022,12,12.97,77.59,920,22.1,53.1,4.2,-2.4492935982947064e-16,1.0,14.3,31.8,88.13333333333334,Deficit
Bengaluru,2023,1,12.97,77.59,920,14.4,62.9,11.9,0.49999999999999994,0.8660254037844387,4.2,14.3,16.76666666666667,Deficit
Bengaluru,2023,2,12.97,77.59,920,16.7,48.6,11.4,0.8660254037844386,0.5000000000000001,11.9,4.2,10.133333333333333,Deficit
Bengaluru,2023,3,12.97,77.59,920,19.4,44.2,16.6,1.0,6.123233995736766e-17,11.4,11.9,9.166666666666666,Deficit
Bengaluru,2023,4,12.97,77.59,920,32.0,61.4,21.4,0.8660254037844387,-0.4999999999999998,16.6,11.4,13.300000000000002,Deficit
Bengaluru,2023,5,12.97,77.59,920,27.9,40.7,76.6,0.49999999999999994,-0.8660254037844387,21.4,16.6,16.466666666666665,Normal
Bengaluru,2023,6,12.97,77.59,920,29.2,74.7,129.1,1.2246467991473532e-16,-1.0,76.6,21.4,38.199999999999996,Normal
Bengaluru,2023,7,12.97,77.59,920,27.4,79.8,271.4,-0.4999999999999997,-0.8660254037844388,129.1,76.6,75.7,Excess
Bengaluru,2023,8,12.97,77.59,920,29.1,79.8,241.2,-0.8660254037844385,-0.5000000000000004,271.4,129.1,159.03333333333333,Excess
Bengaluru,2023,9,12.97,77.59,920,25.3,85.7,150.8,-1.0,-1.8369701987210297e-16,241.2,271.4,213.9,Excess
Bengaluru,2023,10,12.97,77.59,920,23.8,55.3,29.6,-0.8660254037844386,0.5000000000000001,150.8,241.2,221.1333333333333,Deficit
Bengaluru,2023,11,12.97,77.59,920,28.7,50.2,10.4,-0.5000000000000004,0.8660254037844384,29.6,150.8,140.53333333333333,Deficit
Bengaluru,2023,12,12.97,77.59,920,29.2,45.0,3.4,-2.4492935982947064e-16,1.0,10.4,29.6,63.6,Deficit
Bengaluru,2024,1,12.97,77.59,920,27.4,39.2,4.3,0.49999999999999994,0.8660254037844387,3.4,10.4,14.466666666666667,Deficit
Bengaluru,2024,2,12.97,77.59,920,16.7,69.0,10.9,0.8660254037844386,0.5000000000000001,4.3,3.4,6.033333333333334,Deficit
Bengaluru,2024,3,12.97,77.59,920,24.6,46.6,15.4,1.0,6.123233995736766e-17,10.9,4.3,6.2,Deficit
Bengaluru,2024,4,12.97,77.59,920,24.8,63.0,23.9,0.8660254037844387,-0.4999999999999998,15.4,10.9,10.200000000000001,Deficit
Bengaluru,2024,5,12.97,77.59,920,25.6,48.4,53.0,0.49999999999999994,-0.8660254037844387,23.9,15.4,16.733333333333334,Normal
Bengaluru,2024,6,12.97,77.59,920,28.8,71.7,117.5,1.2246467991473532e-16,-1.0,53.0,23.9,30.766666666666666,Normal
Bengaluru,2024,7,12.97,77.59,920,29.9,83.0,151.7,-0.4999999999999997,-0.8660254037844388,117.5,53.0,64.8,Excess
Bengaluru,2024,8,12.97,77.59,920,28.0,84.1,172.1,-0.8660254037844385,-0.5000000000000004,151.7,117.5,107.39999999999999,Excess
Bengaluru,2024,9,12.97,77.59,920,26.1,83.2,93.8,-1.0,-1.8369701987210297e-16,172.1,151.7,147.1,Normal
Bengaluru,2024,10,12.97,77.59,920,26.6,35.0,18.3,-0.8660254037844386,0.5000000000000001,93.8,172.1,139.2,Deficit
Bengaluru,2024,11,12.97,77.59,920,26.9,54.6,13.2,-0.5000000000000004,0.8660254037844384,18.3,93.8,94.73333333333333,Deficit
Bengaluru,2024,12,12.97,77.59,920,31.7,62.1,5.7,-2.4492935982947064e-16,1.0,13.2,18.3,41.766666666666666,Deficit
Bhopal,2005,1,23.25,77.41,527,24.6,50.2,11.4,0.49999999999999994,0.8660254037844387,0.0,0.0,0.0,Deficit
Bhopal,2005,2,23.25,77.41,527,31.7,48.2,8.7,0.8660254037844386,0.5000000000000001,11.4,0.0,11.4,Deficit
Bhopal,2005,3,23.25,77.41,527,17.5,63.8,23.0,1.0,6.123233995736766e-17,8.7,11.4,10.05,Deficit
Bhopal,2005,4,23.25,77.41,527,25.4,49.7,36.4,0.8660254037844387,-0.4999999999999998,23.0,8.7,14.366666666666667,Deficit
Bhopal,2005,5,23.25,77.41,527,34.2,34.4,76.6,0.49999999999999994,-0.8660254037844387,36.4,23.0,22.7,Normal
Bhopal,2005,6,23.25,77.41,527,25.7,81.9,186.4,1.2246467991473532e-16,-1.0,76.6,36.4,45.333333333333336,Excess
Bhopal,2005,7,23.25,77.41,527,26.9,81.9,263.4,-0.4999999999999997,-0.8660254037844388,186.4,76.6,99.8,Excess
Bhopal,2005,8,23.25,77.41,527,30.6,71.2,195.1,-0.8660254037844385,-0.5000000000000004,263.4,186.4,175.46666666666667,Excess
Bhopal,2005,9,23.25,77.41,527,27.2,75.0,156.9,-1.0,-1.8369701987210297e-16,195.1,263.4,214.96666666666667,Excess
Bhopal,2005,10,23.25,77.41,527,18.8,52.4,31.8,-0.8660254037844386,0.5000000000000001,156.9,195.1,205.13333333333333,Deficit
Bhopal,2005,11,23.25,77.41,527,26.8,42.8,11.4,-0.5000000000000004,0.8660254037844384,31.8,156.9,127.93333333333334,Deficit
Bhopal,2005,12,23.25,77.41,527,26.2,44.3,4.2,-2.4492935982947064e-16,1.0,11.4,31.8,66.7,Deficit
Bhopal,2006,1,23.25,77.41,527,27.5,69.6,8.1,0.49999999999999994,0.8660254037844387,4.2,11.4,15.800000000000002,Deficit
Bhopal,2006,2,23.25,77.41,527,25.4,59.9,16.7,0.8660254037844386,0.5000000000000001,8.1,4.2,7.900000000000001,Deficit
Bhopal,2006,3,23.25,77.41,527,31.0,59.8,15.1,1.0,6.123233995736766e-17,16.7,8.1,9.666666666666666,Deficit
Bhopal,2006,4,23.25,77.41,527,29.9,49.5,30.4,0.8660254037844387,-0.4999999999999998,15.1,16.7,13.299999999999999,Deficit
Bhopal,2006,5,23.25,77.41,527,26.9,41.4,71.4,0.49999999999999994,-0.8660254037844387,30.4,15.1,20.73333333333333,Normal
Bhopal,2006,6,23.25,77.41,527,25.4,75.7,210.4,1.2246467991473532e-16,-1.0,71.4,30.4,38.96666666666667,Excess
Bhopal,2006,7,23.25,77.41,527,29.9,78.3,250.8,-0.4999999999999997,-0.8660254037844388,210.4,71.4,104.06666666666668,Excess
Bhopal,2006,8,23.25,77.41,527,26.5,81.8,201.9,-0.8660254037844385,-0.5000000000000004,250.8,210.4,177.53333333333333,Excess
Bhopal,2006,9,23.25,77.41,527,25.1,94.7,122.5,-1.0,-1.8369701987210297e-16,201.9,250.8,221.03333333333333,Normal
Bhopal,2006,10,23.25,77.41,527,23.7,48.3,28.2,-0.8660254037844386,0.5000000000000001,122.5,201.9,191.73333333333335,Deficit
Bhopal,2006,11,23.25,77.41,527,27.5,61.5,15.4,-0.5000000000000004,0.8660254037844384,28.2,122.5,117.53333333333332,Deficit
Bhopal,2006,12,23.25,77.41,527,20.1,64.7,4.9,-2.4492935982947064e-16,1.0,15.4,28.2,55.36666666666667,Deficit
Bhopal,2007,1,23.25,77.41,527,16.0,54.0,14.5,0.49999999999999994,0.8660254037844387,4.9,15.4,16.166666666666668,Deficit
Bhopal,2007,2,23.25,77.41,527,23.6,49.7,14.9,0.8660254037844386,0.5000000000000001,14.5,4.9,11.6,Deficit
Bhopal,2007,3,23.25,77.41,527,22.8,48.9,23.3,1.0,6.123233995736766e-17,14.9,14.5,11.433333333333332,Deficit
Bhopal,2007,4,23.25,77.41,527,22.5,64.3,31.1,0.8660254037844387,-0.4999999999999998,23.3,14.9,17.566666666666666,Deficit
Bhopal,2007,5,23.25,77.41,527,26.0,60.1,83.8,0.49999999999999994,-0.8660254037844387,31.1,23.3,23.100000000000005,Normal
Bhopal,2007,6,23.25,77.41,527,26.1,78.4,168.4,1.2246467991473532e-16,-1.0,83.8,31.1,46.06666666666666,Excess
Bhopal,2007,7,23.25,77.41,527,25.4,79.0,298.5,-0.4999999999999997,-0.8660254037844388,168.4,83.8,94.43333333333334,Excess
Bhopal,2007,8,23.25,77.41,527,33.3,65.4,240.6,-0.8660254037844385,-0.5000000000000004,298.5,168.4,183.5666666666667,Excess
Bhopal,2007,9,23.25,77.41,527,32.3,82.7,149.7,-1.0,-1.8369701987210297e-16,240.6,298.5,235.83333333333334,Normal
Bhopal,2007,10,23.25,77.41,527,25.4,45.3,37.6,-0.8660254037844386,0.5000000000000001,149.7,240.6,229.6,Deficit
Bhopal,2007,11,23.25,77.41,527,25.8,44.2,9.9,-0.5000000000000004,0.8660254037844384,37.6,149.7,142.63333333333333,Deficit
Bhopal,2007,12,23.25,77.41,527,23.0,69.4,3.9,-2.4492935982947064e-16,1.0,9.9,37.6,65.73333333333333,Deficit
Bhopal,2008,1,23.25,77.41,527,23.1,40.2,15.6,0.49999999999999994,0.8660254037844387,3.9,9.9,17.133333333333333,Deficit
Bhopal,2008,2,23.25,77.41,527,32.1,49.5,16.2,0.8660254037844386,0.5000000000000001,15.6,3.9,9.799999999999999,Deficit
Bhopal,2008,3,23.25,77.41,527,27.7,61.9,17.1,1.0,6.123233995736766e-17,16.2,15.6,11.9,Deficit
Bhopal,2008,4,23.25,77.41,527,25.7,56.5,32.1,0.8660254037844387,-0.4999999999999998,17.1,16.2,16.3,Deficit
Bhopal,2008,5,23.25,77.41,527,21.8,62.2,103.4,0.49999999999999994,-0.8660254037844387,32.1,17.1,21.8,Normal
Bhopal,2008,6,23.25,77.41,527,24.3,69.7,222.1,1.2246467991473532e-16,-1.0,103.4,32.1,50.866666666666674,Excess
Bhopal,2008,7,23.25,77.41,527,29.5,82.5,495.9,-0.4999999999999997,-0.8660254037844388,222.1,103.4,119.2,Excess
Bhopal,2008,8,23.25,77.41,527,26.7,75.5,330.8,-0.8660254037844385,-0.5000000000000004,495.9,222.1,273.8,Excess
Bhopal,2008,9,23.25,77.41,527,22.7,77.6,193.3,-1.0,-1.8369701987210297e-16,330.8,495.9,349.59999999999997,Excess
Bhopal,2008,10,23.25,77.41,527,27.4,51.6,42.4,-0.8660254037844386,0.5000000000000001,193.3,330.8,340.0,Normal
Bhopal,2008,11,23.25,77.41,527,30.4,62.6,25.7,-0.5000000000000004,0.8660254037844384,42.4,193.3,188.83333333333334,Deficit
Bhopal,2008,12,23.25,77.41,527,25.0,42.2,8.4,-2.4492935982947064e-16,1.0,25.7,42.4,87.13333333333334,Deficit
Bhopal,2009,1,23.25,77.41,527,26.4,71.2,16.1,0.49999999999999994,0.8660254037844387,8.4,25.7,25.5,Deficit
Bhopal,2009,2,23.25,77.41,527,20.4,60.6,9.0,0.8660254037844386,0.5000000000000001,16.1,8.4,16.733333333333334,Deficit
Bhopal,2009,3,23.25,77.41,527,30.3,51.8,25.9,1.0,6.123233995736766e-17,9.0,16.1,11.166666666666666,Deficit
Bhopal,2009,4,23.25,77.41,527,24.1,36.7,31.3,0.8660254037844387,-0.4999999999999998,25.9,9.0,17.0,Deficit
Bhopal,2009,5,23.25,77.41,527,28.9,60.7,68.9,0.49999999999999994,-0.8660254037844387,31.3,25.9,22.066666666666666,Normal
Bhopal,2009,6,23.25,77.41,527,23.7,79.8,210.7,1.2246467991473532e-16,-1.0,68.9,31.3,42.03333333333334,Excess
Bhopal,2009,7,23.25,77.41,527,30.9,78.5,260.1,-0.4999999999999997,-0.8660254037844388,210.7,68.9,103.63333333333333,Excess
Bhopal,2009,8,23.25,77.41,527,28.1,78.2,238.7,-0.8660254037844385,-0.5000000000000004,260.1,210.7,179.9,Excess
Bhopal,2009,9,23.25,77.41,527,26.2,73.6,219.3,-1.0,-1.8369701987210297e-16,238.7,260.1,236.5,Excess
Bhopal,2009,10,23.25,77.41,527,24.9,46.4,22.7,-0.8660254037844386,0.5000000000000001,219.3,238.7,239.36666666666667,Deficit
Bhopal,2009,11,23.25,77.41,527,29.8,58.7,13.8,-0.5000000000000004,0.8660254037844384,22.7,219.3,160.23333333333332,Deficit
Bhopal,2009,12,23.25,77.41,527,30.5,58.6,6.1,-2.4492935982947064e-16,1.0,13.8,22.7,85.26666666666667,Deficit
Bhopal,2010,1,23.25,77.41,527,28.3,56.0,7.8,0.49999999999999994,0.8660254037844387,6.1,13.8,14.200000000000001,Deficit
Bhopal,2010,2,23.25,77.41,527,21.6,58.1,10.2,0.8660254037844386,0.5000000000000001,7.8,6.1,9.233333333333333,Deficit
Bhopal,2010,3,23.25,77.41,527,24.6,66.5,17.1,1.0,6.123233995736766e-17,10.2,7.8,8.033333333333333,Deficit
Bhopal,2010,4,23.25,77.41,527,18.7,41.5,26.2,0.8660254037844387,-0.4999999999999998,17.1,10.2,11.700000000000001,Deficit
Bhopal,2010,5,23.25,77.41,527,26.0,50.7,81.8,0.49999999999999994,-0.8660254037844387,26.2,17.1,17.833333333333332,Normal
Bhopal,2010,6,23.25,77.41,527,29.2,76.9,144.0,1.2246467991473532e-16,-1.0,81.8,26.2,41.699999999999996,Normal
Bhopal,2010,7,23.25,77.41,527,26.2,76.6,282.3,-0.4999999999999997,-0.8660254037844388,144.0,81.8,84.0,Excess
Bhopal,2010,8,23.25,77.41,527,27.1,81.7,210.5,-0.8660254037844385,-0.5000000000000004,282.3,144.0,169.36666666666667,Excess
Bhopal,2010,9,23.25,77.41,527,18.8,77.2,144.6,-1.0,-1.8369701987210297e-16,210.5,282.3,212.26666666666665,Normal
Bhopal,2010,10,23.25,77.41,527,31.0,41.2,27.6,-0.8660254037844386,0.5000000000000001,144.6,210.5,212.46666666666667,Deficit
Bhopal,2010,11,23.25,77.41,527,31.0,38.9,15.3,-0.5000000000000004,0.8660254037844384,27.6,144.6,127.56666666666668,Deficit
Bhopal,2010,12,23.25,77.41,527,21.8,47.0,5.7,-2.4492935982947064e-16,1.0,15.3,27.6,62.5,Deficit
Bhopal,2011,1,23.25,77.41,527,35.9,60.4,8.5,0.49999999999999994,0.8660254037844387,5.7,15.3,16.200000000000003,Deficit
Bhopal,2011,2,23.25,77.41,527,27.0,35.9,12.1,0.8660254037844386,0.5000000000000001,8.5,5.7,9.833333333333334,Deficit
Bhopal,2011,3,23.25,77.41,527,29.3,43.5,21.3,1.0,6.123233995736766e-17,12.1,8.5,8.766666666666666,Deficit
Bhopal,2011,4,23.25,77.41,527,27.8,70.5,35.0,0.8660254037844387,-0.4999999999999998,21.3,12.1,13.966666666666669,Deficit
Bhopal,2011,5,23.25,77.41,527,20.6,48.4,64.4,0.49999999999999994,-0.8660254037844387,35.0,21.3,22.8,Normal
Bhopal,2011,6,23.25,77.41,527,23.4,69.6,200.2,1.2246467991473532e-16,-1.0,64.4,35.0,40.233333333333334,Excess
Bhopal,2011,7,23.25,77.41,527,26.9,82.0,272.7,-0.4999999999999997,-0.8660254037844388,200.2,64.4,99.86666666666667,Excess
Bhopal,2011,8,23.25,77.41,527,26.6,70.8,279.2,-0.8660254037844385,-0.5000000000000004,272.7,200.2,179.1,Excess
Bhopal,2011,9,23.25,77.41,527,25.5,75.6,190.4,-1.0,-1.8369701987210297e-16,279.2,272.7,250.69999999999996,Excess
Bhopal,2011,10,23.25,77.41,527,23.5,51.4,35.7,-0.8660254037844386,0.5000000000000001,190.4,279.2,247.4333333333333,Deficit
Bhopal,2011,11,23.25,77.41,527,29.3,48.7,16.2,-0.5000000000000004,0.8660254037844384,35.7,190.4,168.43333333333334,Deficit
Bhopal,2011,12,23.25,77.41,527,16.5,59.6,8.0,-2.4492935982947064e-16,1.0,16.2,35.7,80.76666666666667,Deficit
Bhopal,2012,1,23.25,77.41,527,25.6,45.3,12.6,0.49999999999999994,0.8660254037844387,8.0,16.2,19.96666666666667,Deficit
Bhopal,2012,2,23.25,77.41,527,28.6,58.4,11.2,0.8660254037844386,0.5000000000000001,12.6,8.0,12.266666666666666,Deficit
Bhopal,2012,3,23.25,77.41,527,23.1,52.0,16.1,1.0,6.123233995736766e-17,11.2,12.6,10.6,Deficit
Bhopal,2012,4,23.25,77.41,527,28.0,31.9,29.4,0.8660254037844387,-0.4999999999999998,16.1,11.2,13.299999999999999,Deficit
Bhopal,2012,5,23.25,77.41,527,23.8,43.6,73.3,0.49999999999999994,-0.8660254037844387,29.4,16.1,18.900000000000002,Normal
Bhopal,2012,6,23.25,77.41,527,27.5,60.4,137.0,1.2246467991473532e-16,-1.0,73.3,29.4,39.6,Normal
Bhopal,2012,7,23.25,77.41,527,25.8,85.2,233.2,-0.4999999999999997,-0.8660254037844388,137.0,73.3,79.89999999999999,Excess
Bhopal,2012,8,23.25,77.41,527,27.5,91.3,202.8,-0.8660254037844385,-0.5000000000000004,233.2,137.0,147.83333333333334,Excess
Bhopal,2012,9,23.25,77.41,527,30.3,79.0,163.1,-1.0,-1.8369701987210297e-16,202.8,233.2,191.0,Excess
Bhopal,2012,10,23.25,77.41,527,24.1,50.0,32.5,-0.8660254037844386,0.5000000000000001,163.1,202.8,199.70000000000002,Deficit
Bhopal,2012,11,23.25,77.41,527,22.6,66.9,15.9,-0.5000000000000004,0.8660254037844384,32.5,163.1,132.79999999999998,Deficit
Bhopal,2012,12,23.25,77.41,527,27.5,66.6,4.6,-2.4492935982947064e-16,1.0,15.9,32.5,70.5,Deficit
Bhopal,2013,1,23.25,77.41,527,26.8,60.5,9.6,0.49999999999999994,0.8660254037844387,4.6,15.9,17.666666666666668,Deficit
Bhopal,2013,2,23.25,77.41,527,20.5,45.4,14.9,0.8660254037844386,0.5000000000000001,9.6,4.6,10.033333333333333,Deficit
Bhopal,2013,3,23.25,77.41,527,22.0,49.0,30.2,1.0,6.123233995736766e-17,14.9,9.6,9.700000000000001,Deficit
Bhopal,2013,4,23.25,77.41,527,24.8,44.7,49.4,0.8660254037844387,-0.4999999999999998,30.2,14.9,18.233333333333334,Normal
Bhopal,2013,5,23.25,77.41,527,26.3,38.7,75.5,0.49999999999999994,-0.8660254037844387,49.4,30.2,31.5,Normal
Bhopal,2013,6,23.25,77.41,527,28.8,89.8,196.0,1.2246467991473532e-16,-1.0,75.5,49.4,51.699999999999996,Excess
Bhopal,2013,7,23.25,77.41,527,26.2,89.1,387.7,-0.4999999999999997,-0.8660254037844388,196.0,75.5,106.96666666666665,Excess
Bhopal,2013,8,23.25,77.41,527,24.9,81.0,291.0,-0.8660254037844385,-0.5000000000000004,387.7,196.0,219.73333333333335,Excess
Bhopal,2013,9,23.25,77.41,527,28.4,82.1,225.9,-1.0,-1.8369701987210297e-16,291.0,387.7,291.56666666666666,Excess
Bhopal,2013,10,23.25,77.41,527,19.3,39.1,49.8,-0.8660254037844386,0.5000000000000001,225.9,291.0,301.53333333333336,Normal
Bhopal,2013,11,23.25,77.41,527,26.5,53.7,13.6,-0.5000000000000004,0.8660254037844384,49.8,225.9,188.89999999999998,Deficit
Bhopal,2013,12,23.25,77.41,527,26.0,48.0,9.5,-2.4492935982947064e-16,1.0,13.6,49.8,96.43333333333334,Deficit
Bhopal,2014,1,23.25,77.41,527,18.3,79.1,11.4,0.49999999999999994,0.8660254037844387,9.5,13.6,24.3,Deficit
Bhopal,2014,2,23.25,77.41,527,25.8,58.2,12.3,0.8660254037844386,0.5000000000000001,11.4,9.5,11.5,Deficit
Bhopal,2014,3,23.25,77.41,527,24.4,45.7,25.3,1.0,6.123233995736766e-17,12.3,11.4,11.066666666666668,Deficit
Bhopal,2014,4,23.25,77.41,527,26.5,43.9,37.2,0.8660254037844387,-0.4999999999999998,25.3,12.3,16.333333333333332,Deficit
Bhopal,2014,5,23.25,77.41,527,26.2,59.3,98.5,0.49999999999999994,-0.8660254037844387,37.2,25.3,24.933333333333337,Normal
Bhopal,2014,6,23.25,77.41,527,28.1,83.9,224.2,1.2246467991473532e-16,-1.0,98.5,37.2,53.666666666666664,Excess
Bhopal,2014,7,23.25,77.41,527,26.2,82.3,346.6,-0.4999999999999997,-0.8660254037844388,224.2,98.5,119.96666666666665,Excess
Bhopal,2014,8,23.25,77.41,527,25.6,95.9,274.9,-0.8660254037844385,-0.5000000000000004,346.6,224.2,223.1,Excess
Bhopal,2014,9,23.25,77.41,527,24.8,89.9,117.1,-1.0,-1.8369701987210297e-16,274.9,346.6,281.9,Normal
Bhopal,2014,10,23.25,77.41,527,20.9,58.1,37.9,-0.8660254037844386,0.5000000000000001,117.1,274.9,246.20000000000002,Deficit
Bhopal,2014,11,23.25,77.41,527,24.9,78.0,21.2,-0.5000000000000004,0.8660254037844384,37.9,117.1,143.29999999999998,Deficit
Bhopal,2014,12,23.25,77.41,527,27.8,63.7,2.2,-2.4492935982947064e-16,1.0,21.2,37.9,58.73333333333333,Deficit
Bhopal,2015,1,23.25,77.41,527,23.8,56.4,12.1,0.49999999999999994,0.8660254037844387,2.2,21.2,20.433333333333334,Deficit
Bhopal,2015,2,23.25,77.41,527,27.4,62.4,14.4,0.8660254037844386,0.5000000000000001,12.1,2.2,11.833333333333334,Deficit
Bhopal,2015,3,23.25,77.41,527,24.1,42.6,20.6,1.0,6.123233995736766e-17,14.4,12.1,9.566666666666668,Deficit
Bhopal,2015,4,23.25,77.41,527,29.1,53.1,35.2,0.8660254037844387,-0.4999999999999998,20.6,14.4,15.700000000000001,Deficit
Bhopal,2015,5,23.25,77.41,527,25.8,52.6,129.6,0.49999999999999994,-0.8660254037844387,35.2,20.6,23.400000000000002,Normal
Bhopal,2015,6,23.25,77.41,527,26.4,81.7,205.4,1.2246467991473532e-16,-1.0,129.6,35.2,61.800000000000004,Excess
Bhopal,2015,7,23.25,77.41,527,28.3,77.2,409.2,-0.4999999999999997,-0.8660254037844388,205.4,129.6,123.40000000000002,Excess
Bhopal,2015,8,23.25,77.41,527,26.9,82.4,252.0,-0.8660254037844385,-0.5000000000000004,409.2,205.4,248.0666666666667,Excess
Bhopal,2015,9,23.25,77.41,527,24.6,80.1,214.3,-1.0,-1.8369701987210297e-16,252.0,409.2,288.8666666666667,Excess
Bhopal,2015,10,23.25,77.41,527,17.7,43.7,38.8,-0.8660254037844386,0.5000000000000001,214.3,252.0,291.8333333333333,Deficit
Bhopal,2015,11,23.25,77.41,527,21.8,53.9,16.6,-0.5000000000000004,0.8660254037844384,38.8,214.3,168.36666666666667,Deficit
Bhopal,2015,12,23.25,77.41,527,22.8,56.3,6.0,-2.4492935982947064e-16,1.0,16.6,38.8,89.90000000000002,Deficit
Bhopal,2016,1,23.25,77.41,527,17.3,57.8,18.0,0.49999999999999994,0.8660254037844387,6.0,16.6,20.466666666666665,Deficit
Bhopal,2016,2,23.25,77.41,527,25.6,48.0,13.5,0.8660254037844386,0.5000000000000001,18.0,6.0,13.533333333333333,Deficit
Bhopal,2016,3,23.25,77.41,527,25.6,46.2,28.4,1.0,6.123233995736766e-17,13.5,18.0,12.5,Deficit
Bhopal,2016,4,23.25,77.41,527,23.2,54.3,35.0,0.8660254037844387,-0.4999999999999998,28.4,13.5,19.966666666666665,Deficit
Bhopal,2016,5,23.25,77.41,527,28.4,47.1,107.8,0.49999999999999994,-0.8660254037844387,35.0,28.4,25.633333333333336,Normal
Bhopal,2016,6,23.25,77.41,527,30.4,89.0,233.8,1.2246467991473532e-16,-1.0,107.8,35.0,57.06666666666666,Excess
Bhopal,2016,7,23.25,77.41,527,27.4,83.1,371.4,-0.4999999999999997,-0.8660254037844388,233.8,107.8,125.53333333333335,Excess
Bhopal,2016,8,23.25,77.41,527,27.5,86.5,264.6,-0.8660254037844385,-0.5000000000000004,371.4,233.8,237.66666666666666,Excess
Bhopal,2016,9,23.25,77.41,527,27.3,83.3,217.1,-1.0,-1.8369701987210297e-16,264.6,371.4,289.93333333333334,Excess
Bhopal,2016,10,23.25,77.41,527,27.8,51.2,35.5,-0.8660254037844386,0.5000000000000001,217.1,264.6,284.3666666666667,Deficit
Bhopal,2016,11,23.25,77.41,527,23.6,51.4,19.8,-0.5000000000000004,0.8660254037844384,35.5,217.1,172.4,Deficit
Bhopal,2016,12,23.25,77.41,527,27.6,48.0,6.1,-2.4492935982947064e-16,1.0,19.8,35.5,90.8,Deficit
Bhopal,2017,1,23.25,77.41,527,21.4,52.7,17.3,0.49999999999999994,0.8660254037844387,6.1,19.8,20.466666666666665,Deficit
Bhopal,2017,2,23.25,77.41,527,23.7,72.0,12.1,0.8660254037844386,0.5000000000000001,17.3,6.1,14.4,Deficit
Bhopal,2017,3,23.25,77.41,527,26.4,57.4,25.9,1.0,6.123233995736766e-17,12.1,17.3,11.833333333333334,Deficit
Bhopal,2017,4,23.25,77.41,527,21.6,39.9,33.7,0.8660254037844387,-0.4999999999999998,25.9,12.1,18.433333333333334,Deficit
Bhopal,2017,5,23.25,77.41,527,13.6,57.4,80.6,0.49999999999999994,-0.8660254037844387,33.7,25.9,23.900000000000002,Normal
Bhopal,2017,6,23.25,77.41,527,28.4,73.5,300.2,1.2246467991473532e-16,-1.0,80.6,33.7,46.73333333333333,Excess
Bhopal,2017,7,23.25,77.41,527,26.9,75.9,327.0,-0.4999999999999997,-0.8660254037844388,300.2,80.6,138.16666666666666,Excess
Bhopal,2017,8,23.25,77.41,527,30.0,75.1,379.6,-0.8660254037844385,-0.5000000000000004,327.0,300.2,235.9333333333333,Excess
Bhopal,2017,9,23.25,77.41,527,31.8,93.4,216.8,-1.0,-1.8369701987210297e-16,379.6,327.0,335.6,Excess
Bhopal,2017,10,23.25,77.41,527,21.4,80.0,62.3,-0.8660254037844386,0.5000000000000001,216.8,379.6,307.8,Normal
Bhopal,2017,11,23.25,77.41,527,22.6,55.3,19.2,-0.5000000000000004,0.8660254037844384,62.3,216.8,219.5666666666667,Deficit
Bhopal,2017,12,23.25,77.41,527,26.6,38.8,5.7,-2.4492935982947064e-16,1.0,19.2,62.3,99.43333333333334,Deficit
Bhopal,2018,1,23.25,77.41,527,24.8,53.4,13.4,0.49999999999999994,0.8660254037844387,5.7,19.2,29.066666666666666,Deficit
Bhopal,2018,2,23.25,77.41,527,29.7,35.4,11.8,0.8660254037844386,0.5000000000000001,13.4,5.7,12.766666666666666,Deficit
Bhopal,2018,3,23.25,77.41,527,23.9,53.7,23.9,1.0,6.123233995736766e-17,11.8,13.4,10.3,Deficit
Bhopal,2018,4,23.25,77.41,527,20.2,41.9,38.7,0.8660254037844387,-0.4999999999999998,23.9,11.8,16.366666666666667,Deficit
Bhopal,2018,5,23.25,77.41,527,22.8,65.3,49.4,0.49999999999999994,-0.8660254037844387,38.7,23.9,24.8,Normal
Bhopal,2018,6,23.25,77.41,527,24.6,79.1,169.5,1.2246467991473532e-16,-1.0,49.4,38.7,37.333333333333336,Excess
Bhopal,2018,7,23.25,77.41,527,25.2,84.3,214.0,-0.4999999999999997,-0.8660254037844388,169.5,49.4,85.86666666666667,Excess
Bhopal,2018,8,23.25,77.41,527,30.8,81.6,204.9,-0.8660254037844385,-0.5000000000000004,214.0,169.5,144.29999999999998,Excess
Bhopal,2018,9,23.25,77.41,527,27.3,86.6,153.9,-1.0,-1.8369701987210297e-16,204.9,214.0,196.13333333333333,Excess
Bhopal,2018,10,23.25,77.41,527,26.3,57.6,37.1,-0.8660254037844386,0.5000000000000001,153.9,204.9,190.9333333333333,Deficit
Bhopal,2018,11,23.25,77.41,527,27.2,48.6,15.6,-0.5000000000000004,0.8660254037844384,37.1,153.9,131.96666666666667,Deficit
Bhopal,2018,12,23.25,77.41,527,23.9,47.4,5.4,-2.4492935982947064e-16,1.0,15.6,37.1,68.86666666666666,Deficit
Bhopal,2019,1,23.25,77.41,527,30.2,63.7,11.1,0.49999999999999994,0.8660254037844387,5.4,15.6,19.366666666666667,Deficit
Bhopal,2019,2,23.25,77.41,527,30.2,48.8,7.6,0.8660254037844386,0.5000000000000001,11.1,5.4,10.700000000000001,Deficit
Bhopal,2019,3,23.25,77.41,527,21.4,53.4,22.4,1.0,6.123233995736766e-17,7.6,11.1,8.033333333333333,Deficit
Bhopal,2019,4,23.25,77.41,527,19.1,58.1,32.1,0.8660254037844387,-0.4999999999999998,22.4,7.6,13.699999999999998,Deficit
Bhopal,2019,5,23.25,77.41,527,24.3,65.6,88.0,0.49999999999999994,-0.8660254037844387,32.1,22.4,20.7,Normal
Bhopal,2019,6,23.25,77.41,527,30.1,68.7,156.4,1.2246467991473532e-16,-1.0,88.0,32.1,47.5,Excess
Bhopal,2019,7,23.25,77.41,527,31.7,80.3,392.2,-0.4999999999999997,-0.8660254037844388,156.4,88.0,92.16666666666667,Excess
Bhopal,2019,8,23.25,77.41,527,28.7,73.3,156.7,-0.8660254037844385,-0.5000000000000004,392.2,156.4,212.20000000000002,Excess
Bhopal,2019,9,23.25,77.41,527,29.0,76.4,153.0,-1.0,-1.8369701987210297e-16,156.7,392.2,235.1,Excess
Bhopal,2019,10,23.25,77.41,527,28.2,61.8,36.5,-0.8660254037844386,0.5000000000000001,153.0,156.7,233.96666666666667,Deficit
Bhopal,2019,11,23.25,77.41,527,19.3,61.8,15.2,-0.5000000000000004,0.8660254037844384,36.5,153.0,115.39999999999999,Deficit
Bhopal,2019,12,23.25,77.41,527,19.4,65.5,4.5,-2.4492935982947064e-16,1.0,15.2,36.5,68.23333333333333,Deficit
Bhopal,2020,1,23.25,77.41,527,33.6,52.9,14.4,0.49999999999999994,0.8660254037844387,4.5,15.2,18.733333333333334,Deficit
Bhopal,2020,2,23.25,77.41,527,22.5,68.4,13.5,0.8660254037844386,0.5000000000000001,14.4,4.5,11.366666666666667,Deficit
Bhopal,2020,3,23.25,77.41,527,27.9,46.4,24.9,1.0,6.123233995736766e-17,13.5,14.4,10.799999999999999,Deficit
Bhopal,2020,4,23.25,77.41,527,29.1,48.2,39.9,0.8660254037844387,-0.4999999999999998,24.9,13.5,17.599999999999998,Deficit
Bhopal,2020,5,23.25,77.41,527,29.5,68.0,94.1,0.49999999999999994,-0.8660254037844387,39.9,24.9,26.099999999999998,Normal
Bhopal,2020,6,23.25,77.41,527,26.4,78.9,258.8,1.2246467991473532e-16,-1.0,94.1,39.9,52.96666666666666,Excess
Bhopal,2020,7,23.25,77.41,527,28.8,76.1,396.9,-0.4999999999999997,-0.8660254037844388,258.8,94.1,130.93333333333334,Excess
Bhopal,2020,8,23.25,77.41,527,28.2,71.7,393.1,-0.8660254037844385,-0.5000000000000004,396.9,258.8,249.9333333333333,Excess
Bhopal,2020,9,23.25,77.41,527,26.7,81.6,169.0,-1.0,-1.8369701987210297e-16,393.1,396.9,349.6000000000001,Excess
Bhopal,2020,10,23.25,77.41,527,26.0,43.6,58.3,-0.8660254037844386,0.5000000000000001,169.0,393.1,319.6666666666667,Normal
Bhopal,2020,11,23.25,77.41,527,23.6,55.2,22.6,-0.5000000000000004,0.8660254037844384,58.3,169.0,206.79999999999998,Deficit
Bhopal,2020,12,23.25,77.41,527,29.8,51.8,8.4,-2.4492935982947064e-16,1.0,22.6,58.3,83.3,Deficit
Bhopal,2021,1,23.25,77.41,527,22.2,74.1,16.0,0.49999999999999994,0.8660254037844387,8.4,22.6,29.76666666666667,Deficit
Bhopal,2021,2,23.25,77.41,527,21.7,68.5,14.6,0.8660254037844386,0.5000000000000001,16.0,8.4,15.666666666666666,Deficit
Bhopal,2021,3,23.25,77.41,527,24.9,47.0,37.8,1.0,6.123233995736766e-17,14.6,16.0,13.0,Deficit
Bhopal,2021,4,23.25,77.41,527,27.9,64.8,40.0,0.8660254037844387,-0.4999999999999998,37.8,14.6,22.8,Normal
Bhopal,2021,5,23.25,77.41,527,25.4,67.0,106.3,0.49999999999999994,-0.8660254037844387,40.0,37.8,30.8,Normal
Bhopal,2021,6,23.25,77.41,527,30.6,80.3,207.9,1.2246467991473532e-16,-1.0,106.3,40.0,61.36666666666667,Excess
Bhopal,2021,7,23.25,77.41,527,27.7,81.7,400.6,-0.4999999999999997,-0.8660254037844388,207.9,106.3,118.06666666666668,Excess
Bhopal,2021,8,23.25,77.41,527,31.4,77.6,308.0,-0.8660254037844385,-0.5000000000000004,400.6,207.9,238.26666666666665,Excess
Bhopal,2021,9,23.25,77.41,527,33.3,87.9,167.1,-1.0,-1.8369701987210297e-16,308.0,400.6,305.5,Excess
Bhopal,2021,10,23.25,77.41,527,22.7,33.9,23.6,-0.8660254037844386,0.5000000000000001,167.1,308.0,291.90000000000003,Deficit
Bhopal,2021,11,23.25,77.41,527,12.4,50.6,17.1,-0.5000000000000004,0.8660254037844384,23.6,167.1,166.23333333333335,Deficit
Bhopal,2021,12,23.25,77.41,527,25.2,35.7,4.6,-2.4492935982947064e-16,1.0,17.1,23.6,69.26666666666667,Deficit
Bhopal,2022,1,23.25,77.41,527,31.0,66.1,10.5,0.49999999999999994,0.8660254037844387,4.6,17.1,15.100000000000001,Deficit
Bhopal,2022,2,23.25,77.41,527,23.7,71.9,12.9,0.8660254037844386,0.5000000000000001,10.5,4.6,10.733333333333334,Deficit
Bhopal,2022,3,23.25,77.41,527,19.4,51.2,16.3,1.0,6.123233995736766e-17,12.9,10.5,9.333333333333334,Deficit
Bhopal,2022,4,23.25,77.41,527,24.2,50.2,47.8,0.8660254037844387,-0.4999999999999998,16.3,12.9,13.233333333333334,Normal
Bhopal,2022,5,23.25,77.41,527,28.8,61.5,58.7,0.49999999999999994,-0.8660254037844387,47.8,16.3,25.666666666666668,Normal
Bhopal,2022,6,23.25,77.41,527,26.4,77.8,207.0,1.2246467991473532e-16,-1.0,58.7,47.8,40.93333333333333,Excess
Bhopal,2022,7,23.25,77.41,527,28.2,75.5,234.7,-0.4999999999999997,-0.8660254037844388,207.0,58.7,104.5,Excess
Bhopal,2022,8,23.25,77.41,527,26.9,79.1,214.3,-0.8660254037844385,-0.5000000000000004,234.7,207.0,166.79999999999998,Excess
Bhopal,2022,9,23.25,77.41,527,29.2,82.5,143.3,-1.0,-1.8369701987210297e-16,214.3,234.7,218.66666666666666,Normal
Bhopal,2022,10,23.25,77.41,527,25.7,42.1,32.2,-0.8660254037844386,0.5000000000000001,143.3,214.3,197.4333333333333,Deficit
Bhopal,2022,11,23.25,77.41,527,25.6,37.0,17.3,-0.5000000000000004,0.8660254037844384,32.2,143.3,129.93333333333334,Deficit
Bhopal,2022,12,23.25,77.41,527,21.5,52.9,7.7,-2.4492935982947064e-16,1.0,17.3,32.2,64.26666666666667,Deficit
Bhopal,2023,1,23.25,77.41,527,25.1,48.4,15.2,0.49999999999999994,0.8660254037844387,7.7,17.3,19.066666666666666,Deficit
Bhopal,2023,2,23.25,77.41,527,27.7,45.8,15.2,0.8660254037844386,0.5000000000000001,15.2,7.7,13.4,Deficit
Bhopal,2023,3,23.25,77.41,527,16.7,53.5,22.3,1.0,6.123233995736766e-17,15.2,15.2,12.699999999999998,Deficit
Bhopal,2023,4,23.25,77.41,527,29.5,55.6,38.5,0.8660254037844387,-0.4999999999999998,22.3,15.2,17.566666666666666,Deficit
Bhopal,2023,5,23.25,77.41,527,22.2,63.4,113.1,0.49999999999999994,-0.8660254037844387,38.5,22.3,25.333333333333332,Normal
Bhopal,2023,6,23.25,77.41,527,29.9,73.2,188.6,1.2246467991473532e-16,-1.0,113.1,38.5,57.96666666666666,Excess
Bhopal,2023,7,23.25,77.41,527,23.0,80.4,366.6,-0.4999999999999997,-0.8660254037844388,188.6,113.1,113.39999999999999,Excess
Bhopal,2023,8,23.25,77.41,527,26.7,75.7,337.4,-0.8660254037844385,-0.5000000000000004,366.6,188.6,222.76666666666665,Excess
Bhopal,2023,9,23.25,77.41,527,27.7,79.1,210.1,-1.0,-1.8369701987210297e-16,337.4,366.6,297.53333333333336,Excess
Bhopal,2023,10,23.25,77.41,527,35.5,63.5,39.4,-0.8660254037844386,0.5000000000000001,210.1,337.4,304.7,Deficit
Bhopal,2023,11,23.25,77.41,527,26.7,53.7,23.6,-0.5000000000000004,0.8660254037844384,39.4,210.1,195.63333333333333,Deficit
Bhopal,2023,12,23.25,77.41,527,22.3,47.2,1.7,-2.4492935982947064e-16,1.0,23.6,39.4,91.03333333333335,Deficit
Bhopal,2024,1,23.25,77.41,527,17.1,51.6,5.9,0.49999999999999994,0.8660254037844387,1.7,23.6,21.566666666666666,Deficit
Bhopal,2024,2,23.25,77.41,527,29.4,56.1,9.9,0.8660254037844386,0.5000000000000001,5.9,1.7,10.4,Deficit
Bhopal,2024,3,23.25,77.41,527,17.3,34.4,13.7,1.0,6.123233995736766e-17,9.9,5.9,5.833333333333333,Deficit
Bhopal,2024,4,23.25,77.41,527,21.4,50.4,19.1,0.8660254037844387,-0.4999999999999998,13.7,9.9,9.833333333333334,Deficit
Bhopal,2024,5,23.25,77.41,527,26.4,49.7,47.3,0.49999999999999994,-0.8660254037844387,19.1,13.7,14.233333333333334,Normal
Bhopal,2024,6,23.25,77.41,527,30.9,74.9,132.4,1.2246467991473532e-16,-1.0,47.3,19.1,26.7,Normal
Bhopal,2024,7,23.25,77.41,527,28.0,80.0,239.8,-0.4999999999999997,-0.8660254037844388,132.4,47.3,66.26666666666667,Excess
Bhopal,2024,8,23.25,77.41,527,30.2,76.3,229.8,-0.8660254037844385,-0.5000000000000004,239.8,132.4,139.83333333333334,Excess
Bhopal,2024,9,23.25,77.41,527,28.7,80.4,111.9,-1.0,-1.8369701987210297e-16,229.8,239.8,200.66666666666666,Normal
Bhopal,2024,10,23.25,77.41,527,26.1,70.3,27.4,-0.8660254037844386,0.5000000000000001,111.9,229.8,193.83333333333334,Deficit
Bhopal,2024,11,23.25,77.41,527,24.5,42.9,9.0,-0.5000000000000004,0.8660254037844384,27.4,111.9,123.03333333333335,Deficit
Bhopal,2024,12,23.25,77.41,527,18.5,55.5,5.3,-2.4492935982947064e-16,1.0,9.0,27.4,49.43333333333334,Deficit
Chennai,2005,1,13.08,80.27,7,28.0,50.2,11.6,0.49999999999999994,0.8660254037844387,0.0,0.0,0.0,Deficit
Chennai,2005,2,13.08,80.27,7,30.3,66.2,5.3,0.8660254037844386,0.5000000000000001,11.6,0.0,11.6,Deficit
Chennai,2005,3,13.08,80.27,7,17.5,62.1,5.4,1.0,6.123233995736766e-17,5.3,11.6,8.45,Deficit
Chennai,2005,4,13.08,80.27,7,28.2,32.3,11.5,0.8660254037844387,-0.4999999999999998,5.4,5.3,7.433333333333333,Deficit
Chennai,2005,5,13.08,80.27,7,20.2,59.3,45.7,0.49999999999999994,-0.8660254037844387,11.5,5.4,7.3999999999999995,Normal
Chennai,2005,6,13.08,80.27,7,25.6,79.6,52.6,1.2246467991473532e-16,-1.0,45.7,11.5,20.866666666666667,Normal
Chennai,2005,7,13.08,80.27,7,28.3,85.5,103.2,-0.4999999999999997,-0.8660254037844388,52.6,45.7,36.6,Normal
Chennai,2005,8,13.08,80.27,7,24.1,91.7,160.2,-0.8660254037844385,-0.5000000000000004,103.2,52.6,67.16666666666667,Excess
Chennai,2005,9,13.08,80.27,7,25.8,74.0,120.4,-1.0,-1.8369701987210297e-16,160.2,103.2,105.33333333333333,Normal
Chennai,2005,10,13.08,80.27,7,28.7,50.7,291.6,-0.8660254037844386,0.5000000000000001,120.4,160.2,127.93333333333332,Excess
Chennai,2005,11,13.08,80.27,7,19.2,51.9,467.5,-0.5000000000000004,0.8660254037844384,291.6,120.4,190.73333333333335,Excess
Chennai,2005,12,13.08,80.27,7,26.5,60.9,142.3,-2.4492935982947064e-16,1.0,467.5,291.6,293.1666666666667,Normal
Chennai,2006,1,13.08,80.27,7,25.8,56.4,6.9,0.49999999999999994,0.8660254037844387,142.3,467.5,300.4666666666667,Deficit
Chennai,2006,2,13.08,80.27,7,29.9,41.3,7.3,0.8660254037844386,0.5000000000000001,6.9,142.3,205.56666666666663,Deficit
Chennai,2006,3,13.08,80.27,7,29.8,34.2,7.9,1.0,6.123233995736766e-17,7.3,6.9,52.16666666666668,Deficit
Chennai,2006,4,13.08,80.27,7,23.0,51.2,13.8,0.8660254037844387,-0.4999999999999998,7.9,7.3,7.366666666666667,Deficit
Chennai,2006,5,13.08,80.27,7,23.1,45.2,41.5,0.49999999999999994,-0.8660254037844387,13.8,7.9,9.666666666666666,Normal
Chennai,2006,6,13.08,80.27,7,25.3,75.5,52.3,1.2246467991473532e-16,-1.0,41.5,13.8,21.066666666666666,Normal
Chennai,2006,7,13.08,80.27,7,25.1,86.0,102.2,-0.4999999999999997,-0.8660254037844388,52.3,41.5,35.86666666666667,Normal
Chennai,2006,8,13.08,80.27,7,23.7,77.9,126.8,-0.8660254037844385,-0.5000000000000004,102.2,52.3,65.33333333333333,Normal
Chennai,2006,9,13.08,80.27,7,25.5,79.2,142.2,-1.0,-1.8369701987210297e-16,126.8,102.2,93.76666666666667,Normal
Chennai,2006,10,13.08,80.27,7,28.1,49.5,324.0,-0.8660254037844386,0.5000000000000001,142.2,126.8,123.73333333333333,Excess
Chennai,2006,11,13.08,80.27,7,30.7,69.4,325.0,-0.5000000000000004,0.8660254037844384,324.0,142.2,197.66666666666666,Excess
Chennai,2006,12,13.08,80.27,7,25.3,43.9,214.2,-2.4492935982947064e-16,1.0,325.0,324.0,263.73333333333335,Excess
Chennai,2007,1,13.08,80.27,7,26.7,66.0,13.4,0.49999999999999994,0.8660254037844387,214.2,325.0,287.73333333333335,Deficit
Chennai,2007,2,13.08,80.27,7,19.0,62.5,7.4,0.8660254037844386,0.5000000000000001,13.4,214.2,184.20000000000002,Deficit
Chennai,2007,3,13.08,80.27,7,23.5,54.5,4.1,1.0,6.123233995736766e-17,7.4,13.4,78.33333333333333,Deficit
Chennai,2007,4,13.08,80.27,7,37.4,58.1,16.6,0.8660254037844387,-0.4999999999999998,4.1,7.4,8.299999999999999,Deficit
Chennai,2007,5,13.08,80.27,7,27.1,60.9,35.4,0.49999999999999994,-0.8660254037844387,16.6,4.1,9.366666666666667,Deficit
Chennai,2007,6,13.08,80.27,7,32.5,83.4,46.0,1.2246467991473532e-16,-1.0,35.4,16.6,18.7,Normal
Chennai,2007,7,13.08,80.27,7,29.7,84.5,93.2,-0.4999999999999997,-0.8660254037844388,46.0,35.4,32.666666666666664,Normal
Chennai,2007,8,13.08,80.27,7,26.5,78.7,126.5,-0.8660254037844385,-0.5000000000000004,93.2,46.0,58.20000000000001,Normal
Chennai,2007,9,13.08,80.27,7,29.1,86.7,88.2,-1.0,-1.8369701987210297e-16,126.5,93.2,88.56666666666666,Normal
Chennai,2007,10,13.08,80.27,7,31.7,51.9,304.1,-0.8660254037844386,0.5000000000000001,88.2,126.5,102.63333333333333,Excess
Chennai,2007,11,13.08,80.27,7,20.6,48.1,383.1,-0.5000000000000004,0.8660254037844384,304.1,88.2,172.9333333333333,Excess
Chennai,2007,12,13.08,80.27,7,28.4,49.1,192.4,-2.4492935982947064e-16,1.0,383.1,304.1,258.4666666666667,Excess
Chennai,2008,1,13.08,80.27,7,23.6,60.9,9.9,0.49999999999999994,0.8660254037844387,192.4,383.1,293.2,Deficit
Chennai,2008,2,13.08,80.27,7,27.0,52.5,8.0,0.8660254037844386,0.5000000000000001,9.9,192.4,195.13333333333333,Deficit
Chennai,2008,3,13.08,80.27,7,22.4,59.0,6.9,1.0,6.123233995736766e-17,8.0,9.9,70.10000000000001,Deficit
Chennai,2008,4,13.08,80.27,7,27.0,46.7,14.7,0.8660254037844387,-0.4999999999999998,6.9,8.0,8.266666666666666,Deficit
Chennai,2008,5,13.08,80.27,7,29.4,47.2,25.1,0.49999999999999994,-0.8660254037844387,14.7,6.9,9.866666666666667,Deficit
Chennai,2008,6,13.08,80.27,7,29.7,79.6,46.2,1.2246467991473532e-16,-1.0,25.1,14.7,15.566666666666668,Normal
Chennai,2008,7,13.08,80.27,7,29.5,86.1,114.0,-0.4999999999999997,-0.8660254037844388,46.2,25.1,28.666666666666668,Normal
Chennai,2008,8,13.08,80.27,7,31.0,83.6,92.9,-0.8660254037844385,-0.5000000000000004,114.0,46.2,61.76666666666667,Normal
Chennai,2008,9,13.08,80.27,7,28.4,71.3,114.9,-1.0,-1.8369701987210297e-16,92.9,114.0,84.36666666666666,Normal
Chennai,2008,10,13.08,80.27,7,20.9,38.5,337.8,-0.8660254037844386,0.5000000000000001,114.9,92.9,107.26666666666667,Excess
Chennai,2008,11,13.08,80.27,7,29.5,45.7,278.1,-0.5000000000000004,0.8660254037844384,337.8,114.9,181.86666666666667,Excess
Chennai,2008,12,13.08,80.27,7,22.9,34.9,244.4,-2.4492935982947064e-16,1.0,278.1,337.8,243.60000000000002,Excess
Chennai,2009,1,13.08,80.27,7,24.4,46.5,14.3,0.49999999999999994,0.8660254037844387,244.4,278.1,286.7666666666667,Deficit
Chennai,2009,2,13.08,80.27,7,27.0,63.2,6.1,0.8660254037844386,0.5000000000000001,14.3,244.4,178.9333333333333,Deficit
Chennai,2009,3,13.08,80.27,7,23.6,38.7,8.7,1.0,6.123233995736766e-17,6.1,14.3,88.26666666666667,Deficit
Chennai,2009,4,13.08,80.27,7,26.0,42.4,10.8,0.8660254037844387,-0.4999999999999998,8.7,6.1,9.7,Deficit
Chennai,2009,5,13.08,80.27,7,26.4,51.5,29.0,0.49999999999999994,-0.8660254037844387,10.8,8.7,8.533333333333333,Deficit
Chennai,2009,6,13.08,80.27,7,26.1,80.6,46.9,1.2246467991473532e-16,-1.0,29.0,10.8,16.166666666666668,Normal
Chennai,2009,7,13.08,80.27,7,30.2,88.2,68.0,-0.4999999999999997,-0.8660254037844388,46.9,29.0,28.899999999999995,Normal
Chennai,2009,8,13.08,80.27,7,25.7,73.0,70.1,-0.8660254037844385,-0.5000000000000004,68.0,46.9,47.96666666666667,Normal
Chennai,2009,9,13.08,80.27,7,27.8,73.3,92.7,-1.0,-1.8369701987210297e-16,70.1,68.0,61.666666666666664,Normal
Chennai,2009,10,13.08,80.27,7,21.0,54.1,223.7,-0.8660254037844386,0.5000000000000001,92.7,70.1,76.93333333333334,Excess
Chennai,2009,11,13.08,80.27,7,22.1,53.8,330.5,-0.5000000000000004,0.8660254037844384,223.7,92.7,128.83333333333334,Excess
Chennai,2009,12,13.08,80.27,7,23.9,68.7,147.2,-2.4492935982947064e-16,1.0,330.5,223.7,215.63333333333333,Normal
Chennai,2010,1,13.08,80.27,7,28.3,60.1,12.6,0.49999999999999994,0.8660254037844387,147.2,330.5,233.80000000000004,Deficit
Chennai,2010,2,13.08,80.27,7,28.3,67.4,5.9,0.8660254037844386,0.5000000000000001,12.6,147.2,163.43333333333334,Deficit
Chennai,2010,3,13.08,80.27,7,21.3,62.2,6.0,1.0,6.123233995736766e-17,5.9,12.6,55.23333333333333,Deficit
Chennai,2010,4,13.08,80.27,7,27.2,55.4,17.2,0.8660254037844387,-0.4999999999999998,6.0,5.9,8.166666666666666,Deficit
Chennai,2010,5,13.08,80.27,7,19.7,62.5,52.7,0.49999999999999994,-0.8660254037844387,17.2,6.0,9.700000000000001,Normal
Chennai,2010,6,13.08,80.27,7,27.4,81.7,79.5,1.2246467991473532e-16,-1.0,52.7,17.2,25.3,Normal
Chennai,2010,7,13.08,80.27,7,29.3,85.4,83.2,-0.4999999999999997,-0.8660254037844388,79.5,52.7,49.800000000000004,Normal
Chennai,2010,8,13.08,80.27,7,30.8,80.0,146.1,-0.8660254037844385,-0.5000000000000004,83.2,79.5,71.8,Normal
Chennai,2010,9,13.08,80.27,7,25.5,81.9,162.7,-1.0,-1.8369701987210297e-16,146.1,83.2,102.93333333333332,Excess
Chennai,2010,10,13.08,80.27,7,25.9,48.3,365.7,-0.8660254037844386,0.5000000000000001,162.7,146.1,130.66666666666666,Excess
Chennai,2010,11,13.08,80.27,7,28.3,47.6,448.7,-0.5000000000000004,0.8660254037844384,365.7,162.7,224.83333333333334,Excess
Chennai,2010,12,13.08,80.27,7,32.0,65.8,163.3,-2.4492935982947064e-16,1.0,448.7,365.7,325.7,Excess
Chennai,2011,1,13.08,80.27,7,23.0,54.6,12.7,0.49999999999999994,0.8660254037844387,163.3,448.7,325.90000000000003,Deficit
Chennai,2011,2,13.08,80.27,7,24.1,44.2,6.2,0.8660254037844386,0.5000000000000001,12.7,163.3,208.23333333333335,Deficit
Chennai,2011,3,13.08,80.27,7,21.3,43.7,4.3,1.0,6.123233995736766e-17,6.2,12.7,60.73333333333333,Deficit
Chennai,2011,4,13.08,80.27,7,22.1,58.8,11.2,0.8660254037844387,-0.4999999999999998,4.3,6.2,7.733333333333333,Deficit
Chennai,2011,5,13.08,80.27,7,22.7,54.4,43.1,0.49999999999999994,-0.8660254037844387,11.2,4.3,7.233333333333333,Normal
Chennai,2011,6,13.08,80.27,7,29.2,82.5,49.4,1.2246467991473532e-16,-1.0,43.1,11.2,19.533333333333335,Normal
Chennai,2011,7,13.08,80.27,7,29.2,74.6,89.8,-0.4999999999999997,-0.8660254037844388,49.4,43.1,34.56666666666666,Normal
Chennai,2011,8,13.08,80.27,7,30.2,77.4,117.8,-0.8660254037844385,-0.5000000000000004,89.8,49.4,60.76666666666667,Normal
Chennai,2011,9,13.08,80.27,7,29.7,80.7,102.6,-1.0,-1.8369701987210297e-16,117.8,89.8,85.66666666666667,Normal
Chennai,2011,10,13.08,80.27,7,34.5,44.1,310.6,-0.8660254037844386,0.5000000000000001,102.6,117.8,103.39999999999999,Excess
Chennai,2011,11,13.08,80.27,7,26.2,59.2,238.2,-0.5000000000000004,0.8660254037844384,310.6,102.6,177.0,Excess
Chennai,2011,12,13.08,80.27,7,30.8,38.6,151.9,-2.4492935982947064e-16,1.0,238.2,310.6,217.13333333333335,Excess
Chennai,2012,1,13.08,80.27,7,31.9,71.9,13.5,0.49999999999999994,0.8660254037844387,151.9,238.2,233.56666666666663,Deficit
Chennai,2012,2,13.08,80.27,7,22.8,60.6,6.0,0.8660254037844386,0.5000000000000001,13.5,151.9,134.53333333333333,Deficit
Chennai,2012,3,13.08,80.27,7,24.8,52.3,6.8,1.0,6.123233995736766e-17,6.0,13.5,57.13333333333333,Deficit
Chennai,2012,4,13.08,80.27,7,24.9,45.1,9.9,0.8660254037844387,-0.4999999999999998,6.8,6.0,8.766666666666667,Deficit
Chennai,2012,5,13.08,80.27,7,30.8,39.4,41.4,0.49999999999999994,-0.8660254037844387,9.9,6.8,7.566666666666667,Normal
Chennai,2012,6,13.08,80.27,7,27.3,80.3,69.5,1.2246467991473532e-16,-1.0,41.4,9.9,19.366666666666664,Normal
Chennai,2012,7,13.08,80.27,7,28.9,85.4,121.2,-0.4999999999999997,-0.8660254037844388,69.5,41.4,40.266666666666666,Normal
Chennai,2012,8,13.08,80.27,7,27.2,78.3,160.2,-0.8660254037844385,-0.5000000000000004,121.2,69.5,77.36666666666667,Excess
Chennai,2012,9,13.08,80.27,7,25.9,98.0,109.8,-1.0,-1.8369701987210297e-16,160.2,121.2,116.96666666666665,Normal
Chennai,2012,10,13.08,80.27,7,19.6,38.8,426.8,-0.8660254037844386,0.5000000000000001,109.8,160.2,130.4,Excess
Chennai,2012,11,13.08,80.27,7,27.2,57.5,461.3,-0.5000000000000004,0.8660254037844384,426.8,109.8,232.26666666666665,Excess
Chennai,2012,12,13.08,80.27,7,24.5,55.3,202.5,-2.4492935982947064e-16,1.0,461.3,426.8,332.6333333333334,Excess
Chennai,2013,1,13.08,80.27,7,24.1,43.5,8.4,0.49999999999999994,0.8660254037844387,202.5,461.3,363.5333333333333,Deficit
Chennai,2013,2,13.08,80.27,7,36.9,55.7,7.3,0.8660254037844386,0.5000000000000001,8.4,202.5,224.06666666666663,Deficit
Chennai,2013,3,13.08,80.27,7,28.7,56.8,6.4,1.0,6.123233995736766e-17,7.3,8.4,72.73333333333333,Deficit
Chennai,2013,4,13.08,80.27,7,27.4,72.6,15.0,0.8660254037844387,-0.4999999999999998,6.4,7.3,7.366666666666667,Deficit
Chennai,2013,5,13.08,80.27,7,26.9,42.7,33.4,0.49999999999999994,-0.8660254037844387,15.0,6.4,9.566666666666666,Deficit
Chennai,2013,6,13.08,80.27,7,25.7,79.5,61.5,1.2246467991473532e-16,-1.0,33.4,15.0,18.266666666666666,Normal
Chennai,2013,7,13.08,80.27,7,30.4,87.5,92.7,-0.4999999999999997,-0.8660254037844388,61.5,33.4,36.63333333333333,Normal
Chennai,2013,8,13.08,80.27,7,28.1,77.7,97.7,-0.8660254037844385,-0.5000000000000004,92.7,61.5,62.53333333333334,Normal
Chennai,2013,9,13.08,80.27,7,27.5,80.1,97.4,-1.0,-1.8369701987210297e-16,97.7,92.7,83.96666666666665,Normal
Chennai,2013,10,13.08,80.27,7,26.7,38.2,462.2,-0.8660254037844386,0.5000000000000001,97.4,97.7,95.93333333333334,Excess
Chennai,2013,11,13.08,80.27,7,29.1,72.9,351.8,-0.5000000000000004,0.8660254037844384,462.2,97.4,219.1,Excess
Chennai,2013,12,13.08,80.27,7,17.5,70.7,139.9,-2.4492935982947064e-16,1.0,351.8,462.2,303.8,Normal
Chennai,2014,1,13.08,80.27,7,27.1,30.0,12.3,0.49999999999999994,0.8660254037844387,139.9,351.8,317.96666666666664,Deficit
Chennai,2014,2,13.08,80.27,7,26.3,61.2,7.3,0.8660254037844386,0.5000000000000001,12.3,139.9,168.00000000000003,Deficit
Chennai,2014,3,13.08,80.27,7,25.3,42.7,5.3,1.0,6.123233995736766e-17,7.3,12.3,53.16666666666668,Deficit
Chennai,2014,4,13.08,80.27,7,21.4,47.9,15.2,0.8660254037844387,-0.4999999999999998,5.3,7.3,8.3,Deficit
Chennai,2014,5,13.08,80.27,7,27.6,60.6,35.9,0.49999999999999994,-0.8660254037844387,15.2,5.3,9.266666666666666,Deficit
Chennai,2014,6,13.08,80.27,7,28.1,73.3,55.8,1.2246467991473532e-16,-1.0,35.9,15.2,18.8,Normal
Chennai,2014,7,13.08,80.27,7,27.9,97.7,96.5,-0.4999999999999997,-0.8660254037844388,55.8,35.9,35.63333333333333,Normal
Chennai,2014,8,13.08,80.27,7,31.7,88.0,104.9,-0.8660254037844385,-0.5000000000000004,96.5,55.8,62.73333333333333,Normal
Chennai,2014,9,13.08,80.27,7,32.4,84.2,137.8,-1.0,-1.8369701987210297e-16,104.9,96.5,85.73333333333335,Normal
Chennai,2014,10,13.08,80.27,7,24.8,64.2,358.7,-0.8660254037844386,0.5000000000000001,137.8,104.9,113.06666666666668,Excess
Chennai,2014,11,13.08,80.27,7,22.5,38.8,488.6,-0.5000000000000004,0.8660254037844384,358.7,137.8,200.46666666666667,Excess
Chennai,2014,12,13.08,80.27,7,21.8,51.4,196.6,-2.4492935982947064e-16,1.0,488.6,358.7,328.3666666666667,Excess
Chennai,2015,1,13.08,80.27,7,24.8,52.6,14.9,0.49999999999999994,0.8660254037844387,196.6,488.6,347.96666666666664,Deficit
Chennai,2015,2,13.08,80.27,7,16.0,45.9,9.8,0.8660254037844386,0.5000000000000001,14.9,196.6,233.36666666666667,Deficit
Chennai,2015,3,13.08,80.27,7,29.8,47.1,8.5,1.0,6.123233995736766e-17,9.8,14.9,73.76666666666667,Deficit
Chennai,2015,4,13.08,80.27,7,27.5,45.6,10.7,0.8660254037844387,-0.4999999999999998,8.5,9.8,11.066666666666668,Deficit
Chennai,2015,5,13.08,80.27,7,22.5,50.2,38.2,0.49999999999999994,-0.8660254037844387,10.7,8.5,9.666666666666666,Deficit
Chennai,2015,6,13.08,80.27,7,22.5,87.4,57.8,1.2246467991473532e-16,-1.0,38.2,10.7,19.133333333333336,Normal
Chennai,2015,7,13.08,80.27,7,29.6,75.2,139.5,-0.4999999999999997,-0.8660254037844388,57.8,38.2,35.56666666666667,Normal
Chennai,2015,8,13.08,80.27,7,28.0,85.6,140.6,-0.8660254037844385,-0.5000000000000004,139.5,57.8,78.5,Normal
Chennai,2015,9,13.08,80.27,7,26.2,82.5,163.5,-1.0,-1.8369701987210297e-16,140.6,139.5,112.63333333333333,Excess
Chennai,2015,10,13.08,80.27,7,30.8,59.0,403.6,-0.8660254037844386,0.5000000000000001,163.5,140.6,147.86666666666667,Excess
Chennai,2015,11,13.08,80.27,7,25.3,66.1,518.5,-0.5000000000000004,0.8660254037844384,403.6,163.5,235.9,Excess
Chennai,2015,12,13.08,80.27,7,21.6,66.0,243.7,-2.4492935982947064e-16,1.0,518.5,403.6,361.8666666666666,Excess
Chennai,2016,1,13.08,80.27,7,23.1,55.0,14.0,0.49999999999999994,0.8660254037844387,243.7,518.5,388.59999999999997,Deficit
Chennai,2016,2,13.08,80.27,7,25.8,55.1,8.5,0.8660254037844386,0.5000000000000001,14.0,243.7,258.73333333333335,Deficit
Chennai,2016,3,13.08,80.27,7,29.3,53.9,11.0,1.0,6.123233995736766e-17,8.5,14.0,88.73333333333333,Deficit
Chennai,2016,4,13.08,80.27,7,20.9,56.0,17.7,0.8660254037844387,-0.4999999999999998,11.0,8.5,11.166666666666666,Deficit
Chennai,2016,5,13.08,80.27,7,24.1,43.5,60.3,0.49999999999999994,-0.8660254037844387,17.7,11.0,12.4,Normal
Chennai,2016,6,13.08,80.27,7,25.3,77.3,53.6,1.2246467991473532e-16,-1.0,60.3,17.7,29.666666666666668,Normal
Chennai,2016,7,13.08,80.27,7,24.5,82.1,99.1,-0.4999999999999997,-0.8660254037844388,53.6,60.3,43.86666666666667,Normal
Chennai,2016,8,13.08,80.27,7,25.7,91.1,158.7,-0.8660254037844385,-0.5000000000000004,99.1,53.6,71.0,Excess
Chennai,2016,9,13.08,80.27,7,30.6,78.1,149.1,-1.0,-1.8369701987210297e-16,158.7,99.1,103.8,Normal
Chennai,2016,10,13.08,80.27,7,20.6,60.9,402.6,-0.8660254037844386,0.5000000000000001,149.1,158.7,135.63333333333333,Excess
Chennai,2016,11,13.08,80.27,7,27.2,40.2,437.9,-0.5000000000000004,0.8660254037844384,402.6,149.1,236.79999999999998,Excess
Chennai,2016,12,13.08,80.27,7,27.4,42.5,178.2,-2.4492935982947064e-16,1.0,437.9,402.6,329.8666666666667,Excess
Chennai,2017,1,13.08,80.27,7,28.4,39.7,11.1,0.49999999999999994,0.8660254037844387,178.2,437.9,339.56666666666666,Deficit
Chennai,2017,2,13.08,80.27,7,27.5,45.0,8.5,0.8660254037844386,0.5000000000000001,11.1,178.2,209.06666666666663,Deficit
Chennai,2017,3,13.08,80.27,7,26.0,46.6,8.5,1.0,6.123233995736766e-17,8.5,11.1,65.93333333333332,Deficit
Chennai,2017,4,13.08,80.27,7,17.1,55.5,12.0,0.8660254037844387,-0.4999999999999998,8.5,8.5,9.366666666666667,Deficit
Chennai,2017,5,13.08,80.27,7,25.4,49.4,31.7,0.49999999999999994,-0.8660254037844387,12.0,8.5,9.666666666666666,Deficit
Chennai,2017,6,13.08,80.27,7,27.2,80.0,66.1,1.2246467991473532e-16,-1.0,31.7,12.0,17.400000000000002,Normal
Chennai,2017,7,13.08,80.27,7,28.8,83.9,116.6,-0.4999999999999997,-0.8660254037844388,66.1,31.7,36.6,Normal
Chennai,2017,8,13.08,80.27,7,24.2,86.5,143.6,-0.8660254037844385,-0.5000000000000004,116.6,66.1,71.46666666666665,Normal
Chennai,2017,9,13.08,80.27,7,25.5,80.5,147.0,-1.0,-1.8369701987210297e-16,143.6,116.6,108.76666666666665,Normal
Chennai,2017,10,13.08,80.27,7,24.5,55.3,336.1,-0.8660254037844386,0.5000000000000001,147.0,143.6,135.73333333333332,Excess
Chennai,2017,11,13.08,80.27,7,29.3,38.9,518.2,-0.5000000000000004,0.8660254037844384,336.1,147.0,208.9,Excess
Chennai,2017,12,13.08,80.27,7,30.3,55.9,229.1,-2.4492935982947064e-16,1.0,518.2,336.1,333.7666666666667,Excess
Chennai,2018,1,13.08,80.27,7,29.1,54.5,21.7,0.49999999999999994,0.8660254037844387,229.1,518.2,361.1333333333334,Deficit
Chennai,2018,2,13.08,80.27,7,25.6,52.2,10.1,0.8660254037844386,0.5000000000000001,21.7,229.1,256.33333333333337,Deficit
Chennai,2018,3,13.08,80.27,7,31.3,43.8,7.3,1.0,6.123233995736766e-17,10.1,21.7,86.96666666666665,Deficit
Chennai,2018,4,13.08,80.27,7,27.0,38.0,20.3,0.8660254037844387,-0.4999999999999998,7.3,10.1,13.033333333333331,Deficit
Chennai,2018,5,13.08,80.27,7,16.6,58.3,51.0,0.49999999999999994,-0.8660254037844387,20.3,7.3,12.566666666666668,Normal
Chennai,2018,6,13.08,80.27,7,26.5,82.7,73.9,1.2246467991473532e-16,-1.0,51.0,20.3,26.2,Normal
Chennai,2018,7,13.08,80.27,7,26.7,75.6,150.7,-0.4999999999999997,-0.8660254037844388,73.9,51.0,48.4,Excess
Chennai,2018,8,13.08,80.27,7,32.9,82.0,181.6,-0.8660254037844385,-0.5000000000000004,150.7,73.9,91.86666666666667,Excess
Chennai,2018,9,13.08,80.27,7,31.4,77.5,169.5,-1.0,-1.8369701987210297e-16,181.6,150.7,135.4,Excess
Chennai,2018,10,13.08,80.27,7,29.9,68.9,334.4,-0.8660254037844386,0.5000000000000001,169.5,181.6,167.26666666666665,Excess
Chennai,2018,11,13.08,80.27,7,21.5,71.9,491.3,-0.5000000000000004,0.8660254037844384,334.4,169.5,228.5,Excess
Chennai,2018,12,13.08,80.27,7,23.7,55.4,201.7,-2.4492935982947064e-16,1.0,491.3,334.4,331.73333333333335,Excess
Chennai,2019,1,13.08,80.27,7,26.7,56.6,19.4,0.49999999999999994,0.8660254037844387,201.7,491.3,342.4666666666667,Deficit
Chennai,2019,2,13.08,80.27,7,27.2,30.0,8.5,0.8660254037844386,0.5000000000000001,19.4,201.7,237.46666666666667,Deficit
Chennai,2019,3,13.08,80.27,7,26.0,40.5,7.8,1.0,6.123233995736766e-17,8.5,19.4,76.53333333333333,Deficit
Chennai,2019,4,13.08,80.27,7,24.2,69.6,18.0,0.8660254037844387,-0.4999999999999998,7.8,8.5,11.899999999999999,Deficit
Chennai,2019,5,13.08,80.27,7,23.1,50.5,64.8,0.49999999999999994,-0.8660254037844387,18.0,7.8,11.433333333333332,Normal
Chennai,2019,6,13.08,80.27,7,26.9,83.2,66.4,1.2246467991473532e-16,-1.0,64.8,18.0,30.2,Normal
Chennai,2019,7,13.08,80.27,7,25.2,85.7,101.7,-0.4999999999999997,-0.8660254037844388,66.4,64.8,49.73333333333333,Normal
Chennai,2019,8,13.08,80.27,7,26.0,87.4,168.6,-0.8660254037844385,-0.5000000000000004,101.7,66.4,77.63333333333333,Excess
Chennai,2019,9,13.08,80.27,7,28.6,86.9,134.2,-1.0,-1.8369701987210297e-16,168.6,101.7,112.23333333333335,Normal
Chennai,2019,10,13.08,80.27,7,26.8,46.8,384.7,-0.8660254037844386,0.5000000000000001,134.2,168.6,134.83333333333334,Excess
Chennai,2019,11,13.08,80.27,7,24.2,44.5,454.5,-0.5000000000000004,0.8660254037844384,384.7,134.2,229.16666666666666,Excess
Chennai,2019,12,13.08,80.27,7,18.8,47.1,228.1,-2.4492935982947064e-16,1.0,454.5,384.7,324.46666666666664,Excess
Chennai,2020,1,13.08,80.27,7,24.0,51.4,12.7,0.49999999999999994,0.8660254037844387,228.1,454.5,355.76666666666665,Deficit
Chennai,2020,2,13.08,80.27,7,28.5,45.5,7.6,0.8660254037844386,0.5000000000000001,12.7,228.1,231.76666666666668,Deficit
Chennai,2020,3,13.08,80.27,7,20.8,47.1,4.2,1.0,6.123233995736766e-17,7.6,12.7,82.8,Deficit
Chennai,2020,4,13.08,80.27,7,21.9,39.0,12.4,0.8660254037844387,-0.4999999999999998,4.2,7.6,8.166666666666666,Deficit
Chennai,2020,5,13.08,80.27,7,25.7,58.0,36.5,0.49999999999999994,-0.8660254037844387,12.4,4.2,8.066666666666668,Deficit
Chennai,2020,6,13.08,80.27,7,27.0,76.4,47.7,1.2246467991473532e-16,-1.0,36.5,12.4,17.7,Normal
Chennai,2020,7,13.08,80.27,7,25.9,85.4,92.4,-0.4999999999999997,-0.8660254037844388,47.7,36.5,32.199999999999996,Normal
Chennai,2020,8,13.08,80.27,7,27.1,83.8,81.0,-0.8660254037844385,-0.5000000000000004,92.4,47.7,58.866666666666674,Normal
Chennai,2020,9,13.08,80.27,7,34.7,84.1,123.4,-1.0,-1.8369701987210297e-16,81.0,92.4,73.7,Normal
Chennai,2020,10,13.08,80.27,7,24.6,34.2,250.0,-0.8660254037844386,0.5000000000000001,123.4,81.0,98.93333333333334,Excess
Chennai,2020,11,13.08,80.27,7,21.7,61.2,366.1,-0.5000000000000004,0.8660254037844384,250.0,123.4,151.46666666666667,Excess
Chennai,2020,12,13.08,80.27,7,24.5,45.6,167.4,-2.4492935982947064e-16,1.0,366.1,250.0,246.5,Excess
Chennai,2021,1,13.08,80.27,7,32.3,60.1,16.2,0.49999999999999994,0.8660254037844387,167.4,366.1,261.1666666666667,Deficit
Chennai,2021,2,13.08,80.27,7,26.5,55.9,9.6,0.8660254037844386,0.5000000000000001,16.2,167.4,183.23333333333335,Deficit
Chennai,2021,3,13.08,80.27,7,23.9,60.5,4.7,1.0,6.123233995736766e-17,9.6,16.2,64.39999999999999,Deficit
Chennai,2021,4,13.08,80.27,7,19.4,51.5,17.0,0.8660254037844387,-0.4999999999999998,4.7,9.6,10.166666666666666,Deficit
Chennai,2021,5,13.08,80.27,7,30.0,51.4,67.4,0.49999999999999994,-0.8660254037844387,17.0,4.7,10.433333333333334,Normal
Chennai,2021,6,13.08,80.27,7,27.1,71.8,80.5,1.2246467991473532e-16,-1.0,67.4,17.0,29.700000000000003,Normal
Chennai,2021,7,13.08,80.27,7,31.9,80.4,100.3,-0.4999999999999997,-0.8660254037844388,80.5,67.4,54.96666666666667,Normal
Chennai,2021,8,13.08,80.27,7,27.3,93.4,147.9,-0.8660254037844385,-0.5000000000000004,100.3,80.5,82.73333333333333,Normal
Chennai,2021,9,13.08,80.27,7,33.5,81.0,199.9,-1.0,-1.8369701987210297e-16,147.9,100.3,109.56666666666668,Excess
Chennai,2021,10,13.08,80.27,7,18.9,66.8,416.3,-0.8660254037844386,0.5000000000000001,199.9,147.9,149.36666666666667,Excess
Chennai,2021,11,13.08,80.27,7,25.9,41.0,380.0,-0.5000000000000004,0.8660254037844384,416.3,199.9,254.70000000000002,Excess
Chennai,2021,12,13.08,80.27,7,21.7,45.9,215.1,-2.4492935982947064e-16,1.0,380.0,416.3,332.06666666666666,Excess
Chennai,2022,1,13.08,80.27,7,28.3,41.0,11.5,0.49999999999999994,0.8660254037844387,215.1,380.0,337.1333333333333,Deficit
Chennai,2022,2,13.08,80.27,7,29.9,46.9,6.8,0.8660254037844386,0.5000000000000001,11.5,215.1,202.20000000000002,Deficit
Chennai,2022,3,13.08,80.27,7,24.1,63.8,5.0,1.0,6.123233995736766e-17,6.8,11.5,77.8,Deficit
Chennai,2022,4,13.08,80.27,7,22.9,56.8,13.2,0.8660254037844387,-0.4999999999999998,5.0,6.8,7.766666666666667,Deficit
Chennai,2022,5,13.08,80.27,7,27.7,56.1,30.7,0.49999999999999994,-0.8660254037844387,13.2,5.0,8.333333333333334,Deficit
Chennai,2022,6,13.08,80.27,7,25.9,76.7,48.3,1.2246467991473532e-16,-1.0,30.7,13.2,16.3,Normal
Chennai,2022,7,13.08,80.27,7,31.1,78.2,98.0,-0.4999999999999997,-0.8660254037844388,48.3,30.7,30.73333333333333,Normal
Chennai,2022,8,13.08,80.27,7,22.8,78.5,124.5,-0.8660254037844385,-0.5000000000000004,98.0,48.3,59.0,Normal
Chennai,2022,9,13.08,80.27,7,25.7,76.4,114.3,-1.0,-1.8369701987210297e-16,124.5,98.0,90.26666666666667,Normal
Chennai,2022,10,13.08,80.27,7,26.2,50.1,258.5,-0.8660254037844386,0.5000000000000001,114.3,124.5,112.26666666666667,Excess
Chennai,2022,11,13.08,80.27,7,16.5,45.9,213.6,-0.5000000000000004,0.8660254037844384,258.5,114.3,165.76666666666668,Excess
Chennai,2022,12,13.08,80.27,7,14.0,47.0,193.6,-2.4492935982947064e-16,1.0,213.6,258.5,195.46666666666667,Excess
Chennai,2023,1,13.08,80.27,7,23.5,55.8,16.0,0.49999999999999994,0.8660254037844387,193.6,213.6,221.9,Deficit
Chennai,2023,2,13.08,80.27,7,16.5,59.7,6.7,0.8660254037844386,0.5000000000000001,16.0,193.6,141.06666666666666,Deficit
Chennai,2023,3,13.08,80.27,7,27.0,80.0,6.8,1.0,6.123233995736766e-17,6.7,16.0,72.1,Deficit
Chennai,2023,4,13.08,80.27,7,31.9,49.1,8.0,0.8660254037844387,-0.4999999999999998,6.8,6.7,9.833333333333334,Deficit
Chennai,2023,5,13.08,80.27,7,24.8,47.8,40.4,0.49999999999999994,-0.8660254037844387,8.0,6.8,7.166666666666667,Normal
Chennai,2023,6,13.08,80.27,7,28.8,72.9,46.0,1.2246467991473532e-16,-1.0,40.4,8.0,18.400000000000002,Normal
Chennai,2023,7,13.08,80.27,7,27.0,75.2,101.7,-0.4999999999999997,-0.8660254037844388,46.0,40.4,31.46666666666667,Normal
Chennai,2023,8,13.08,80.27,7,31.1,78.8,105.9,-0.8660254037844385,-0.5000000000000004,101.7,46.0,62.70000000000001,Normal
Chennai,2023,9,13.08,80.27,7,26.2,86.5,122.7,-1.0,-1.8369701987210297e-16,105.9,101.7,84.53333333333333,Normal
Chennai,2023,10,13.08,80.27,7,32.4,50.2,330.8,-0.8660254037844386,0.5000000000000001,122.7,105.9,110.10000000000001,Excess
Chennai,2023,11,13.08,80.27,7,25.4,65.0,401.6,-0.5000000000000004,0.8660254037844384,330.8,122.7,186.4666666666667,Excess
Chennai,2023,12,13.08,80.27,7,28.0,50.1,156.0,-2.4492935982947064e-16,1.0,401.6,330.8,285.03333333333336,Excess
Chennai,2024,1,13.08,80.27,7,26.0,50.8,13.9,0.49999999999999994,0.8660254037844387,156.0,401.6,296.1333333333334,Deficit
Chennai,2024,2,13.08,80.27,7,31.3,61.9,7.3,0.8660254037844386,0.5000000000000001,13.9,156.0,190.5,Deficit
Chennai,2024,3,13.08,80.27,7,23.2,43.1,8.6,1.0,6.123233995736766e-17,7.3,13.9,59.06666666666667,Deficit
Chennai,2024,4,13.08,80.27,7,28.5,66.7,16.1,0.8660254037844387,-0.4999999999999998,8.6,7.3,9.933333333333332,Deficit
Chennai,2024,5,13.08,80.27,7,24.1,35.6,36.6,0.49999999999999994,-0.8660254037844387,16.1,8.6,10.666666666666666,Deficit
Chennai,2024,6,13.08,80.27,7,30.5,79.2,50.9,1.2246467991473532e-16,-1.0,36.6,16.1,20.433333333333334,Normal
Chennai,2024,7,13.08,80.27,7,27.5,83.9,106.9,-0.4999999999999997,-0.8660254037844388,50.9,36.6,34.53333333333333,Normal
Chennai,2024,8,13.08,80.27,7,28.2,64.1,97.8,-0.8660254037844385,-0.5000000000000004,106.9,50.9,64.8,Normal
Chennai,2024,9,13.08,80.27,7,23.9,89.2,119.1,-1.0,-1.8369701987210297e-16,97.8,106.9,85.2,Normal
Chennai,2024,10,13.08,80.27,7,26.9,67.2,359.1,-0.8660254037844386,0.5000000000000001,119.1,97.8,107.93333333333332,Excess
Chennai,2024,11,13.08,80.27,7,32.0,61.3,318.0,-0.5000000000000004,0.8660254037844384,359.1,119.1,192.0,Excess
Chennai,2024,12,13.08,80.27,7,29.5,40.9,183.6,-2.4492935982947064e-16,1.0,318.0,359.1,265.40000000000003,Excess
Delhi,2005,1,28.61,77.2,216,31.9,48.0,8.0,0.49999999999999994,0.8660254037844387,0.0,0.0,0.0,Deficit
Delhi,2005,2,28.61,77.2,216,28.7,37.8,9.2,0.8660254037844386,0.5000000000000001,8.0,0.0,8.0,Deficit
Delhi,2005,3,28.61,77.2,216,18.9,64.6,12.0,1.0,6.123233995736766e-17,9.2,8.0,8.6,Deficit
Delhi,2005,4,28.61,77.2,216,35.2,46.4,23.7,0.8660254037844387,-0.4999999999999998,12.0,9.2,9.733333333333333,Deficit
Delhi,2005,5,28.61,77.2,216,31.2,72.1,63.5,0.49999999999999994,-0.8660254037844387,23.7,12.0,14.966666666666667,Normal
Delhi,2005,6,28.61,77.2,216,31.0,88.1,192.5,1.2246467991473532e-16,-1.0,63.5,23.7,33.06666666666667,Excess
Delhi,2005,7,28.61,77.2,216,29.9,78.7,262.2,-0.4999999999999997,-0.8660254037844388,192.5,63.5,93.23333333333333,Excess
Delhi,2005,8,28.61,77.2,216,28.0,81.0,179.6,-0.8660254037844385,-0.5000000000000004,262.2,192.5,172.73333333333335,Excess
Delhi,2005,9,28.61,77.2,216,29.7,87.7,112.8,-1.0,-1.8369701987210297e-16,179.6,262.2,211.4333333333333,Normal
Delhi,2005,10,28.61,77.2,216,30.9,40.6,26.7,-0.8660254037844386,0.5000000000000001,112.8,179.6,184.86666666666665,Deficit
Delhi,2005,11,28.61,77.2,216,22.1,33.3,12.7,-0.5000000000000004,0.8660254037844384,26.7,112.8,106.36666666666666,Deficit
Delhi,2005,12,28.61,77.2,216,24.5,67.1,4.2,-2.4492935982947064e-16,1.0,12.7,26.7,50.73333333333333,Deficit
Delhi,2006,1,28.61,77.2,216,32.4,64.2,6.6,0.49999999999999994,0.8660254037844387,4.2,12.7,14.533333333333333,Deficit
Delhi,2006,2,28.61,77.2,216,24.1,42.4,9.8,0.8660254037844386,0.5000000000000001,6.6,4.2,7.833333333333333,Deficit
Delhi,2006,3,28.61,77.2,216,29.4,70.8,16.2,1.0,6.123233995736766e-17,9.8,6.6,6.866666666666667,Deficit
Delhi,2006,4,28.61,77.2,216,23.0,40.8,33.2,0.8660254037844387,-0.4999999999999998,16.2,9.8,10.866666666666665,Deficit
Delhi,2006,5,28.61,77.2,216,17.9,55.2,62.3,0.49999999999999994,-0.8660254037844387,33.2,16.2,19.733333333333334,Normal
Delhi,2006,6,28.61,77.2,216,26.8,72.4,135.1,1.2246467991473532e-16,-1.0,62.3,33.2,37.233333333333334,Normal
Delhi,2006,7,28.61,77.2,216,26.7,75.0,255.8,-0.4999999999999997,-0.8660254037844388,135.1,62.3,76.86666666666666,Excess
Delhi,2006,8,28.61,77.2,216,27.9,92.6,100.5,-0.8660254037844385,-0.5000000000000004,255.8,135.1,151.06666666666666,Normal
Delhi,2006,9,28.61,77.2,216,26.9,78.4,157.7,-1.0,-1.8369701987210297e-16,100.5,255.8,163.79999999999998,Excess
Delhi,2006,10,28.61,77.2,216,21.0,55.0,28.2,-0.8660254037844386,0.5000000000000001,157.7,100.5,171.33333333333334,Deficit
Delhi,2006,11,28.61,77.2,216,29.9,51.0,14.8,-0.5000000000000004,0.8660254037844384,28.2,157.7,95.46666666666665,Deficit
Delhi,2006,12,28.61,77.2,216,21.5,43.7,3.9,-2.4492935982947064e-16,1.0,14.8,28.2,66.89999999999999,Deficit
Delhi,2007,1,28.61,77.2,216,28.7,44.0,8.5,0.49999999999999994,0.8660254037844387,3.9,14.8,15.633333333333333,Deficit
Delhi,2007,2,28.61,77.2,216,23.9,51.8,10.7,0.8660254037844386,0.5000000000000001,8.5,3.9,9.066666666666666,Deficit
Delhi,2007,3,28.61,77.2,216,15.3,60.8,13.4,1.0,6.123233995736766e-17,10.7,8.5,7.7,Deficit
Delhi,2007,4,28.61,77.2,216,23.9,52.7,26.2,0.8660254037844387,-0.4999999999999998,13.4,10.7,10.866666666666667,Deficit
Delhi,2007,5,28.61,77.2,216,18.7,46.7,59.0,0.49999999999999994,-0.8660254037844387,26.2,13.4,16.766666666666666,Normal
Delhi,2007,6,28.61,77.2,216,24.9,83.8,141.1,1.2246467991473532e-16,-1.0,59.0,26.2,32.86666666666667,Normal
Delhi,2007,7,28.61,77.2,216,29.2,81.8,157.5,-0.4999999999999997,-0.8660254037844388,141.1,59.0,75.43333333333334,Excess
Delhi,2007,8,28.61,77.2,216,30.9,77.6,131.4,-0.8660254037844385,-0.5000000000000004,157.5,141.1,119.2,Normal
Delhi,2007,9,28.61,77.2,216,28.5,88.9,92.3,-1.0,-1.8369701987210297e-16,131.4,157.5,143.33333333333334,Normal
Delhi,2007,10,28.61,77.2,216,25.2,56.3,18.9,-0.8660254037844386,0.5000000000000001,92.3,131.4,127.06666666666666,Deficit
Delhi,2007,11,28.61,77.2,216,25.7,48.3,13.0,-0.5000000000000004,0.8660254037844384,18.9,92.3,80.86666666666666,Deficit
Delhi,2007,12,28.61,77.2,216,25.3,41.3,2.2,-2.4492935982947064e-16,1.0,13.0,18.9,41.4,Deficit
Delhi,2008,1,28.61,77.2,216,28.6,30.0,5.6,0.49999999999999994,0.8660254037844387,2.2,13.0,11.366666666666667,Deficit
Delhi,2008,2,28.61,77.2,216,27.5,72.6,2.7,0.8660254037844386,0.5000000000000001,5.6,2.2,6.933333333333333,Deficit
Delhi,2008,3,28.61,77.2,216,22.1,50.2,9.5,1.0,6.123233995736766e-17,2.7,5.6,3.5,Deficit
Delhi,2008,4,28.61,77.2,216,22.4,44.0,17.6,0.8660254037844387,-0.4999999999999998,9.5,2.7,5.933333333333334,Deficit
Delhi,2008,5,28.61,77.2,216,21.2,53.2,30.1,0.49999999999999994,-0.8660254037844387,17.6,9.5,9.933333333333334,Deficit
Delhi,2008,6,28.61,77.2,216,28.8,80.5,97.4,1.2246467991473532e-16,-1.0,30.1,17.6,19.066666666666666,Normal
Delhi,2008,7,28.61,77.2,216,24.1,87.3,120.5,-0.4999999999999997,-0.8660254037844388,97.4,30.1,48.366666666666674,Normal
Delhi,2008,8,28.61,77.2,216,27.5,98.0,111.5,-0.8660254037844385,-0.5000000000000004,120.5,97.4,82.66666666666667,Normal
Delhi,2008,9,28.61,77.2,216,26.1,79.4,69.5,-1.0,-1.8369701987210297e-16,111.5,120.5,109.8,Normal
Delhi,2008,10,28.61,77.2,216,25.5,37.6,17.1,-0.8660254037844386,0.5000000000000001,69.5,111.5,100.5,Deficit
Delhi,2008,11,28.61,77.2,216,22.3,70.7,8.9,-0.5000000000000004,0.8660254037844384,17.1,69.5,66.03333333333333,Deficit
Delhi,2008,12,28.61,77.2,216,23.2,64.8,4.5,-2.4492935982947064e-16,1.0,8.9,17.1,31.833333333333332,Deficit
Delhi,2009,1,28.61,77.2,216,26.9,43.5,9.8,0.49999999999999994,0.8660254037844387,4.5,8.9,10.166666666666666,Deficit
Delhi,2009,2,28.61,77.2,216,29.1,48.7,6.8,0.8660254037844386,0.5000000000000001,9.8,4.5,7.733333333333334,Deficit
Delhi,2009,3,28.61,77.2,216,21.2,56.2,14.9,1.0,6.123233995736766e-17,6.8,9.8,7.033333333333334,Deficit
Delhi,2009,4,28.61,77.2,216,20.7,52.2,33.1,0.8660254037844387,-0.4999999999999998,14.9,6.8,10.5,Deficit
Delhi,2009,5,28.61,77.2,216,24.7,56.5,70.6,0.49999999999999994,-0.8660254037844387,33.1,14.9,18.266666666666666,Normal
Delhi,2009,6,28.61,77.2,216,29.1,80.9,104.1,1.2246467991473532e-16,-1.0,70.6,33.1,39.53333333333333,Normal
Delhi,2009,7,28.61,77.2,216,31.0,97.5,255.8,-0.4999999999999997,-0.8660254037844388,104.1,70.6,69.26666666666667,Excess
Delhi,2009,8,28.61,77.2,216,28.8,83.2,213.2,-0.8660254037844385,-0.5000000000000004,255.8,104.1,143.5,Excess
Delhi,2009,9,28.61,77.2,216,28.8,80.2,105.5,-1.0,-1.8369701987210297e-16,213.2,255.8,191.0333333333333,Normal
Delhi,2009,10,28.61,77.2,216,30.3,41.9,24.9,-0.8660254037844386,0.5000000000000001,105.5,213.2,191.5,Deficit
Delhi,2009,11,28.61,77.2,216,30.3,50.8,14.5,-0.5000000000000004,0.8660254037844384,24.9,105.5,114.53333333333332,Deficit
Delhi,2009,12,28.61,77.2,216,22.6,65.0,0.0,-2.4492935982947064e-16,1.0,14.5,24.9,48.300000000000004,Deficit
Delhi,2010,1,28.61,77.2,216,23.0,60.4,5.9,0.49999999999999994,0.8660254037844387,0.0,14.5,13.133333333333333,Deficit
Delhi,2010,2,28.61,77.2,216,24.0,48.3,9.0,0.8660254037844386,0.5000000000000001,5.9,0.0,6.8,Deficit
Delhi,2010,3,28.61,77.2,216,21.3,68.2,14.8,1.0,6.123233995736766e-17,9.0,5.9,4.966666666666667,Deficit
Delhi,2010,4,28.61,77.2,216,29.9,67.2,22.5,0.8660254037844387,-0.4999999999999998,14.8,9.0,9.9,Deficit
Delhi,2010,5,28.61,77.2,216,23.3,56.0,65.6,0.49999999999999994,-0.8660254037844387,22.5,14.8,15.433333333333332,Normal
Delhi,2010,6,28.61,77.2,216,25.7,83.9,126.6,1.2246467991473532e-16,-1.0,65.6,22.5,34.3,Normal
Delhi,2010,7,28.61,77.2,216,31.0,79.2,169.0,-0.4999999999999997,-0.8660254037844388,126.6,65.6,71.56666666666666,Excess
Delhi,2010,8,28.61,77.2,216,28.7,80.4,197.6,-0.8660254037844385,-0.5000000000000004,169.0,126.6,120.39999999999999,Excess
Delhi,2010,9,28.61,77.2,216,26.8,87.2,123.0,-1.0,-1.8369701987210297e-16,197.6,169.0,164.4,Normal
Delhi,2010,10,28.61,77.2,216,25.5,71.4,18.1,-0.8660254037844386,0.5000000000000001,123.0,197.6,163.20000000000002,Deficit
Delhi,2010,11,28.61,77.2,216,22.3,57.1,9.8,-0.5000000000000004,0.8660254037844384,18.1,123.0,112.90000000000002,Deficit
Delhi,2010,12,28.61,77.2,216,26.4,56.9,4.3,-2.4492935982947064e-16,1.0,9.8,18.1,50.300000000000004,Deficit
Delhi,2011,1,28.61,77.2,216,26.6,49.6,10.9,0.49999999999999994,0.8660254037844387,4.3,9.8,10.733333333333334,Deficit
Delhi,2011,2,28.61,77.2,216,32.6,50.7,10.0,0.8660254037844386,0.5000000000000001,10.9,4.3,8.333333333333334,Deficit
Delhi,2011,3,28.61,77.2,216,29.4,50.8,14.3,1.0,6.123233995736766e-17,10.0,10.9,8.4,Deficit
Delhi,2011,4,28.61,77.2,216,28.4,46.6,15.9,0.8660254037844387,-0.4999999999999998,14.3,10.0,11.733333333333334,Deficit
Delhi,2011,5,28.61,77.2,216,26.3,53.9,59.8,0.49999999999999994,-0.8660254037844387,15.9,14.3,13.4,Normal
Delhi,2011,6,28.61,77.2,216,26.9,85.1,156.6,1.2246467991473532e-16,-1.0,59.8,15.9,30.0,Excess
Delhi,2011,7,28.61,77.2,216,29.8,85.7,223.4,-0.4999999999999997,-0.8660254037844388,156.6,59.8,77.43333333333334,Excess
Delhi,2011,8,28.61,77.2,216,30.7,78.8,173.2,-0.8660254037844385,-0.5000000000000004,223.4,156.6,146.6,Excess
Delhi,2011,9,28.61,77.2,216,28.9,93.0,139.2,-1.0,-1.8369701987210297e-16,173.2,223.4,184.4,Normal
Delhi,2011,10,28.61,77.2,216,23.6,51.8,25.0,-0.8660254037844386,0.5000000000000001,139.2,173.2,178.6,Deficit
Delhi,2011,11,28.61,77.2,216,28.2,35.8,12.3,-0.5000000000000004,0.8660254037844384,25.0,139.2,112.46666666666665,Deficit
Delhi,2011,12,28.61,77.2,216,20.7,61.5,2.2,-2.4492935982947064e-16,1.0,12.3,25.0,58.833333333333336,Deficit
Delhi,2012,1,28.61,77.2,216,24.3,52.7,9.7,0.49999999999999994,0.8660254037844387,2.2,12.3,13.166666666666666,Deficit
Delhi,2012,2,28.61,77.2,216,21.3,54.4,12.2,0.8660254037844386,0.5000000000000001,9.7,2.2,8.066666666666666,Deficit
Delhi,2012,3,28.61,77.2,216,27.0,53.9,23.2,1.0,6.123233995736766e-17,12.2,9.7,8.033333333333333,Deficit
Delhi,2012,4,28.61,77.2,216,14.2,58.8,35.0,0.8660254037844387,-0.4999999999999998,23.2,12.2,15.033333333333331,Deficit
Delhi,2012,5,28.61,77.2,216,17.7,57.1,61.0,0.49999999999999994,-0.8660254037844387,35.0,23.2,23.46666666666667,Normal
Delhi,2012,6,28.61,77.2,216,27.7,87.7,197.1,1.2246467991473532e-16,-1.0,61.0,35.0,39.733333333333334,Excess
Delhi,2012,7,28.61,77.2,216,31.3,91.8,344.1,-0.4999999999999997,-0.8660254037844388,197.1,61.0,97.7,Excess
Delhi,2012,8,28.61,77.2,216,28.2,72.4,268.8,-0.8660254037844385,-0.5000000000000004,344.1,197.1,200.73333333333335,Excess
Delhi,2012,9,28.61,77.2,216,25.9,95.0,132.2,-1.0,-1.8369701987210297e-16,268.8,344.1,270.0,Normal
Delhi,2012,10,28.61,77.2,216,25.5,57.5,28.7,-0.8660254037844386,0.5000000000000001,132.2,268.8,248.3666666666667,Deficit
Delhi,2012,11,28.61,77.2,216,31.8,45.8,14.9,-0.5000000000000004,0.8660254037844384,28.7,132.2,143.23333333333332,Deficit
Delhi,2012,12,28.61,77.2,216,22.0,38.8,5.3,-2.4492935982947064e-16,1.0,14.9,28.7,58.599999999999994,Deficit
Delhi,2013,1,28.61,77.2,216,23.3,45.1,7.2,0.49999999999999994,0.8660254037844387,5.3,14.9,16.3,Deficit
Delhi,2013,2,28.61,77.2,216,24.7,37.0,4.5,0.8660254037844386,0.5000000000000001,7.2,5.3,9.133333333333333,Deficit
Delhi,2013,3,28.61,77.2,216,25.3,37.4,16.6,1.0,6.123233995736766e-17,4.5,7.2,5.666666666666667,Deficit
Delhi,2013,4,28.61,77.2,216,22.0,55.2,20.6,0.8660254037844387,-0.4999999999999998,16.6,4.5,9.433333333333334,Deficit
Delhi,2013,5,28.61,77.2,216,17.5,53.2,63.3,0.49999999999999994,-0.8660254037844387,20.6,16.6,13.9,Normal
Delhi,2013,6,28.61,77.2,216,29.7,83.3,113.2,1.2246467991473532e-16,-1.0,63.3,20.6,33.5,Normal
Delhi,2013,7,28.61,77.2,216,27.2,77.2,170.1,-0.4999999999999997,-0.8660254037844388,113.2,63.3,65.7,Excess
Delhi,2013,8,28.61,77.2,216,28.1,93.4,208.8,-0.8660254037844385,-0.5000000000000004,170.1,113.2,115.53333333333335,Excess
Delhi,2013,9,28.61,77.2,216,26.2,72.9,100.9,-1.0,-1.8369701987210297e-16,208.8,170.1,164.03333333333333,Normal
Delhi,2013,10,28.61,77.2,216,18.7,54.7,14.8,-0.8660254037844386,0.5000000000000001,100.9,208.8,159.9333333333333,Deficit
Delhi,2013,11,28.61,77.2,216,18.7,61.0,11.9,-0.5000000000000004,0.8660254037844384,14.8,100.9,108.16666666666669,Deficit
Delhi,2013,12,28.61,77.2,216,25.6,68.1,2.7,-2.4492935982947064e-16,1.0,11.9,14.8,42.53333333333334,Deficit
Delhi,2014,1,28.61,77.2,216,21.4,30.5,8.4,0.49999999999999994,0.8660254037844387,2.7,11.9,9.8,Deficit
Delhi,2014,2,28.61,77.2,216,24.2,42.1,7.5,0.8660254037844386,0.5000000000000001,8.4,2.7,7.666666666666667,Deficit
Delhi,2014,3,28.61,77.2,216,25.3,49.8,17.5,1.0,6.123233995736766e-17,7.5,8.4,6.2,Deficit
Delhi,2014,4,28.61,77.2,216,25.7,56.4,23.8,0.8660254037844387,-0.4999999999999998,17.5,7.5,11.133333333333333,Deficit
Delhi,2014,5,28.61,77.2,216,30.6,51.0,50.5,0.49999999999999994,-0.8660254037844387,23.8,17.5,16.266666666666666,Normal
Delhi,2014,6,28.61,77.2,216,29.8,83.4,144.0,1.2246467991473532e-16,-1.0,50.5,23.8,30.599999999999998,Normal
Delhi,2014,7,28.61,77.2,216,28.7,78.3,283.8,-0.4999999999999997,-0.8660254037844388,144.0,50.5,72.76666666666667,Excess
Delhi,2014,8,28.61,77.2,216,25.1,82.7,229.3,-0.8660254037844385,-0.5000000000000004,283.8,144.0,159.43333333333334,Excess
Delhi,2014,9,28.61,77.2,216,27.5,81.2,124.8,-1.0,-1.8369701987210297e-16,229.3,283.8,219.03333333333333,Normal
Delhi,2014,10,28.61,77.2,216,22.8,52.9,17.8,-0.8660254037844386,0.5000000000000001,124.8,229.3,212.63333333333333,Deficit
Delhi,2014,11,28.61,77.2,216,20.9,64.7,13.8,-0.5000000000000004,0.8660254037844384,17.8,124.8,123.96666666666668,Deficit
Delhi,2014,12,28.61,77.2,216,28.9,56.3,2.8,-2.4492935982947064e-16,1.0,13.8,17.8,52.13333333333333,Deficit
Delhi,2015,1,28.61,77.2,216,20.2,61.2,10.8,0.49999999999999994,0.8660254037844387,2.8,13.8,11.466666666666667,Deficit
Delhi,2015,2,28.61,77.2,216,22.3,65.9,9.3,0.8660254037844386,0.5000000000000001,10.8,2.8,9.133333333333335,Deficit
Delhi,2015,3,28.61,77.2,216,26.2,54.6,13.8,1.0,6.123233995736766e-17,9.3,10.8,7.633333333333334,Deficit
Delhi,2015,4,28.61,77.2,216,28.2,59.9,21.2,0.8660254037844387,-0.4999999999999998,13.8,9.3,11.300000000000002,Deficit
Delhi,2015,5,28.61,77.2,216,30.2,35.4,34.8,0.49999999999999994,-0.8660254037844387,21.2,13.8,14.766666666666666,Deficit
Delhi,2015,6,28.61,77.2,216,30.8,75.5,137.5,1.2246467991473532e-16,-1.0,34.8,21.2,23.266666666666666,Normal
Delhi,2015,7,28.61,77.2,216,25.2,80.7,181.2,-0.4999999999999997,-0.8660254037844388,137.5,34.8,64.5,Excess
Delhi,2015,8,28.61,77.2,216,29.9,89.9,164.3,-0.8660254037844385,-0.5000000000000004,181.2,137.5,117.83333333333333,Excess
Delhi,2015,9,28.61,77.2,216,26.6,80.7,127.0,-1.0,-1.8369701987210297e-16,164.3,181.2,161.0,Normal
Delhi,2015,10,28.61,77.2,216,21.8,61.6,15.2,-0.8660254037844386,0.5000000000000001,127.0,164.3,157.5,Deficit
Delhi,2015,11,28.61,77.2,216,20.1,46.1,14.1,-0.5000000000000004,0.8660254037844384,15.2,127.0,102.16666666666667,Deficit
Delhi,2015,12,28.61,77.2,216,26.1,43.9,3.6,-2.4492935982947064e-16,1.0,14.1,15.2,52.099999999999994,Deficit
Delhi,2016,1,28.61,77.2,216,24.9,57.5,7.5,0.49999999999999994,0.8660254037844387,3.6,14.1,10.966666666666667,Deficit
Delhi,2016,2,28.61,77.2,216,23.3,50.9,8.5,0.8660254037844386,0.5000000000000001,7.5,3.6,8.4,Deficit
Delhi,2016,3,28.61,77.2,216,23.5,49.4,16.6,1.0,6.123233995736766e-17,8.5,7.5,6.533333333333334,Deficit
Delhi,2016,4,28.61,77.2,216,27.2,49.0,32.6,0.8660254037844387,-0.4999999999999998,16.6,8.5,10.866666666666667,Deficit
Delhi,2016,5,28.61,77.2,216,23.7,63.7,66.5,0.49999999999999994,-0.8660254037844387,32.6,16.6,19.233333333333334,Normal
Delhi,2016,6,28.61,77.2,216,27.7,84.7,144.1,1.2246467991473532e-16,-1.0,66.5,32.6,38.56666666666667,Normal
Delhi,2016,7,28.61,77.2,216,25.2,74.8,163.5,-0.4999999999999997,-0.8660254037844388,144.1,66.5,81.06666666666666,Excess
Delhi,2016,8,28.61,77.2,216,32.3,95.4,207.8,-0.8660254037844385,-0.5000000000000004,163.5,144.1,124.7,Excess
Delhi,2016,9,28.61,77.2,216,29.3,71.2,131.8,-1.0,-1.8369701987210297e-16,207.8,163.5,171.80000000000004,Normal
Delhi,2016,10,28.61,77.2,216,21.8,45.8,22.9,-0.8660254037844386,0.5000000000000001,131.8,207.8,167.70000000000002,Deficit
Delhi,2016,11,28.61,77.2,216,23.1,32.2,12.3,-0.5000000000000004,0.8660254037844384,22.9,131.8,120.83333333333333,Deficit
Delhi,2016,12,28.61,77.2,216,20.7,54.4,5.7,-2.4492935982947064e-16,1.0,12.3,22.9,55.66666666666668,Deficit
Delhi,2017,1,28.61,77.2,216,14.9,49.1,8.4,0.49999999999999994,0.8660254037844387,5.7,12.3,13.633333333333335,Deficit
Delhi,2017,2,28.61,77.2,216,32.8,39.7,12.5,0.8660254037844386,0.5000000000000001,8.4,5.7,8.799999999999999,Deficit
Delhi,2017,3,28.61,77.2,216,23.1,50.9,22.4,1.0,6.123233995736766e-17,12.5,8.4,8.866666666666667,Deficit
Delhi,2017,4,28.61,77.2,216,19.0,54.5,45.5,0.8660254037844387,-0.4999999999999998,22.4,12.5,14.433333333333332,Normal
Delhi,2017,5,28.61,77.2,216,29.3,53.0,78.1,0.49999999999999994,-0.8660254037844387,45.5,22.4,26.8,Normal
Delhi,2017,6,28.61,77.2,216,27.0,83.6,173.7,1.2246467991473532e-16,-1.0,78.1,45.5,48.666666666666664,Excess
Delhi,2017,7,28.61,77.2,216,29.6,79.8,260.5,-0.4999999999999997,-0.8660254037844388,173.7,78.1,99.09999999999998,Excess
Delhi,2017,8,28.61,77.2,216,27.9,88.8,263.6,-0.8660254037844385,-0.5000000000000004,260.5,173.7,170.76666666666665,Excess
Delhi,2017,9,28.61,77.2,216,23.6,89.6,142.6,-1.0,-1.8369701987210297e-16,263.6,260.5,232.6,Normal
Delhi,2017,10,28.61,77.2,216,22.4,46.0,25.8,-0.8660254037844386,0.5000000000000001,142.6,263.6,222.23333333333335,Deficit
Delhi,2017,11,28.61,77.2,216,16.5,80.0,19.2,-0.5000000000000004,0.8660254037844384,25.8,142.6,144.00000000000003,Deficit
Delhi,2017,12,28.61,77.2,216,25.9,51.5,7.3,-2.4492935982947064e-16,1.0,19.2,25.8,62.53333333333333,Deficit
Delhi,2018,1,28.61,77.2,216,27.6,57.6,9.3,0.49999999999999994,0.8660254037844387,7.3,19.2,17.433333333333334,Deficit
Delhi,2018,2,28.61,77.2,216,24.2,50.5,8.5,0.8660254037844386,0.5000000000000001,9.3,7.3,11.933333333333332,Deficit
Delhi,2018,3,28.61,77.2,216,29.5,57.9,16.0,1.0,6.123233995736766e-17,8.5,9.3,8.366666666666667,Deficit
Delhi,2018,4,28.61,77.2,216,27.6,53.9,11.7,0.8660254037844387,-0.4999999999999998,16.0,8.5,11.266666666666666,Deficit
Delhi,2018,5,28.61,77.2,216,23.4,63.2,57.8,0.49999999999999994,-0.8660254037844387,11.7,16.0,12.066666666666668,Normal
Delhi,2018,6,28.61,77.2,216,26.1,84.4,155.2,1.2246467991473532e-16,-1.0,57.8,11.7,28.5,Excess
Delhi,2018,7,28.61,77.2,216,24.6,78.2,184.7,-0.4999999999999997,-0.8660254037844388,155.2,57.8,74.89999999999999,Excess
Delhi,2018,8,28.61,77.2,216,30.4,85.1,229.8,-0.8660254037844385,-0.5000000000000004,184.7,155.2,132.56666666666666,Excess
Delhi,2018,9,28.61,77.2,216,29.3,78.2,131.2,-1.0,-1.8369701987210297e-16,229.8,184.7,189.9,Normal
Delhi,2018,10,28.61,77.2,216,28.2,59.5,26.8,-0.8660254037844386,0.5000000000000001,131.2,229.8,181.9,Deficit
Delhi,2018,11,28.61,77.2,216,27.8,55.5,15.1,-0.5000000000000004,0.8660254037844384,26.8,131.2,129.26666666666668,Deficit
Delhi,2018,12,28.61,77.2,216,24.9,43.2,6.3,-2.4492935982947064e-16,1.0,15.1,26.8,57.699999999999996,Deficit
Delhi,2019,1,28.61,77.2,216,22.3,50.6,6.3,0.49999999999999994,0.8660254037844387,6.3,15.1,16.066666666666666,Deficit
Delhi,2019,2,28.61,77.2,216,23.8,33.1,6.2,0.8660254037844386,0.5000000000000001,6.3,6.3,9.233333333333333,Deficit
Delhi,2019,3,28.61,77.2,216,25.0,43.8,16.2,1.0,6.123233995736766e-17,6.2,6.3,6.266666666666667,Deficit
Delhi,2019,4,28.61,77.2,216,28.8,35.9,26.1,0.8660254037844387,-0.4999999999999998,16.2,6.2,9.566666666666666,Deficit
Delhi,2019,5,28.61,77.2,216,21.9,42.6,47.0,0.49999999999999994,-0.8660254037844387,26.1,16.2,16.166666666666668,Normal
Delhi,2019,6,28.61,77.2,216,27.5,80.4,143.2,1.2246467991473532e-16,-1.0,47.0,26.1,29.766666666666666,Normal
Delhi,2019,7,28.61,77.2,216,29.6,74.6,134.4,-0.4999999999999997,-0.8660254037844388,143.2,47.0,72.1,Normal
Delhi,2019,8,28.61,77.2,216,28.7,90.2,188.9,-0.8660254037844385,-0.5000000000000004,134.4,143.2,108.2,Excess
Delhi,2019,9,28.61,77.2,216,20.5,83.1,83.3,-1.0,-1.8369701987210297e-16,188.9,134.4,155.5,Normal
Delhi,2019,10,28.61,77.2,216,30.0,54.1,30.9,-0.8660254037844386,0.5000000000000001,83.3,188.9,135.53333333333333,Deficit
Delhi,2019,11,28.61,77.2,216,28.2,42.3,10.6,-0.5000000000000004,0.8660254037844384,30.9,83.3,101.03333333333332,Deficit
Delhi,2019,12,28.61,77.2,216,27.0,62.6,4.8,-2.4492935982947064e-16,1.0,10.6,30.9,41.599999999999994,Deficit
Delhi,2020,1,28.61,77.2,216,23.0,51.7,11.8,0.49999999999999994,0.8660254037844387,4.8,10.6,15.433333333333332,Deficit
Delhi,2020,2,28.61,77.2,216,22.2,47.9,7.5,0.8660254037844386,0.5000000000000001,11.8,4.8,9.066666666666666,Deficit
Delhi,2020,3,28.61,77.2,216,25.6,43.8,20.0,1.0,6.123233995736766e-17,7.5,11.8,8.033333333333333,Deficit
Delhi,2020,4,28.61,77.2,216,25.0,51.9,39.8,0.8660254037844387,-0.4999999999999998,20.0,7.5,13.1,Deficit
Delhi,2020,5,28.61,77.2,216,25.6,60.3,72.8,0.49999999999999994,-0.8660254037844387,39.8,20.0,22.433333333333334,Normal
Delhi,2020,6,28.61,77.2,216,26.4,80.2,149.2,1.2246467991473532e-16,-1.0,72.8,39.8,44.199999999999996,Normal
Delhi,2020,7,28.61,77.2,216,26.0,79.1,226.1,-0.4999999999999997,-0.8660254037844388,149.2,72.8,87.26666666666665,Excess
Delhi,2020,8,28.61,77.2,216,28.7,83.2,306.9,-0.8660254037844385,-0.5000000000000004,226.1,149.2,149.36666666666667,Excess
Delhi,2020,9,28.61,77.2,216,27.7,84.3,178.4,-1.0,-1.8369701987210297e-16,306.9,226.1,227.39999999999998,Excess
Delhi,2020,10,28.61,77.2,216,26.1,46.2,32.5,-0.8660254037844386,0.5000000000000001,178.4,306.9,237.13333333333333,Deficit
Delhi,2020,11,28.61,77.2,216,24.5,66.2,9.3,-0.5000000000000004,0.8660254037844384,32.5,178.4,172.6,Deficit
Delhi,2020,12,28.61,77.2,216,28.9,64.4,7.4,-2.4492935982947064e-16,1.0,9.3,32.5,73.4,Deficit
Delhi,2021,1,28.61,77.2,216,22.5,48.8,8.5,0.49999999999999994,0.8660254037844387,7.4,9.3,16.4,Deficit
Delhi,2021,2,28.61,77.2,216,29.8,50.6,9.3,0.8660254037844386,0.5000000000000001,8.5,7.4,8.4,Deficit
Delhi,2021,3,28.61,77.2,216,25.0,58.0,14.8,1.0,6.123233995736766e-17,9.3,8.5,8.4,Deficit
Delhi,2021,4,28.61,77.2,216,15.8,46.5,17.9,0.8660254037844387,-0.4999999999999998,14.8,9.3,10.866666666666667,Deficit
Delhi,2021,5,28.61,77.2,216,23.0,50.5,44.1,0.49999999999999994,-0.8660254037844387,17.9,14.8,14.0,Normal
Delhi,2021,6,28.61,77.2,216,31.6,84.0,118.6,1.2246467991473532e-16,-1.0,44.1,17.9,25.600000000000005,Normal
Delhi,2021,7,28.61,77.2,216,29.6,75.2,229.6,-0.4999999999999997,-0.8660254037844388,118.6,44.1,60.199999999999996,Excess
Delhi,2021,8,28.61,77.2,216,27.8,86.0,229.9,-0.8660254037844385,-0.5000000000000004,229.6,118.6,130.76666666666665,Excess
Delhi,2021,9,28.61,77.2,216,24.1,86.9,91.2,-1.0,-1.8369701987210297e-16,229.9,229.6,192.70000000000002,Normal
Delhi,2021,10,28.61,77.2,216,21.4,43.3,25.8,-0.8660254037844386,0.5000000000000001,91.2,229.9,183.5666666666667,Deficit
Delhi,2021,11,28.61,77.2,216,20.2,68.4,14.6,-0.5000000000000004,0.8660254037844384,25.8,91.2,115.63333333333334,Deficit
Delhi,2021,12,28.61,77.2,216,27.6,48.7,2.2,-2.4492935982947064e-16,1.0,14.6,25.8,43.86666666666667,Deficit
Delhi,2022,1,28.61,77.2,216,24.3,52.4,7.6,0.49999999999999994,0.8660254037844387,2.2,14.6,14.200000000000001,Deficit
Delhi,2022,2,28.61,77.2,216,28.0,46.9,6.6,0.8660254037844386,0.5000000000000001,7.6,2.2,8.133333333333333,Deficit
Delhi,2022,3,28.61,77.2,216,21.0,30.0,16.6,1.0,6.123233995736766e-17,6.6,7.6,5.466666666666666,Deficit
Delhi,2022,4,28.61,77.2,216,34.7,59.8,25.0,0.8660254037844387,-0.4999999999999998,16.6,6.6,10.266666666666667,Deficit
Delhi,2022,5,28.61,77.2,216,23.9,52.2,60.3,0.49999999999999994,-0.8660254037844387,25.0,16.6,16.066666666666666,Normal
Delhi,2022,6,28.61,77.2,216,25.0,88.7,151.9,1.2246467991473532e-16,-1.0,60.3,25.0,33.96666666666667,Excess
Delhi,2022,7,28.61,77.2,216,29.8,84.6,263.4,-0.4999999999999997,-0.8660254037844388,151.9,60.3,79.06666666666666,Excess
Delhi,2022,8,28.61,77.2,216,29.7,85.6,208.2,-0.8660254037844385,-0.5000000000000004,263.4,151.9,158.53333333333333,Excess
Delhi,2022,9,28.61,77.2,216,26.6,82.6,113.3,-1.0,-1.8369701987210297e-16,208.2,263.4,207.83333333333334,Normal
Delhi,2022,10,28.61,77.2,216,20.0,37.3,33.2,-0.8660254037844386,0.5000000000000001,113.3,208.2,194.96666666666667,Deficit
Delhi,2022,11,28.61,77.2,216,25.2,53.7,13.3,-0.5000000000000004,0.8660254037844384,33.2,113.3,118.23333333333333,Deficit
Delhi,2022,12,28.61,77.2,216,24.1,66.9,4.8,-2.4492935982947064e-16,1.0,13.3,33.2,53.26666666666667,Deficit
Delhi,2023,1,28.61,77.2,216,24.6,35.6,4.5,0.49999999999999994,0.8660254037844387,4.8,13.3,17.099999999999998,Deficit
Delhi,2023,2,28.61,77.2,216,31.6,52.2,5.8,0.8660254037844386,0.5000000000000001,4.5,4.8,7.533333333333334,Deficit
Delhi,2023,3,28.61,77.2,216,20.0,45.8,12.9,1.0,6.123233995736766e-17,5.8,4.5,5.033333333333334,Deficit
Delhi,2023,4,28.61,77.2,216,23.7,64.8,17.3,0.8660254037844387,-0.4999999999999998,12.9,5.8,7.733333333333334,Deficit
Delhi,2023,5,28.61,77.2,216,20.6,54.5,47.6,0.49999999999999994,-0.8660254037844387,17.3,12.9,12.0,Normal
Delhi,2023,6,28.61,77.2,216,30.9,91.5,107.8,1.2246467991473532e-16,-1.0,47.6,17.3,25.933333333333337,Normal
Delhi,2023,7,28.61,77.2,216,26.0,74.5,136.5,-0.4999999999999997,-0.8660254037844388,107.8,47.6,57.56666666666666,Normal
Delhi,2023,8,28.61,77.2,216,29.2,87.9,142.2,-0.8660254037844385,-0.5000000000000004,136.5,107.8,97.3,Normal
Delhi,2023,9,28.61,77.2,216,27.2,82.9,85.4,-1.0,-1.8369701987210297e-16,142.2,136.5,128.83333333333334,Normal
Delhi,2023,10,28.61,77.2,216,33.4,35.9,15.8,-0.8660254037844386,0.5000000000000001,85.4,142.2,121.36666666666667,Deficit
Delhi,2023,11,28.61,77.2,216,33.1,52.1,9.6,-0.5000000000000004,0.8660254037844384,15.8,85.4,81.13333333333334,Deficit
Delhi,2023,12,28.61,77.2,216,23.6,50.2,2.7,-2.4492935982947064e-16,1.0,9.6,15.8,36.93333333333333,Deficit
Delhi,2024,1,28.61,77.2,216,31.1,37.8,5.1,0.49999999999999994,0.8660254037844387,2.7,9.6,9.366666666666665,Deficit
Delhi,2024,2,28.61,77.2,216,23.3,57.9,9.0,0.8660254037844386,0.5000000000000001,5.1,2.7,5.8,Deficit
Delhi,2024,3,28.61,77.2,216,26.8,72.2,13.5,1.0,6.123233995736766e-17,9.0,5.1,5.6000000000000005,Deficit
Delhi,2024,4,28.61,77.2,216,25.8,45.4,21.5,0.8660254037844387,-0.4999999999999998,13.5,9.0,9.200000000000001,Deficit
Delhi,2024,5,28.61,77.2,216,25.1,45.6,71.6,0.49999999999999994,-0.8660254037844387,21.5,13.5,14.666666666666666,Normal
Delhi,2024,6,28.61,77.2,216,32.5,80.9,165.4,1.2246467991473532e-16,-1.0,71.6,21.5,35.53333333333333,Excess
Delhi,2024,7,28.61,77.2,216,24.8,76.3,289.8,-0.4999999999999997,-0.8660254037844388,165.4,71.6,86.16666666666667,Excess
Delhi,2024,8,28.61,77.2,216,31.7,84.1,247.4,-0.8660254037844385,-0.5000000000000004,289.8,165.4,175.6,Excess
Delhi,2024,9,28.61,77.2,216,28.0,74.5,125.5,-1.0,-1.8369701987210297e-16,247.4,289.8,234.20000000000002,Normal
Delhi,2024,10,28.61,77.2,216,28.5,47.5,31.6,-0.8660254037844386,0.5000000000000001,125.5,247.4,220.9,Deficit
Delhi,2024,11,28.61,77.2,216,26.1,47.6,13.0,-0.5000000000000004,0.8660254037844384,31.6,125.5,134.83333333333334,Deficit
Delhi,2024,12,28.61,77.2,216,33.4,49.5,4.6,-2.4492935982947064e-16,1.0,13.0,31.6,56.699999999999996,Deficit
Guwahati,2005,1,26.14,91.73,55,28.9,48.1,11.9,0.49999999999999994,0.8660254037844387,0.0,0.0,0.0,Deficit
Guwahati,2005,2,26.14,91.73,55,26.7,55.4,16.7,0.8660254037844386,0.5000000000000001,11.9,0.0,11.9,Deficit
Guwahati,2005,3,26.14,91.73,55,24.7,49.4,24.8,1.0,6.123233995736766e-17,16.7,11.9,14.3,Deficit
Guwahati,2005,4,26.14,91.73,55,27.1,42.6,36.0,0.8660254037844387,-0.4999999999999998,24.8,16.7,17.8,Deficit
Guwahati,2005,5,26.14,91.73,55,20.5,72.5,71.7,0.49999999999999994,-0.8660254037844387,36.0,24.8,25.833333333333332,Normal
Guwahati,2005,6,26.14,91.73,55,28.8,75.7,222.7,1.2246467991473532e-16,-1.0,71.7,36.0,44.166666666666664,Excess
Guwahati,2005,7,26.14,91.73,55,27.7,83.3,381.5,-0.4999999999999997,-0.8660254037844388,222.7,71.7,110.13333333333333,Excess
Guwahati,2005,8,26.14,91.73,55,28.4,79.5,251.3,-0.8660254037844385,-0.5000000000000004,381.5,222.7,225.29999999999998,Excess
Guwahati,2005,9,26.14,91.73,55,29.8,72.8,153.4,-1.0,-1.8369701987210297e-16,251.3,381.5,285.1666666666667,Excess
Guwahati,2005,10,26.14,91.73,55,27.7,43.2,42.0,-0.8660254037844386,0.5000000000000001,153.4,251.3,262.06666666666666,Normal
Guwahati,2005,11,26.14,91.73,55,24.1,54.8,16.2,-0.5000000000000004,0.8660254037844384,42.0,153.4,148.9,Deficit
Guwahati,2005,12,26.14,91.73,55,26.7,69.6,6.0,-2.4492935982947064e-16,1.0,16.2,42.0,70.53333333333333,Deficit
Guwahati,2006,1,26.14,91.73,55,28.3,68.8,11.7,0.49999999999999994,0.8660254037844387,6.0,16.2,21.400000000000002,Deficit
Guwahati,2006,2,26.14,91.73,55,20.6,50.8,18.1,0.8660254037844386,0.5000000000000001,11.7,6.0,11.299999999999999,Deficit
Guwahati,2006,3,26.14,91.73,55,27.6,38.5,27.0,1.0,6.123233995736766e-17,18.1,11.7,11.933333333333332,Deficit
Guwahati,2006,4,26.14,91.73,55,21.0,53.3,48.0,0.8660254037844387,-0.4999999999999998,27.0,18.1,18.933333333333334,Normal
Guwahati,2006,5,26.14,91.73,55,25.7,52.2,110.5,0.49999999999999994,-0.8660254037844387,48.0,27.0,31.03333333333333,Normal
Guwahati,2006,6,26.14,91.73,55,29.6,81.7,222.5,1.2246467991473532e-16,-1.0,110.5,48.0,61.833333333333336,Excess
Guwahati,2006,7,26.14,91.73,55,33.6,84.9,375.2,-0.4999999999999997,-0.8660254037844388,222.5,110.5,127.0,Excess
Guwahati,2006,8,26.14,91.73,55,31.5,93.1,394.6,-0.8660254037844385,-0.5000000000000004,375.2,222.5,236.0666666666667,Excess
Guwahati,2006,9,26.14,91.73,55,28.9,76.1,230.5,-1.0,-1.8369701987210297e-16,394.6,375.2,330.7666666666667,Excess
Guwahati,2006,10,26.14,91.73,55,24.2,53.8,49.4,-0.8660254037844386,0.5000000000000001,230.5,394.6,333.43333333333334,Normal
Guwahati,2006,11,26.14,91.73,55,27.2,54.4,26.9,-0.5000000000000004,0.8660254037844384,49.4,230.5,224.83333333333334,Deficit
Guwahati,2006,12,26.14,91.73,55,21.2,46.5,6.0,-2.4492935982947064e-16,1.0,26.9,49.4,102.26666666666665,Deficit
Guwahati,2007,1,26.14,91.73,55,20.3,48.4,20.8,0.49999999999999994,0.8660254037844387,6.0,26.9,27.433333333333334,Deficit
Guwahati,2007,2,26.14,91.73,55,23.8,56.6,20.5,0.8660254037844386,0.5000000000000001,20.8,6.0,17.900000000000002,Deficit
Guwahati,2007,3,26.14,91.73,55,26.0,49.7,34.1,1.0,6.123233995736766e-17,20.5,20.8,15.766666666666666,Deficit
Guwahati,2007,4,26.14,91.73,55,18.8,48.4,58.7,0.8660254037844387,-0.4999999999999998,34.1,20.5,25.133333333333336,Normal
Guwahati,2007,5,26.14,91.73,55,27.1,66.9,128.9,0.49999999999999994,-0.8660254037844387,58.7,34.1,37.76666666666667,Normal
Guwahati,2007,6,26.14,91.73,55,31.7,78.0,260.0,1.2246467991473532e-16,-1.0,128.9,58.7,73.9,Excess
Guwahati,2007,7,26.14,91.73,55,30.0,76.5,584.9,-0.4999999999999997,-0.8660254037844388,260.0,128.9,149.20000000000002,Excess
Guwahati,2007,8,26.14,91.73,55,27.9,85.8,442.7,-0.8660254037844385,-0.5000000000000004,584.9,260.0,324.59999999999997,Excess
Guwahati,2007,9,26.14,91.73,55,27.2,90.2,234.9,-1.0,-1.8369701987210297e-16,442.7,584.9,429.2,Excess
Guwahati,2007,10,26.14,91.73,55,28.3,49.7,51.5,-0.8660254037844386,0.5000000000000001,234.9,442.7,420.8333333333333,Normal
Guwahati,2007,11,26.14,91.73,55,22.3,45.9,34.1,-0.5000000000000004,0.8660254037844384,51.5,234.9,243.03333333333333,Deficit
Guwahati,2007,12,26.14,91.73,55,23.2,68.0,11.8,-2.4492935982947064e-16,1.0,34.1,51.5,106.83333333333333,Deficit
Guwahati,2008,1,26.14,91.73,55,17.7,51.8,19.9,0.49999999999999994,0.8660254037844387,11.8,34.1,32.46666666666666,Deficit
Guwahati,2008,2,26.14,91.73,55,29.7,67.9,20.8,0.8660254037844386,0.5000000000000001,19.9,11.8,21.933333333333337,Deficit
Guwahati,2008,3,26.14,91.73,55,28.2,59.7,35.9,1.0,6.123233995736766e-17,20.8,19.9,17.5,Deficit
Guwahati,2008,4,26.14,91.73,55,27.0,32.6,73.3,0.8660254037844387,-0.4999999999999998,35.9,20.8,25.53333333333333,Normal
Guwahati,2008,5,26.14,91.73,55,20.4,50.0,139.3,0.49999999999999994,-0.8660254037844387,73.3,35.9,43.333333333333336,Normal
Guwahati,2008,6,26.14,91.73,55,28.8,88.9,385.3,1.2246467991473532e-16,-1.0,139.3,73.3,82.83333333333333,Excess
Guwahati,2008,7,26.14,91.73,55,24.8,66.9,586.8,-0.4999999999999997,-0.8660254037844388,385.3,139.3,199.30000000000004,Excess
Guwahati,2008,8,26.14,91.73,55,27.5,76.1,504.5,-0.8660254037844385,-0.5000000000000004,586.8,385.3,370.4666666666667,Excess
Guwahati,2008,9,26.14,91.73,55,26.2,80.8,198.9,-1.0,-1.8369701987210297e-16,504.5,586.8,492.2,Excess
Guwahati,2008,10,26.14,91.73,55,25.8,68.1,68.8,-0.8660254037844386,0.5000000000000001,198.9,504.5,430.06666666666666,Normal
Guwahati,2008,11,26.14,91.73,55,28.5,52.5,25.0,-0.5000000000000004,0.8660254037844384,68.8,198.9,257.4,Deficit
Guwahati,2008,12,26.14,91.73,55,23.3,62.7,11.6,-2.4492935982947064e-16,1.0,25.0,68.8,97.56666666666666,Deficit
Guwahati,2009,1,26.14,91.73,55,25.0,49.6,16.6,0.49999999999999994,0.8660254037844387,11.6,25.0,35.13333333333333,Deficit
Guwahati,2009,2,26.14,91.73,55,20.3,51.7,20.6,0.8660254037844386,0.5000000000000001,16.6,11.6,17.733333333333334,Deficit
Guwahati,2009,3,26.14,91.73,55,25.1,65.5,40.6,1.0,6.123233995736766e-17,20.6,16.6,16.26666666666667,Normal
Guwahati,2009,4,26.14,91.73,55,25.0,54.2,64.8,0.8660254037844387,-0.4999999999999998,40.6,20.6,25.933333333333337,Normal
Guwahati,2009,5,26.14,91.73,55,26.6,33.7,139.7,0.49999999999999994,-0.8660254037844387,64.8,40.6,42.0,Normal
Guwahati,2009,6,26.14,91.73,55,24.3,89.7,286.8,1.2246467991473532e-16,-1.0,139.7,64.8,81.7,Excess
Guwahati,2009,7,26.14,91.73,55,27.5,87.4,506.1,-0.4999999999999997,-0.8660254037844388,286.8,139.7,163.76666666666668,Excess
Guwahati,2009,8,26.14,91.73,55,25.2,81.6,489.4,-0.8660254037844385,-0.5000000000000004,506.1,286.8,310.8666666666667,Excess
Guwahati,2009,9,26.14,91.73,55,23.6,77.9,249.3,-1.0,-1.8369701987210297e-16,489.4,506.1,427.4333333333334,Excess
Guwahati,2009,10,26.14,91.73,55,24.5,37.2,55.0,-0.8660254037844386,0.5000000000000001,249.3,489.4,414.93333333333334,Normal
Guwahati,2009,11,26.14,91.73,55,24.6,52.4,34.3,-0.5000000000000004,0.8660254037844384,55.0,249.3,264.56666666666666,Deficit
Guwahati,2009,12,26.14,91.73,55,21.8,56.6,10.3,-2.4492935982947064e-16,1.0,34.3,55.0,112.86666666666667,Deficit
Guwahati,2010,1,26.14,91.73,55,27.3,66.9,14.5,0.49999999999999994,0.8660254037844387,10.3,34.3,33.199999999999996,Deficit
Guwahati,2010,2,26.14,91.73,55,28.7,46.8,19.5,0.8660254037844386,0.5000000000000001,14.5,10.3,19.7,Deficit
Guwahati,2010,3,26.14,91.73,55,31.0,72.5,24.6,1.0,6.123233995736766e-17,19.5,14.5,14.766666666666666,Deficit
Guwahati,2010,4,26.14,91.73,55,23.7,40.5,66.2,0.8660254037844387,-0.4999999999999998,24.6,19.5,19.533333333333335,Normal
Guwahati,2010,5,26.14,91.73,55,18.3,50.9,97.7,0.49999999999999994,-0.8660254037844387,66.2,24.6,36.76666666666667,Normal
Guwahati,2010,6,26.14,91.73,55,27.6,83.8,356.1,1.2246467991473532e-16,-1.0,97.7,66.2,62.833333333333336,Excess
Guwahati,2010,7,26.14,91.73,55,27.0,94.2,581.6,-0.4999999999999997,-0.8660254037844388,356.1,97.7,173.33333333333334,Excess
Guwahati,2010,8,26.14,91.73,55,27.7,78.5,562.9,-0.8660254037844385,-0.5000000000000004,581.6,356.1,345.1333333333334,Excess
Guwahati,2010,9,26.14,91.73,55,27.1,75.1,272.0,-1.0,-1.8369701987210297e-16,562.9,581.6,500.2,Excess
Guwahati,2010,10,26.14,91.73,55,29.9,53.6,63.7,-0.8660254037844386,0.5000000000000001,272.0,562.9,472.1666666666667,Normal
Guwahati,2010,11,26.14,91.73,55,20.1,53.1,20.0,-0.5000000000000004,0.8660254037844384,63.7,272.0,299.53333333333336,Deficit
Guwahati,2010,12,26.14,91.73,55,23.6,62.2,7.6,-2.4492935982947064e-16,1.0,20.0,63.7,118.56666666666666,Deficit
Guwahati,2011,1,26.14,91.73,55,21.0,48.6,25.0,0.49999999999999994,0.8660254037844387,7.6,20.0,30.433333333333334,Deficit
Guwahati,2011,2,26.14,91.73,55,26.8,67.3,22.8,0.8660254037844386,0.5000000000000001,25.0,7.6,17.533333333333335,Deficit
Guwahati,2011,3,26.14,91.73,55,32.4,57.4,43.2,1.0,6.123233995736766e-17,22.8,25.0,18.46666666666667,Normal
Guwahati,2011,4,26.14,91.73,55,23.7,52.1,71.7,0.8660254037844387,-0.4999999999999998,43.2,22.8,30.333333333333332,Normal
Guwahati,2011,5,26.14,91.73,55,31.5,59.3,163.5,0.49999999999999994,-0.8660254037844387,71.7,43.2,45.9,Excess
Guwahati,2011,6,26.14,91.73,55,31.4,68.8,316.3,1.2246467991473532e-16,-1.0,163.5,71.7,92.8,Excess
Guwahati,2011,7,26.14,91.73,55,29.7,82.1,403.1,-0.4999999999999997,-0.8660254037844388,316.3,163.5,183.83333333333334,Excess
Guwahati,2011,8,26.14,91.73,55,28.2,85.4,534.1,-0.8660254037844385,-0.5000000000000004,403.1,316.3,294.3,Excess
Guwahati,2011,9,26.14,91.73,55,29.4,88.0,239.8,-1.0,-1.8369701987210297e-16,534.1,403.1,417.8333333333333,Excess
Guwahati,2011,10,26.14,91.73,55,33.1,54.4,73.4,-0.8660254037844386,0.5000000000000001,239.8,534.1,392.3333333333333,Normal
Guwahati,2011,11,26.14,91.73,55,18.9,46.7,31.6,-0.5000000000000004,0.8660254037844384,73.4,239.8,282.43333333333334,Deficit
Guwahati,2011,12,26.14,91.73,55,29.2,45.9,9.6,-2.4492935982947064e-16,1.0,31.6,73.4,114.93333333333335,Deficit
Guwahati,2012,1,26.14,91.73,55,24.3,54.5,20.2,0.49999999999999994,0.8660254037844387,9.6,31.6,38.199999999999996,Deficit
Guwahati,2012,2,26.14,91.73,55,23.3,35.0,18.8,0.8660254037844386,0.5000000000000001,20.2,9.6,20.46666666666667,Deficit
Guwahati,2012,3,26.14,91.73,55,23.1,46.8,38.7,1.0,6.123233995736766e-17,18.8,20.2,16.2,Deficit
Guwahati,2012,4,26.14,91.73,55,27.6,54.3,65.2,0.8660254037844387,-0.4999999999999998,38.7,18.8,25.900000000000002,Normal
Guwahati,2012,5,26.14,91.73,55,27.3,49.0,167.0,0.49999999999999994,-0.8660254037844387,65.2,38.7,40.9,Excess
Guwahati,2012,6,26.14,91.73,55,28.8,85.4,296.7,1.2246467991473532e-16,-1.0,167.0,65.2,90.3,Excess
Guwahati,2012,7,26.14,91.73,55,31.0,78.8,683.6,-0.4999999999999997,-0.8660254037844388,296.7,167.0,176.29999999999998,Excess
Guwahati,2012,8,26.14,91.73,55,29.7,88.4,476.6,-0.8660254037844385,-0.5000000000000004,683.6,296.7,382.43333333333334,Excess
Guwahati,2012,9,26.14,91.73,55,27.8,74.5,331.1,-1.0,-1.8369701987210297e-16,476.6,683.6,485.6333333333334,Excess
Guwahati,2012,10,26.14,91.73,55,26.1,55.4,49.8,-0.8660254037844386,0.5000000000000001,331.1,476.6,497.1000000000001,Normal
Guwahati,2012,11,26.14,91.73,55,25.2,58.3,24.3,-0.5000000000000004,0.8660254037844384,49.8,331.1,285.8333333333333,Deficit
Guwahati,2012,12,26.14,91.73,55,29.4,48.2,7.8,-2.4492935982947064e-16,1.0,24.3,49.8,135.0666666666667,Deficit
Guwahati,2013,1,26.14,91.73,55,20.9,47.4,19.3,0.49999999999999994,0.8660254037844387,7.8,24.3,27.299999999999997,Deficit
Guwahati,2013,2,26.14,91.73,55,23.4,49.8,21.0,0.8660254037844386,0.5000000000000001,19.3,7.8,17.133333333333336,Deficit
Guwahati,2013,3,26.14,91.73,55,24.3,51.3,45.4,1.0,6.123233995736766e-17,21.0,19.3,16.033333333333335,Normal
Guwahati,2013,4,26.14,91.73,55,26.6,51.1,44.5,0.8660254037844387,-0.4999999999999998,45.4,21.0,28.566666666666663,Normal
Guwahati,2013,5,26.14,91.73,55,21.2,33.9,193.3,0.49999999999999994,-0.8660254037844387,44.5,45.4,36.96666666666667,Excess
Guwahati,2013,6,26.14,91.73,55,28.9,75.9,380.6,1.2246467991473532e-16,-1.0,193.3,44.5,94.40000000000002,Excess
Guwahati,2013,7,26.14,91.73,55,31.8,90.5,418.8,-0.4999999999999997,-0.8660254037844388,380.6,193.3,206.13333333333335,Excess
Guwahati,2013,8,26.14,91.73,55,26.9,92.0,283.7,-0.8660254037844385,-0.5000000000000004,418.8,380.6,330.90000000000003,Excess
Guwahati,2013,9,26.14,91.73,55,26.8,80.3,274.0,-1.0,-1.8369701987210297e-16,283.7,418.8,361.03333333333336,Excess
Guwahati,2013,10,26.14,91.73,55,18.2,62.5,51.3,-0.8660254037844386,0.5000000000000001,274.0,283.7,325.5,Normal
Guwahati,2013,11,26.14,91.73,55,26.0,60.9,21.5,-0.5000000000000004,0.8660254037844384,51.3,274.0,203.0,Deficit
Guwahati,2013,12,26.14,91.73,55,21.3,64.1,7.8,-2.4492935982947064e-16,1.0,21.5,51.3,115.60000000000001,Deficit
Guwahati,2014,1,26.14,91.73,55,29.8,64.1,17.4,0.49999999999999994,0.8660254037844387,7.8,21.5,26.866666666666664,Deficit
Guwahati,2014,2,26.14,91.73,55,21.4,47.9,20.5,0.8660254037844386,0.5000000000000001,17.4,7.8,15.566666666666668,Deficit
Guwahati,2014,3,26.14,91.73,55,24.2,61.4,41.1,1.0,6.123233995736766e-17,20.5,17.4,15.233333333333334,Normal
Guwahati,2014,4,26.14,91.73,55,19.0,53.8,42.5,0.8660254037844387,-0.4999999999999998,41.1,20.5,26.333333333333332,Normal
Guwahati,2014,5,26.14,91.73,55,22.5,34.3,124.8,0.49999999999999994,-0.8660254037844387,42.5,41.1,34.699999999999996,Normal
Guwahati,2014,6,26.14,91.73,55,27.9,85.9,314.0,1.2246467991473532e-16,-1.0,124.8,42.5,69.46666666666665,Excess
Guwahati,2014,7,26.14,91.73,55,27.7,89.1,534.6,-0.4999999999999997,-0.8660254037844388,314.0,124.8,160.43333333333334,Excess
Guwahati,2014,8,26.14,91.73,55,29.3,72.0,358.5,-0.8660254037844385,-0.5000000000000004,534.6,314.0,324.4666666666667,Excess
Guwahati,2014,9,26.14,91.73,55,25.0,86.7,232.5,-1.0,-1.8369701987210297e-16,358.5,534.6,402.3666666666666,Excess
Guwahati,2014,10,26.14,91.73,55,24.9,40.9,58.0,-0.8660254037844386,0.5000000000000001,232.5,358.5,375.2,Normal
Guwahati,2014,11,26.14,91.73,55,21.9,55.8,27.8,-0.5000000000000004,0.8660254037844384,58.0,232.5,216.33333333333334,Deficit
Guwahati,2014,12,26.14,91.73,55,30.3,35.2,7.8,-2.4492935982947064e-16,1.0,27.8,58.0,106.10000000000001,Deficit
Guwahati,2015,1,26.14,91.73,55,23.3,38.9,21.0,0.49999999999999994,0.8660254037844387,7.8,27.8,31.2,Deficit
Guwahati,2015,2,26.14,91.73,55,23.1,43.6,16.8,0.8660254037844386,0.5000000000000001,21.0,7.8,18.866666666666667,Deficit
Guwahati,2015,3,26.14,91.73,55,36.1,49.5,25.9,1.0,6.123233995736766e-17,16.8,21.0,15.200000000000001,Deficit
Guwahati,2015,4,26.14,91.73,55,31.0,58.1,31.6,0.8660254037844387,-0.4999999999999998,25.9,16.8,21.23333333333333,Deficit
Guwahati,2015,5,26.14,91.73,55,21.3,58.7,97.4,0.49999999999999994,-0.8660254037844387,31.6,25.9,24.76666666666667,Normal
Guwahati,2015,6,26.14,91.73,55,23.2,92.7,246.8,1.2246467991473532e-16,-1.0,97.4,31.6,51.63333333333333,Excess
Guwahati,2015,7,26.14,91.73,55,31.7,89.7,401.9,-0.4999999999999997,-0.8660254037844388,246.8,97.4,125.26666666666667,Excess
Guwahati,2015,8,26.14,91.73,55,30.6,78.1,317.7,-0.8660254037844385,-0.5000000000000004,401.9,246.8,248.70000000000002,Excess
Guwahati,2015,9,26.14,91.73,55,26.9,84.4,150.1,-1.0,-1.8369701987210297e-16,317.7,401.9,322.1333333333334,Excess
Guwahati,2015,10,26.14,91.73,55,23.8,63.4,44.4,-0.8660254037844386,0.5000000000000001,150.1,317.7,289.9,Normal
Guwahati,2015,11,26.14,91.73,55,21.6,59.0,24.7,-0.5000000000000004,0.8660254037844384,44.4,150.1,170.73333333333332,Deficit
Guwahati,2015,12,26.14,91.73,55,14.9,56.3,8.5,-2.4492935982947064e-16,1.0,24.7,44.4,73.06666666666666,Deficit
Guwahati,2016,1,26.14,91.73,55,28.6,45.3,19.3,0.49999999999999994,0.8660254037844387,8.5,24.7,25.866666666666664,Deficit
Guwahati,2016,2,26.14,91.73,55,18.7,56.1,20.4,0.8660254037844386,0.5000000000000001,19.3,8.5,17.5,Deficit
Guwahati,2016,3,26.14,91.73,55,21.0,44.4,51.9,1.0,6.123233995736766e-17,20.4,19.3,16.066666666666666,Normal
Guwahati,2016,4,26.14,91.73,55,25.5,41.4,50.2,0.8660254037844387,-0.4999999999999998,51.9,20.4,30.53333333333333,Normal
Guwahati,2016,5,26.14,91.73,55,28.4,57.3,144.6,0.49999999999999994,-0.8660254037844387,50.2,51.9,40.833333333333336,Normal
Guwahati,2016,6,26.14,91.73,55,30.5,87.6,209.4,1.2246467991473532e-16,-1.0,144.6,50.2,82.23333333333333,Excess
Guwahati,2016,7,26.14,91.73,55,28.9,83.3,595.8,-0.4999999999999997,-0.8660254037844388,209.4,144.6,134.73333333333335,Excess
Guwahati,2016,8,26.14,91.73,55,32.8,76.3,546.4,-0.8660254037844385,-0.5000000000000004,595.8,209.4,316.59999999999997,Excess
Guwahati,2016,9,26.14,91.73,55,27.8,81.2,320.9,-1.0,-1.8369701987210297e-16,546.4,595.8,450.5333333333333,Excess
Guwahati,2016,10,26.14,91.73,55,23.9,42.0,41.7,-0.8660254037844386,0.5000000000000001,320.9,546.4,487.7,Normal
Guwahati,2016,11,26.14,91.73,55,20.6,47.5,26.4,-0.5000000000000004,0.8660254037844384,41.7,320.9,303.0,Deficit
Guwahati,2016,12,26.14,91.73,55,25.4,35.9,8.8,-2.4492935982947064e-16,1.0,26.4,41.7,129.66666666666666,Deficit
Guwahati,2017,1,26.14,91.73,55,21.8,62.7,15.5,0.49999999999999994,0.8660254037844387,8.8,26.4,25.63333333333333,Deficit
Guwahati,2017,2,26.14,91.73,55,27.4,66.1,15.1,0.8660254037844386,0.5000000000000001,15.5,8.8,16.900000000000002,Deficit
Guwahati,2017,3,26.14,91.73,55,22.7,60.7,27.4,1.0,6.123233995736766e-17,15.1,15.5,13.133333333333333,Deficit
Guwahati,2017,4,26.14,91.73,55,24.3,65.9,47.5,0.8660254037844387,-0.4999999999999998,27.4,15.1,19.333333333333332,Normal
Guwahati,2017,5,26.14,91.73,55,25.1,52.2,97.7,0.49999999999999994,-0.8660254037844387,47.5,27.4,30.0,Normal
Guwahati,2017,6,26.14,91.73,55,28.2,90.4,193.2,1.2246467991473532e-16,-1.0,97.7,47.5,57.53333333333334,Excess
Guwahati,2017,7,26.14,91.73,55,28.1,81.0,423.3,-0.4999999999999997,-0.8660254037844388,193.2,97.7,112.8,Excess
Guwahati,2017,8,26.14,91.73,55,29.9,85.7,369.2,-0.8660254037844385,-0.5000000000000004,423.3,193.2,238.0666666666667,Excess
Guwahati,2017,9,26.14,91.73,55,28.8,84.9,191.1,-1.0,-1.8369701987210297e-16,369.2,423.3,328.56666666666666,Excess
Guwahati,2017,10,26.14,91.73,55,25.7,30.4,35.7,-0.8660254037844386,0.5000000000000001,191.1,369.2,327.8666666666667,Deficit
Guwahati,2017,11,26.14,91.73,55,27.6,59.5,23.7,-0.5000000000000004,0.8660254037844384,35.7,191.1,198.66666666666666,Deficit
Guwahati,2017,12,26.14,91.73,55,26.2,66.2,6.5,-2.4492935982947064e-16,1.0,23.7,35.7,83.5,Deficit
Guwahati,2018,1,26.14,91.73,55,25.6,63.1,21.7,0.49999999999999994,0.8660254037844387,6.5,23.7,21.96666666666667,Deficit
Guwahati,2018,2,26.14,91.73,55,23.7,65.4,15.9,0.8660254037844386,0.5000000000000001,21.7,6.5,17.3,Deficit
Guwahati,2018,3,26.14,91.73,55,26.5,36.9,51.3,1.0,6.123233995736766e-17,15.9,21.7,14.700000000000001,Normal
Guwahati,2018,4,26.14,91.73,55,22.6,55.3,64.8,0.8660254037844387,-0.4999999999999998,51.3,15.9,29.633333333333336,Normal
Guwahati,2018,5,26.14,91.73,55,20.9,31.4,130.4,0.49999999999999994,-0.8660254037844387,64.8,51.3,44.0,Normal
Guwahati,2018,6,26.14,91.73,55,27.0,82.9,425.6,1.2246467991473532e-16,-1.0,130.4,64.8,82.16666666666667,Excess
Guwahati,2018,7,26.14,91.73,55,25.3,74.4,588.4,-0.4999999999999997,-0.8660254037844388,425.6,130.4,206.9333333333333,Excess
Guwahati,2018,8,26.14,91.73,55,26.2,84.2,428.6,-0.8660254037844385,-0.5000000000000004,588.4,425.6,381.4666666666667,Excess
Guwahati,2018,9,26.14,91.73,55,32.4,88.2,261.5,-1.0,-1.8369701987210297e-16,428.6,588.4,480.8666666666666,Excess
Guwahati,2018,10,26.14,91.73,55,24.5,67.1,74.9,-0.8660254037844386,0.5000000000000001,261.5,428.6,426.1666666666667,Normal
Guwahati,2018,11,26.14,91.73,55,24.9,53.7,31.4,-0.5000000000000004,0.8660254037844384,74.9,261.5,255.0,Deficit
Guwahati,2018,12,26.14,91.73,55,27.5,47.2,12.3,-2.4492935982947064e-16,1.0,31.4,74.9,122.59999999999998,Deficit
Guwahati,2019,1,26.14,91.73,55,27.9,48.1,18.8,0.49999999999999994,0.8660254037844387,12.3,31.4,39.53333333333334,Deficit
Guwahati,2019,2,26.14,91.73,55,24.2,58.2,12.0,0.8660254037844386,0.5000000000000001,18.8,12.3,20.833333333333332,Deficit
Guwahati,2019,3,26.14,91.73,55,20.2,47.7,44.6,1.0,6.123233995736766e-17,12.0,18.8,14.366666666666667,Normal
Guwahati,2019,4,26.14,91.73,55,30.4,51.7,47.0,0.8660254037844387,-0.4999999999999998,44.6,12.0,25.133333333333336,Normal
Guwahati,2019,5,26.14,91.73,55,27.2,48.0,98.6,0.49999999999999994,-0.8660254037844387,47.0,44.6,34.53333333333333,Normal
Guwahati,2019,6,26.14,91.73,55,25.8,92.4,210.1,1.2246467991473532e-16,-1.0,98.6,47.0,63.4,Excess
Guwahati,2019,7,26.14,91.73,55,28.3,80.5,486.2,-0.4999999999999997,-0.8660254037844388,210.1,98.6,118.56666666666666,Excess
Guwahati,2019,8,26.14,91.73,55,28.7,83.8,425.5,-0.8660254037844385,-0.5000000000000004,486.2,210.1,264.96666666666664,Excess
Guwahati,2019,9,26.14,91.73,55,30.2,82.1,240.7,-1.0,-1.8369701987210297e-16,425.5,486.2,373.93333333333334,Excess
Guwahati,2019,10,26.14,91.73,55,22.6,32.2,41.6,-0.8660254037844386,0.5000000000000001,240.7,425.5,384.1333333333334,Normal
Guwahati,2019,11,26.14,91.73,55,28.5,43.7,34.5,-0.5000000000000004,0.8660254037844384,41.6,240.7,235.93333333333337,Deficit
Guwahati,2019,12,26.14,91.73,55,22.5,67.4,7.9,-2.4492935982947064e-16,1.0,34.5,41.6,105.60000000000001,Deficit
Guwahati,2020,1,26.14,91.73,55,24.6,60.3,14.9,0.49999999999999994,0.8660254037844387,7.9,34.5,28.0,Deficit
Guwahati,2020,2,26.14,91.73,55,18.0,49.5,14.3,0.8660254037844386,0.5000000000000001,14.9,7.9,19.099999999999998,Deficit
Guwahati,2020,3,26.14,91.73,55,25.3,66.3,24.1,1.0,6.123233995736766e-17,14.3,14.9,12.366666666666667,Deficit
Guwahati,2020,4,26.14,91.73,55,21.8,46.5,30.0,0.8660254037844387,-0.4999999999999998,24.1,14.3,17.76666666666667,Deficit
Guwahati,2020,5,26.14,91.73,55,28.0,50.3,95.1,0.49999999999999994,-0.8660254037844387,30.0,24.1,22.8,Normal
Guwahati,2020,6,26.14,91.73,55,26.4,83.4,250.8,1.2246467991473532e-16,-1.0,95.1,30.0,49.73333333333333,Excess
Guwahati,2020,7,26.14,91.73,55,26.2,86.7,448.8,-0.4999999999999997,-0.8660254037844388,250.8,95.1,125.3,Excess
Guwahati,2020,8,26.14,91.73,55,30.6,80.8,353.3,-0.8660254037844385,-0.5000000000000004,448.8,250.8,264.90000000000003,Excess
Guwahati,2020,9,26.14,91.73,55,27.9,81.4,218.2,-1.0,-1.8369701987210297e-16,353.3,448.8,350.9666666666667,Excess
Guwahati,2020,10,26.14,91.73,55,27.1,39.5,45.8,-0.8660254037844386,0.5000000000000001,218.2,353.3,340.09999999999997,Normal
Guwahati,2020,11,26.14,91.73,55,17.6,45.2,27.5,-0.5000000000000004,0.8660254037844384,45.8,218.2,205.76666666666665,Deficit
Guwahati,2020,12,26.14,91.73,55,26.6,67.8,7.1,-2.4492935982947064e-16,1.0,27.5,45.8,97.16666666666667,Deficit
Guwahati,2021,1,26.14,91.73,55,16.5,52.3,12.2,0.49999999999999994,0.8660254037844387,7.1,27.5,26.799999999999997,Deficit
Guwahati,2021,2,26.14,91.73,55,31.4,53.2,14.1,0.8660254037844386,0.5000000000000001,12.2,7.1,15.6,Deficit
Guwahati,2021,3,26.14,91.73,55,27.3,47.6,32.0,1.0,6.123233995736766e-17,14.1,12.2,11.133333333333333,Deficit
Guwahati,2021,4,26.14,91.73,55,26.1,37.1,30.2,0.8660254037844387,-0.4999999999999998,32.0,14.1,19.433333333333334,Deficit
Guwahati,2021,5,26.14,91.73,55,24.4,64.0,116.2,0.49999999999999994,-0.8660254037844387,30.2,32.0,25.433333333333334,Normal
Guwahati,2021,6,26.14,91.73,55,28.7,83.3,196.8,1.2246467991473532e-16,-1.0,116.2,30.2,59.46666666666667,Excess
Guwahati,2021,7,26.14,91.73,55,26.9,84.4,360.6,-0.4999999999999997,-0.8660254037844388,196.8,116.2,114.40000000000002,Excess
Guwahati,2021,8,26.14,91.73,55,25.0,89.5,269.3,-0.8660254037844385,-0.5000000000000004,360.6,196.8,224.53333333333333,Excess
Guwahati,2021,9,26.14,91.73,55,28.2,92.0,213.2,-1.0,-1.8369701987210297e-16,269.3,360.6,275.56666666666666,Excess
Guwahati,2021,10,26.14,91.73,55,30.3,53.8,38.4,-0.8660254037844386,0.5000000000000001,213.2,269.3,281.03333333333336,Deficit
Guwahati,2021,11,26.14,91.73,55,32.4,61.9,16.5,-0.5000000000000004,0.8660254037844384,38.4,213.2,173.63333333333333,Deficit
Guwahati,2021,12,26.14,91.73,55,27.9,48.0,6.5,-2.4492935982947064e-16,1.0,16.5,38.4,89.36666666666667,Deficit
Guwahati,2022,1,26.14,91.73,55,20.9,61.8,11.6,0.49999999999999994,0.8660254037844387,6.5,16.5,20.466666666666665,Deficit
Guwahati,2022,2,26.14,91.73,55,25.8,38.5,19.4,0.8660254037844386,0.5000000000000001,11.6,6.5,11.533333333333333,Deficit
Guwahati,2022,3,26.14,91.73,55,29.8,50.0,54.1,1.0,6.123233995736766e-17,19.4,11.6,12.5,Normal
Guwahati,2022,4,26.14,91.73,55,29.1,71.8,56.5,0.8660254037844387,-0.4999999999999998,54.1,19.4,28.366666666666664,Normal
Guwahati,2022,5,26.14,91.73,55,33.7,42.8,166.6,0.49999999999999994,-0.8660254037844387,56.5,54.1,43.333333333333336,Excess
Guwahati,2022,6,26.14,91.73,55,25.0,84.7,277.1,1.2246467991473532e-16,-1.0,166.6,56.5,92.39999999999999,Excess
Guwahati,2022,7,26.14,91.73,55,27.6,86.9,565.8,-0.4999999999999997,-0.8660254037844388,277.1,166.6,166.73333333333335,Excess
Guwahati,2022,8,26.14,91.73,55,24.2,78.4,595.6,-0.8660254037844385,-0.5000000000000004,565.8,277.1,336.5,Excess
Guwahati,2022,9,26.14,91.73,55,26.8,77.2,326.4,-1.0,-1.8369701987210297e-16,595.6,565.8,479.5,Excess
Guwahati,2022,10,26.14,91.73,55,19.8,49.0,72.1,-0.8660254037844386,0.5000000000000001,326.4,595.6,495.9333333333334,Normal
Guwahati,2022,11,26.14,91.73,55,22.7,59.8,32.3,-0.5000000000000004,0.8660254037844384,72.1,326.4,331.3666666666667,Deficit
Guwahati,2022,12,26.14,91.73,55,30.6,50.7,9.0,-2.4492935982947064e-16,1.0,32.3,72.1,143.6,Deficit
Guwahati,2023,1,26.14,91.73,55,22.5,31.5,22.6,0.49999999999999994,0.8660254037844387,9.0,32.3,37.8,Deficit
Guwahati,2023,2,26.14,91.73,55,25.3,57.6,21.2,0.8660254037844386,0.5000000000000001,22.6,9.0,21.3,Deficit
Guwahati,2023,3,26.14,91.73,55,23.3,72.1,38.2,1.0,6.123233995736766e-17,21.2,22.6,17.599999999999998,Deficit
Guwahati,2023,4,26.14,91.73,55,27.9,46.3,43.9,0.8660254037844387,-0.4999999999999998,38.2,21.2,27.333333333333332,Normal
Guwahati,2023,5,26.14,91.73,55,23.7,44.0,130.9,0.49999999999999994,-0.8660254037844387,43.9,38.2,34.43333333333334,Normal
Guwahati,2023,6,26.14,91.73,55,31.5,84.8,351.3,1.2246467991473532e-16,-1.0,130.9,43.9,71.0,Excess
Guwahati,2023,7,26.14,91.73,55,25.5,85.1,547.6,-0.4999999999999997,-0.8660254037844388,351.3,130.9,175.36666666666667,Excess
Guwahati,2023,8,26.14,91.73,55,27.0,79.7,663.3,-0.8660254037844385,-0.5000000000000004,547.6,351.3,343.2666666666667,Excess
Guwahati,2023,9,26.14,91.73,55,26.8,65.5,250.6,-1.0,-1.8369701987210297e-16,663.3,547.6,520.7333333333333,Excess
Guwahati,2023,10,26.14,91.73,55,21.6,35.9,64.1,-0.8660254037844386,0.5000000000000001,250.6,663.3,487.1666666666667,Normal
Guwahati,2023,11,26.14,91.73,55,20.7,48.6,33.9,-0.5000000000000004,0.8660254037844384,64.1,250.6,326.0,Deficit
Guwahati,2023,12,26.14,91.73,55,19.4,36.7,12.9,-2.4492935982947064e-16,1.0,33.9,64.1,116.19999999999999,Deficit
Guwahati,2024,1,26.14,91.73,55,18.7,56.1,22.8,0.49999999999999994,0.8660254037844387,12.9,33.9,36.96666666666667,Deficit
Guwahati,2024,2,26.14,91.73,55,16.8,60.0,20.9,0.8660254037844386,0.5000000000000001,22.8,12.9,23.2,Deficit
Guwahati,2024,3,26.14,91.73,55,23.8,64.5,43.7,1.0,6.123233995736766e-17,20.9,22.8,18.866666666666667,Normal
Guwahati,2024,4,26.14,91.73,55,25.4,47.5,68.2,0.8660254037844387,-0.4999999999999998,43.7,20.9,29.133333333333336,Normal
Guwahati,2024,5,26.14,91.73,55,24.8,57.7,109.1,0.49999999999999994,-0.8660254037844387,68.2,43.7,44.26666666666667,Normal
Guwahati,2024,6,26.14,91.73,55,22.5,89.6,284.5,1.2246467991473532e-16,-1.0,109.1,68.2,73.66666666666667,Excess
Guwahati,2024,7,26.14,91.73,55,27.1,87.1,527.4,-0.4999999999999997,-0.8660254037844388,284.5,109.1,153.93333333333334,Excess
Guwahati,2024,8,26.14,91.73,55,21.0,84.6,577.7,-0.8660254037844385,-0.5000000000000004,527.4,284.5,307.0,Excess
Guwahati,2024,9,26.14,91.73,55,29.2,82.8,196.5,-1.0,-1.8369701987210297e-16,577.7,527.4,463.2,Excess
Guwahati,2024,10,26.14,91.73,55,23.0,33.3,63.1,-0.8660254037844386,0.5000000000000001,196.5,577.7,433.8666666666666,Normal
Guwahati,2024,11,26.14,91.73,55,26.6,62.2,26.0,-0.5000000000000004,0.8660254037844384,63.1,196.5,279.1,Deficit
Guwahati,2024,12,26.14,91.73,55,29.1,45.5,7.1,-2.4492935982947064e-16,1.0,26.0,63.1,95.2,Deficit
Hyderabad,2005,1,17.38,78.48,542,22.9,41.4,6.0,0.49999999999999994,0.8660254037844387,0.0,0.0,0.0,Deficit
Hyderabad,2005,2,17.38,78.48,542,24.0,55.5,9.6,0.8660254037844386,0.5000000000000001,6.0,0.0,6.0,Deficit
Hyderabad,2005,3,17.38,78.48,542,17.7,54.7,12.9,1.0,6.123233995736766e-17,9.6,6.0,7.8,Deficit
Hyderabad,2005,4,17.38,78.48,542,24.7,38.3,14.1,0.8660254037844387,-0.4999999999999998,12.9,9.6,9.5,Deficit
Hyderabad,2005,5,17.38,78.48,542,28.6,53.1,68.3,0.49999999999999994,-0.8660254037844387,14.1,12.9,12.200000000000001,Normal
Hyderabad,2005,6,17.38,78.48,542,25.9,85.3,141.1,1.2246467991473532e-16,-1.0,68.3,14.1,31.766666666666666,Normal
Hyderabad,2005,7,17.38,78.48,542,28.7,89.6,200.9,-0.4999999999999997,-0.8660254037844388,141.1,68.3,74.5,Excess
Hyderabad,2005,8,17.38,78.48,542,28.7,72.1,195.1,-0.8660254037844385,-0.5000000000000004,200.9,141.1,136.76666666666665,Excess
Hyderabad,2005,9,17.38,78.48,542,27.7,82.6,83.2,-1.0,-1.8369701987210297e-16,195.1,200.9,179.03333333333333,Normal
Hyderabad,2005,10,17.38,78.48,542,34.6,67.2,17.2,-0.8660254037844386,0.5000000000000001,83.2,195.1,159.73333333333332,Deficit
Hyderabad,2005,11,17.38,78.48,542,25.3,49.9,12.0,-0.5000000000000004,0.8660254037844384,17.2,83.2,98.5,Deficit
Hyderabad,2005,12,17.38,78.48,542,25.3,54.6,1.7,-2.4492935982947064e-16,1.0,12.0,17.2,37.46666666666667,Deficit
Hyderabad,2006,1,17.38,78.48,542,24.4,32.9,7.4,0.49999999999999994,0.8660254037844387,1.7,12.0,10.299999999999999,Deficit
Hyderabad,2006,2,17.38,78.48,542,23.3,70.9,5.0,0.8660254037844386,0.5000000000000001,7.4,1.7,7.033333333333334,Deficit
Hyderabad,2006,3,17.38,78.48,542,19.7,56.9,14.8,1.0,6.123233995736766e-17,5.0,7.4,4.7,Deficit
Hyderabad,2006,4,17.38,78.48,542,29.3,47.3,14.5,0.8660254037844387,-0.4999999999999998,14.8,5.0,9.066666666666668,Deficit
Hyderabad,2006,5,17.38,78.48,542,30.3,39.1,46.2,0.49999999999999994,-0.8660254037844387,14.5,14.8,11.433333333333332,Normal
Hyderabad,2006,6,17.38,78.48,542,26.5,88.2,80.3,1.2246467991473532e-16,-1.0,46.2,14.5,25.166666666666668,Normal
Hyderabad,2006,7,17.38,78.48,542,20.9,79.3,131.6,-0.4999999999999997,-0.8660254037844388,80.3,46.2,47.0,Normal
Hyderabad,2006,8,17.38,78.48,542,31.0,79.2,177.0,-0.8660254037844385,-0.5000000000000004,131.6,80.3,86.03333333333335,Excess
Hyderabad,2006,9,17.38,78.48,542,30.9,70.8,87.0,-1.0,-1.8369701987210297e-16,177.0,131.6,129.63333333333333,Normal
Hyderabad,2006,10,17.38,78.48,542,25.8,56.5,18.7,-0.8660254037844386,0.5000000000000001,87.0,177.0,131.86666666666667,Deficit
Hyderabad,2006,11,17.38,78.48,542,25.1,30.0,9.0,-0.5000000000000004,0.8660254037844384,18.7,87.0,94.23333333333333,Deficit
Hyderabad,2006,12,17.38,78.48,542,26.8,42.2,2.0,-2.4492935982947064e-16,1.0,9.0,18.7,38.233333333333334,Deficit
Hyderabad,2007,1,17.38,78.48,542,23.6,53.7,9.1,0.49999999999999994,0.8660254037844387,2.0,9.0,9.9,Deficit
Hyderabad,2007,2,17.38,78.48,542,24.2,58.1,6.3,0.8660254037844386,0.5000000000000001,9.1,2.0,6.7,Deficit
Hyderabad,2007,3,17.38,78.48,542,22.7,54.2,16.8,1.0,6.123233995736766e-17,6.3,9.1,5.8,Deficit
Hyderabad,2007,4,17.38,78.48,542,16.8,63.6,27.7,0.8660254037844387,-0.4999999999999998,16.8,6.3,10.733333333333334,Deficit
Hyderabad,2007,5,17.38,78.48,542,26.7,64.0,53.8,0.49999999999999994,-0.8660254037844387,27.7,16.8,16.933333333333334,Normal
Hyderabad,2007,6,17.38,78.48,542,26.2,80.3,98.7,1.2246467991473532e-16,-1.0,53.8,27.7,32.766666666666666,Normal
Hyderabad,2007,7,17.38,78.48,542,32.3,76.9,189.9,-0.4999999999999997,-0.8660254037844388,98.7,53.8,60.06666666666666,Excess
Hyderabad,2007,8,17.38,78.48,542,28.5,74.8,176.8,-0.8660254037844385,-0.5000000000000004,189.9,98.7,114.13333333333333,Excess
Hyderabad,2007,9,17.38,78.48,542,28.8,80.0,106.5,-1.0,-1.8369701987210297e-16,176.8,189.9,155.13333333333335,Normal
Hyderabad,2007,10,17.38,78.48,542,22.9,36.9,24.1,-0.8660254037844386,0.5000000000000001,106.5,176.8,157.73333333333335,Deficit
Hyderabad,2007,11,17.38,78.48,542,32.0,52.2,13.0,-0.5000000000000004,0.8660254037844384,24.1,106.5,102.46666666666668,Deficit
Hyderabad,2007,12,17.38,78.48,542,27.8,39.3,4.5,-2.4492935982947064e-16,1.0,13.0,24.1,47.86666666666667,Deficit
Hyderabad,2008,1,17.38,78.48,542,31.5,44.7,10.5,0.49999999999999994,0.8660254037844387,4.5,13.0,13.866666666666667,Deficit
Hyderabad,2008,2,17.38,78.48,542,28.1,57.5,13.7,0.8660254037844386,0.5000000000000001,10.5,4.5,9.333333333333334,Deficit
Hyderabad,2008,3,17.38,78.48,542,24.0,64.0,21.0,1.0,6.123233995736766e-17,13.7,10.5,9.566666666666666,Deficit
Hyderabad,2008,4,17.38,78.48,542,17.1,40.8,30.9,0.8660254037844387,-0.4999999999999998,21.0,13.7,15.066666666666668,Deficit
Hyderabad,2008,5,17.38,78.48,542,26.2,51.4,68.0,0.49999999999999994,-0.8660254037844387,30.9,21.0,21.866666666666664,Normal
Hyderabad,2008,6,17.38,78.48,542,23.1,82.9,196.2,1.2246467991473532e-16,-1.0,68.0,30.9,39.96666666666667,Excess
Hyderabad,2008,7,17.38,78.48,542,29.9,81.4,182.7,-0.4999999999999997,-0.8660254037844388,196.2,68.0,98.36666666666667,Excess
Hyderabad,2008,8,17.38,78.48,542,25.8,89.7,259.6,-0.8660254037844385,-0.5000000000000004,182.7,196.2,148.96666666666667,Excess
Hyderabad,2008,9,17.38,78.48,542,29.5,81.2,167.2,-1.0,-1.8369701987210297e-16,259.6,182.7,212.83333333333334,Excess
Hyderabad,2008,10,17.38,78.48,542,22.2,60.6,33.3,-0.8660254037844386,0.5000000000000001,167.2,259.6,203.16666666666666,Deficit
Hyderabad,2008,11,17.38,78.48,542,29.3,44.7,19.6,-0.5000000000000004,0.8660254037844384,33.3,167.2,153.36666666666667,Deficit
Hyderabad,2008,12,17.38,78.48,542,19.8,57.7,5.8,-2.4492935982947064e-16,1.0,19.6,33.3,73.36666666666666,Deficit
Hyderabad,2009,1,17.38,78.48,542,20.4,49.2,4.9,0.49999999999999994,0.8660254037844387,5.8,19.6,19.566666666666666,Deficit
Hyderabad,2009,2,17.38,78.48,542,20.2,55.9,8.0,0.8660254037844386,0.5000000000000001,4.9,5.8,10.100000000000001,Deficit
Hyderabad,2009,3,17.38,78.48,542,24.2,44.4,18.0,1.0,6.123233995736766e-17,8.0,4.9,6.233333333333333,Deficit
Hyderabad,2009,4,17.38,78.48,542,31.6,47.2,30.8,0.8660254037844387,-0.4999999999999998,18.0,8.0,10.299999999999999,Deficit
Hyderabad,2009,5,17.38,78.48,542,27.0,48.4,53.8,0.49999999999999994,-0.8660254037844387,30.8,18.0,18.933333333333334,Normal
Hyderabad,2009,6,17.38,78.48,542,29.8,70.5,134.7,1.2246467991473532e-16,-1.0,53.8,30.8,34.199999999999996,Normal
Hyderabad,2009,7,17.38,78.48,542,28.2,79.5,288.4,-0.4999999999999997,-0.8660254037844388,134.7,53.8,73.1,Excess
Hyderabad,2009,8,17.38,78.48,542,27.9,71.6,203.8,-0.8660254037844385,-0.5000000000000004,288.4,134.7,158.96666666666667,Excess
Hyderabad,2009,9,17.38,78.48,542,28.1,84.7,153.4,-1.0,-1.8369701987210297e-16,203.8,288.4,208.96666666666667,Excess
Hyderabad,2009,10,17.38,78.48,542,20.9,56.7,30.3,-0.8660254037844386,0.5000000000000001,153.4,203.8,215.20000000000002,Deficit
Hyderabad,2009,11,17.38,78.48,542,28.4,30.7,12.3,-0.5000000000000004,0.8660254037844384,30.3,153.4,129.16666666666669,Deficit
Hyderabad,2009,12,17.38,78.48,542,22.6,56.3,4.1,-2.4492935982947064e-16,1.0,12.3,30.3,65.33333333333334,Deficit
Hyderabad,2010,1,17.38,78.48,542,22.2,50.9,7.2,0.49999999999999994,0.8660254037844387,4.1,12.3,15.566666666666668,Deficit
Hyderabad,2010,2,17.38,78.48,542,28.4,48.3,6.9,0.8660254037844386,0.5000000000000001,7.2,4.1,7.866666666666666,Deficit
Hyderabad,2010,3,17.38,78.48,542,23.5,41.6,8.3,1.0,6.123233995736766e-17,6.9,7.2,6.066666666666667,Deficit
Hyderabad,2010,4,17.38,78.48,542,20.1,53.1,18.3,0.8660254037844387,-0.4999999999999998,8.3,6.9,7.466666666666668,Deficit
Hyderabad,2010,5,17.38,78.48,542,26.3,45.9,75.1,0.49999999999999994,-0.8660254037844387,18.3,8.3,11.166666666666666,Normal
Hyderabad,2010,6,17.38,78.48,542,26.9,77.8,149.8,1.2246467991473532e-16,-1.0,75.1,18.3,33.9,Normal
Hyderabad,2010,7,17.38,78.48,542,23.6,79.7,185.1,-0.4999999999999997,-0.8660254037844388,149.8,75.1,81.06666666666666,Excess
Hyderabad,2010,8,17.38,78.48,542,27.8,79.5,213.6,-0.8660254037844385,-0.5000000000000004,185.1,149.8,136.66666666666666,Excess
Hyderabad,2010,9,17.38,78.48,542,29.5,74.1,100.5,-1.0,-1.8369701987210297e-16,213.6,185.1,182.83333333333334,Normal
Hyderabad,2010,10,17.38,78.48,542,21.0,44.5,29.6,-0.8660254037844386,0.5000000000000001,100.5,213.6,166.4,Deficit
Hyderabad,2010,11,17.38,78.48,542,23.0,61.8,9.6,-0.5000000000000004,0.8660254037844384,29.6,100.5,114.56666666666668,Deficit
Hyderabad,2010,12,17.38,78.48,542,28.9,57.2,5.4,-2.4492935982947064e-16,1.0,9.6,29.6,46.56666666666666,Deficit
Hyderabad,2011,1,17.38,78.48,542,21.9,65.3,6.2,0.49999999999999994,0.8660254037844387,5.4,9.6,14.866666666666667,Deficit
Hyderabad,2011,2,17.38,78.48,542,28.6,60.9,4.5,0.8660254037844386,0.5000000000000001,6.2,5.4,7.066666666666666,Deficit
Hyderabad,2011,3,17.38,78.48,542,23.4,59.1,18.3,1.0,6.123233995736766e-17,4.5,6.2,5.366666666666667,Deficit
Hyderabad,2011,4,17.38,78.48,542,22.5,36.6,29.1,0.8660254037844387,-0.4999999999999998,18.3,4.5,9.666666666666666,Deficit
Hyderabad,2011,5,17.38,78.48,542,27.9,33.2,31.8,0.49999999999999994,-0.8660254037844387,29.1,18.3,17.3,Deficit
Hyderabad,2011,6,17.38,78.48,542,29.1,83.1,102.5,1.2246467991473532e-16,-1.0,31.8,29.1,26.400000000000002,Normal
Hyderabad,2011,7,17.38,78.48,542,28.6,89.7,199.6,-0.4999999999999997,-0.8660254037844388,102.5,31.8,54.46666666666667,Excess
Hyderabad,2011,8,17.38,78.48,542,26.3,77.4,136.5,-0.8660254037844385,-0.5000000000000004,199.6,102.5,111.3,Normal
Hyderabad,2011,9,17.38,78.48,542,30.3,84.7,110.5,-1.0,-1.8369701987210297e-16,136.5,199.6,146.20000000000002,Normal
Hyderabad,2011,10,17.38,78.48,542,20.3,68.7,25.0,-0.8660254037844386,0.5000000000000001,110.5,136.5,148.86666666666667,Deficit
Hyderabad,2011,11,17.38,78.48,542,27.9,69.8,13.3,-0.5000000000000004,0.8660254037844384,25.0,110.5,90.66666666666667,Deficit
Hyderabad,2011,12,17.38,78.48,542,22.9,44.6,0.1,-2.4492935982947064e-16,1.0,13.3,25.0,49.6,Deficit
Hyderabad,2012,1,17.38,78.48,542,28.0,65.7,6.8,0.49999999999999994,0.8660254037844387,0.1,13.3,12.799999999999999,Deficit
Hyderabad,2012,2,17.38,78.48,542,26.1,42.1,10.3,0.8660254037844386,0.5000000000000001,6.8,0.1,6.733333333333333,Deficit
Hyderabad,2012,3,17.38,78.48,542,30.0,59.8,15.2,1.0,6.123233995736766e-17,10.3,6.8,5.733333333333333,Deficit
Hyderabad,2012,4,17.38,78.48,542,23.3,31.7,26.6,0.8660254037844387,-0.4999999999999998,15.2,10.3,10.766666666666666,Deficit
Hyderabad,2012,5,17.38,78.48,542,32.6,39.2,50.5,0.49999999999999994,-0.8660254037844387,26.6,15.2,17.366666666666667,Normal
Hyderabad,2012,6,17.38,78.48,542,30.5,74.5,147.9,1.2246467991473532e-16,-1.0,50.5,26.6,30.766666666666666,Normal
Hyderabad,2012,7,17.38,78.48,542,30.3,82.1,249.4,-0.4999999999999997,-0.8660254037844388,147.9,50.5,75.0,Excess
Hyderabad,2012,8,17.38,78.48,542,23.8,88.4,325.3,-0.8660254037844385,-0.5000000000000004,249.4,147.9,149.26666666666668,Excess
Hyderabad,2012,9,17.38,78.48,542,29.9,84.6,121.3,-1.0,-1.8369701987210297e-16,325.3,249.4,240.86666666666667,Normal
Hyderabad,2012,10,17.38,78.48,542,25.9,33.4,23.3,-0.8660254037844386,0.5000000000000001,121.3,325.3,232.0,Deficit
Hyderabad,2012,11,17.38,78.48,542,26.2,58.4,14.9,-0.5000000000000004,0.8660254037844384,23.3,121.3,156.63333333333335,Deficit
Hyderabad,2012,12,17.38,78.48,542,26.5,53.5,6.6,-2.4492935982947064e-16,1.0,14.9,23.3,53.166666666666664,Deficit
Hyderabad,2013,1,17.38,78.48,542,29.7,66.4,5.7,0.49999999999999994,0.8660254037844387,6.6,14.9,14.933333333333335,Deficit
Hyderabad,2013,2,17.38,78.48,542,25.2,43.0,6.6,0.8660254037844386,0.5000000000000001,5.7,6.6,9.066666666666666,Deficit
Hyderabad,2013,3,17.38,78.48,542,27.7,71.4,17.2,1.0,6.123233995736766e-17,6.6,5.7,6.3,Deficit
Hyderabad,2013,4,17.38,78.48,542,23.5,54.3,18.0,0.8660254037844387,-0.4999999999999998,17.2,6.6,9.833333333333334,Deficit
Hyderabad,2013,5,17.38,78.48,542,24.1,43.3,55.6,0.49999999999999994,-0.8660254037844387,18.0,17.2,13.933333333333332,Normal
Hyderabad,2013,6,17.38,78.48,542,29.8,76.5,132.0,1.2246467991473532e-16,-1.0,55.6,18.0,30.26666666666667,Normal
Hyderabad,2013,7,17.38,78.48,542,30.9,82.8,239.1,-0.4999999999999997,-0.8660254037844388,132.0,55.6,68.53333333333333,Excess
Hyderabad,2013,8,17.38,78.48,542,29.4,76.8,173.3,-0.8660254037844385,-0.5000000000000004,239.1,132.0,142.23333333333332,Excess
Hyderabad,2013,9,17.38,78.48,542,22.6,87.3,100.2,-1.0,-1.8369701987210297e-16,173.3,239.1,181.4666666666667,Normal
Hyderabad,2013,10,17.38,78.48,542,31.0,48.7,15.4,-0.8660254037844386,0.5000000000000001,100.2,173.3,170.86666666666667,Deficit
Hyderabad,2013,11,17.38,78.48,542,22.5,49.1,10.3,-0.5000000000000004,0.8660254037844384,15.4,100.2,96.3,Deficit
Hyderabad,2013,12,17.38,78.48,542,15.0,64.8,6.4,-2.4492935982947064e-16,1.0,10.3,15.4,41.96666666666667,Deficit
Hyderabad,2014,1,17.38,78.48,542,20.7,68.8,6.1,0.49999999999999994,0.8660254037844387,6.4,10.3,10.700000000000001,Deficit
Hyderabad,2014,2,17.38,78.48,542,20.4,63.4,6.6,0.8660254037844386,0.5000000000000001,6.1,6.4,7.600000000000001,Deficit
Hyderabad,2014,3,17.38,78.48,542,21.2,54.2,18.0,1.0,6.123233995736766e-17,6.6,6.1,6.366666666666667,Deficit
Hyderabad,2014,4,17.38,78.48,542,29.4,62.6,20.8,0.8660254037844387,-0.4999999999999998,18.0,6.6,10.233333333333333,Deficit
Hyderabad,2014,5,17.38,78.48,542,26.4,69.6,65.2,0.49999999999999994,-0.8660254037844387,20.8,18.0,15.133333333333335,Normal
Hyderabad,2014,6,17.38,78.48,542,25.0,84.7,136.1,1.2246467991473532e-16,-1.0,65.2,20.8,34.666666666666664,Normal
Hyderabad,2014,7,17.38,78.48,542,25.5,79.8,315.8,-0.4999999999999997,-0.8660254037844388,136.1,65.2,74.03333333333333,Excess
Hyderabad,2014,8,17.38,78.48,542,27.9,76.1,219.4,-0.8660254037844385,-0.5000000000000004,315.8,136.1,172.36666666666667,Excess
Hyderabad,2014,9,17.38,78.48,542,33.8,83.2,143.1,-1.0,-1.8369701987210297e-16,219.4,315.8,223.76666666666665,Normal
Hyderabad,2014,10,17.38,78.48,542,18.8,54.6,21.4,-0.8660254037844386,0.5000000000000001,143.1,219.4,226.10000000000002,Deficit
Hyderabad,2014,11,17.38,78.48,542,26.9,52.0,15.3,-0.5000000000000004,0.8660254037844384,21.4,143.1,127.96666666666665,Deficit
Hyderabad,2014,12,17.38,78.48,542,20.6,60.3,3.1,-2.4492935982947064e-16,1.0,15.3,21.4,59.93333333333334,Deficit
Hyderabad,2015,1,17.38,78.48,542,31.4,57.7,6.1,0.49999999999999994,0.8660254037844387,3.1,15.3,13.266666666666667,Deficit
Hyderabad,2015,2,17.38,78.48,542,19.6,38.3,12.0,0.8660254037844386,0.5000000000000001,6.1,3.1,8.166666666666666,Deficit
Hyderabad,2015,3,17.38,78.48,542,27.0,70.0,17.8,1.0,6.123233995736766e-17,12.0,6.1,7.066666666666666,Deficit
Hyderabad,2015,4,17.38,78.48,542,24.0,41.7,31.0,0.8660254037844387,-0.4999999999999998,17.8,12.0,11.966666666666669,Deficit
Hyderabad,2015,5,17.38,78.48,542,21.1,68.3,78.3,0.49999999999999994,-0.8660254037844387,31.0,17.8,20.266666666666666,Normal
Hyderabad,2015,6,17.38,78.48,542,32.0,86.1,139.0,1.2246467991473532e-16,-1.0,78.3,31.0,42.36666666666667,Normal
Hyderabad,2015,7,17.38,78.48,542,26.7,80.0,241.2,-0.4999999999999997,-0.8660254037844388,139.0,78.3,82.76666666666667,Excess
Hyderabad,2015,8,17.38,78.48,542,28.2,78.4,236.8,-0.8660254037844385,-0.5000000000000004,241.2,139.0,152.83333333333334,Excess
Hyderabad,2015,9,17.38,78.48,542,28.2,69.2,124.4,-1.0,-1.8369701987210297e-16,236.8,241.2,205.66666666666666,Normal
Hyderabad,2015,10,17.38,78.48,542,21.1,40.5,29.7,-0.8660254037844386,0.5000000000000001,124.4,236.8,200.79999999999998,Deficit
Hyderabad,2015,11,17.38,78.48,542,17.8,38.4,9.6,-0.5000000000000004,0.8660254037844384,29.7,124.4,130.3,Deficit
Hyderabad,2015,12,17.38,78.48,542,32.8,46.7,3.2,-2.4492935982947064e-16,1.0,9.6,29.7,54.56666666666666,Deficit
Hyderabad,2016,1,17.38,78.48,542,25.5,51.2,9.1,0.49999999999999994,0.8660254037844387,3.2,9.6,14.166666666666666,Deficit
Hyderabad,2016,2,17.38,78.48,542,30.8,70.1,5.9,0.8660254037844386,0.5000000000000001,9.1,3.2,7.3,Deficit
Hyderabad,2016,3,17.38,78.48,542,20.9,49.2,11.6,1.0,6.123233995736766e-17,5.9,9.1,6.066666666666667,Deficit
Hyderabad,2016,4,17.38,78.48,542,27.0,44.7,20.6,0.8660254037844387,-0.4999999999999998,11.6,5.9,8.866666666666667,Deficit
Hyderabad,2016,5,17.38,78.48,542,29.8,54.1,81.0,0.49999999999999994,-0.8660254037844387,20.6,11.6,12.700000000000001,Normal
Hyderabad,2016,6,17.38,78.48,542,30.8,78.6,157.8,1.2246467991473532e-16,-1.0,81.0,20.6,37.733333333333334,Excess
Hyderabad,2016,7,17.38,78.48,542,28.2,87.2,191.7,-0.4999999999999997,-0.8660254037844388,157.8,81.0,86.46666666666665,Excess
Hyderabad,2016,8,17.38,78.48,542,24.1,77.2,204.7,-0.8660254037844385,-0.5000000000000004,191.7,157.8,143.5,Excess
Hyderabad,2016,9,17.38,78.48,542,27.8,93.8,115.0,-1.0,-1.8369701987210297e-16,204.7,191.7,184.73333333333335,Normal
Hyderabad,2016,10,17.38,78.48,542,27.0,66.9,18.7,-0.8660254037844386,0.5000000000000001,115.0,204.7,170.46666666666667,Deficit
Hyderabad,2016,11,17.38,78.48,542,23.4,56.9,17.6,-0.5000000000000004,0.8660254037844384,18.7,115.0,112.8,Deficit
Hyderabad,2016,12,17.38,78.48,542,25.8,51.0,5.3,-2.4492935982947064e-16,1.0,17.6,18.7,50.43333333333333,Deficit
Hyderabad,2017,1,17.38,78.48,542,27.7,53.3,3.6,0.49999999999999994,0.8660254037844387,5.3,17.6,13.866666666666665,Deficit
Hyderabad,2017,2,17.38,78.48,542,33.2,45.3,8.2,0.8660254037844386,0.5000000000000001,3.6,5.3,8.833333333333334,Deficit
Hyderabad,2017,3,17.38,78.48,542,33.0,43.7,16.0,1.0,6.123233995736766e-17,8.2,3.6,5.7,Deficit
Hyderabad,2017,4,17.38,78.48,542,24.4,60.4,23.3,0.8660254037844387,-0.4999999999999998,16.0,8.2,9.266666666666666,Deficit
Hyderabad,2017,5,17.38,78.48,542,19.8,46.7,62.6,0.49999999999999994,-0.8660254037844387,23.3,16.0,15.833333333333334,Normal
Hyderabad,2017,6,17.38,78.48,542,27.8,84.6,122.8,1.2246467991473532e-16,-1.0,62.6,23.3,33.96666666666667,Normal
Hyderabad,2017,7,17.38,78.48,542,23.6,88.4,250.1,-0.4999999999999997,-0.8660254037844388,122.8,62.6,69.56666666666666,Excess
Hyderabad,2017,8,17.38,78.48,542,31.5,84.7,216.2,-0.8660254037844385,-0.5000000000000004,250.1,122.8,145.16666666666666,Excess
Hyderabad,2017,9,17.38,78.48,542,29.2,90.1,144.5,-1.0,-1.8369701987210297e-16,216.2,250.1,196.36666666666665,Normal
Hyderabad,2017,10,17.38,78.48,542,24.6,74.7,28.3,-0.8660254037844386,0.5000000000000001,144.5,216.2,203.6,Deficit
Hyderabad,2017,11,17.38,78.48,542,27.3,39.2,15.0,-0.5000000000000004,0.8660254037844384,28.3,144.5,129.66666666666666,Deficit
Hyderabad,2017,12,17.38,78.48,542,26.2,53.5,1.7,-2.4492935982947064e-16,1.0,15.0,28.3,62.6,Deficit
Hyderabad,2018,1,17.38,78.48,542,31.4,59.0,7.7,0.49999999999999994,0.8660254037844387,1.7,15.0,15.0,Deficit
Hyderabad,2018,2,17.38,78.48,542,24.6,44.0,5.1,0.8660254037844386,0.5000000000000001,7.7,1.7,8.133333333333333,Deficit
Hyderabad,2018,3,17.38,78.48,542,23.3,47.2,13.8,1.0,6.123233995736766e-17,5.1,7.7,4.833333333333333,Deficit
Hyderabad,2018,4,17.38,78.48,542,24.5,46.4,17.2,0.8660254037844387,-0.4999999999999998,13.8,5.1,8.866666666666667,Deficit
Hyderabad,2018,5,17.38,78.48,542,33.2,62.9,24.6,0.49999999999999994,-0.8660254037844387,17.2,13.8,12.033333333333331,Deficit
Hyderabad,2018,6,17.38,78.48,542,28.0,75.0,110.7,1.2246467991473532e-16,-1.0,24.6,17.2,18.533333333333335,Normal
Hyderabad,2018,7,17.38,78.48,542,32.7,82.9,261.6,-0.4999999999999997,-0.8660254037844388,110.7,24.6,50.833333333333336,Excess
Hyderabad,2018,8,17.38,78.48,542,28.4,74.0,210.9,-0.8660254037844385,-0.5000000000000004,261.6,110.7,132.3,Excess
Hyderabad,2018,9,17.38,78.48,542,28.3,79.3,96.2,-1.0,-1.8369701987210297e-16,210.9,261.6,194.4,Normal
Hyderabad,2018,10,17.38,78.48,542,24.6,51.2,21.4,-0.8660254037844386,0.5000000000000001,96.2,210.9,189.5666666666667,Deficit
Hyderabad,2018,11,17.38,78.48,542,20.8,44.8,11.2,-0.5000000000000004,0.8660254037844384,21.4,96.2,109.5,Deficit
Hyderabad,2018,12,17.38,78.48,542,28.9,30.9,1.1,-2.4492935982947064e-16,1.0,11.2,21.4,42.93333333333333,Deficit
Hyderabad,2019,1,17.38,78.48,542,23.8,30.0,12.2,0.49999999999999994,0.8660254037844387,1.1,11.2,11.233333333333333,Deficit
Hyderabad,2019,2,17.38,78.48,542,24.7,41.9,8.7,0.8660254037844386,0.5000000000000001,12.2,1.1,8.166666666666666,Deficit
Hyderabad,2019,3,17.38,78.48,542,31.1,58.6,17.1,1.0,6.123233995736766e-17,8.7,12.2,7.333333333333333,Deficit
Hyderabad,2019,4,17.38,78.48,542,18.6,48.7,23.6,0.8660254037844387,-0.4999999999999998,17.1,8.7,12.666666666666666,Deficit
Hyderabad,2019,5,17.38,78.48,542,27.0,46.6,63.5,0.49999999999999994,-0.8660254037844387,23.6,17.1,16.46666666666667,Normal
Hyderabad,2019,6,17.38,78.48,542,32.8,86.9,164.8,1.2246467991473532e-16,-1.0,63.5,23.6,34.733333333333334,Excess
Hyderabad,2019,7,17.38,78.48,542,27.5,79.9,252.4,-0.4999999999999997,-0.8660254037844388,164.8,63.5,83.96666666666667,Excess
Hyderabad,2019,8,17.38,78.48,542,26.4,82.3,274.5,-0.8660254037844385,-0.5000000000000004,252.4,164.8,160.23333333333335,Excess
Hyderabad,2019,9,17.38,78.48,542,26.7,73.8,133.3,-1.0,-1.8369701987210297e-16,274.5,252.4,230.5666666666667,Normal
Hyderabad,2019,10,17.38,78.48,542,24.8,57.0,29.9,-0.8660254037844386,0.5000000000000001,133.3,274.5,220.0666666666667,Deficit
Hyderabad,2019,11,17.38,78.48,542,29.9,43.2,12.8,-0.5000000000000004,0.8660254037844384,29.9,133.3,145.9,Deficit
Hyderabad,2019,12,17.38,78.48,542,18.0,56.3,8.1,-2.4492935982947064e-16,1.0,12.8,29.9,58.66666666666668,Deficit
Hyderabad,2020,1,17.38,78.48,542,26.7,64.8,7.1,0.49999999999999994,0.8660254037844387,8.1,12.8,16.933333333333334,Deficit
Hyderabad,2020,2,17.38,78.48,542,27.0,30.0,4.2,0.8660254037844386,0.5000000000000001,7.1,8.1,9.333333333333334,Deficit
Hyderabad,2020,3,17.38,78.48,542,31.5,46.2,14.3,1.0,6.123233995736766e-17,4.2,7.1,6.466666666666666,Deficit
Hyderabad,2020,4,17.38,78.48,542,24.2,72.7,20.5,0.8660254037844387,-0.4999999999999998,14.3,4.2,8.533333333333333,Deficit
Hyderabad,2020,5,17.38,78.48,542,20.8,67.0,40.6,0.49999999999999994,-0.8660254037844387,20.5,14.3,13.0,Normal
Hyderabad,2020,6,17.38,78.48,542,27.7,74.6,184.9,1.2246467991473532e-16,-1.0,40.6,20.5,25.133333333333336,Excess
Hyderabad,2020,7,17.38,78.48,542,32.0,86.1,322.0,-0.4999999999999997,-0.8660254037844388,184.9,40.6,82.0,Excess
Hyderabad,2020,8,17.38,78.48,542,27.9,81.0,177.5,-0.8660254037844385,-0.5000000000000004,322.0,184.9,182.5,Excess
Hyderabad,2020,9,17.38,78.48,542,31.6,87.3,128.5,-1.0,-1.8369701987210297e-16,177.5,322.0,228.13333333333333,Normal
Hyderabad,2020,10,17.38,78.48,542,30.5,55.1,20.9,-0.8660254037844386,0.5000000000000001,128.5,177.5,209.33333333333334,Deficit
Hyderabad,2020,11,17.38,78.48,542,30.9,40.9,14.6,-0.5000000000000004,0.8660254037844384,20.9,128.5,108.96666666666665,Deficit
Hyderabad,2020,12,17.38,78.48,542,22.9,36.3,4.3,-2.4492935982947064e-16,1.0,14.6,20.9,54.666666666666664,Deficit
Hyderabad,2021,1,17.38,78.48,542,17.6,51.7,13.5,0.49999999999999994,0.8660254037844387,4.3,14.6,13.266666666666666,Deficit
Hyderabad,2021,2,17.38,78.48,542,25.5,50.9,9.8,0.8660254037844386,0.5000000000000001,13.5,4.3,10.799999999999999,Deficit
Hyderabad,2021,3,17.38,78.48,542,25.9,44.4,13.0,1.0,6.123233995736766e-17,9.8,13.5,9.200000000000001,Deficit
Hyderabad,2021,4,17.38,78.48,542,29.8,61.6,15.5,0.8660254037844387,-0.4999999999999998,13.0,9.8,12.1,Deficit
Hyderabad,2021,5,17.38,78.48,542,25.9,62.7,60.2,0.49999999999999994,-0.8660254037844387,15.5,13.0,12.766666666666666,Normal
Hyderabad,2021,6,17.38,78.48,542,30.3,80.2,141.7,1.2246467991473532e-16,-1.0,60.2,15.5,29.566666666666666,Normal
Hyderabad,2021,7,17.38,78.48,542,28.8,83.2,284.2,-0.4999999999999997,-0.8660254037844388,141.7,60.2,72.46666666666665,Excess
Hyderabad,2021,8,17.38,78.48,542,28.7,77.0,157.6,-0.8660254037844385,-0.5000000000000004,284.2,141.7,162.03333333333333,Excess
Hyderabad,2021,9,17.38,78.48,542,26.0,75.6,105.5,-1.0,-1.8369701987210297e-16,157.6,284.2,194.5,Normal
Hyderabad,2021,10,17.38,78.48,542,30.3,71.2,35.3,-0.8660254037844386,0.5000000000000001,105.5,157.6,182.4333333333333,Deficit
Hyderabad,2021,11,17.38,78.48,542,25.3,39.1,10.0,-0.5000000000000004,0.8660254037844384,35.3,105.5,99.46666666666668,Deficit
Hyderabad,2021,12,17.38,78.48,542,21.3,64.4,2.9,-2.4492935982947064e-16,1.0,10.0,35.3,50.26666666666667,Deficit
Hyderabad,2022,1,17.38,78.48,542,27.4,75.0,9.8,0.49999999999999994,0.8660254037844387,2.9,10.0,16.066666666666666,Deficit
Hyderabad,2022,2,17.38,78.48,542,30.0,63.5,4.7,0.8660254037844386,0.5000000000000001,9.8,2.9,7.566666666666667,Deficit
Hyderabad,2022,3,17.38,78.48,542,29.0,55.4,12.7,1.0,6.123233995736766e-17,4.7,9.8,5.800000000000001,Deficit
Hyderabad,2022,4,17.38,78.48,542,21.7,44.8,22.1,0.8660254037844387,-0.4999999999999998,12.7,4.7,9.066666666666666,Deficit
Hyderabad,2022,5,17.38,78.48,542,25.0,59.8,73.5,0.49999999999999994,-0.8660254037844387,22.1,12.7,13.166666666666666,Normal
Hyderabad,2022,6,17.38,78.48,542,26.1,88.5,105.2,1.2246467991473532e-16,-1.0,73.5,22.1,36.1,Normal
Hyderabad,2022,7,17.38,78.48,542,27.0,82.2,156.8,-0.4999999999999997,-0.8660254037844388,105.2,73.5,66.93333333333334,Excess
Hyderabad,2022,8,17.38,78.48,542,27.6,84.4,187.8,-0.8660254037844385,-0.5000000000000004,156.8,105.2,111.83333333333333,Excess
Hyderabad,2022,9,17.38,78.48,542,29.8,76.1,120.8,-1.0,-1.8369701987210297e-16,187.8,156.8,149.93333333333334,Normal
Hyderabad,2022,10,17.38,78.48,542,29.8,60.9,21.8,-0.8660254037844386,0.5000000000000001,120.8,187.8,155.13333333333335,Deficit
Hyderabad,2022,11,17.38,78.48,542,26.4,32.2,8.7,-0.5000000000000004,0.8660254037844384,21.8,120.8,110.13333333333334,Deficit
Hyderabad,2022,12,17.38,78.48,542,32.6,42.5,3.9,-2.4492935982947064e-16,1.0,8.7,21.8,50.43333333333333,Deficit
Hyderabad,2023,1,17.38,78.48,542,18.8,45.7,8.7,0.49999999999999994,0.8660254037844387,3.9,8.7,11.466666666666667,Deficit
Hyderabad,2023,2,17.38,78.48,542,22.5,49.6,8.4,0.8660254037844386,0.5000000000000001,8.7,3.9,7.099999999999999,Deficit
Hyderabad,2023,3,17.38,78.48,542,26.7,54.7,16.3,1.0,6.123233995736766e-17,8.4,8.7,7.0,Deficit
Hyderabad,2023,4,17.38,78.48,542,26.5,50.8,20.2,0.8660254037844387,-0.4999999999999998,16.3,8.4,11.133333333333335,Deficit
Hyderabad,2023,5,17.38,78.48,542,23.0,50.2,54.3,0.49999999999999994,-0.8660254037844387,20.2,16.3,14.966666666666669,Normal
Hyderabad,2023,6,17.38,78.48,542,27.9,77.1,94.3,1.2246467991473532e-16,-1.0,54.3,20.2,30.266666666666666,Normal
Hyderabad,2023,7,17.38,78.48,542,28.6,83.3,154.8,-0.4999999999999997,-0.8660254037844388,94.3,54.3,56.26666666666667,Excess
Hyderabad,2023,8,17.38,78.48,542,26.9,84.4,196.4,-0.8660254037844385,-0.5000000000000004,154.8,94.3,101.13333333333333,Excess
Hyderabad,2023,9,17.38,78.48,542,29.1,77.0,110.4,-1.0,-1.8369701987210297e-16,196.4,154.8,148.5,Normal
Hyderabad,2023,10,17.38,78.48,542,26.5,52.1,22.1,-0.8660254037844386,0.5000000000000001,110.4,196.4,153.86666666666667,Deficit
Hyderabad,2023,11,17.38,78.48,542,25.6,74.1,6.6,-0.5000000000000004,0.8660254037844384,22.1,110.4,109.63333333333334,Deficit
Hyderabad,2023,12,17.38,78.48,542,22.1,55.7,2.9,-2.4492935982947064e-16,1.0,6.6,22.1,46.36666666666667,Deficit
Hyderabad,2024,1,17.38,78.48,542,20.0,59.3,10.9,0.49999999999999994,0.8660254037844387,2.9,6.6,10.533333333333333,Deficit
Hyderabad,2024,2,17.38,78.48,542,24.4,55.4,9.7,0.8660254037844386,0.5000000000000001,10.9,2.9,6.8,Deficit
Hyderabad,2024,3,17.38,78.48,542,28.5,40.6,20.1,1.0,6.123233995736766e-17,9.7,10.9,7.833333333333333,Deficit
Hyderabad,2024,4,17.38,78.48,542,24.7,52.7,29.2,0.8660254037844387,-0.4999999999999998,20.1,9.7,13.566666666666668,Deficit
Hyderabad,2024,5,17.38,78.48,542,24.4,63.9,60.1,0.49999999999999994,-0.8660254037844387,29.2,20.1,19.666666666666668,Normal
Hyderabad,2024,6,17.38,78.48,542,25.2,79.6,133.6,1.2246467991473532e-16,-1.0,60.1,29.2,36.46666666666667,Normal
Hyderabad,2024,7,17.38,78.48,542,31.1,85.6,236.2,-0.4999999999999997,-0.8660254037844388,133.6,60.1,74.3,Excess
Hyderabad,2024,8,17.38,78.48,542,34.2,83.6,172.3,-0.8660254037844385,-0.5000000000000004,236.2,133.6,143.29999999999998,Excess
Hyderabad,2024,9,17.38,78.48,542,27.6,85.2,145.9,-1.0,-1.8369701987210297e-16,172.3,236.2,180.69999999999996,Normal
Hyderabad,2024,10,17.38,78.48,542,29.9,62.6,29.3,-0.8660254037844386,0.5000000000000001,145.9,172.3,184.79999999999998,Deficit
Hyderabad,2024,11,17.38,78.48,542,23.7,46.3,14.7,-0.5000000000000004,0.8660254037844384,29.3,145.9,115.83333333333336,Deficit
Hyderabad,2024,12,17.38,78.48,542,28.7,49.8,4.9,-2.4492935982947064e-16,1.0,14.7,29.3,63.300000000000004,Deficit
Jaipur,2005,1,26.91,75.78,431,27.2,58.8,5.3,0.49999999999999994,0.8660254037844387,0.0,0.0,0.0,Deficit
Jaipur,2005,2,26.91,75.78,431,22.0,43.2,1.0,0.8660254037844386,0.5000000000000001,5.3,0.0,5.3,Deficit
Jaipur,2005,3,26.91,75.78,431,26.9,67.0,5.1,1.0,6.123233995736766e-17,1.0,5.3,3.15,Deficit
Jaipur,2005,4,26.91,75.78,431,23.0,63.5,3.9,0.8660254037844387,-0.4999999999999998,5.1,1.0,3.7999999999999994,Deficit
Jaipur,2005,5,26.91,75.78,431,30.1,54.9,15.4,0.49999999999999994,-0.8660254037844387,3.9,5.1,3.3333333333333335,Deficit
Jaipur,2005,6,26.91,75.78,431,24.7,72.7,38.6,1.2246467991473532e-16,-1.0,15.4,3.9,8.133333333333333,Deficit
Jaipur,2005,7,26.91,75.78,431,31.0,93.1,191.0,-0.4999999999999997,-0.8660254037844388,38.6,15.4,19.3,Excess
Jaipur,2005,8,26.91,75.78,431,30.9,78.5,179.7,-0.8660254037844385,-0.5000000000000004,191.0,38.6,81.66666666666667,Excess
Jaipur,2005,9,26.91,75.78,431,30.1,84.5,50.2,-1.0,-1.8369701987210297e-16,179.7,191.0,136.4333333333333,Normal
Jaipur,2005,10,26.91,75.78,431,26.5,55.2,10.0,-0.8660254037844386,0.5000000000000001,50.2,179.7,140.29999999999998,Deficit
Jaipur,2005,11,26.91,75.78,431,30.2,57.4,5.0,-0.5000000000000004,0.8660254037844384,10.0,50.2,79.96666666666665,Deficit
Jaipur,2005,12,26.91,75.78,431,27.1,47.4,4.1,-2.4492935982947064e-16,1.0,5.0,10.0,21.733333333333334,Deficit
Jaipur,2006,1,26.91,75.78,431,29.2,40.1,3.9,0.49999999999999994,0.8660254037844387,4.1,5.0,6.366666666666667,Deficit
Jaipur,2006,2,26.91,75.78,431,21.6,57.5,7.2,0.8660254037844386,0.5000000000000001,3.9,4.1,4.333333333333333,Deficit
Jaipur,2006,3,26.91,75.78,431,18.6,56.2,6.6,1.0,6.123233995736766e-17,7.2,3.9,5.066666666666666,Deficit
Jaipur,2006,4,26.91,75.78,431,28.5,52.0,5.5,0.8660254037844387,-0.4999999999999998,6.6,7.2,5.8999999999999995,Deficit
Jaipur,2006,5,26.91,75.78,431,21.2,46.1,21.4,0.49999999999999994,-0.8660254037844387,5.5,6.6,6.433333333333334,Deficit
Jaipur,2006,6,26.91,75.78,431,30.1,92.1,61.1,1.2246467991473532e-16,-1.0,21.4,5.5,11.166666666666666,Normal
Jaipur,2006,7,26.91,75.78,431,30.7,69.0,199.2,-0.4999999999999997,-0.8660254037844388,61.1,21.4,29.333333333333332,Excess
Jaipur,2006,8,26.91,75.78,431,25.6,73.9,167.2,-0.8660254037844385,-0.5000000000000004,199.2,61.1,93.89999999999999,Excess
Jaipur,2006,9,26.91,75.78,431,29.0,80.7,61.9,-1.0,-1.8369701987210297e-16,167.2,199.2,142.5,Normal
Jaipur,2006,10,26.91,75.78,431,27.8,54.7,14.2,-0.8660254037844386,0.5000000000000001,61.9,167.2,142.76666666666665,Deficit
Jaipur,2006,11,26.91,75.78,431,24.7,40.1,4.6,-0.5000000000000004,0.8660254037844384,14.2,61.9,81.1,Deficit
Jaipur,2006,12,26.91,75.78,431,22.6,42.6,5.4,-2.4492935982947064e-16,1.0,4.6,14.2,26.899999999999995,Deficit
Jaipur,2007,1,26.91,75.78,431,23.3,55.4,4.0,0.49999999999999994,0.8660254037844387,5.4,4.6,8.066666666666665,Deficit
Jaipur,2007,2,26.91,75.78,431,21.4,47.1,6.6,0.8660254037844386,0.5000000000000001,4.0,5.4,4.666666666666667,Deficit
Jaipur,2007,3,26.91,75.78,431,27.0,72.8,8.0,1.0,6.123233995736766e-17,6.6,4.0,5.333333333333333,Deficit
Jaipur,2007,4,26.91,75.78,431,29.6,38.1,8.2,0.8660254037844387,-0.4999999999999998,8.0,6.6,6.2,Deficit
Jaipur,2007,5,26.91,75.78,431,24.8,46.5,20.0,0.49999999999999994,-0.8660254037844387,8.2,8.0,7.599999999999999,Deficit
Jaipur,2007,6,26.91,75.78,431,30.4,85.0,60.5,1.2246467991473532e-16,-1.0,20.0,8.2,12.066666666666668,Normal
Jaipur,2007,7,26.91,75.78,431,29.9,78.2,173.0,-0.4999999999999997,-0.8660254037844388,60.5,20.0,29.566666666666666,Excess
Jaipur,2007,8,26.91,75.78,431,27.2,80.7,195.2,-0.8660254037844385,-0.5000000000000004,173.0,60.5,84.5,Excess
Jaipur,2007,9,26.91,75.78,431,25.4,93.7,86.8,-1.0,-1.8369701987210297e-16,195.2,173.0,142.9,Normal
Jaipur,2007,10,26.91,75.78,431,22.6,55.7,7.9,-0.8660254037844386,0.5000000000000001,86.8,195.2,151.66666666666666,Deficit
Jaipur,2007,11,26.91,75.78,431,24.6,51.4,4.1,-0.5000000000000004,0.8660254037844384,7.9,86.8,96.63333333333333,Deficit
Jaipur,2007,12,26.91,75.78,431,24.1,65.9,3.8,-2.4492935982947064e-16,1.0,4.1,7.9,32.93333333333333,Deficit
Jaipur,2008,1,26.91,75.78,431,21.1,51.2,8.5,0.49999999999999994,0.8660254037844387,3.8,4.1,5.266666666666667,Deficit
Jaipur,2008,2,26.91,75.78,431,21.0,55.6,6.1,0.8660254037844386,0.5000000000000001,8.5,3.8,5.466666666666666,Deficit
Jaipur,2008,3,26.91,75.78,431,27.6,41.3,5.7,1.0,6.123233995736766e-17,6.1,8.5,6.133333333333333,Deficit
Jaipur,2008,4,26.91,75.78,431,21.4,54.2,10.2,0.8660254037844387,-0.4999999999999998,5.7,6.1,6.766666666666667,Deficit
Jaipur,2008,5,26.91,75.78,431,22.7,60.5,23.1,0.49999999999999994,-0.8660254037844387,10.2,5.7,7.333333333333333,Deficit
Jaipur,2008,6,26.91,75.78,431,31.6,82.1,52.4,1.2246467991473532e-16,-1.0,23.1,10.2,13.0,Normal
Jaipur,2008,7,26.91,75.78,431,27.3,86.9,210.2,-0.4999999999999997,-0.8660254037844388,52.4,23.1,28.566666666666663,Excess
Jaipur,2008,8,26.91,75.78,431,26.1,80.7,192.6,-0.8660254037844385,-0.5000000000000004,210.2,52.4,95.23333333333333,Excess
Jaipur,2008,9,26.91,75.78,431,32.6,78.6,68.9,-1.0,-1.8369701987210297e-16,192.6,210.2,151.73333333333332,Normal
Jaipur,2008,10,26.91,75.78,431,25.8,42.2,15.5,-0.8660254037844386,0.5000000000000001,68.9,192.6,157.23333333333332,Deficit
Jaipur,2008,11,26.91,75.78,431,28.1,50.1,3.4,-0.5000000000000004,0.8660254037844384,15.5,68.9,92.33333333333333,Deficit
Jaipur,2008,12,26.91,75.78,431,29.1,61.2,5.7,-2.4492935982947064e-16,1.0,3.4,15.5,29.26666666666667,Deficit
Jaipur,2009,1,26.91,75.78,431,22.5,54.0,3.5,0.49999999999999994,0.8660254037844387,5.7,3.4,8.2,Deficit
Jaipur,2009,2,26.91,75.78,431,16.3,51.9,6.7,0.8660254037844386,0.5000000000000001,3.5,5.7,4.2,Deficit
Jaipur,2009,3,26.91,75.78,431,23.9,64.9,5.9,1.0,6.123233995736766e-17,6.7,3.5,5.3,Deficit
Jaipur,2009,4,26.91,75.78,431,30.2,49.8,6.5,0.8660254037844387,-0.4999999999999998,5.9,6.7,5.366666666666667,Deficit
Jaipur,2009,5,26.91,75.78,431,31.5,65.1,19.7,0.49999999999999994,-0.8660254037844387,6.5,5.9,6.366666666666667,Deficit
Jaipur,2009,6,26.91,75.78,431,27.4,79.9,45.3,1.2246467991473532e-16,-1.0,19.7,6.5,10.700000000000001,Normal
Jaipur,2009,7,26.91,75.78,431,29.7,77.0,214.5,-0.4999999999999997,-0.8660254037844388,45.3,19.7,23.833333333333332,Excess
Jaipur,2009,8,26.91,75.78,431,23.0,90.7,182.4,-0.8660254037844385,-0.5000000000000004,214.5,45.3,93.16666666666667,Excess
Jaipur,2009,9,26.91,75.78,431,28.1,80.1,66.5,-1.0,-1.8369701987210297e-16,182.4,214.5,147.4,Normal
Jaipur,2009,10,26.91,75.78,431,13.6,51.8,13.6,-0.8660254037844386,0.5000000000000001,66.5,182.4,154.46666666666667,Deficit
Jaipur,2009,11,26.91,75.78,431,23.2,69.3,2.6,-0.5000000000000004,0.8660254037844384,13.6,66.5,87.5,Deficit
Jaipur,2009,12,26.91,75.78,431,28.1,55.6,1.0,-2.4492935982947064e-16,1.0,2.6,13.6,27.566666666666663,Deficit
Jaipur,2010,1,26.91,75.78,431,22.1,63.0,5.7,0.49999999999999994,0.8660254037844387,1.0,2.6,5.733333333333333,Deficit
Jaipur,2010,2,26.91,75.78,431,18.8,46.6,7.9,0.8660254037844386,0.5000000000000001,5.7,1.0,3.1,Deficit
Jaipur,2010,3,26.91,75.78,431,28.4,45.2,7.9,1.0,6.123233995736766e-17,7.9,5.7,4.866666666666667,Deficit
Jaipur,2010,4,26.91,75.78,431,27.1,39.8,1.3,0.8660254037844387,-0.4999999999999998,7.9,7.9,7.166666666666667,Deficit
Jaipur,2010,5,26.91,75.78,431,13.7,60.1,13.5,0.49999999999999994,-0.8660254037844387,1.3,7.9,5.7,Deficit
Jaipur,2010,6,26.91,75.78,431,27.4,90.3,72.5,1.2246467991473532e-16,-1.0,13.5,1.3,7.566666666666667,Normal
Jaipur,2010,7,26.91,75.78,431,32.0,73.6,276.4,-0.4999999999999997,-0.8660254037844388,72.5,13.5,29.099999999999998,Excess
Jaipur,2010,8,26.91,75.78,431,24.0,80.6,225.3,-0.8660254037844385,-0.5000000000000004,276.4,72.5,120.8,Excess
Jaipur,2010,9,26.91,75.78,431,29.6,82.3,88.0,-1.0,-1.8369701987210297e-16,225.3,276.4,191.4,Normal
Jaipur,2010,10,26.91,75.78,431,27.8,73.5,15.8,-0.8660254037844386,0.5000000000000001,88.0,225.3,196.5666666666667,Deficit
Jaipur,2010,11,26.91,75.78,431,21.2,54.5,2.9,-0.5000000000000004,0.8660254037844384,15.8,88.0,109.7,Deficit
Jaipur,2010,12,26.91,75.78,431,30.9,49.2,1.9,-2.4492935982947064e-16,1.0,2.9,15.8,35.56666666666667,Deficit
Jaipur,2011,1,26.91,75.78,431,27.9,50.4,4.6,0.49999999999999994,0.8660254037844387,1.9,2.9,6.866666666666666,Deficit
Jaipur,2011,2,26.91,75.78,431,31.7,43.4,4.3,0.8660254037844386,0.5000000000000001,4.6,1.9,3.133333333333333,Deficit
Jaipur,2011,3,26.91,75.78,431,27.6,35.7,5.6,1.0,6.123233995736766e-17,4.3,4.6,3.6,Deficit
Jaipur,2011,4,26.91,75.78,431,20.8,60.2,6.5,0.8660254037844387,-0.4999999999999998,5.6,4.3,4.833333333333333,Deficit
Jaipur,2011,5,26.91,75.78,431,27.8,63.1,13.7,0.49999999999999994,-0.8660254037844387,6.5,5.6,5.466666666666666,Deficit
Jaipur,2011,6,26.91,75.78,431,28.6,80.6,64.0,1.2246467991473532e-16,-1.0,13.7,6.5,8.6,Normal
Jaipur,2011,7,26.91,75.78,431,31.7,77.8,173.9,-0.4999999999999997,-0.8660254037844388,64.0,13.7,28.066666666666666,Excess
Jaipur,2011,8,26.91,75.78,431,29.7,77.2,144.3,-0.8660254037844385,-0.5000000000000004,173.9,64.0,83.86666666666667,Normal
Jaipur,2011,9,26.91,75.78,431,24.4,79.1,59.7,-1.0,-1.8369701987210297e-16,144.3,173.9,127.40000000000002,Normal
Jaipur,2011,10,26.91,75.78,431,26.0,61.5,10.9,-0.8660254037844386,0.5000000000000001,59.7,144.3,125.96666666666668,Deficit
Jaipur,2011,11,26.91,75.78,431,24.2,50.0,3.8,-0.5000000000000004,0.8660254037844384,10.9,59.7,71.63333333333334,Deficit
Jaipur,2011,12,26.91,75.78,431,30.1,53.3,3.8,-2.4492935982947064e-16,1.0,3.8,10.9,24.8,Deficit
Jaipur,2012,1,26.91,75.78,431,19.2,58.7,3.6,0.49999999999999994,0.8660254037844387,3.8,3.8,6.166666666666667,Deficit
Jaipur,2012,2,26.91,75.78,431,27.3,50.7,6.8,0.8660254037844386,0.5000000000000001,3.6,3.8,3.733333333333333,Deficit
Jaipur,2012,3,26.91,75.78,431,23.1,61.6,8.4,1.0,6.123233995736766e-17,6.8,3.6,4.733333333333333,Deficit
Jaipur,2012,4,26.91,75.78,431,22.6,57.9,5.5,0.8660254037844387,-0.4999999999999998,8.4,6.8,6.266666666666667,Deficit
Jaipur,2012,5,26.91,75.78,431,26.4,52.8,18.1,0.49999999999999994,-0.8660254037844387,5.5,8.4,6.8999999999999995,Deficit
Jaipur,2012,6,26.91,75.78,431,34.0,89.1,55.9,1.2246467991473532e-16,-1.0,18.1,5.5,10.666666666666666,Normal
Jaipur,2012,7,26.91,75.78,431,28.3,88.0,222.5,-0.4999999999999997,-0.8660254037844388,55.9,18.1,26.5,Excess
Jaipur,2012,8,26.91,75.78,431,28.1,80.2,196.8,-0.8660254037844385,-0.5000000000000004,222.5,55.9,98.83333333333333,Excess
Jaipur,2012,9,26.91,75.78,431,20.1,83.3,72.1,-1.0,-1.8369701987210297e-16,196.8,222.5,158.4,Normal
Jaipur,2012,10,26.91,75.78,431,31.4,52.2,10.3,-0.8660254037844386,0.5000000000000001,72.1,196.8,163.79999999999998,Deficit
Jaipur,2012,11,26.91,75.78,431,24.8,41.5,0.4,-0.5000000000000004,0.8660254037844384,10.3,72.1,93.06666666666666,Deficit
Jaipur,2012,12,26.91,75.78,431,26.2,61.6,3.8,-2.4492935982947064e-16,1.0,0.4,10.3,27.599999999999998,Deficit
Jaipur,2013,1,26.91,75.78,431,19.5,59.0,5.4,0.49999999999999994,0.8660254037844387,3.8,0.4,4.833333333333333,Deficit
Jaipur,2013,2,26.91,75.78,431,27.0,52.0,6.4,0.8660254037844386,0.5000000000000001,5.4,3.8,3.2000000000000006,Deficit
Jaipur,2013,3,26.91,75.78,431,31.4,49.1,6.2,1.0,6.123233995736766e-17,6.4,5.4,5.2,Deficit
Jaipur,2013,4,26.91,75.78,431,20.7,43.3,5.6,0.8660254037844387,-0.4999999999999998,6.2,6.4,6.0,Deficit
Jaipur,2013,5,26.91,75.78,431,29.4,49.4,16.3,0.49999999999999994,-0.8660254037844387,5.6,6.2,6.066666666666667,Deficit
Jaipur,2013,6,26.91,75.78,431,27.0,78.8,51.3,1.2246467991473532e-16,-1.0,16.3,5.6,9.366666666666667,Normal
Jaipur,2013,7,26.91,75.78,431,24.3,89.7,197.3,-0.4999999999999997,-0.8660254037844388,51.3,16.3,24.399999999999995,Excess
Jaipur,2013,8,26.91,75.78,431,29.8,74.4,150.8,-0.8660254037844385,-0.5000000000000004,197.3,51.3,88.3,Excess
Jaipur,2013,9,26.91,75.78,431,29.7,84.3,78.0,-1.0,-1.8369701987210297e-16,150.8,197.3,133.13333333333335,Normal
Jaipur,2013,10,26.91,75.78,431,26.0,40.2,8.7,-0.8660254037844386,0.5000000000000001,78.0,150.8,142.03333333333333,Deficit
Jaipur,2013,11,26.91,75.78,431,29.1,60.0,2.2,-0.5000000000000004,0.8660254037844384,8.7,78.0,79.16666666666667,Deficit
Jaipur,2013,12,26.91,75.78,431,21.1,58.5,2.7,-2.4492935982947064e-16,1.0,2.2,8.7,29.633333333333336,Deficit
Jaipur,2014,1,26.91,75.78,431,28.1,51.8,1.4,0.49999999999999994,0.8660254037844387,2.7,2.2,4.533333333333332,Deficit
Jaipur,2014,2,26.91,75.78,431,20.6,30.0,8.4,0.8660254037844386,0.5000000000000001,1.4,2.7,2.1,Deficit
Jaipur,2014,3,26.91,75.78,431,26.2,35.1,6.6,1.0,6.123233995736766e-17,8.4,1.4,4.166666666666667,Deficit
Jaipur,2014,4,26.91,75.78,431,36.0,48.9,4.1,0.8660254037844387,-0.4999999999999998,6.6,8.4,5.466666666666666,Deficit
Jaipur,2014,5,26.91,75.78,431,22.4,31.1,20.5,0.49999999999999994,-0.8660254037844387,4.1,6.6,6.366666666666667,Deficit
Jaipur,2014,6,26.91,75.78,431,27.3,79.6,58.5,1.2246467991473532e-16,-1.0,20.5,4.1,10.4,Normal
Jaipur,2014,7,26.91,75.78,431,28.7,81.1,206.9,-0.4999999999999997,-0.8660254037844388,58.5,20.5,27.7,Excess
Jaipur,2014,8,26.91,75.78,431,29.2,70.3,149.2,-0.8660254037844385,-0.5000000000000004,206.9,58.5,95.3,Normal
Jaipur,2014,9,26.91,75.78,431,29.8,85.0,49.5,-1.0,-1.8369701987210297e-16,149.2,206.9,138.2,Normal
Jaipur,2014,10,26.91,75.78,431,19.4,44.9,11.9,-0.8660254037844386,0.5000000000000001,49.5,149.2,135.20000000000002,Deficit
Jaipur,2014,11,26.91,75.78,431,18.6,44.6,2.5,-0.5000000000000004,0.8660254037844384,11.9,49.5,70.2,Deficit
Jaipur,2014,12,26.91,75.78,431,30.7,47.8,4.3,-2.4492935982947064e-16,1.0,2.5,11.9,21.3,Deficit
Jaipur,2015,1,26.91,75.78,431,27.6,44.0,2.8,0.49999999999999994,0.8660254037844387,4.3,2.5,6.233333333333333,Deficit
Jaipur,2015,2,26.91,75.78,431,24.0,65.2,7.3,0.8660254037844386,0.5000000000000001,2.8,4.3,3.1999999999999997,Deficit
Jaipur,2015,3,26.91,75.78,431,27.5,49.2,4.9,1.0,6.123233995736766e-17,7.3,2.8,4.8,Deficit
Jaipur,2015,4,26.91,75.78,431,24.3,43.5,6.3,0.8660254037844387,-0.4999999999999998,4.9,7.3,5.0,Deficit
Jaipur,2015,5,26.91,75.78,431,24.7,54.4,19.9,0.49999999999999994,-0.8660254037844387,6.3,4.9,6.166666666666667,Deficit
Jaipur,2015,6,26.91,75.78,431,30.0,87.5,67.6,1.2246467991473532e-16,-1.0,19.9,6.3,10.366666666666665,Normal
Jaipur,2015,7,26.91,75.78,431,30.2,74.9,188.9,-0.4999999999999997,-0.8660254037844388,67.6,19.9,31.266666666666666,Excess
Jaipur,2015,8,26.91,75.78,431,29.5,70.5,235.6,-0.8660254037844385,-0.5000000000000004,188.9,67.6,92.13333333333333,Excess
Jaipur,2015,9,26.91,75.78,431,26.8,77.4,88.0,-1.0,-1.8369701987210297e-16,235.6,188.9,164.03333333333333,Normal
Jaipur,2015,10,26.91,75.78,431,22.4,43.9,16.6,-0.8660254037844386,0.5000000000000001,88.0,235.6,170.83333333333334,Deficit
Jaipur,2015,11,26.91,75.78,431,27.7,50.6,3.5,-0.5000000000000004,0.8660254037844384,16.6,88.0,113.40000000000002,Deficit
Jaipur,2015,12,26.91,75.78,431,27.1,30.2,5.7,-2.4492935982947064e-16,1.0,3.5,16.6,36.03333333333333,Deficit
Jaipur,2016,1,26.91,75.78,431,26.9,30.0,4.5,0.49999999999999994,0.8660254037844387,5.7,3.5,8.6,Deficit
Jaipur,2016,2,26.91,75.78,431,27.1,53.5,10.7,0.8660254037844386,0.5000000000000001,4.5,5.7,4.566666666666666,Deficit
Jaipur,2016,3,26.91,75.78,431,34.4,60.7,7.9,1.0,6.123233995736766e-17,10.7,4.5,6.966666666666666,Deficit
Jaipur,2016,4,26.91,75.78,431,25.5,50.6,7.5,0.8660254037844387,-0.4999999999999998,7.9,10.7,7.7,Deficit
Jaipur,2016,5,26.91,75.78,431,21.7,45.1,15.3,0.49999999999999994,-0.8660254037844387,7.5,7.9,8.700000000000001,Deficit
Jaipur,2016,6,26.91,75.78,431,27.8,71.9,42.2,1.2246467991473532e-16,-1.0,15.3,7.5,10.233333333333334,Normal
Jaipur,2016,7,26.91,75.78,431,27.9,82.9,201.8,-0.4999999999999997,-0.8660254037844388,42.2,15.3,21.666666666666668,Excess
Jaipur,2016,8,26.91,75.78,431,35.7,90.2,161.6,-0.8660254037844385,-0.5000000000000004,201.8,42.2,86.43333333333334,Excess
Jaipur,2016,9,26.91,75.78,431,28.6,78.4,56.2,-1.0,-1.8369701987210297e-16,161.6,201.8,135.20000000000002,Normal
Jaipur,2016,10,26.91,75.78,431,19.6,56.3,9.1,-0.8660254037844386,0.5000000000000001,56.2,161.6,139.86666666666665,Deficit
Jaipur,2016,11,26.91,75.78,431,28.9,61.9,1.4,-0.5000000000000004,0.8660254037844384,9.1,56.2,75.63333333333334,Deficit
Jaipur,2016,12,26.91,75.78,431,21.6,56.8,5.5,-2.4492935982947064e-16,1.0,1.4,9.1,22.233333333333334,Deficit
Jaipur,2017,1,26.91,75.78,431,21.9,68.1,5.6,0.49999999999999994,0.8660254037844387,5.5,1.4,5.333333333333333,Deficit
Jaipur,2017,2,26.91,75.78,431,27.5,43.8,7.0,0.8660254037844386,0.5000000000000001,5.6,5.5,4.166666666666667,Deficit
Jaipur,2017,3,26.91,75.78,431,22.7,50.8,4.1,1.0,6.123233995736766e-17,7.0,5.6,6.033333333333334,Deficit
Jaipur,2017,4,26.91,75.78,431,25.0,35.1,4.4,0.8660254037844387,-0.4999999999999998,4.1,7.0,5.566666666666666,Deficit
Jaipur,2017,5,26.91,75.78,431,27.7,58.0,15.7,0.49999999999999994,-0.8660254037844387,4.4,4.1,5.166666666666667,Deficit
Jaipur,2017,6,26.91,75.78,431,25.5,75.8,60.9,1.2246467991473532e-16,-1.0,15.7,4.4,8.066666666666666,Normal
Jaipur,2017,7,26.91,75.78,431,29.6,87.6,213.9,-0.4999999999999997,-0.8660254037844388,60.9,15.7,27.0,Excess
Jaipur,2017,8,26.91,75.78,431,25.1,83.6,191.0,-0.8660254037844385,-0.5000000000000004,213.9,60.9,96.83333333333333,Excess
Jaipur,2017,9,26.91,75.78,431,26.7,90.0,72.6,-1.0,-1.8369701987210297e-16,191.0,213.9,155.26666666666668,Normal
Jaipur,2017,10,26.91,75.78,431,25.6,39.3,15.1,-0.8660254037844386,0.5000000000000001,72.6,191.0,159.16666666666666,Deficit
Jaipur,2017,11,26.91,75.78,431,29.3,48.2,3.7,-0.5000000000000004,0.8660254037844384,15.1,72.6,92.90000000000002,Deficit
Jaipur,2017,12,26.91,75.78,431,30.2,68.6,6.0,-2.4492935982947064e-16,1.0,3.7,15.1,30.466666666666665,Deficit
Jaipur,2018,1,26.91,75.78,431,30.7,56.5,7.5,0.49999999999999994,0.8660254037844387,6.0,3.7,8.266666666666667,Deficit
Jaipur,2018,2,26.91,75.78,431,23.2,54.4,5.3,0.8660254037844386,0.5000000000000001,7.5,6.0,5.733333333333333,Deficit
Jaipur,2018,3,26.91,75.78,431,24.4,63.0,3.7,1.0,6.123233995736766e-17,5.3,7.5,6.266666666666667,Deficit
Jaipur,2018,4,26.91,75.78,431,31.1,63.2,1.9,0.8660254037844387,-0.4999999999999998,3.7,5.3,5.5,Deficit
Jaipur,2018,5,26.91,75.78,431,27.2,52.0,17.3,0.49999999999999994,-0.8660254037844387,1.9,3.7,3.6333333333333333,Deficit
Jaipur,2018,6,26.91,75.78,431,30.5,73.6,76.7,1.2246467991473532e-16,-1.0,17.3,1.9,7.633333333333333,Normal
Jaipur,2018,7,26.91,75.78,431,27.5,82.5,242.9,-0.4999999999999997,-0.8660254037844388,76.7,17.3,31.96666666666667,Excess
Jaipur,2018,8,26.91,75.78,431,32.4,88.2,174.5,-0.8660254037844385,-0.5000000000000004,242.9,76.7,112.3,Excess
Jaipur,2018,9,26.91,75.78,431,24.7,79.7,70.7,-1.0,-1.8369701987210297e-16,174.5,242.9,164.70000000000002,Normal
Jaipur,2018,10,26.91,75.78,431,26.0,64.5,13.5,-0.8660254037844386,0.5000000000000001,70.7,174.5,162.7,Deficit
Jaipur,2018,11,26.91,75.78,431,28.9,55.3,4.7,-0.5000000000000004,0.8660254037844384,13.5,70.7,86.23333333333333,Deficit
Jaipur,2018,12,26.91,75.78,431,24.2,62.6,0.4,-2.4492935982947064e-16,1.0,4.7,13.5,29.633333333333336,Deficit
Jaipur,2019,1,26.91,75.78,431,23.7,41.7,7.0,0.49999999999999994,0.8660254037844387,0.4,4.7,6.199999999999999,Deficit
Jaipur,2019,2,26.91,75.78,431,26.2,45.4,5.7,0.8660254037844386,0.5000000000000001,7.0,0.4,4.033333333333334,Deficit
Jaipur,2019,3,26.91,75.78,431,21.2,63.2,5.5,1.0,6.123233995736766e-17,5.7,7.0,4.366666666666667,Deficit
Jaipur,2019,4,26.91,75.78,431,30.8,67.3,5.4,0.8660254037844387,-0.4999999999999998,5.5,5.7,6.066666666666666,Deficit
Jaipur,2019,5,26.91,75.78,431,21.0,31.1,17.7,0.49999999999999994,-0.8660254037844387,5.4,5.5,5.533333333333334,Deficit
Jaipur,2019,6,26.91,75.78,431,24.6,90.3,43.9,1.2246467991473532e-16,-1.0,17.7,5.4,9.533333333333333,Normal
Jaipur,2019,7,26.91,75.78,431,29.0,68.7,213.5,-0.4999999999999997,-0.8660254037844388,43.9,17.7,22.333333333333332,Excess
Jaipur,2019,8,26.91,75.78,431,30.2,83.7,150.0,-0.8660254037844385,-0.5000000000000004,213.5,43.9,91.7,Normal
Jaipur,2019,9,26.91,75.78,431,29.4,91.8,75.6,-1.0,-1.8369701987210297e-16,150.0,213.5,135.79999999999998,Normal
Jaipur,2019,10,26.91,75.78,431,25.3,53.9,11.5,-0.8660254037844386,0.5000000000000001,75.6,150.0,146.36666666666667,Deficit
Jaipur,2019,11,26.91,75.78,431,16.6,58.8,7.8,-0.5000000000000004,0.8660254037844384,11.5,75.6,79.03333333333333,Deficit
Jaipur,2019,12,26.91,75.78,431,27.3,45.4,2.8,-2.4492935982947064e-16,1.0,7.8,11.5,31.63333333333333,Deficit
Jaipur,2020,1,26.91,75.78,431,37.5,60.1,7.4,0.49999999999999994,0.8660254037844387,2.8,7.8,7.366666666666667,Deficit
Jaipur,2020,2,26.91,75.78,431,23.3,47.5,4.3,0.8660254037844386,0.5000000000000001,7.4,2.8,6.0,Deficit
Jaipur,2020,3,26.91,75.78,431,23.7,59.3,2.4,1.0,6.123233995736766e-17,4.3,7.4,4.833333333333333,Deficit
Jaipur,2020,4,26.91,75.78,431,29.2,56.9,3.4,0.8660254037844387,-0.4999999999999998,2.4,4.3,4.7,Deficit
Jaipur,2020,5,26.91,75.78,431,24.4,68.0,15.6,0.49999999999999994,-0.8660254037844387,3.4,2.4,3.3666666666666667,Deficit
Jaipur,2020,6,26.91,75.78,431,28.0,80.6,67.7,1.2246467991473532e-16,-1.0,15.6,3.4,7.133333333333333,Normal
Jaipur,2020,7,26.91,75.78,431,26.7,69.4,212.1,-0.4999999999999997,-0.8660254037844388,67.7,15.6,28.900000000000002,Excess
Jaipur,2020,8,26.91,75.78,431,28.4,84.4,261.6,-0.8660254037844385,-0.5000000000000004,212.1,67.7,98.46666666666665,Excess
Jaipur,2020,9,26.91,75.78,431,26.2,80.9,76.9,-1.0,-1.8369701987210297e-16,261.6,212.1,180.4666666666667,Normal
Jaipur,2020,10,26.91,75.78,431,34.1,39.7,8.5,-0.8660254037844386,0.5000000000000001,76.9,261.6,183.53333333333333,Deficit
Jaipur,2020,11,26.91,75.78,431,23.2,64.9,0.9,-0.5000000000000004,0.8660254037844384,8.5,76.9,115.66666666666667,Deficit
Jaipur,2020,12,26.91,75.78,431,20.1,64.5,3.0,-2.4492935982947064e-16,1.0,0.9,8.5,28.76666666666667,Deficit
Jaipur,2021,1,26.91,75.78,431,27.9,75.9,7.7,0.49999999999999994,0.8660254037844387,3.0,0.9,4.133333333333334,Deficit
Jaipur,2021,2,26.91,75.78,431,22.3,68.2,11.0,0.8660254037844386,0.5000000000000001,7.7,3.0,3.8666666666666667,Deficit
Jaipur,2021,3,26.91,75.78,431,27.0,35.1,7.4,1.0,6.123233995736766e-17,11.0,7.7,7.233333333333333,Deficit
Jaipur,2021,4,26.91,75.78,431,21.7,60.3,6.3,0.8660254037844387,-0.4999999999999998,7.4,11.0,8.700000000000001,Deficit
Jaipur,2021,5,26.91,75.78,431,16.7,51.8,23.7,0.49999999999999994,-0.8660254037844387,6.3,7.4,8.233333333333333,Deficit
Jaipur,2021,6,26.91,75.78,431,27.5,86.4,79.8,1.2246467991473532e-16,-1.0,23.7,6.3,12.466666666666667,Normal
Jaipur,2021,7,26.91,75.78,431,28.9,80.4,246.9,-0.4999999999999997,-0.8660254037844388,79.8,23.7,36.6,Excess
Jaipur,2021,8,26.91,75.78,431,25.2,86.3,165.9,-0.8660254037844385,-0.5000000000000004,246.9,79.8,116.8,Excess
Jaipur,2021,9,26.91,75.78,431,27.7,79.5,86.6,-1.0,-1.8369701987210297e-16,165.9,246.9,164.20000000000002,Normal
Jaipur,2021,10,26.91,75.78,431,29.2,48.6,12.5,-0.8660254037844386,0.5000000000000001,86.6,165.9,166.46666666666667,Deficit
Jaipur,2021,11,26.91,75.78,431,28.0,50.0,0.6,-0.5000000000000004,0.8660254037844384,12.5,86.6,88.33333333333333,Deficit
Jaipur,2021,12,26.91,75.78,431,31.4,51.8,3.4,-2.4492935982947064e-16,1.0,0.6,12.5,33.23333333333333,Deficit
Jaipur,2022,1,26.91,75.78,431,24.1,58.1,3.9,0.49999999999999994,0.8660254037844387,3.4,0.6,5.5,Deficit
Jaipur,2022,2,26.91,75.78,431,25.8,53.0,3.2,0.8660254037844386,0.5000000000000001,3.9,3.4,2.6333333333333333,Deficit
Jaipur,2022,3,26.91,75.78,431,29.1,55.3,6.3,1.0,6.123233995736766e-17,3.2,3.9,3.5,Deficit
Jaipur,2022,4,26.91,75.78,431,21.0,53.4,9.2,0.8660254037844387,-0.4999999999999998,6.3,3.2,4.466666666666666,Deficit
Jaipur,2022,5,26.91,75.78,431,20.7,61.6,19.1,0.49999999999999994,-0.8660254037844387,9.2,6.3,6.233333333333333,Deficit
Jaipur,2022,6,26.91,75.78,431,28.0,85.0,88.8,1.2246467991473532e-16,-1.0,19.1,9.2,11.533333333333333,Normal
Jaipur,2022,7,26.91,75.78,431,26.2,71.1,222.6,-0.4999999999999997,-0.8660254037844388,88.8,19.1,39.03333333333333,Excess
Jaipur,2022,8,26.91,75.78,431,24.5,92.2,175.0,-0.8660254037844385,-0.5000000000000004,222.6,88.8,110.16666666666667,Excess
Jaipur,2022,9,26.91,75.78,431,27.1,87.3,79.7,-1.0,-1.8369701987210297e-16,175.0,222.6,162.13333333333333,Normal
Jaipur,2022,10,26.91,75.78,431,21.9,52.7,10.0,-0.8660254037844386,0.5000000000000001,79.7,175.0,159.1,Deficit
Jaipur,2022,11,26.91,75.78,431,27.0,54.5,5.2,-0.5000000000000004,0.8660254037844384,10.0,79.7,88.23333333333333,Deficit
Jaipur,2022,12,26.91,75.78,431,26.6,54.0,3.3,-2.4492935982947064e-16,1.0,5.2,10.0,31.633333333333336,Deficit
Jaipur,2023,1,26.91,75.78,431,20.7,52.8,5.2,0.49999999999999994,0.8660254037844387,3.3,5.2,6.166666666666667,Deficit
Jaipur,2023,2,26.91,75.78,431,35.2,51.6,4.2,0.8660254037844386,0.5000000000000001,5.2,3.3,4.566666666666666,Deficit
Jaipur,2023,3,26.91,75.78,431,24.5,57.2,2.3,1.0,6.123233995736766e-17,4.2,5.2,4.233333333333333,Deficit
Jaipur,2023,4,26.91,75.78,431,22.6,36.2,8.5,0.8660254037844387,-0.4999999999999998,2.3,4.2,3.9,Deficit
Jaipur,2023,5,26.91,75.78,431,19.5,47.6,17.7,0.49999999999999994,-0.8660254037844387,8.5,2.3,5.0,Deficit
Jaipur,2023,6,26.91,75.78,431,27.8,86.1,49.1,1.2246467991473532e-16,-1.0,17.7,8.5,9.5,Normal
Jaipur,2023,7,26.91,75.78,431,27.3,81.9,158.1,-0.4999999999999997,-0.8660254037844388,49.1,17.7,25.099999999999998,Excess
Jaipur,2023,8,26.91,75.78,431,28.2,84.6,169.3,-0.8660254037844385,-0.5000000000000004,158.1,49.1,74.96666666666665,Excess
Jaipur,2023,9,26.91,75.78,431,29.0,84.7,77.1,-1.0,-1.8369701987210297e-16,169.3,158.1,125.5,Normal
Jaipur,2023,10,26.91,75.78,431,25.2,56.8,7.1,-0.8660254037844386,0.5000000000000001,77.1,169.3,134.83333333333334,Deficit
Jaipur,2023,11,26.91,75.78,431,22.2,45.4,4.0,-0.5000000000000004,0.8660254037844384,7.1,77.1,84.5,Deficit
Jaipur,2023,12,26.91,75.78,431,27.1,62.3,1.4,-2.4492935982947064e-16,1.0,4.0,7.1,29.399999999999995,Deficit
Jaipur,2024,1,26.91,75.78,431,25.5,50.8,7.5,0.49999999999999994,0.8660254037844387,1.4,4.0,4.166666666666667,Deficit
Jaipur,2024,2,26.91,75.78,431,28.0,55.3,5.3,0.8660254037844386,0.5000000000000001,7.5,1.4,4.3,Deficit
Jaipur,2024,3,26.91,75.78,431,21.6,57.2,10.2,1.0,6.123233995736766e-17,5.3,7.5,4.733333333333333,Deficit
Jaipur,2024,4,26.91,75.78,431,21.5,51.9,4.6,0.8660254037844387,-0.4999999999999998,10.2,5.3,7.666666666666667,Deficit
Jaipur,2024,5,26.91,75.78,431,36.7,50.2,17.5,0.49999999999999994,-0.8660254037844387,4.6,10.2,6.7,Deficit
Jaipur,2024,6,26.91,75.78,431,28.7,69.6,45.2,1.2246467991473532e-16,-1.0,17.5,4.6,10.766666666666666,Normal
Jaipur,2024,7,26.91,75.78,431,28.0,86.8,195.4,-0.4999999999999997,-0.8660254037844388,45.2,17.5,22.433333333333337,Excess
Jaipur,2024,8,26.91,75.78,431,26.7,81.1,213.5,-0.8660254037844385,-0.5000000000000004,195.4,45.2,86.03333333333335,Excess
Jaipur,2024,9,26.91,75.78,431,25.2,83.9,63.6,-1.0,-1.8369701987210297e-16,213.5,195.4,151.36666666666667,Normal
Jaipur,2024,10,26.91,75.78,431,23.3,42.0,8.8,-0.8660254037844386,0.5000000000000001,63.6,213.5,157.5,Deficit
Jaipur,2024,11,26.91,75.78,431,32.2,39.0,3.9,-0.5000000000000004,0.8660254037844384,8.8,63.6,95.30000000000001,Deficit
Jaipur,2024,12,26.91,75.78,431,24.5,52.2,0.0,-2.4492935982947064e-16,1.0,3.9,8.8,25.433333333333337,Deficit
Kochi,2005,1,9.93,76.26,4,27.6,52.8,35.7,0.49999999999999994,0.8660254037844387,0.0,0.0,0.0,Deficit
Kochi,2005,2,9.93,76.26,4,21.6,58.7,23.8,0.8660254037844386,0.5000000000000001,35.7,0.0,35.7,Deficit
Kochi,2005,3,9.93,76.26,4,29.7,56.0,71.5,1.0,6.123233995736766e-17,23.8,35.7,29.75,Normal
Kochi,2005,4,9.93,76.26,4,21.8,53.0,143.4,0.8660254037844387,-0.4999999999999998,71.5,23.8,43.666666666666664,Normal
Kochi,2005,5,9.93,76.26,4,31.7,56.4,263.4,0.49999999999999994,-0.8660254037844387,143.4,71.5,79.56666666666666,Excess
Kochi,2005,6,9.93,76.26,4,24.0,89.5,1017.6,1.2246467991473532e-16,-1.0,263.4,143.4,159.4333333333333,Excess
Kochi,2005,7,9.93,76.26,4,24.7,86.6,973.6,-0.4999999999999997,-0.8660254037844388,1017.6,263.4,474.8,Excess
Kochi,2005,8,9.93,76.26,4,24.1,85.0,486.3,-0.8660254037844385,-0.5000000000000004,973.6,1017.6,751.5333333333333,Excess
Kochi,2005,9,9.93,76.26,4,26.5,89.0,399.4,-1.0,-1.8369701987210297e-16,486.3,973.6,825.8333333333334,Excess
Kochi,2005,10,9.93,76.26,4,19.0,53.4,170.2,-0.8660254037844386,0.5000000000000001,399.4,486.3,619.7666666666668,Excess
Kochi,2005,11,9.93,76.26,4,22.1,60.1,139.6,-0.5000000000000004,0.8660254037844384,170.2,399.4,351.9666666666667,Normal
Kochi,2005,12,9.93,76.26,4,28.4,50.8,38.0,-2.4492935982947064e-16,1.0,139.6,170.2,236.39999999999998,Deficit
Kochi,2006,1,9.93,76.26,4,33.2,43.9,29.5,0.49999999999999994,0.8660254037844387,38.0,139.6,115.93333333333332,Deficit
Kochi,2006,2,9.93,76.26,4,25.1,38.2,44.2,0.8660254037844386,0.5000000000000001,29.5,38.0,69.03333333333333,Normal
Kochi,2006,3,9.93,76.26,4,25.5,60.5,79.9,1.0,6.123233995736766e-17,44.2,29.5,37.233333333333334,Normal
Kochi,2006,4,9.93,76.26,4,26.4,46.1,195.5,0.8660254037844387,-0.4999999999999998,79.9,44.2,51.20000000000001,Excess
Kochi,2006,5,9.93,76.26,4,25.0,58.9,489.7,0.49999999999999994,-0.8660254037844387,195.5,79.9,106.53333333333335,Excess
Kochi,2006,6,9.93,76.26,4,29.1,78.2,470.9,1.2246467991473532e-16,-1.0,489.7,195.5,255.0333333333333,Excess
Kochi,2006,7,9.93,76.26,4,29.6,83.4,831.5,-0.4999999999999997,-0.8660254037844388,470.9,489.7,385.3666666666666,Excess
Kochi,2006,8,9.93,76.26,4,25.5,91.7,487.9,-0.8660254037844385,-0.5000000000000004,831.5,470.9,597.3666666666667,Excess
Kochi,2006,9,9.93,76.26,4,29.0,91.5,435.3,-1.0,-1.8369701987210297e-16,487.9,831.5,596.7666666666668,Excess
Kochi,2006,10,9.93,76.26,4,21.8,52.4,201.3,-0.8660254037844386,0.5000000000000001,435.3,487.9,584.9,Excess
Kochi,2006,11,9.93,76.26,4,23.4,57.4,138.2,-0.5000000000000004,0.8660254037844384,201.3,435.3,374.8333333333333,Normal
Kochi,2006,12,9.93,76.26,4,21.0,57.2,33.8,-2.4492935982947064e-16,1.0,138.2,201.3,258.26666666666665,Deficit
Kochi,2007,1,9.93,76.26,4,29.6,39.8,34.1,0.49999999999999994,0.8660254037844387,33.8,138.2,124.43333333333334,Deficit
Kochi,2007,2,9.93,76.26,4,20.3,40.9,35.9,0.8660254037844386,0.5000000000000001,34.1,33.8,68.7,Deficit
Kochi,2007,3,9.93,76.26,4,21.2,46.5,58.7,1.0,6.123233995736766e-17,35.9,34.1,34.6,Normal
Kochi,2007,4,9.93,76.26,4,28.3,48.8,159.2,0.8660254037844387,-0.4999999999999998,58.7,35.9,42.9,Excess
Kochi,2007,5,9.93,76.26,4,29.6,43.6,307.7,0.49999999999999994,-0.8660254037844387,159.2,58.7,84.6,Excess
Kochi,2007,6,9.93,76.26,4,29.1,83.2,786.5,1.2246467991473532e-16,-1.0,307.7,159.2,175.19999999999996,Excess
Kochi,2007,7,9.93,76.26,4,29.2,76.8,792.9,-0.4999999999999997,-0.8660254037844388,786.5,307.7,417.8,Excess
Kochi,2007,8,9.93,76.26,4,28.5,81.1,645.5,-0.8660254037844385,-0.5000000000000004,792.9,786.5,629.0333333333333,Excess
Kochi,2007,9,9.93,76.26,4,28.6,84.4,388.7,-1.0,-1.8369701987210297e-16,645.5,792.9,741.6333333333333,Excess
Kochi,2007,10,9.93,76.26,4,23.9,48.8,335.9,-0.8660254037844386,0.5000000000000001,388.7,645.5,609.0333333333334,Excess
Kochi,2007,11,9.93,76.26,4,29.3,36.9,135.3,-0.5000000000000004,0.8660254037844384,335.9,388.7,456.7,Normal
Kochi,2007,12,9.93,76.26,4,22.7,35.7,21.4,-2.4492935982947064e-16,1.0,135.3,335.9,286.63333333333327,Deficit
Kochi,2008,1,9.93,76.26,4,21.4,37.7,30.3,0.49999999999999994,0.8660254037844387,21.4,135.3,164.2,Deficit
Kochi,2008,2,9.93,76.26,4,28.5,35.1,28.1,0.8660254037844386,0.5000000000000001,30.3,21.4,62.33333333333334,Deficit
Kochi,2008,3,9.93,76.26,4,28.3,61.5,63.8,1.0,6.123233995736766e-17,28.1,30.3,26.600000000000005,Normal
Kochi,2008,4,9.93,76.26,4,33.8,48.4,169.4,0.8660254037844387,-0.4999999999999998,63.8,28.1,40.733333333333334,Excess
Kochi,2008,5,9.93,76.26,4,23.3,52.0,368.4,0.49999999999999994,-0.8660254037844387,169.4,63.8,87.10000000000001,Excess
Kochi,2008,6,9.93,76.26,4,24.6,76.8,851.0,1.2246467991473532e-16,-1.0,368.4,169.4,200.5333333333333,Excess
Kochi,2008,7,9.93,76.26,4,30.6,79.8,693.6,-0.4999999999999997,-0.8660254037844388,851.0,368.4,462.93333333333334,Excess
Kochi,2008,8,9.93,76.26,4,28.9,91.0,448.9,-0.8660254037844385,-0.5000000000000004,693.6,851.0,637.6666666666666,Excess
Kochi,2008,9,9.93,76.26,4,30.6,97.9,281.6,-1.0,-1.8369701987210297e-16,448.9,693.6,664.5,Excess
Kochi,2008,10,9.93,76.26,4,25.2,59.2,215.5,-0.8660254037844386,0.5000000000000001,281.6,448.9,474.7,Excess
Kochi,2008,11,9.93,76.26,4,34.6,53.8,103.9,-0.5000000000000004,0.8660254037844384,215.5,281.6,315.3333333333333,Normal
Kochi,2008,12,9.93,76.26,4,21.7,63.0,26.4,-2.4492935982947064e-16,1.0,103.9,215.5,200.33333333333334,Deficit
Kochi,2009,1,9.93,76.26,4,27.3,36.9,30.2,0.49999999999999994,0.8660254037844387,26.4,103.9,115.26666666666665,Deficit
Kochi,2009,2,9.93,76.26,4,26.8,69.1,34.2,0.8660254037844386,0.5000000000000001,30.2,26.4,53.5,Deficit
Kochi,2009,3,9.93,76.26,4,19.9,43.0,57.1,1.0,6.123233995736766e-17,34.2,30.2,30.266666666666666,Normal
Kochi,2009,4,9.93,76.26,4,30.3,67.5,125.8,0.8660254037844387,-0.4999999999999998,57.1,34.2,40.5,Normal
Kochi,2009,5,9.93,76.26,4,29.9,53.3,455.6,0.49999999999999994,-0.8660254037844387,125.8,57.1,72.36666666666667,Excess
Kochi,2009,6,9.93,76.26,4,27.2,80.1,781.7,1.2246467991473532e-16,-1.0,455.6,125.8,212.83333333333334,Excess
Kochi,2009,7,9.93,76.26,4,28.7,81.8,478.1,-0.4999999999999997,-0.8660254037844388,781.7,455.6,454.3666666666666,Excess
Kochi,2009,8,9.93,76.26,4,28.2,81.0,526.2,-0.8660254037844385,-0.5000000000000004,478.1,781.7,571.8000000000001,Excess
Kochi,2009,9,9.93,76.26,4,28.2,86.4,279.4,-1.0,-1.8369701987210297e-16,526.2,478.1,595.3333333333334,Excess
Kochi,2009,10,9.93,76.26,4,25.3,54.3,184.2,-0.8660254037844386,0.5000000000000001,279.4,526.2,427.90000000000003,Excess
Kochi,2009,11,9.93,76.26,4,22.6,54.3,115.4,-0.5000000000000004,0.8660254037844384,184.2,279.4,329.93333333333334,Normal
Kochi,2009,12,9.93,76.26,4,26.4,43.0,26.4,-2.4492935982947064e-16,1.0,115.4,184.2,193.0,Deficit
Kochi,2010,1,9.93,76.26,4,21.6,57.3,48.2,0.49999999999999994,0.8660254037844387,26.4,115.4,108.66666666666667,Normal
Kochi,2010,2,9.93,76.26,4,29.2,39.3,29.5,0.8660254037844386,0.5000000000000001,48.2,26.4,63.333333333333336,Deficit
Kochi,2010,3,9.93,76.26,4,21.5,49.9,73.8,1.0,6.123233995736766e-17,29.5,48.2,34.699999999999996,Normal
Kochi,2010,4,9.93,76.26,4,28.3,43.6,138.2,0.8660254037844387,-0.4999999999999998,73.8,29.5,50.5,Normal
Kochi,2010,5,9.93,76.26,4,23.6,50.9,485.1,0.49999999999999994,-0.8660254037844387,138.2,73.8,80.5,Excess
Kochi,2010,6,9.93,76.26,4,26.1,83.3,836.4,1.2246467991473532e-16,-1.0,485.1,138.2,232.36666666666667,Excess
Kochi,2010,7,9.93,76.26,4,26.1,89.0,865.9,-0.4999999999999997,-0.8660254037844388,836.4,485.1,486.5666666666666,Excess
Kochi,2010,8,9.93,76.26,4,26.0,73.3,603.4,-0.8660254037844385,-0.5000000000000004,865.9,836.4,729.1333333333333,Excess
Kochi,2010,9,9.93,76.26,4,26.6,93.2,357.9,-1.0,-1.8369701987210297e-16,603.4,865.9,768.5666666666666,Excess
Kochi,2010,10,9.93,76.26,4,21.8,40.5,239.1,-0.8660254037844386,0.5000000000000001,357.9,603.4,609.0666666666666,Excess
Kochi,2010,11,9.93,76.26,4,22.7,52.4,162.4,-0.5000000000000004,0.8660254037844384,239.1,357.9,400.13333333333327,Excess
Kochi,2010,12,9.93,76.26,4,23.1,51.5,39.8,-2.4492935982947064e-16,1.0,162.4,239.1,253.13333333333333,Deficit
Kochi,2011,1,9.93,76.26,4,27.4,49.8,33.1,0.49999999999999994,0.8660254037844387,39.8,162.4,147.1,Deficit
Kochi,2011,2,9.93,76.26,4,23.5,37.2,29.8,0.8660254037844386,0.5000000000000001,33.1,39.8,78.43333333333332,Deficit
Kochi,2011,3,9.93,76.26,4,32.6,43.2,61.7,1.0,6.123233995736766e-17,29.8,33.1,34.233333333333334,Normal
Kochi,2011,4,9.93,76.26,4,21.5,59.2,126.9,0.8660254037844387,-0.4999999999999998,61.7,29.8,41.53333333333334,Normal
Kochi,2011,5,9.93,76.26,4,24.4,42.8,414.2,0.49999999999999994,-0.8660254037844387,126.9,61.7,72.8,Excess
Kochi,2011,6,9.93,76.26,4,24.1,82.9,719.3,1.2246467991473532e-16,-1.0,414.2,126.9,200.9333333333333,Excess
Kochi,2011,7,9.93,76.26,4,24.9,72.8,682.1,-0.4999999999999997,-0.8660254037844388,719.3,414.2,420.1333333333334,Excess
Kochi,2011,8,9.93,76.26,4,26.5,88.8,530.1,-0.8660254037844385,-0.5000000000000004,682.1,719.3,605.1999999999999,Excess
Kochi,2011,9,9.93,76.26,4,27.6,84.6,286.6,-1.0,-1.8369701987210297e-16,530.1,682.1,643.8333333333334,Excess
Kochi,2011,10,9.93,76.26,4,25.5,48.2,173.5,-0.8660254037844386,0.5000000000000001,286.6,530.1,499.6000000000001,Excess
Kochi,2011,11,9.93,76.26,4,26.3,49.4,89.9,-0.5000000000000004,0.8660254037844384,173.5,286.6,330.06666666666666,Normal
Kochi,2011,12,9.93,76.26,4,20.2,67.9,28.6,-2.4492935982947064e-16,1.0,89.9,173.5,183.33333333333334,Deficit
Kochi,2012,1,9.93,76.26,4,23.8,34.7,38.9,0.49999999999999994,0.8660254037844387,28.6,89.9,97.33333333333333,Deficit
Kochi,2012,2,9.93,76.26,4,24.8,44.5,44.8,0.8660254037844386,0.5000000000000001,38.9,28.6,52.46666666666667,Normal
Kochi,2012,3,9.93,76.26,4,29.7,51.8,71.3,1.0,6.123233995736766e-17,44.8,38.9,37.43333333333333,Normal
Kochi,2012,4,9.93,76.26,4,29.3,41.2,204.1,0.8660254037844387,-0.4999999999999998,71.3,44.8,51.666666666666664,Excess
Kochi,2012,5,9.93,76.26,4,28.8,30.0,379.0,0.49999999999999994,-0.8660254037844387,204.1,71.3,106.73333333333333,Excess
Kochi,2012,6,9.93,76.26,4,24.4,79.1,774.8,1.2246467991473532e-16,-1.0,379.0,204.1,218.13333333333333,Excess
Kochi,2012,7,9.93,76.26,4,27.1,78.7,627.8,-0.4999999999999997,-0.8660254037844388,774.8,379.0,452.6333333333334,Excess
Kochi,2012,8,9.93,76.26,4,33.7,93.2,372.7,-0.8660254037844385,-0.5000000000000004,627.8,774.8,593.8666666666667,Excess
Kochi,2012,9,9.93,76.26,4,32.0,79.6,262.4,-1.0,-1.8369701987210297e-16,372.7,627.8,591.7666666666667,Excess
Kochi,2012,10,9.93,76.26,4,24.7,45.4,237.6,-0.8660254037844386,0.5000000000000001,262.4,372.7,420.9666666666667,Excess
Kochi,2012,11,9.93,76.26,4,25.5,47.2,156.2,-0.5000000000000004,0.8660254037844384,237.6,262.4,290.9,Excess
Kochi,2012,12,9.93,76.26,4,21.4,35.6,25.4,-2.4492935982947064e-16,1.0,156.2,237.6,218.73333333333335,Deficit
Kochi,2013,1,9.93,76.26,4,23.9,65.7,23.2,0.49999999999999994,0.8660254037844387,25.4,156.2,139.73333333333332,Deficit
Kochi,2013,2,9.93,76.26,4,24.9,51.1,36.0,0.8660254037844386,0.5000000000000001,23.2,25.4,68.26666666666667,Deficit
Kochi,2013,3,9.93,76.26,4,27.1,48.7,79.2,1.0,6.123233995736766e-17,36.0,23.2,28.2,Normal
Kochi,2013,4,9.93,76.26,4,26.6,60.3,110.0,0.8660254037844387,-0.4999999999999998,79.2,36.0,46.13333333333333,Normal
Kochi,2013,5,9.93,76.26,4,26.2,48.4,341.0,0.49999999999999994,-0.8660254037844387,110.0,79.2,75.06666666666666,Excess
Kochi,2013,6,9.93,76.26,4,21.8,80.7,686.9,1.2246467991473532e-16,-1.0,341.0,110.0,176.73333333333335,Excess
Kochi,2013,7,9.93,76.26,4,26.4,82.3,695.3,-0.4999999999999997,-0.8660254037844388,686.9,341.0,379.3,Excess
Kochi,2013,8,9.93,76.26,4,28.9,80.7,358.0,-0.8660254037844385,-0.5000000000000004,695.3,686.9,574.4,Excess
Kochi,2013,9,9.93,76.26,4,31.3,87.6,246.0,-1.0,-1.8369701987210297e-16,358.0,695.3,580.0666666666666,Excess
Kochi,2013,10,9.93,76.26,4,27.0,57.4,184.6,-0.8660254037844386,0.5000000000000001,246.0,358.0,433.09999999999997,Excess
Kochi,2013,11,9.93,76.26,4,18.2,62.1,132.1,-0.5000000000000004,0.8660254037844384,184.6,246.0,262.8666666666667,Normal
Kochi,2013,12,9.93,76.26,4,23.6,78.4,26.6,-2.4492935982947064e-16,1.0,132.1,184.6,187.5666666666667,Deficit
Kochi,2014,1,9.93,76.26,4,16.2,65.9,28.7,0.49999999999999994,0.8660254037844387,26.6,132.1,114.43333333333334,Deficit
Kochi,2014,2,9.93,76.26,4,21.0,48.7,23.3,0.8660254037844386,0.5000000000000001,28.7,26.6,62.46666666666666,Deficit
Kochi,2014,3,9.93,76.26,4,28.1,50.4,77.3,1.0,6.123233995736766e-17,23.3,28.7,26.2,Normal
Kochi,2014,4,9.93,76.26,4,22.6,53.4,162.5,0.8660254037844387,-0.4999999999999998,77.3,23.3,43.1,Excess
Kochi,2014,5,9.93,76.26,4,28.9,61.7,405.7,0.49999999999999994,-0.8660254037844387,162.5,77.3,87.7,Excess
Kochi,2014,6,9.93,76.26,4,27.1,86.5,804.9,1.2246467991473532e-16,-1.0,405.7,162.5,215.16666666666666,Excess
Kochi,2014,7,9.93,76.26,4,25.3,79.6,605.8,-0.4999999999999997,-0.8660254037844388,804.9,405.7,457.7,Excess
Kochi,2014,8,9.93,76.26,4,30.3,80.9,437.7,-0.8660254037844385,-0.5000000000000004,605.8,804.9,605.4666666666666,Excess
Kochi,2014,9,9.93,76.26,4,28.1,82.7,240.9,-1.0,-1.8369701987210297e-16,437.7,605.8,616.1333333333333,Excess
Kochi,2014,10,9.93,76.26,4,28.7,62.2,222.8,-0.8660254037844386,0.5000000000000001,240.9,437.7,428.1333333333334,Excess
Kochi,2014,11,9.93,76.26,4,22.5,41.6,110.0,-0.5000000000000004,0.8660254037844384,222.8,240.9,300.4666666666667,Normal
Kochi,2014,12,9.93,76.26,4,30.8,48.8,34.7,-2.4492935982947064e-16,1.0,110.0,222.8,191.23333333333335,Deficit
Kochi,2015,1,9.93,76.26,4,27.0,56.4,36.1,0.49999999999999994,0.8660254037844387,34.7,110.0,122.5,Deficit
Kochi,2015,2,9.93,76.26,4,27.7,42.7,22.4,0.8660254037844386,0.5000000000000001,36.1,34.7,60.26666666666666,Deficit
Kochi,2015,3,9.93,76.26,4,23.6,46.1,45.4,1.0,6.123233995736766e-17,22.4,36.1,31.066666666666674,Normal
Kochi,2015,4,9.93,76.26,4,19.2,61.6,137.1,0.8660254037844387,-0.4999999999999998,45.4,22.4,34.63333333333333,Normal
Kochi,2015,5,9.93,76.26,4,17.2,61.8,446.5,0.49999999999999994,-0.8660254037844387,137.1,45.4,68.3,Excess
Kochi,2015,6,9.93,76.26,4,30.1,81.6,585.2,1.2246467991473532e-16,-1.0,446.5,137.1,209.66666666666666,Excess
Kochi,2015,7,9.93,76.26,4,27.5,89.3,574.0,-0.4999999999999997,-0.8660254037844388,585.2,446.5,389.6000000000001,Excess
Kochi,2015,8,9.93,76.26,4,29.5,88.6,310.5,-0.8660254037844385,-0.5000000000000004,574.0,585.2,535.2333333333333,Excess
Kochi,2015,9,9.93,76.26,4,33.8,78.8,322.3,-1.0,-1.8369701987210297e-16,310.5,574.0,489.90000000000003,Excess
Kochi,2015,10,9.93,76.26,4,24.6,64.3,234.3,-0.8660254037844386,0.5000000000000001,322.3,310.5,402.26666666666665,Excess
Kochi,2015,11,9.93,76.26,4,23.4,65.1,114.0,-0.5000000000000004,0.8660254037844384,234.3,322.3,289.0333333333333,Normal
Kochi,2015,12,9.93,76.26,4,19.3,46.8,26.0,-2.4492935982947064e-16,1.0,114.0,234.3,223.53333333333333,Deficit
Kochi,2016,1,9.93,76.26,4,25.4,65.2,40.2,0.49999999999999994,0.8660254037844387,26.0,114.0,124.76666666666667,Normal
Kochi,2016,2,9.93,76.26,4,23.2,49.1,24.3,0.8660254037844386,0.5000000000000001,40.2,26.0,60.06666666666666,Deficit
Kochi,2016,3,9.93,76.26,4,25.3,58.9,62.9,1.0,6.123233995736766e-17,24.3,40.2,30.166666666666668,Normal
Kochi,2016,4,9.93,76.26,4,25.6,51.5,147.7,0.8660254037844387,-0.4999999999999998,62.9,24.3,42.46666666666667,Normal
Kochi,2016,5,9.93,76.26,4,24.5,50.6,347.9,0.49999999999999994,-0.8660254037844387,147.7,62.9,78.3,Excess
Kochi,2016,6,9.93,76.26,4,28.1,82.5,747.7,1.2246467991473532e-16,-1.0,347.9,147.7,186.16666666666666,Excess
Kochi,2016,7,9.93,76.26,4,31.2,75.0,592.2,-0.4999999999999997,-0.8660254037844388,747.7,347.9,414.43333333333334,Excess
Kochi,2016,8,9.93,76.26,4,34.9,75.8,391.2,-0.8660254037844385,-0.5000000000000004,592.2,747.7,562.6,Excess
Kochi,2016,9,9.93,76.26,4,29.8,69.5,242.9,-1.0,-1.8369701987210297e-16,391.2,592.2,577.0333333333334,Excess
Kochi,2016,10,9.93,76.26,4,33.6,36.6,215.3,-0.8660254037844386,0.5000000000000001,242.9,391.2,408.7666666666667,Excess
Kochi,2016,11,9.93,76.26,4,19.0,61.0,82.6,-0.5000000000000004,0.8660254037844384,215.3,242.9,283.1333333333334,Normal
Kochi,2016,12,9.93,76.26,4,22.9,58.8,38.6,-2.4492935982947064e-16,1.0,82.6,215.3,180.26666666666668,Deficit
Kochi,2017,1,9.93,76.26,4,24.0,30.0,46.7,0.49999999999999994,0.8660254037844387,38.6,82.6,112.16666666666667,Normal
Kochi,2017,2,9.93,76.26,4,23.3,49.4,30.1,0.8660254037844386,0.5000000000000001,46.7,38.6,55.96666666666666,Deficit
Kochi,2017,3,9.93,76.26,4,29.5,64.7,68.2,1.0,6.123233995736766e-17,30.1,46.7,38.46666666666667,Normal
Kochi,2017,4,9.93,76.26,4,29.4,55.6,171.0,0.8660254037844387,-0.4999999999999998,68.2,30.1,48.333333333333336,Excess
Kochi,2017,5,9.93,76.26,4,28.6,52.7,464.2,0.49999999999999994,-0.8660254037844387,171.0,68.2,89.76666666666667,Excess
Kochi,2017,6,9.93,76.26,4,24.4,78.9,1161.0,1.2246467991473532e-16,-1.0,464.2,171.0,234.46666666666667,Excess
Kochi,2017,7,9.93,76.26,4,29.1,89.6,689.9,-0.4999999999999997,-0.8660254037844388,1161.0,464.2,598.7333333333333,Excess
Kochi,2017,8,9.93,76.26,4,24.4,87.1,492.0,-0.8660254037844385,-0.5000000000000004,689.9,1161.0,771.6999999999999,Excess
Kochi,2017,9,9.93,76.26,4,23.1,82.0,401.0,-1.0,-1.8369701987210297e-16,492.0,689.9,780.9666666666667,Excess
Kochi,2017,10,9.93,76.26,4,22.3,43.0,176.4,-0.8660254037844386,0.5000000000000001,401.0,492.0,527.6333333333333,Excess
Kochi,2017,11,9.93,76.26,4,25.5,39.1,161.8,-0.5000000000000004,0.8660254037844384,176.4,401.0,356.4666666666667,Excess
Kochi,2017,12,9.93,76.26,4,19.3,55.3,40.9,-2.4492935982947064e-16,1.0,161.8,176.4,246.4,Normal
Kochi,2018,1,9.93,76.26,4,27.0,57.2,24.5,0.49999999999999994,0.8660254037844387,40.9,161.8,126.36666666666667,Deficit
Kochi,2018,2,9.93,76.26,4,24.7,55.1,32.5,0.8660254037844386,0.5000000000000001,24.5,40.9,75.73333333333333,Deficit
Kochi,2018,3,9.93,76.26,4,25.7,56.4,48.2,1.0,6.123233995736766e-17,32.5,24.5,32.63333333333333,Normal
Kochi,2018,4,9.93,76.26,4,17.8,55.3,128.6,0.8660254037844387,-0.4999999999999998,48.2,32.5,35.06666666666667,Normal
Kochi,2018,5,9.93,76.26,4,22.3,39.2,362.7,0.49999999999999994,-0.8660254037844387,128.6,48.2,69.76666666666667,Excess
Kochi,2018,6,9.93,76.26,4,29.2,80.6,795.3,1.2246467991473532e-16,-1.0,362.7,128.6,179.83333333333334,Excess
Kochi,2018,7,9.93,76.26,4,25.9,89.8,416.5,-0.4999999999999997,-0.8660254037844388,795.3,362.7,428.8666666666666,Excess
Kochi,2018,8,9.93,76.26,4,26.6,85.1,375.6,-0.8660254037844385,-0.5000000000000004,416.5,795.3,524.8333333333334,Excess
Kochi,2018,9,9.93,76.26,4,31.8,90.1,223.4,-1.0,-1.8369701987210297e-16,375.6,416.5,529.1333333333333,Excess
Kochi,2018,10,9.93,76.26,4,22.5,30.0,167.9,-0.8660254037844386,0.5000000000000001,223.4,375.6,338.5,Excess
Kochi,2018,11,9.93,76.26,4,19.6,53.4,76.8,-0.5000000000000004,0.8660254037844384,167.9,223.4,255.63333333333333,Normal
Kochi,2018,12,9.93,76.26,4,19.6,49.2,24.6,-2.4492935982947064e-16,1.0,76.8,167.9,156.03333333333333,Deficit
Kochi,2019,1,9.93,76.26,4,17.4,50.7,34.6,0.49999999999999994,0.8660254037844387,24.6,76.8,89.76666666666667,Deficit
Kochi,2019,2,9.93,76.26,4,28.6,59.8,23.8,0.8660254037844386,0.5000000000000001,34.6,24.6,45.333333333333336,Deficit
Kochi,2019,3,9.93,76.26,4,21.9,47.4,53.1,1.0,6.123233995736766e-17,23.8,34.6,27.666666666666668,Normal
Kochi,2019,4,9.93,76.26,4,26.3,49.3,94.0,0.8660254037844387,-0.4999999999999998,53.1,23.8,37.166666666666664,Normal
Kochi,2019,5,9.93,76.26,4,20.6,45.8,483.1,0.49999999999999994,-0.8660254037844387,94.0,53.1,56.96666666666667,Excess
Kochi,2019,6,9.93,76.26,4,25.5,74.9,553.4,1.2246467991473532e-16,-1.0,483.1,94.0,210.0666666666667,Excess
Kochi,2019,7,9.93,76.26,4,26.3,82.7,746.2,-0.4999999999999997,-0.8660254037844388,553.4,483.1,376.8333333333333,Excess
Kochi,2019,8,9.93,76.26,4,24.8,81.0,412.6,-0.8660254037844385,-0.5000000000000004,746.2,553.4,594.2333333333333,Excess
Kochi,2019,9,9.93,76.26,4,25.0,86.9,350.5,-1.0,-1.8369701987210297e-16,412.6,746.2,570.7333333333332,Excess
Kochi,2019,10,9.93,76.26,4,23.1,57.3,187.6,-0.8660254037844386,0.5000000000000001,350.5,412.6,503.1000000000001,Excess
Kochi,2019,11,9.93,76.26,4,25.2,48.9,111.4,-0.5000000000000004,0.8660254037844384,187.6,350.5,316.90000000000003,Normal
Kochi,2019,12,9.93,76.26,4,15.5,33.7,32.4,-2.4492935982947064e-16,1.0,111.4,187.6,216.5,Deficit
Kochi,2020,1,9.93,76.26,4,21.4,49.6,38.1,0.49999999999999994,0.8660254037844387,32.4,111.4,110.46666666666665,Deficit
Kochi,2020,2,9.93,76.26,4,27.8,31.7,33.8,0.8660254037844386,0.5000000000000001,38.1,32.4,60.63333333333333,Deficit
Kochi,2020,3,9.93,76.26,4,23.7,59.0,54.0,1.0,6.123233995736766e-17,33.8,38.1,34.766666666666666,Normal
Kochi,2020,4,9.93,76.26,4,24.1,37.9,232.7,0.8660254037844387,-0.4999999999999998,54.0,33.8,41.96666666666667,Excess
Kochi,2020,5,9.93,76.26,4,30.3,53.1,447.5,0.49999999999999994,-0.8660254037844387,232.7,54.0,106.83333333333333,Excess
Kochi,2020,6,9.93,76.26,4,30.4,86.0,644.6,1.2246467991473532e-16,-1.0,447.5,232.7,244.73333333333335,Excess
Kochi,2020,7,9.93,76.26,4,29.0,88.0,523.4,-0.4999999999999997,-0.8660254037844388,644.6,447.5,441.6000000000001,Excess
Kochi,2020,8,9.93,76.26,4,27.8,79.9,545.0,-0.8660254037844385,-0.5000000000000004,523.4,644.6,538.5,Excess
Kochi,2020,9,9.93,76.26,4,25.0,84.6,391.9,-1.0,-1.8369701987210297e-16,545.0,523.4,571.0,Excess
Kochi,2020,10,9.93,76.26,4,29.3,49.4,169.3,-0.8660254037844386,0.5000000000000001,391.9,545.0,486.7666666666667,Excess
Kochi,2020,11,9.93,76.26,4,27.0,39.8,157.7,-0.5000000000000004,0.8660254037844384,169.3,391.9,368.73333333333335,Excess
Kochi,2020,12,9.93,76.26,4,31.2,60.8,40.3,-2.4492935982947064e-16,1.0,157.7,169.3,239.63333333333335,Normal
Kochi,2021,1,9.93,76.26,4,25.6,45.0,24.9,0.49999999999999994,0.8660254037844387,40.3,157.7,122.43333333333334,Deficit
Kochi,2021,2,9.93,76.26,4,25.6,30.0,34.4,0.8660254037844386,0.5000000000000001,24.9,40.3,74.3,Deficit
Kochi,2021,3,9.93,76.26,4,23.6,51.3,56.0,1.0,6.123233995736766e-17,34.4,24.9,33.199999999999996,Normal
Kochi,2021,4,9.93,76.26,4,28.2,63.2,123.2,0.8660254037844387,-0.4999999999999998,56.0,34.4,38.43333333333333,Normal
Kochi,2021,5,9.93,76.26,4,23.6,51.6,360.7,0.49999999999999994,-0.8660254037844387,123.2,56.0,71.2,Excess
Kochi,2021,6,9.93,76.26,4,26.0,85.5,635.8,1.2246467991473532e-16,-1.0,360.7,123.2,179.96666666666667,Excess
Kochi,2021,7,9.93,76.26,4,31.9,89.5,571.7,-0.4999999999999997,-0.8660254037844388,635.8,360.7,373.2333333333333,Excess
Kochi,2021,8,9.93,76.26,4,30.1,76.3,324.0,-0.8660254037844385,-0.5000000000000004,571.7,635.8,522.7333333333333,Excess
Kochi,2021,9,9.93,76.26,4,26.7,75.9,297.1,-1.0,-1.8369701987210297e-16,324.0,571.7,510.5,Excess
Kochi,2021,10,9.93,76.26,4,14.3,34.5,194.1,-0.8660254037844386,0.5000000000000001,297.1,324.0,397.6000000000001,Excess
Kochi,2021,11,9.93,76.26,4,25.3,48.3,102.2,-0.5000000000000004,0.8660254037844384,194.1,297.1,271.73333333333335,Normal
Kochi,2021,12,9.93,76.26,4,21.7,55.9,18.9,-2.4492935982947064e-16,1.0,102.2,194.1,197.80000000000004,Deficit
Kochi,2022,1,9.93,76.26,4,29.6,56.0,31.9,0.49999999999999994,0.8660254037844387,18.9,102.2,105.06666666666666,Deficit
Kochi,2022,2,9.93,76.26,4,23.9,38.0,27.7,0.8660254037844386,0.5000000000000001,31.9,18.9,51.0,Deficit
Kochi,2022,3,9.93,76.26,4,29.4,58.9,62.7,1.0,6.123233995736766e-17,27.7,31.9,26.166666666666668,Normal
Kochi,2022,4,9.93,76.26,4,23.8,65.5,200.1,0.8660254037844387,-0.4999999999999998,62.7,27.7,40.766666666666666,Excess
Kochi,2022,5,9.93,76.26,4,30.9,51.8,401.0,0.49999999999999994,-0.8660254037844387,200.1,62.7,96.83333333333333,Excess
Kochi,2022,6,9.93,76.26,4,31.7,80.8,864.6,1.2246467991473532e-16,-1.0,401.0,200.1,221.26666666666665,Excess
Kochi,2022,7,9.93,76.26,4,31.2,81.2,664.2,-0.4999999999999997,-0.8660254037844388,864.6,401.0,488.56666666666666,Excess
Kochi,2022,8,9.93,76.26,4,33.4,79.2,341.0,-0.8660254037844385,-0.5000000000000004,664.2,864.6,643.2666666666667,Excess
Kochi,2022,9,9.93,76.26,4,30.9,78.3,328.7,-1.0,-1.8369701987210297e-16,341.0,664.2,623.2666666666668,Excess
Kochi,2022,10,9.93,76.26,4,26.0,34.1,183.1,-0.8660254037844386,0.5000000000000001,328.7,341.0,444.6333333333334,Excess
Kochi,2022,11,9.93,76.26,4,26.0,49.3,121.2,-0.5000000000000004,0.8660254037844384,183.1,328.7,284.2666666666667,Normal
Kochi,2022,12,9.93,76.26,4,31.4,53.0,23.1,-2.4492935982947064e-16,1.0,121.2,183.1,211.0,Deficit
Kochi,2023,1,9.93,76.26,4,21.5,54.7,33.8,0.49999999999999994,0.8660254037844387,23.1,121.2,109.13333333333334,Deficit
Kochi,2023,2,9.93,76.26,4,20.3,66.7,34.1,0.8660254037844386,0.5000000000000001,33.8,23.1,59.366666666666674,Deficit
Kochi,2023,3,9.93,76.26,4,17.6,65.3,63.0,1.0,6.123233995736766e-17,34.1,33.8,30.333333333333332,Normal
Kochi,2023,4,9.93,76.26,4,22.6,34.3,161.2,0.8660254037844387,-0.4999999999999998,63.0,34.1,43.63333333333333,Excess
Kochi,2023,5,9.93,76.26,4,19.8,52.6,605.6,0.49999999999999994,-0.8660254037844387,161.2,63.0,86.09999999999998,Excess
Kochi,2023,6,9.93,76.26,4,29.1,81.6,991.1,1.2246467991473532e-16,-1.0,605.6,161.2,276.59999999999997,Excess
Kochi,2023,7,9.93,76.26,4,26.0,83.1,492.1,-0.4999999999999997,-0.8660254037844388,991.1,605.6,585.9666666666667,Excess
Kochi,2023,8,9.93,76.26,4,28.5,86.1,426.2,-0.8660254037844385,-0.5000000000000004,492.1,991.1,696.2666666666668,Excess
Kochi,2023,9,9.93,76.26,4,24.9,95.2,416.1,-1.0,-1.8369701987210297e-16,426.2,492.1,636.4666666666667,Excess
Kochi,2023,10,9.93,76.26,4,25.0,62.9,282.6,-0.8660254037844386,0.5000000000000001,416.1,426.2,444.8,Excess
Kochi,2023,11,9.93,76.26,4,19.2,49.7,202.3,-0.5000000000000004,0.8660254037844384,282.6,416.1,374.9666666666667,Excess
Kochi,2023,12,9.93,76.26,4,25.8,55.7,20.3,-2.4492935982947064e-16,1.0,202.3,282.6,300.3333333333333,Deficit
Kochi,2024,1,9.93,76.26,4,16.8,55.7,25.9,0.49999999999999994,0.8660254037844387,20.3,202.3,168.4,Deficit
Kochi,2024,2,9.93,76.26,4,22.6,56.4,37.1,0.8660254037844386,0.5000000000000001,25.9,20.3,82.83333333333334,Deficit
Kochi,2024,3,9.93,76.26,4,26.8,48.1,42.2,1.0,6.123233995736766e-17,37.1,25.9,27.76666666666667,Normal
Kochi,2024,4,9.93,76.26,4,22.0,48.1,126.8,0.8660254037844387,-0.4999999999999998,42.2,37.1,35.06666666666667,Normal
Kochi,2024,5,9.93,76.26,4,19.8,48.0,408.3,0.49999999999999994,-0.8660254037844387,126.8,42.2,68.7,Excess
Kochi,2024,6,9.93,76.26,4,25.3,92.8,700.0,1.2246467991473532e-16,-1.0,408.3,126.8,192.4333333333333,Excess
Kochi,2024,7,9.93,76.26,4,26.3,76.1,497.4,-0.4999999999999997,-0.8660254037844388,700.0,408.3,411.7,Excess
Kochi,2024,8,9.93,76.26,4,29.4,76.4,544.6,-0.8660254037844385,-0.5000000000000004,497.4,700.0,535.2333333333332,Excess
Kochi,2024,9,9.93,76.26,4,28.5,83.5,352.4,-1.0,-1.8369701987210297e-16,544.6,497.4,580.6666666666666,Excess
Kochi,2024,10,9.93,76.26,4,22.0,55.4,193.0,-0.8660254037844386,0.5000000000000001,352.4,544.6,464.8,Excess
Kochi,2024,11,9.93,76.26,4,32.3,39.3,106.0,-0.5000000000000004,0.8660254037844384,193.0,352.4,363.3333333333333,Normal
Kochi,2024,12,9.93,76.26,4,24.6,55.0,37.5,-2.4492935982947064e-16,1.0,106.0,193.0,217.13333333333333,Deficit
Kolkata,2005,1,22.57,88.36,9,24.2,55.7,16.4,0.49999999999999994,0.8660254037844387,0.0,0.0,0.0,Deficit
Kolkata,2005,2,22.57,88.36,9,17.2,48.3,21.2,0.8660254037844386,0.5000000000000001,16.4,0.0,16.4,Deficit
Kolkata,2005,3,22.57,88.36,9,21.3,69.3,37.1,1.0,6.123233995736766e-17,21.2,16.4,18.799999999999997,Deficit
Kolkata,2005,4,22.57,88.36,9,24.8,57.6,47.5,0.8660254037844387,-0.4999999999999998,37.1,21.2,24.899999999999995,Normal
Kolkata,2005,5,22.57,88.36,9,17.6,47.7,111.8,0.49999999999999994,-0.8660254037844387,47.5,37.1,35.266666666666666,Normal
Kolkata,2005,6,22.57,88.36,9,27.2,76.9,339.1,1.2246467991473532e-16,-1.0,111.8,47.5,65.46666666666665,Excess
Kolkata,2005,7,22.57,88.36,9,27.2,78.9,563.2,-0.4999999999999997,-0.8660254037844388,339.1,111.8,166.13333333333335,Excess
Kolkata,2005,8,22.57,88.36,9,29.9,96.3,440.7,-0.8660254037844385,-0.5000000000000004,563.2,339.1,338.03333333333336,Excess
Kolkata,2005,9,22.57,88.36,9,30.9,79.0,287.6,-1.0,-1.8369701987210297e-16,440.7,563.2,447.6666666666667,Excess
Kolkata,2005,10,22.57,88.36,9,25.2,53.1,43.7,-0.8660254037844386,0.5000000000000001,287.6,440.7,430.5,Normal
Kolkata,2005,11,22.57,88.36,9,24.3,56.0,21.6,-0.5000000000000004,0.8660254037844384,43.7,287.6,257.3333333333333,Deficit
Kolkata,2005,12,22.57,88.36,9,27.0,54.9,9.7,-2.4492935982947064e-16,1.0,21.6,43.7,117.63333333333334,Deficit
Kolkata,2006,1,22.57,88.36,9,20.2,69.8,14.6,0.49999999999999994,0.8660254037844387,9.7,21.6,25.000000000000004,Deficit
Kolkata,2006,2,22.57,88.36,9,24.1,42.7,16.2,0.8660254037844386,0.5000000000000001,14.6,9.7,15.299999999999999,Deficit
Kolkata,2006,3,22.57,88.36,9,20.7,47.7,49.3,1.0,6.123233995736766e-17,16.2,14.6,13.5,Normal
Kolkata,2006,4,22.57,88.36,9,27.4,61.6,52.0,0.8660254037844387,-0.4999999999999998,49.3,16.2,26.7,Normal
Kolkata,2006,5,22.57,88.36,9,27.0,41.4,149.5,0.49999999999999994,-0.8660254037844387,52.0,49.3,39.166666666666664,Normal
Kolkata,2006,6,22.57,88.36,9,28.8,94.4,246.0,1.2246467991473532e-16,-1.0,149.5,52.0,83.60000000000001,Excess
Kolkata,2006,7,22.57,88.36,9,31.0,83.1,325.7,-0.4999999999999997,-0.8660254037844388,246.0,149.5,149.16666666666666,Excess
Kolkata,2006,8,22.57,88.36,9,27.7,76.9,445.2,-0.8660254037844385,-0.5000000000000004,325.7,246.0,240.4,Excess
Kolkata,2006,9,22.57,88.36,9,29.6,87.8,256.2,-1.0,-1.8369701987210297e-16,445.2,325.7,338.9666666666667,Excess
Kolkata,2006,10,22.57,88.36,9,22.6,36.4,48.2,-0.8660254037844386,0.5000000000000001,256.2,445.2,342.3666666666666,Normal
Kolkata,2006,11,22.57,88.36,9,26.7,42.3,27.7,-0.5000000000000004,0.8660254037844384,48.2,256.2,249.86666666666667,Deficit
Kolkata,2006,12,22.57,88.36,9,23.1,37.2,7.0,-2.4492935982947064e-16,1.0,27.7,48.2,110.69999999999999,Deficit
Kolkata,2007,1,22.57,88.36,9,23.4,44.6,12.2,0.49999999999999994,0.8660254037844387,7.0,27.7,27.633333333333336,Deficit
Kolkata,2007,2,22.57,88.36,9,33.1,64.5,10.9,0.8660254037844386,0.5000000000000001,12.2,7.0,15.633333333333335,Deficit
Kolkata,2007,3,22.57,88.36,9,26.1,56.2,26.4,1.0,6.123233995736766e-17,10.9,12.2,10.033333333333333,Deficit
Kolkata,2007,4,22.57,88.36,9,21.7,62.9,56.0,0.8660254037844387,-0.4999999999999998,26.4,10.9,16.5,Normal
Kolkata,2007,5,22.57,88.36,9,19.7,59.2,96.9,0.49999999999999994,-0.8660254037844387,56.0,26.4,31.099999999999998,Normal
Kolkata,2007,6,22.57,88.36,9,34.5,74.8,302.9,1.2246467991473532e-16,-1.0,96.9,56.0,59.76666666666667,Excess
Kolkata,2007,7,22.57,88.36,9,27.0,86.7,467.0,-0.4999999999999997,-0.8660254037844388,302.9,96.9,151.9333333333333,Excess
Kolkata,2007,8,22.57,88.36,9,24.8,77.3,271.1,-0.8660254037844385,-0.5000000000000004,467.0,302.9,288.93333333333334,Excess
Kolkata,2007,9,22.57,88.36,9,26.4,86.0,218.2,-1.0,-1.8369701987210297e-16,271.1,467.0,347.0,Excess
Kolkata,2007,10,22.57,88.36,9,27.4,68.2,54.6,-0.8660254037844386,0.5000000000000001,218.2,271.1,318.76666666666665,Normal
Kolkata,2007,11,22.57,88.36,9,20.1,65.6,24.8,-0.5000000000000004,0.8660254037844384,54.6,218.2,181.29999999999998,Deficit
Kolkata,2007,12,22.57,88.36,9,28.6,67.7,6.5,-2.4492935982947064e-16,1.0,24.8,54.6,99.2,Deficit
Kolkata,2008,1,22.57,88.36,9,21.3,65.2,13.5,0.49999999999999994,0.8660254037844387,6.5,24.8,28.633333333333336,Deficit
Kolkata,2008,2,22.57,88.36,9,25.3,59.6,17.9,0.8660254037844386,0.5000000000000001,13.5,6.5,14.933333333333332,Deficit
Kolkata,2008,3,22.57,88.36,9,26.1,49.9,41.5,1.0,6.123233995736766e-17,17.9,13.5,12.633333333333333,Normal
Kolkata,2008,4,22.57,88.36,9,28.4,57.5,52.3,0.8660254037844387,-0.4999999999999998,41.5,17.9,24.3,Normal
Kolkata,2008,5,22.57,88.36,9,29.3,50.7,123.2,0.49999999999999994,-0.8660254037844387,52.3,41.5,37.23333333333333,Normal
Kolkata,2008,6,22.57,88.36,9,26.1,76.1,250.1,1.2246467991473532e-16,-1.0,123.2,52.3,72.33333333333333,Excess
Kolkata,2008,7,22.57,88.36,9,31.1,77.2,474.0,-0.4999999999999997,-0.8660254037844388,250.1,123.2,141.86666666666667,Excess
Kolkata,2008,8,22.57,88.36,9,26.4,80.4,458.1,-0.8660254037844385,-0.5000000000000004,474.0,250.1,282.43333333333334,Excess
Kolkata,2008,9,22.57,88.36,9,27.4,80.8,188.2,-1.0,-1.8369701987210297e-16,458.1,474.0,394.06666666666666,Excess
Kolkata,2008,10,22.57,88.36,9,25.9,40.0,60.8,-0.8660254037844386,0.5000000000000001,188.2,458.1,373.43333333333334,Normal
Kolkata,2008,11,22.57,88.36,9,25.8,54.0,33.1,-0.5000000000000004,0.8660254037844384,60.8,188.2,235.69999999999996,Deficit
Kolkata,2008,12,22.57,88.36,9,22.9,54.2,9.2,-2.4492935982947064e-16,1.0,33.1,60.8,94.03333333333335,Deficit
Kolkata,2009,1,22.57,88.36,9,22.8,49.5,12.7,0.49999999999999994,0.8660254037844387,9.2,33.1,34.36666666666667,Deficit
Kolkata,2009,2,22.57,88.36,9,29.8,44.3,19.4,0.8660254037844386,0.5000000000000001,12.7,9.2,18.333333333333332,Deficit
Kolkata,2009,3,22.57,88.36,9,22.9,44.0,33.7,1.0,6.123233995736766e-17,19.4,12.7,13.766666666666666,Deficit
Kolkata,2009,4,22.57,88.36,9,28.1,41.5,52.0,0.8660254037844387,-0.4999999999999998,33.7,19.4,21.933333333333334,Normal
Kolkata,2009,5,22.57,88.36,9,18.2,46.4,139.5,0.49999999999999994,-0.8660254037844387,52.0,33.7,35.03333333333333,Normal
Kolkata,2009,6,22.57,88.36,9,32.2,80.4,278.5,1.2246467991473532e-16,-1.0,139.5,52.0,75.06666666666666,Excess
Kolkata,2009,7,22.57,88.36,9,23.0,82.2,301.7,-0.4999999999999997,-0.8660254037844388,278.5,139.5,156.66666666666666,Excess
Kolkata,2009,8,22.57,88.36,9,28.9,83.0,493.2,-0.8660254037844385,-0.5000000000000004,301.7,278.5,239.9,Excess
Kolkata,2009,9,22.57,88.36,9,26.7,87.4,313.3,-1.0,-1.8369701987210297e-16,493.2,301.7,357.8,Excess
Kolkata,2009,10,22.57,88.36,9,21.4,33.9,39.2,-0.8660254037844386,0.5000000000000001,313.3,493.2,369.40000000000003,Deficit
Kolkata,2009,11,22.57,88.36,9,24.8,53.1,26.4,-0.5000000000000004,0.8660254037844384,39.2,313.3,281.90000000000003,Deficit
Kolkata,2009,12,22.57,88.36,9,21.3,50.1,9.4,-2.4492935982947064e-16,1.0,26.4,39.2,126.3,Deficit
Kolkata,2010,1,22.57,88.36,9,23.8,47.1,17.1,0.49999999999999994,0.8660254037844387,9.4,26.4,25.0,Deficit
Kolkata,2010,2,22.57,88.36,9,20.0,40.7,17.6,0.8660254037844386,0.5000000000000001,17.1,9.4,17.633333333333333,Deficit
Kolkata,2010,3,22.57,88.36,9,24.7,56.3,22.0,1.0,6.123233995736766e-17,17.6,17.1,14.700000000000001,Deficit
Kolkata,2010,4,22.57,88.36,9,35.3,30.0,46.6,0.8660254037844387,-0.4999999999999998,22.0,17.6,18.900000000000002,Normal
Kolkata,2010,5,22.57,88.36,9,22.8,46.1,106.5,0.49999999999999994,-0.8660254037844387,46.6,22.0,28.733333333333334,Normal
Kolkata,2010,6,22.57,88.36,9,25.7,92.1,194.9,1.2246467991473532e-16,-1.0,106.5,46.6,58.36666666666667,Excess
Kolkata,2010,7,22.57,88.36,9,28.1,90.1,426.4,-0.4999999999999997,-0.8660254037844388,194.9,106.5,116.0,Excess
Kolkata,2010,8,22.57,88.36,9,24.7,68.9,239.5,-0.8660254037844385,-0.5000000000000004,426.4,194.9,242.6,Excess
Kolkata,2010,9,22.57,88.36,9,28.4,82.6,167.8,-1.0,-1.8369701987210297e-16,239.5,426.4,286.93333333333334,Excess
Kolkata,2010,10,22.57,88.36,9,19.4,60.0,42.2,-0.8660254037844386,0.5000000000000001,167.8,239.5,277.90000000000003,Normal
Kolkata,2010,11,22.57,88.36,9,27.9,33.1,21.5,-0.5000000000000004,0.8660254037844384,42.2,167.8,149.83333333333334,Deficit
Kolkata,2010,12,22.57,88.36,9,20.2,48.0,7.5,-2.4492935982947064e-16,1.0,21.5,42.2,77.16666666666667,Deficit
Kolkata,2011,1,22.57,88.36,9,21.6,52.1,19.0,0.49999999999999994,0.8660254037844387,7.5,21.5,23.733333333333334,Deficit
Kolkata,2011,2,22.57,88.36,9,29.6,49.9,13.5,0.8660254037844386,0.5000000000000001,19.0,7.5,16.0,Deficit
Kolkata,2011,3,22.57,88.36,9,22.9,46.8,44.8,1.0,6.123233995736766e-17,13.5,19.0,13.333333333333334,Normal
Kolkata,2011,4,22.57,88.36,9,28.5,44.9,48.2,0.8660254037844387,-0.4999999999999998,44.8,13.5,25.766666666666666,Normal
Kolkata,2011,5,22.57,88.36,9,23.5,32.2,145.7,0.49999999999999994,-0.8660254037844387,48.2,44.8,35.5,Normal
Kolkata,2011,6,22.57,88.36,9,25.1,82.2,267.7,1.2246467991473532e-16,-1.0,145.7,48.2,79.56666666666666,Excess
Kolkata,2011,7,22.57,88.36,9,30.3,81.5,395.6,-0.4999999999999997,-0.8660254037844388,267.7,145.7,153.86666666666665,Excess
Kolkata,2011,8,22.57,88.36,9,29.6,87.8,433.2,-0.8660254037844385,-0.5000000000000004,395.6,267.7,269.6666666666667,Excess
Kolkata,2011,9,22.57,88.36,9,26.1,71.4,260.1,-1.0,-1.8369701987210297e-16,433.2,395.6,365.5,Excess
Kolkata,2011,10,22.57,88.36,9,22.5,53.1,49.0,-0.8660254037844386,0.5000000000000001,260.1,433.2,362.9666666666667,Normal
Kolkata,2011,11,22.57,88.36,9,27.8,45.9,26.2,-0.5000000000000004,0.8660254037844384,49.0,260.1,247.4333333333333,Deficit
Kolkata,2011,12,22.57,88.36,9,29.7,55.4,9.2,-2.4492935982947064e-16,1.0,26.2,49.0,111.76666666666667,Deficit
Kolkata,2012,1,22.57,88.36,9,22.5,43.5,15.3,0.49999999999999994,0.8660254037844387,9.2,26.2,28.133333333333336,Deficit
Kolkata,2012,2,22.57,88.36,9,28.0,49.8,15.5,0.8660254037844386,0.5000000000000001,15.3,9.2,16.900000000000002,Deficit
Kolkata,2012,3,22.57,88.36,9,32.1,55.2,26.0,1.0,6.123233995736766e-17,15.5,15.3,13.333333333333334,Deficit
Kolkata,2012,4,22.57,88.36,9,23.2,53.1,38.5,0.8660254037844387,-0.4999999999999998,26.0,15.5,18.933333333333334,Deficit
Kolkata,2012,5,22.57,88.36,9,20.6,61.8,157.4,0.49999999999999994,-0.8660254037844387,38.5,26.0,26.666666666666668,Excess
Kolkata,2012,6,22.57,88.36,9,26.4,80.3,344.6,1.2246467991473532e-16,-1.0,157.4,38.5,73.96666666666667,Excess
Kolkata,2012,7,22.57,88.36,9,27.5,81.8,377.9,-0.4999999999999997,-0.8660254037844388,344.6,157.4,180.16666666666666,Excess
Kolkata,2012,8,22.57,88.36,9,30.7,77.5,461.9,-0.8660254037844385,-0.5000000000000004,377.9,344.6,293.3,Excess
Kolkata,2012,9,22.57,88.36,9,27.9,83.8,155.6,-1.0,-1.8369701987210297e-16,461.9,377.9,394.8,Excess
Kolkata,2012,10,22.57,88.36,9,23.7,53.2,53.9,-0.8660254037844386,0.5000000000000001,155.6,461.9,331.8,Normal
Kolkata,2012,11,22.57,88.36,9,26.5,48.3,32.8,-0.5000000000000004,0.8660254037844384,53.9,155.6,223.79999999999998,Deficit
Kolkata,2012,12,22.57,88.36,9,24.3,68.4,7.6,-2.4492935982947064e-16,1.0,32.8,53.9,80.76666666666667,Deficit
Kolkata,2013,1,22.57,88.36,9,23.1,63.0,16.8,0.49999999999999994,0.8660254037844387,7.6,32.8,31.433333333333326,Deficit
Kolkata,2013,2,22.57,88.36,9,26.8,52.8,22.9,0.8660254037844386,0.5000000000000001,16.8,7.6,19.066666666666666,Deficit
Kolkata,2013,3,22.57,88.36,9,15.5,59.5,34.0,1.0,6.123233995736766e-17,22.9,16.8,15.766666666666666,Deficit
Kolkata,2013,4,22.57,88.36,9,26.7,44.9,51.9,0.8660254037844387,-0.4999999999999998,34.0,22.9,24.566666666666666,Normal
Kolkata,2013,5,22.57,88.36,9,23.4,62.2,110.1,0.49999999999999994,-0.8660254037844387,51.9,34.0,36.266666666666666,Normal
Kolkata,2013,6,22.57,88.36,9,33.2,84.6,252.0,1.2246467991473532e-16,-1.0,110.1,51.9,65.33333333333333,Excess
Kolkata,2013,7,22.57,88.36,9,27.7,78.1,351.6,-0.4999999999999997,-0.8660254037844388,252.0,110.1,138.0,Excess
Kolkata,2013,8,22.57,88.36,9,32.0,86.2,245.5,-0.8660254037844385,-0.5000000000000004,351.6,252.0,237.9,Excess
Kolkata,2013,9,22.57,88.36,9,28.4,73.7,259.4,-1.0,-1.8369701987210297e-16,245.5,351.6,283.03333333333336,Excess
Kolkata,2013,10,22.57,88.36,9,28.4,41.5,46.3,-0.8660254037844386,0.5000000000000001,259.4,245.5,285.5,Normal
Kolkata,2013,11,22.57,88.36,9,24.1,50.6,13.8,-0.5000000000000004,0.8660254037844384,46.3,259.4,183.73333333333332,Deficit
Kolkata,2013,12,22.57,88.36,9,27.9,58.4,8.7,-2.4492935982947064e-16,1.0,13.8,46.3,106.5,Deficit
Kolkata,2014,1,22.57,88.36,9,18.9,57.0,21.8,0.49999999999999994,0.8660254037844387,8.7,13.8,22.933333333333334,Deficit
Kolkata,2014,2,22.57,88.36,9,20.0,37.0,20.0,0.8660254037844386,0.5000000000000001,21.8,8.7,14.766666666666666,Deficit
Kolkata,2014,3,22.57,88.36,9,22.4,59.5,31.1,1.0,6.123233995736766e-17,20.0,21.8,16.833333333333332,Deficit
Kolkata,2014,4,22.57,88.36,9,21.6,45.9,48.0,0.8660254037844387,-0.4999999999999998,31.1,20.0,24.3,Normal
Kolkata,2014,5,22.57,88.36,9,25.1,50.2,151.2,0.49999999999999994,-0.8660254037844387,48.0,31.1,33.03333333333333,Excess
Kolkata,2014,6,22.57,88.36,9,31.2,77.5,282.0,1.2246467991473532e-16,-1.0,151.2,48.0,76.76666666666667,Excess
Kolkata,2014,7,22.57,88.36,9,28.5,81.0,600.4,-0.4999999999999997,-0.8660254037844388,282.0,151.2,160.4,Excess
Kolkata,2014,8,22.57,88.36,9,25.4,79.9,625.7,-0.8660254037844385,-0.5000000000000004,600.4,282.0,344.5333333333333,Excess
Kolkata,2014,9,22.57,88.36,9,30.4,92.1,195.9,-1.0,-1.8369701987210297e-16,625.7,600.4,502.7,Excess
Kolkata,2014,10,22.57,88.36,9,29.9,50.0,70.1,-0.8660254037844386,0.5000000000000001,195.9,625.7,474.0,Normal
Kolkata,2014,11,22.57,88.36,9,18.3,72.4,25.2,-0.5000000000000004,0.8660254037844384,70.1,195.9,297.23333333333335,Deficit
Kolkata,2014,12,22.57,88.36,9,23.0,65.3,9.9,-2.4492935982947064e-16,1.0,25.2,70.1,97.06666666666666,Deficit
Kolkata,2015,1,22.57,88.36,9,24.3,58.4,16.1,0.49999999999999994,0.8660254037844387,9.9,25.2,35.06666666666667,Deficit
Kolkata,2015,2,22.57,88.36,9,19.2,52.8,14.8,0.8660254037844386,0.5000000000000001,16.1,9.9,17.066666666666666,Deficit
Kolkata,2015,3,22.57,88.36,9,24.9,59.8,35.6,1.0,6.123233995736766e-17,14.8,16.1,13.6,Deficit
Kolkata,2015,4,22.57,88.36,9,24.9,45.8,36.5,0.8660254037844387,-0.4999999999999998,35.6,14.8,22.166666666666668,Deficit
Kolkata,2015,5,22.57,88.36,9,25.1,58.9,119.0,0.49999999999999994,-0.8660254037844387,36.5,35.6,28.96666666666667,Normal
Kolkata,2015,6,22.57,88.36,9,29.7,83.6,286.7,1.2246467991473532e-16,-1.0,119.0,36.5,63.699999999999996,Excess
Kolkata,2015,7,22.57,88.36,9,28.0,78.8,331.9,-0.4999999999999997,-0.8660254037844388,286.7,119.0,147.4,Excess
Kolkata,2015,8,22.57,88.36,9,27.1,76.1,337.4,-0.8660254037844385,-0.5000000000000004,331.9,286.7,245.86666666666665,Excess
Kolkata,2015,9,22.57,88.36,9,26.3,83.2,135.9,-1.0,-1.8369701987210297e-16,337.4,331.9,318.66666666666663,Normal
Kolkata,2015,10,22.57,88.36,9,25.1,71.0,34.1,-0.8660254037844386,0.5000000000000001,135.9,337.4,268.4,Deficit
Kolkata,2015,11,22.57,88.36,9,31.6,55.9,26.6,-0.5000000000000004,0.8660254037844384,34.1,135.9,169.13333333333333,Deficit
Kolkata,2015,12,22.57,88.36,9,22.1,45.6,9.8,-2.4492935982947064e-16,1.0,26.6,34.1,65.53333333333333,Deficit
Kolkata,2016,1,22.57,88.36,9,31.2,46.5,13.1,0.49999999999999994,0.8660254037844387,9.8,26.6,23.5,Deficit
Kolkata,2016,2,22.57,88.36,9,22.0,55.8,10.2,0.8660254037844386,0.5000000000000001,13.1,9.8,16.500000000000004,Deficit
Kolkata,2016,3,22.57,88.36,9,18.0,56.1,25.7,1.0,6.123233995736766e-17,10.2,13.1,11.033333333333331,Deficit
Kolkata,2016,4,22.57,88.36,9,25.5,56.6,30.5,0.8660254037844387,-0.4999999999999998,25.7,10.2,16.333333333333332,Deficit
Kolkata,2016,5,22.57,88.36,9,24.6,49.9,72.3,0.49999999999999994,-0.8660254037844387,30.5,25.7,22.133333333333336,Normal
Kolkata,2016,6,22.57,88.36,9,29.0,83.3,201.0,1.2246467991473532e-16,-1.0,72.3,30.5,42.833333333333336,Excess
Kolkata,2016,7,22.57,88.36,9,27.1,87.4,222.7,-0.4999999999999997,-0.8660254037844388,201.0,72.3,101.26666666666667,Excess
Kolkata,2016,8,22.57,88.36,9,29.6,92.6,258.5,-0.8660254037844385,-0.5000000000000004,222.7,201.0,165.33333333333334,Excess
Kolkata,2016,9,22.57,88.36,9,28.2,78.9,177.7,-1.0,-1.8369701987210297e-16,258.5,222.7,227.4,Excess
Kolkata,2016,10,22.57,88.36,9,24.3,48.7,17.3,-0.8660254037844386,0.5000000000000001,177.7,258.5,219.63333333333333,Deficit
Kolkata,2016,11,22.57,88.36,9,24.4,48.8,17.2,-0.5000000000000004,0.8660254037844384,17.3,177.7,151.16666666666666,Deficit
Kolkata,2016,12,22.57,88.36,9,21.2,56.8,1.8,-2.4492935982947064e-16,1.0,17.2,17.3,70.73333333333333,Deficit
Kolkata,2017,1,22.57,88.36,9,26.3,61.5,21.1,0.49999999999999994,0.8660254037844387,1.8,17.2,12.1,Deficit
Kolkata,2017,2,22.57,88.36,9,26.5,44.6,18.4,0.8660254037844386,0.5000000000000001,21.1,1.8,13.366666666666667,Deficit
Kolkata,2017,3,22.57,88.36,9,25.6,55.0,49.7,1.0,6.123233995736766e-17,18.4,21.1,13.766666666666666,Normal
Kolkata,2017,4,22.57,88.36,9,27.8,72.8,55.5,0.8660254037844387,-0.4999999999999998,49.7,18.4,29.733333333333334,Normal
Kolkata,2017,5,22.57,88.36,9,23.6,54.3,123.3,0.49999999999999994,-0.8660254037844387,55.5,49.7,41.199999999999996,Normal
Kolkata,2017,6,22.57,88.36,9,26.6,65.0,393.0,1.2246467991473532e-16,-1.0,123.3,55.5,76.16666666666667,Excess
Kolkata,2017,7,22.57,88.36,9,29.9,71.5,723.1,-0.4999999999999997,-0.8660254037844388,393.0,123.3,190.6,Excess
Kolkata,2017,8,22.57,88.36,9,31.9,90.7,460.0,-0.8660254037844385,-0.5000000000000004,723.1,393.0,413.1333333333334,Excess
Kolkata,2017,9,22.57,88.36,9,27.6,82.5,352.1,-1.0,-1.8369701987210297e-16,460.0,723.1,525.3666666666667,Excess
Kolkata,2017,10,22.57,88.36,9,29.5,43.2,63.0,-0.8660254037844386,0.5000000000000001,352.1,460.0,511.7333333333333,Normal
Kolkata,2017,11,22.57,88.36,9,29.0,51.6,27.6,-0.5000000000000004,0.8660254037844384,63.0,352.1,291.7,Deficit
Kolkata,2017,12,22.57,88.36,9,22.3,51.5,13.5,-2.4492935982947064e-16,1.0,27.6,63.0,147.5666666666667,Deficit
Kolkata,2018,1,22.57,88.36,9,19.1,47.1,15.1,0.49999999999999994,0.8660254037844387,13.5,27.6,34.699999999999996,Deficit
Kolkata,2018,2,22.57,88.36,9,27.8,59.2,11.2,0.8660254037844386,0.5000000000000001,15.1,13.5,18.733333333333334,Deficit
Kolkata,2018,3,22.57,88.36,9,30.3,77.0,20.8,1.0,6.123233995736766e-17,11.2,15.1,13.266666666666666,Deficit
Kolkata,2018,4,22.57,88.36,9,22.4,80.0,45.7,0.8660254037844387,-0.4999999999999998,20.8,11.2,15.699999999999998,Normal
Kolkata,2018,5,22.57,88.36,9,25.1,53.8,80.7,0.49999999999999994,-0.8660254037844387,45.7,20.8,25.900000000000002,Normal
Kolkata,2018,6,22.57,88.36,9,28.9,79.0,300.3,1.2246467991473532e-16,-1.0,80.7,45.7,49.06666666666666,Excess
Kolkata,2018,7,22.57,88.36,9,27.1,76.0,338.1,-0.4999999999999997,-0.8660254037844388,300.3,80.7,142.23333333333335,Excess
Kolkata,2018,8,22.57,88.36,9,26.6,73.0,365.7,-0.8660254037844385,-0.5000000000000004,338.1,300.3,239.70000000000002,Excess
Kolkata,2018,9,22.57,88.36,9,26.8,74.4,259.3,-1.0,-1.8369701987210297e-16,365.7,338.1,334.70000000000005,Excess
Kolkata,2018,10,22.57,88.36,9,25.3,34.5,44.0,-0.8660254037844386,0.5000000000000001,259.3,365.7,321.0333333333333,Normal
Kolkata,2018,11,22.57,88.36,9,20.8,69.1,24.0,-0.5000000000000004,0.8660254037844384,44.0,259.3,223.0,Deficit
Kolkata,2018,12,22.57,88.36,9,23.4,44.5,8.6,-2.4492935982947064e-16,1.0,24.0,44.0,109.10000000000001,Deficit
Kolkata,2019,1,22.57,88.36,9,24.9,49.8,19.0,0.49999999999999994,0.8660254037844387,8.6,24.0,25.53333333333333,Deficit
Kolkata,2019,2,22.57,88.36,9,22.6,48.6,17.3,0.8660254037844386,0.5000000000000001,19.0,8.6,17.2,Deficit
Kolkata,2019,3,22.57,88.36,9,28.9,55.0,21.4,1.0,6.123233995736766e-17,17.3,19.0,14.966666666666669,Deficit
Kolkata,2019,4,22.57,88.36,9,32.6,52.9,44.1,0.8660254037844387,-0.4999999999999998,21.4,17.3,19.23333333333333,Normal
Kolkata,2019,5,22.57,88.36,9,28.4,56.0,97.3,0.49999999999999994,-0.8660254037844387,44.1,21.4,27.600000000000005,Normal
Kolkata,2019,6,22.57,88.36,9,26.9,84.7,292.9,1.2246467991473532e-16,-1.0,97.3,44.1,54.26666666666667,Excess
Kolkata,2019,7,22.57,88.36,9,29.4,70.6,439.8,-0.4999999999999997,-0.8660254037844388,292.9,97.3,144.76666666666665,Excess
Kolkata,2019,8,22.57,88.36,9,32.3,77.4,378.2,-0.8660254037844385,-0.5000000000000004,439.8,292.9,276.6666666666667,Excess
Kolkata,2019,9,22.57,88.36,9,26.9,74.7,213.3,-1.0,-1.8369701987210297e-16,378.2,439.8,370.3,Excess
Kolkata,2019,10,22.57,88.36,9,24.1,53.4,30.9,-0.8660254037844386,0.5000000000000001,213.3,378.2,343.76666666666665,Deficit
Kolkata,2019,11,22.57,88.36,9,24.4,52.4,25.4,-0.5000000000000004,0.8660254037844384,30.9,213.3,207.46666666666667,Deficit
Kolkata,2019,12,22.57,88.36,9,24.2,46.3,10.6,-2.4492935982947064e-16,1.0,25.4,30.9,89.86666666666667,Deficit
Kolkata,2020,1,22.57,88.36,9,30.6,45.7,18.4,0.49999999999999994,0.8660254037844387,10.6,25.4,22.299999999999997,Deficit
Kolkata,2020,2,22.57,88.36,9,26.4,42.1,17.0,0.8660254037844386,0.5000000000000001,18.4,10.6,18.133333333333333,Deficit
Kolkata,2020,3,22.57,88.36,9,19.1,34.3,33.5,1.0,6.123233995736766e-17,17.0,18.4,15.333333333333334,Deficit
Kolkata,2020,4,22.57,88.36,9,23.5,54.0,53.3,0.8660254037844387,-0.4999999999999998,33.5,17.0,22.96666666666667,Normal
Kolkata,2020,5,22.57,88.36,9,21.1,51.5,116.3,0.49999999999999994,-0.8660254037844387,53.3,33.5,34.6,Normal
Kolkata,2020,6,22.57,88.36,9,31.5,73.9,207.5,1.2246467991473532e-16,-1.0,116.3,53.3,67.7,Excess
Kolkata,2020,7,22.57,88.36,9,25.4,85.4,434.2,-0.4999999999999997,-0.8660254037844388,207.5,116.3,125.7,Excess
Kolkata,2020,8,22.57,88.36,9,26.7,87.1,376.1,-0.8660254037844385,-0.5000000000000004,434.2,207.5,252.66666666666666,Excess
Kolkata,2020,9,22.57,88.36,9,29.3,76.1,234.6,-1.0,-1.8369701987210297e-16,376.1,434.2,339.2666666666667,Excess
Kolkata,2020,10,22.57,88.36,9,25.4,48.8,37.4,-0.8660254037844386,0.5000000000000001,234.6,376.1,348.29999999999995,Deficit
Kolkata,2020,11,22.57,88.36,9,24.7,54.1,27.8,-0.5000000000000004,0.8660254037844384,37.4,234.6,216.03333333333333,Deficit
Kolkata,2020,12,22.57,88.36,9,32.6,50.4,5.1,-2.4492935982947064e-16,1.0,27.8,37.4,99.93333333333334,Deficit
Kolkata,2021,1,22.57,88.36,9,26.2,39.0,16.2,0.49999999999999994,0.8660254037844387,5.1,27.8,23.433333333333334,Deficit
Kolkata,2021,2,22.57,88.36,9,23.6,52.3,20.6,0.8660254037844386,0.5000000000000001,16.2,5.1,16.366666666666664,Deficit
Kolkata,2021,3,22.57,88.36,9,20.1,45.2,42.9,1.0,6.123233995736766e-17,20.6,16.2,13.966666666666667,Normal
Kolkata,2021,4,22.57,88.36,9,33.4,50.6,61.8,0.8660254037844387,-0.4999999999999998,42.9,20.6,26.566666666666663,Normal
Kolkata,2021,5,22.57,88.36,9,24.6,71.4,147.5,0.49999999999999994,-0.8660254037844387,61.8,42.9,41.766666666666666,Normal
Kolkata,2021,6,22.57,88.36,9,28.2,72.2,208.9,1.2246467991473532e-16,-1.0,147.5,61.8,84.06666666666666,Excess
Kolkata,2021,7,22.57,88.36,9,28.7,82.8,282.2,-0.4999999999999997,-0.8660254037844388,208.9,147.5,139.4,Excess
Kolkata,2021,8,22.57,88.36,9,27.7,98.0,433.6,-0.8660254037844385,-0.5000000000000004,282.2,208.9,212.86666666666665,Excess
Kolkata,2021,9,22.57,88.36,9,29.3,78.1,254.2,-1.0,-1.8369701987210297e-16,433.6,282.2,308.23333333333335,Excess
Kolkata,2021,10,22.57,88.36,9,24.0,47.9,60.2,-0.8660254037844386,0.5000000000000001,254.2,433.6,323.3333333333333,Normal
Kolkata,2021,11,22.57,88.36,9,29.7,53.4,37.9,-0.5000000000000004,0.8660254037844384,60.2,254.2,249.33333333333334,Deficit
Kolkata,2021,12,22.57,88.36,9,23.6,79.0,4.9,-2.4492935982947064e-16,1.0,37.9,60.2,117.43333333333332,Deficit
Kolkata,2022,1,22.57,88.36,9,30.8,54.2,20.1,0.49999999999999994,0.8660254037844387,4.9,37.9,34.333333333333336,Deficit
Kolkata,2022,2,22.57,88.36,9,15.3,58.8,14.2,0.8660254037844386,0.5000000000000001,20.1,4.9,20.966666666666665,Deficit
Kolkata,2022,3,22.57,88.36,9,25.7,39.5,28.7,1.0,6.123233995736766e-17,14.2,20.1,13.066666666666668,Deficit
Kolkata,2022,4,22.57,88.36,9,25.1,54.7,48.0,0.8660254037844387,-0.4999999999999998,28.7,14.2,21.0,Normal
Kolkata,2022,5,22.57,88.36,9,29.8,46.0,93.9,0.49999999999999994,-0.8660254037844387,48.0,28.7,30.3,Normal
Kolkata,2022,6,22.57,88.36,9,27.7,82.2,187.7,1.2246467991473532e-16,-1.0,93.9,48.0,56.866666666666674,Excess
Kolkata,2022,7,22.57,88.36,9,31.4,80.6,466.4,-0.4999999999999997,-0.8660254037844388,187.7,93.9,109.86666666666667,Excess
Kolkata,2022,8,22.57,88.36,9,25.2,86.9,394.3,-0.8660254037844385,-0.5000000000000004,466.4,187.7,249.33333333333334,Excess
Kolkata,2022,9,22.57,88.36,9,26.9,70.6,242.9,-1.0,-1.8369701987210297e-16,394.3,466.4,349.46666666666664,Excess
Kolkata,2022,10,22.57,88.36,9,20.1,46.1,63.5,-0.8660254037844386,0.5000000000000001,242.9,394.3,367.86666666666673,Normal
Kolkata,2022,11,22.57,88.36,9,20.2,37.1,26.8,-0.5000000000000004,0.8660254037844384,63.5,242.9,233.5666666666667,Deficit
Kolkata,2022,12,22.57,88.36,9,27.9,46.5,4.1,-2.4492935982947064e-16,1.0,26.8,63.5,111.06666666666666,Deficit
Kolkata,2023,1,22.57,88.36,9,21.3,46.3,20.1,0.49999999999999994,0.8660254037844387,4.1,26.8,31.466666666666665,Deficit
Kolkata,2023,2,22.57,88.36,9,23.1,58.1,25.5,0.8660254037844386,0.5000000000000001,20.1,4.1,17.0,Deficit
Kolkata,2023,3,22.57,88.36,9,19.5,34.0,40.3,1.0,6.123233995736766e-17,25.5,20.1,16.566666666666666,Normal
Kolkata,2023,4,22.57,88.36,9,22.9,49.0,44.0,0.8660254037844387,-0.4999999999999998,40.3,25.5,28.633333333333336,Normal
Kolkata,2023,5,22.57,88.36,9,30.0,64.3,151.8,0.49999999999999994,-0.8660254037844387,44.0,40.3,36.6,Excess
Kolkata,2023,6,22.57,88.36,9,23.5,78.6,367.8,1.2246467991473532e-16,-1.0,151.8,44.0,78.7,Excess
Kolkata,2023,7,22.57,88.36,9,26.4,77.8,589.1,-0.4999999999999997,-0.8660254037844388,367.8,151.8,187.86666666666667,Excess
Kolkata,2023,8,22.57,88.36,9,27.0,78.2,518.0,-0.8660254037844385,-0.5000000000000004,589.1,367.8,369.56666666666666,Excess
Kolkata,2023,9,22.57,88.36,9,28.9,76.5,355.3,-1.0,-1.8369701987210297e-16,518.0,589.1,491.6333333333334,Excess
Kolkata,2023,10,22.57,88.36,9,21.1,35.8,90.2,-0.8660254037844386,0.5000000000000001,355.3,518.0,487.46666666666664,Normal
Kolkata,2023,11,22.57,88.36,9,21.7,55.2,39.2,-0.5000000000000004,0.8660254037844384,90.2,355.3,321.1666666666667,Deficit
Kolkata,2023,12,22.57,88.36,9,30.6,58.7,6.9,-2.4492935982947064e-16,1.0,39.2,90.2,161.56666666666666,Deficit
Kolkata,2024,1,22.57,88.36,9,31.7,44.6,10.1,0.49999999999999994,0.8660254037844387,6.9,39.2,45.43333333333334,Deficit
Kolkata,2024,2,22.57,88.36,9,15.9,48.5,11.6,0.8660254037844386,0.5000000000000001,10.1,6.9,18.733333333333334,Deficit
Kolkata,2024,3,22.57,88.36,9,27.9,38.0,26.3,1.0,6.123233995736766e-17,11.6,10.1,9.533333333333333,Deficit
Kolkata,2024,4,22.57,88.36,9,26.8,62.1,29.9,0.8660254037844387,-0.4999999999999998,26.3,11.6,16.0,Deficit
Kolkata,2024,5,22.57,88.36,9,29.3,52.4,68.8,0.49999999999999994,-0.8660254037844387,29.9,26.3,22.599999999999998,Normal
Kolkata,2024,6,22.57,88.36,9,27.8,66.9,262.4,1.2246467991473532e-16,-1.0,68.8,29.9,41.666666666666664,Excess
Kolkata,2024,7,22.57,88.36,9,30.7,76.6,359.9,-0.4999999999999997,-0.8660254037844388,262.4,68.8,120.36666666666666,Excess
Kolkata,2024,8,22.57,88.36,9,27.6,64.6,306.0,-0.8660254037844385,-0.5000000000000004,359.9,262.4,230.36666666666665,Excess
Kolkata,2024,9,22.57,88.36,9,25.7,85.0,249.6,-1.0,-1.8369701987210297e-16,306.0,359.9,309.43333333333334,Excess
Kolkata,2024,10,22.57,88.36,9,30.0,56.1,40.5,-0.8660254037844386,0.5000000000000001,249.6,306.0,305.1666666666667,Normal
Kolkata,2024,11,22.57,88.36,9,21.4,60.0,19.7,-0.5000000000000004,0.8660254037844384,40.5,249.6,198.70000000000002,Deficit
Kolkata,2024,12,22.57,88.36,9,27.6,41.0,3.1,-2.4492935982947064e-16,1.0,19.7,40.5,103.26666666666667,Deficit
Lucknow,2005,1,26.84,80.94,123,19.2,47.3,7.6,0.49999999999999994,0.8660254037844387,0.0,0.0,0.0,Deficit
Lucknow,2005,2,26.84,80.94,123,24.9,58.3,11.2,0.8660254037844386,0.5000000000000001,7.6,0.0,7.6,Deficit
Lucknow,2005,3,26.84,80.94,123,26.1,46.4,23.5,1.0,6.123233995736766e-17,11.2,7.6,9.399999999999999,Deficit
Lucknow,2005,4,26.84,80.94,123,22.8,47.0,29.4,0.8660254037844387,-0.4999999999999998,23.5,11.2,14.1,Deficit
Lucknow,2005,5,26.84,80.94,123,28.7,48.1,45.9,0.49999999999999994,-0.8660254037844387,29.4,23.5,21.366666666666664,Normal
Lucknow,2005,6,26.84,80.94,123,25.4,84.6,149.2,1.2246467991473532e-16,-1.0,45.9,29.4,32.93333333333333,Normal
Lucknow,2005,7,26.84,80.94,123,27.6,87.3,210.3,-0.4999999999999997,-0.8660254037844388,149.2,45.9,74.83333333333333,Excess
Lucknow,2005,8,26.84,80.94,123,27.9,71.4,247.5,-0.8660254037844385,-0.5000000000000004,210.3,149.2,135.13333333333333,Excess
Lucknow,2005,9,26.84,80.94,123,32.4,86.3,194.5,-1.0,-1.8369701987210297e-16,247.5,210.3,202.33333333333334,Excess
Lucknow,2005,10,26.84,80.94,123,24.5,46.6,23.4,-0.8660254037844386,0.5000000000000001,194.5,247.5,217.4333333333333,Deficit
Lucknow,2005,11,26.84,80.94,123,26.1,44.2,16.6,-0.5000000000000004,0.8660254037844384,23.4,194.5,155.13333333333333,Deficit
Lucknow,2005,12,26.84,80.94,123,29.5,68.0,3.6,-2.4492935982947064e-16,1.0,16.6,23.4,78.16666666666667,Deficit
Lucknow,2006,1,26.84,80.94,123,24.0,30.0,13.7,0.49999999999999994,0.8660254037844387,3.6,16.6,14.533333333333333,Deficit
Lucknow,2006,2,26.84,80.94,123,25.0,53.4,12.7,0.8660254037844386,0.5000000000000001,13.7,3.6,11.300000000000002,Deficit
Lucknow,2006,3,26.84,80.94,123,19.7,57.6,24.3,1.0,6.123233995736766e-17,12.7,13.7,10.0,Deficit
Lucknow,2006,4,26.84,80.94,123,27.7,61.5,40.2,0.8660254037844387,-0.4999999999999998,24.3,12.7,16.900000000000002,Normal
Lucknow,2006,5,26.84,80.94,123,23.4,51.3,93.3,0.49999999999999994,-0.8660254037844387,40.2,24.3,25.733333333333334,Normal
Lucknow,2006,6,26.84,80.94,123,28.3,88.0,195.4,1.2246467991473532e-16,-1.0,93.3,40.2,52.6,Excess
Lucknow,2006,7,26.84,80.94,123,33.2,95.2,362.1,-0.4999999999999997,-0.8660254037844388,195.4,93.3,109.63333333333333,Excess
Lucknow,2006,8,26.84,80.94,123,18.4,89.4,292.6,-0.8660254037844385,-0.5000000000000004,362.1,195.4,216.9333333333333,Excess
Lucknow,2006,9,26.84,80.94,123,26.0,79.6,151.9,-1.0,-1.8369701987210297e-16,292.6,362.1,283.3666666666667,Excess
Lucknow,2006,10,26.84,80.94,123,27.4,36.4,33.2,-0.8660254037844386,0.5000000000000001,151.9,292.6,268.8666666666667,Deficit
Lucknow,2006,11,26.84,80.94,123,26.4,58.2,14.5,-0.5000000000000004,0.8660254037844384,33.2,151.9,159.23333333333332,Deficit
Lucknow,2006,12,26.84,80.94,123,21.9,42.2,7.3,-2.4492935982947064e-16,1.0,14.5,33.2,66.53333333333335,Deficit
Lucknow,2007,1,26.84,80.94,123,30.9,31.5,9.7,0.49999999999999994,0.8660254037844387,7.3,14.5,18.333333333333332,Deficit
Lucknow,2007,2,26.84,80.94,123,19.7,35.5,8.8,0.8660254037844386,0.5000000000000001,9.7,7.3,10.5,Deficit
Lucknow,2007,3,26.84,80.94,123,27.2,56.5,21.6,1.0,6.123233995736766e-17,8.8,9.7,8.6,Deficit
Lucknow,2007,4,26.84,80.94,123,23.1,47.7,32.2,0.8660254037844387,-0.4999999999999998,21.6,8.8,13.366666666666667,Deficit
Lucknow,2007,5,26.84,80.94,123,24.0,59.4,89.7,0.49999999999999994,-0.8660254037844387,32.2,21.6,20.86666666666667,Normal
Lucknow,2007,6,26.84,80.94,123,23.4,69.7,147.3,1.2246467991473532e-16,-1.0,89.7,32.2,47.833333333333336,Normal
Lucknow,2007,7,26.84,80.94,123,30.6,86.7,222.5,-0.4999999999999997,-0.8660254037844388,147.3,89.7,89.73333333333335,Excess
Lucknow,2007,8,26.84,80.94,123,25.5,91.7,257.1,-0.8660254037844385,-0.5000000000000004,222.5,147.3,153.16666666666666,Excess
Lucknow,2007,9,26.84,80.94,123,28.5,81.9,106.4,-1.0,-1.8369701987210297e-16,257.1,222.5,208.9666666666667,Normal
Lucknow,2007,10,26.84,80.94,123,30.4,44.9,26.7,-0.8660254037844386,0.5000000000000001,106.4,257.1,195.33333333333334,Deficit
Lucknow,2007,11,26.84,80.94,123,25.1,48.0,10.4,-0.5000000000000004,0.8660254037844384,26.7,106.4,130.06666666666666,Deficit
Lucknow,2007,12,26.84,80.94,123,27.7,47.9,11.4,-2.4492935982947064e-16,1.0,10.4,26.7,47.833333333333336,Deficit
Lucknow,2008,1,26.84,80.94,123,20.9,53.1,4.7,0.49999999999999994,0.8660254037844387,11.4,10.4,16.166666666666668,Deficit
Lucknow,2008,2,26.84,80.94,123,29.5,54.3,11.3,0.8660254037844386,0.5000000000000001,4.7,11.4,8.833333333333334,Deficit
Lucknow,2008,3,26.84,80.94,123,26.1,46.8,15.9,1.0,6.123233995736766e-17,11.3,4.7,9.133333333333335,Deficit
Lucknow,2008,4,26.84,80.94,123,24.2,51.1,33.1,0.8660254037844387,-0.4999999999999998,15.9,11.3,10.633333333333333,Deficit
Lucknow,2008,5,26.84,80.94,123,24.2,60.4,35.5,0.49999999999999994,-0.8660254037844387,33.1,15.9,20.1,Deficit
Lucknow,2008,6,26.84,80.94,123,26.1,86.8,109.0,1.2246467991473532e-16,-1.0,35.5,33.1,28.166666666666668,Normal
Lucknow,2008,7,26.84,80.94,123,30.6,78.8,167.2,-0.4999999999999997,-0.8660254037844388,109.0,35.5,59.199999999999996,Excess
Lucknow,2008,8,26.84,80.94,123,25.2,84.3,188.3,-0.8660254037844385,-0.5000000000000004,167.2,109.0,103.89999999999999,Excess
Lucknow,2008,9,26.84,80.94,123,30.0,76.8,170.4,-1.0,-1.8369701987210297e-16,188.3,167.2,154.83333333333334,Excess
Lucknow,2008,10,26.84,80.94,123,23.7,65.7,30.5,-0.8660254037844386,0.5000000000000001,170.4,188.3,175.29999999999998,Deficit
Lucknow,2008,11,26.84,80.94,123,13.2,42.0,14.5,-0.5000000000000004,0.8660254037844384,30.5,170.4,129.73333333333335,Deficit
Lucknow,2008,12,26.84,80.94,123,25.6,41.8,6.1,-2.4492935982947064e-16,1.0,14.5,30.5,71.8,Deficit
Lucknow,2009,1,26.84,80.94,123,24.6,74.1,5.2,0.49999999999999994,0.8660254037844387,6.1,14.5,17.033333333333335,Deficit
Lucknow,2009,2,26.84,80.94,123,33.8,60.8,10.6,0.8660254037844386,0.5000000000000001,5.2,6.1,8.6,Deficit
Lucknow,2009,3,26.84,80.94,123,32.9,55.8,21.4,1.0,6.123233995736766e-17,10.6,5.2,7.3,Deficit
Lucknow,2009,4,26.84,80.94,123,29.1,66.5,26.2,0.8660254037844387,-0.4999999999999998,21.4,10.6,12.4,Deficit
Lucknow,2009,5,26.84,80.94,123,22.1,53.4,57.7,0.49999999999999994,-0.8660254037844387,26.2,21.4,19.400000000000002,Normal
Lucknow,2009,6,26.84,80.94,123,30.0,73.5,166.0,1.2246467991473532e-16,-1.0,57.7,26.2,35.1,Excess
Lucknow,2009,7,26.84,80.94,123,26.4,80.4,327.4,-0.4999999999999997,-0.8660254037844388,166.0,57.7,83.3,Excess
Lucknow,2009,8,26.84,80.94,123,34.7,83.5,181.3,-0.8660254037844385,-0.5000000000000004,327.4,166.0,183.69999999999996,Excess
Lucknow,2009,9,26.84,80.94,123,30.2,86.6,107.0,-1.0,-1.8369701987210297e-16,181.3,327.4,224.9,Normal
Lucknow,2009,10,26.84,80.94,123,28.4,43.7,26.2,-0.8660254037844386,0.5000000000000001,107.0,181.3,205.23333333333335,Deficit
Lucknow,2009,11,26.84,80.94,123,17.0,38.8,12.3,-0.5000000000000004,0.8660254037844384,26.2,107.0,104.83333333333333,Deficit
Lucknow,2009,12,26.84,80.94,123,31.6,52.7,8.1,-2.4492935982947064e-16,1.0,12.3,26.2,48.5,Deficit
Lucknow,2010,1,26.84,80.94,123,24.0,52.6,11.9,0.49999999999999994,0.8660254037844387,8.1,12.3,15.533333333333333,Deficit
Lucknow,2010,2,26.84,80.94,123,24.1,63.4,11.9,0.8660254037844386,0.5000000000000001,11.9,8.1,10.766666666666666,Deficit
Lucknow,2010,3,26.84,80.94,123,27.8,62.3,25.1,1.0,6.123233995736766e-17,11.9,11.9,10.633333333333333,Deficit
Lucknow,2010,4,26.84,80.94,123,21.1,38.5,39.2,0.8660254037844387,-0.4999999999999998,25.1,11.9,16.3,Deficit
Lucknow,2010,5,26.84,80.94,123,24.3,52.9,87.7,0.49999999999999994,-0.8660254037844387,39.2,25.1,25.400000000000002,Normal
Lucknow,2010,6,26.84,80.94,123,34.5,74.0,194.7,1.2246467991473532e-16,-1.0,87.7,39.2,50.666666666666664,Excess
Lucknow,2010,7,26.84,80.94,123,28.8,79.7,211.5,-0.4999999999999997,-0.8660254037844388,194.7,87.7,107.2,Excess
Lucknow,2010,8,26.84,80.94,123,29.5,89.7,309.6,-0.8660254037844385,-0.5000000000000004,211.5,194.7,164.63333333333333,Excess
Lucknow,2010,9,26.84,80.94,123,26.6,84.6,124.5,-1.0,-1.8369701987210297e-16,309.6,211.5,238.6,Normal
Lucknow,2010,10,26.84,80.94,123,33.8,61.6,41.7,-0.8660254037844386,0.5000000000000001,124.5,309.6,215.20000000000002,Normal
Lucknow,2010,11,26.84,80.94,123,21.4,46.4,18.1,-0.5000000000000004,0.8660254037844384,41.7,124.5,158.6,Deficit
Lucknow,2010,12,26.84,80.94,123,27.6,54.6,4.9,-2.4492935982947064e-16,1.0,18.1,41.7,61.43333333333333,Deficit
Lucknow,2011,1,26.84,80.94,123,28.5,55.5,7.2,0.49999999999999994,0.8660254037844387,4.9,18.1,21.566666666666666,Deficit
Lucknow,2011,2,26.84,80.94,123,26.5,68.3,9.2,0.8660254037844386,0.5000000000000001,7.2,4.9,10.066666666666666,Deficit
Lucknow,2011,3,26.84,80.94,123,23.5,42.8,16.8,1.0,6.123233995736766e-17,9.2,7.2,7.1000000000000005,Deficit
Lucknow,2011,4,26.84,80.94,123,15.2,50.2,25.3,0.8660254037844387,-0.4999999999999998,16.8,9.2,11.066666666666668,Deficit
Lucknow,2011,5,26.84,80.94,123,19.5,42.7,54.4,0.49999999999999994,-0.8660254037844387,25.3,16.8,17.099999999999998,Normal
Lucknow,2011,6,26.84,80.94,123,28.6,82.6,147.9,1.2246467991473532e-16,-1.0,54.4,25.3,32.166666666666664,Normal
Lucknow,2011,7,26.84,80.94,123,28.2,89.5,229.8,-0.4999999999999997,-0.8660254037844388,147.9,54.4,75.86666666666667,Excess
Lucknow,2011,8,26.84,80.94,123,24.4,91.8,197.9,-0.8660254037844385,-0.5000000000000004,229.8,147.9,144.03333333333333,Excess
Lucknow,2011,9,26.84,80.94,123,26.5,74.5,120.4,-1.0,-1.8369701987210297e-16,197.9,229.8,191.86666666666667,Normal
Lucknow,2011,10,26.84,80.94,123,24.5,67.7,25.9,-0.8660254037844386,0.5000000000000001,120.4,197.9,182.70000000000002,Deficit
Lucknow,2011,11,26.84,80.94,123,21.7,61.0,11.3,-0.5000000000000004,0.8660254037844384,25.9,120.4,114.73333333333333,Deficit
Lucknow,2011,12,26.84,80.94,123,25.7,58.8,5.9,-2.4492935982947064e-16,1.0,11.3,25.9,52.53333333333334,Deficit
Lucknow,2012,1,26.84,80.94,123,29.7,58.3,10.3,0.49999999999999994,0.8660254037844387,5.9,11.3,14.366666666666667,Deficit
Lucknow,2012,2,26.84,80.94,123,30.4,30.0,9.5,0.8660254037844386,0.5000000000000001,10.3,5.9,9.166666666666668,Deficit
Lucknow,2012,3,26.84,80.94,123,18.2,45.7,27.0,1.0,6.123233995736766e-17,9.5,10.3,8.566666666666668,Deficit
Lucknow,2012,4,26.84,80.94,123,24.4,62.1,29.3,0.8660254037844387,-0.4999999999999998,27.0,9.5,15.6,Deficit
Lucknow,2012,5,26.84,80.94,123,26.0,46.2,55.8,0.49999999999999994,-0.8660254037844387,29.3,27.0,21.933333333333334,Normal
Lucknow,2012,6,26.84,80.94,123,27.8,82.6,165.9,1.2246467991473532e-16,-1.0,55.8,29.3,37.36666666666667,Excess
Lucknow,2012,7,26.84,80.94,123,26.7,83.7,239.6,-0.4999999999999997,-0.8660254037844388,165.9,55.8,83.66666666666667,Excess
Lucknow,2012,8,26.84,80.94,123,26.5,76.8,276.5,-0.8660254037844385,-0.5000000000000004,239.6,165.9,153.76666666666665,Excess
Lucknow,2012,9,26.84,80.94,123,27.9,87.0,153.1,-1.0,-1.8369701987210297e-16,276.5,239.6,227.33333333333334,Excess
Lucknow,2012,10,26.84,80.94,123,17.9,46.7,24.7,-0.8660254037844386,0.5000000000000001,153.1,276.5,223.0666666666667,Deficit
Lucknow,2012,11,26.84,80.94,123,24.7,45.6,12.7,-0.5000000000000004,0.8660254037844384,24.7,153.1,151.43333333333334,Deficit
Lucknow,2012,12,26.84,80.94,123,23.8,53.5,6.4,-2.4492935982947064e-16,1.0,12.7,24.7,63.49999999999999,Deficit
Lucknow,2013,1,26.84,80.94,123,24.9,57.1,10.5,0.49999999999999994,0.8660254037844387,6.4,12.7,14.6,Deficit
Lucknow,2013,2,26.84,80.94,123,30.6,49.6,8.5,0.8660254037844386,0.5000000000000001,10.5,6.4,9.866666666666667,Deficit
Lucknow,2013,3,26.84,80.94,123,25.8,43.5,15.5,1.0,6.123233995736766e-17,8.5,10.5,8.466666666666667,Deficit
Lucknow,2013,4,26.84,80.94,123,33.8,44.1,34.0,0.8660254037844387,-0.4999999999999998,15.5,8.5,11.5,Deficit
Lucknow,2013,5,26.84,80.94,123,18.0,56.5,75.1,0.49999999999999994,-0.8660254037844387,34.0,15.5,19.333333333333332,Normal
Lucknow,2013,6,26.84,80.94,123,26.4,75.4,136.1,1.2246467991473532e-16,-1.0,75.1,34.0,41.53333333333333,Normal
Lucknow,2013,7,26.84,80.94,123,30.5,82.1,309.2,-0.4999999999999997,-0.8660254037844388,136.1,75.1,81.73333333333333,Excess
Lucknow,2013,8,26.84,80.94,123,32.0,77.5,205.1,-0.8660254037844385,-0.5000000000000004,309.2,136.1,173.46666666666667,Excess
Lucknow,2013,9,26.84,80.94,123,29.1,75.4,86.5,-1.0,-1.8369701987210297e-16,205.1,309.2,216.79999999999998,Normal
Lucknow,2013,10,26.84,80.94,123,23.5,58.0,35.8,-0.8660254037844386,0.5000000000000001,86.5,205.1,200.26666666666665,Deficit
Lucknow,2013,11,26.84,80.94,123,20.2,46.3,19.0,-0.5000000000000004,0.8660254037844384,35.8,86.5,109.13333333333334,Deficit
Lucknow,2013,12,26.84,80.94,123,31.2,45.4,4.9,-2.4492935982947064e-16,1.0,19.0,35.8,47.1,Deficit
Lucknow,2014,1,26.84,80.94,123,22.7,53.5,10.0,0.49999999999999994,0.8660254037844387,4.9,19.0,19.9,Deficit
Lucknow,2014,2,26.84,80.94,123,33.9,38.5,6.0,0.8660254037844386,0.5000000000000001,10.0,4.9,11.299999999999999,Deficit
Lucknow,2014,3,26.84,80.94,123,24.9,71.1,17.1,1.0,6.123233995736766e-17,6.0,10.0,6.966666666666666,Deficit
Lucknow,2014,4,26.84,80.94,123,32.9,59.6,20.7,0.8660254037844387,-0.4999999999999998,17.1,6.0,11.033333333333333,Deficit
Lucknow,2014,5,26.84,80.94,123,21.1,57.7,68.3,0.49999999999999994,-0.8660254037844387,20.7,17.1,14.6,Normal
Lucknow,2014,6,26.84,80.94,123,31.2,76.2,126.3,1.2246467991473532e-16,-1.0,68.3,20.7,35.36666666666667,Normal
Lucknow,2014,7,26.84,80.94,123,26.6,76.1,240.1,-0.4999999999999997,-0.8660254037844388,126.3,68.3,71.76666666666667,Excess
Lucknow,2014,8,26.84,80.94,123,29.3,89.3,246.9,-0.8660254037844385,-0.5000000000000004,240.1,126.3,144.9,Excess
Lucknow,2014,9,26.84,80.94,123,30.7,97.0,86.4,-1.0,-1.8369701987210297e-16,246.9,240.1,204.4333333333333,Normal
Lucknow,2014,10,26.84,80.94,123,32.6,49.4,25.0,-0.8660254037844386,0.5000000000000001,86.4,246.9,191.13333333333333,Deficit
Lucknow,2014,11,26.84,80.94,123,23.8,62.5,10.3,-0.5000000000000004,0.8660254037844384,25.0,86.4,119.43333333333334,Deficit
Lucknow,2014,12,26.84,80.94,123,22.6,57.9,2.9,-2.4492935982947064e-16,1.0,10.3,25.0,40.56666666666667,Deficit
Lucknow,2015,1,26.84,80.94,123,26.0,56.8,11.1,0.49999999999999994,0.8660254037844387,2.9,10.3,12.733333333333333,Deficit
Lucknow,2015,2,26.84,80.94,123,25.9,42.7,9.0,0.8660254037844386,0.5000000000000001,11.1,2.9,8.1,Deficit
Lucknow,2015,3,26.84,80.94,123,22.5,63.3,24.4,1.0,6.123233995736766e-17,9.0,11.1,7.666666666666667,Deficit
Lucknow,2015,4,26.84,80.94,123,25.8,47.1,28.5,0.8660254037844387,-0.4999999999999998,24.4,9.0,14.833333333333334,Deficit
Lucknow,2015,5,26.84,80.94,123,18.0,41.4,56.7,0.49999999999999994,-0.8660254037844387,28.5,24.4,20.633333333333333,Normal
Lucknow,2015,6,26.84,80.94,123,28.5,88.1,149.2,1.2246467991473532e-16,-1.0,56.7,28.5,36.53333333333333,Normal
Lucknow,2015,7,26.84,80.94,123,25.8,73.3,246.0,-0.4999999999999997,-0.8660254037844388,149.2,56.7,78.13333333333333,Excess
Lucknow,2015,8,26.84,80.94,123,31.5,89.6,258.2,-0.8660254037844385,-0.5000000000000004,246.0,149.2,150.63333333333333,Excess
Lucknow,2015,9,26.84,80.94,123,29.6,92.2,156.4,-1.0,-1.8369701987210297e-16,258.2,246.0,217.79999999999998,Excess
Lucknow,2015,10,26.84,80.94,123,27.6,48.8,31.5,-0.8660254037844386,0.5000000000000001,156.4,258.2,220.20000000000002,Deficit
Lucknow,2015,11,26.84,80.94,123,22.3,51.9,11.2,-0.5000000000000004,0.8660254037844384,31.5,156.4,148.70000000000002,Deficit
Lucknow,2015,12,26.84,80.94,123,32.7,52.8,5.1,-2.4492935982947064e-16,1.0,11.2,31.5,66.36666666666666,Deficit
Lucknow,2016,1,26.84,80.94,123,23.8,38.7,10.6,0.49999999999999994,0.8660254037844387,5.1,11.2,15.933333333333335,Deficit
Lucknow,2016,2,26.84,80.94,123,27.1,52.1,10.0,0.8660254037844386,0.5000000000000001,10.6,5.1,8.966666666666667,Deficit
Lucknow,2016,3,26.84,80.94,123,25.7,48.5,27.0,1.0,6.123233995736766e-17,10.0,10.6,8.566666666666666,Deficit
Lucknow,2016,4,26.84,80.94,123,24.6,63.6,48.0,0.8660254037844387,-0.4999999999999998,27.0,10.0,15.866666666666667,Normal
Lucknow,2016,5,26.84,80.94,123,27.8,61.3,74.9,0.49999999999999994,-0.8660254037844387,48.0,27.0,28.333333333333332,Normal
Lucknow,2016,6,26.84,80.94,123,22.1,82.1,191.5,1.2246467991473532e-16,-1.0,74.9,48.0,49.96666666666667,Excess
Lucknow,2016,7,26.84,80.94,123,29.3,84.7,380.4,-0.4999999999999997,-0.8660254037844388,191.5,74.9,104.8,Excess
Lucknow,2016,8,26.84,80.94,123,26.2,84.5,191.0,-0.8660254037844385,-0.5000000000000004,380.4,191.5,215.6,Excess
Lucknow,2016,9,26.84,80.94,123,31.0,81.1,173.4,-1.0,-1.8369701987210297e-16,191.0,380.4,254.29999999999998,Excess
Lucknow,2016,10,26.84,80.94,123,25.1,42.1,37.1,-0.8660254037844386,0.5000000000000001,173.4,191.0,248.26666666666665,Deficit
Lucknow,2016,11,26.84,80.94,123,26.7,53.7,10.3,-0.5000000000000004,0.8660254037844384,37.1,173.4,133.83333333333334,Deficit
Lucknow,2016,12,26.84,80.94,123,18.5,58.3,4.5,-2.4492935982947064e-16,1.0,10.3,37.1,73.60000000000001,Deficit
Lucknow,2017,1,26.84,80.94,123,32.5,30.6,10.6,0.49999999999999994,0.8660254037844387,4.5,10.3,17.3,Deficit
Lucknow,2017,2,26.84,80.94,123,24.2,66.5,8.1,0.8660254037844386,0.5000000000000001,10.6,4.5,8.466666666666667,Deficit
Lucknow,2017,3,26.84,80.94,123,32.7,53.4,13.4,1.0,6.123233995736766e-17,8.1,10.6,7.733333333333333,Deficit
Lucknow,2017,4,26.84,80.94,123,24.2,47.6,28.1,0.8660254037844387,-0.4999999999999998,13.4,8.1,10.700000000000001,Deficit
Lucknow,2017,5,26.84,80.94,123,20.7,55.5,79.3,0.49999999999999994,-0.8660254037844387,28.1,13.4,16.533333333333335,Normal
Lucknow,2017,6,26.84,80.94,123,26.1,97.5,142.0,1.2246467991473532e-16,-1.0,79.3,28.1,40.266666666666666,Normal
Lucknow,2017,7,26.84,80.94,123,29.5,88.8,276.8,-0.4999999999999997,-0.8660254037844388,142.0,79.3,83.13333333333334,Excess
Lucknow,2017,8,26.84,80.94,123,32.4,66.9,170.2,-0.8660254037844385,-0.5000000000000004,276.8,142.0,166.03333333333333,Excess
Lucknow,2017,9,26.84,80.94,123,26.9,85.5,115.0,-1.0,-1.8369701987210297e-16,170.2,276.8,196.33333333333334,Normal
Lucknow,2017,10,26.84,80.94,123,24.3,51.9,29.7,-0.8660254037844386,0.5000000000000001,115.0,170.2,187.33333333333334,Deficit
Lucknow,2017,11,26.84,80.94,123,19.0,59.3,11.8,-0.5000000000000004,0.8660254037844384,29.7,115.0,104.96666666666665,Deficit
Lucknow,2017,12,26.84,80.94,123,31.3,44.1,6.2,-2.4492935982947064e-16,1.0,11.8,29.7,52.166666666666664,Deficit
Lucknow,2018,1,26.84,80.94,123,29.8,62.2,10.3,0.49999999999999994,0.8660254037844387,6.2,11.8,15.9,Deficit
Lucknow,2018,2,26.84,80.94,123,23.6,61.6,11.3,0.8660254037844386,0.5000000000000001,10.3,6.2,9.433333333333334,Deficit
Lucknow,2018,3,26.84,80.94,123,22.3,38.7,24.2,1.0,6.123233995736766e-17,11.3,10.3,9.266666666666667,Deficit
Lucknow,2018,4,26.84,80.94,123,31.1,63.5,30.9,0.8660254037844387,-0.4999999999999998,24.2,11.3,15.266666666666666,Deficit
Lucknow,2018,5,26.84,80.94,123,20.3,64.7,60.8,0.49999999999999994,-0.8660254037844387,30.9,24.2,22.133333333333336,Normal
Lucknow,2018,6,26.84,80.94,123,29.3,78.3,138.2,1.2246467991473532e-16,-1.0,60.8,30.9,38.63333333333333,Normal
Lucknow,2018,7,26.84,80.94,123,26.1,88.9,378.6,-0.4999999999999997,-0.8660254037844388,138.2,60.8,76.63333333333333,Excess
Lucknow,2018,8,26.84,80.94,123,28.6,70.2,269.3,-0.8660254037844385,-0.5000000000000004,378.6,138.2,192.53333333333333,Excess
Lucknow,2018,9,26.84,80.94,123,27.4,83.5,91.8,-1.0,-1.8369701987210297e-16,269.3,378.6,262.0333333333333,Normal
Lucknow,2018,10,26.84,80.94,123,20.6,57.6,26.0,-0.8660254037844386,0.5000000000000001,91.8,269.3,246.5666666666667,Deficit
Lucknow,2018,11,26.84,80.94,123,24.4,59.8,17.9,-0.5000000000000004,0.8660254037844384,26.0,91.8,129.03333333333333,Deficit
Lucknow,2018,12,26.84,80.94,123,23.6,68.5,3.1,-2.4492935982947064e-16,1.0,17.9,26.0,45.23333333333333,Deficit
Lucknow,2019,1,26.84,80.94,123,34.2,38.0,10.2,0.49999999999999994,0.8660254037844387,3.1,17.9,15.666666666666666,Deficit
Lucknow,2019,2,26.84,80.94,123,31.7,48.8,11.6,0.8660254037844386,0.5000000000000001,10.2,3.1,10.4,Deficit
Lucknow,2019,3,26.84,80.94,123,21.1,45.1,23.1,1.0,6.123233995736766e-17,11.6,10.2,8.299999999999999,Deficit
Lucknow,2019,4,26.84,80.94,123,28.2,63.2,32.1,0.8660254037844387,-0.4999999999999998,23.1,11.6,14.966666666666667,Deficit
Lucknow,2019,5,26.84,80.94,123,24.7,63.9,89.7,0.49999999999999994,-0.8660254037844387,32.1,23.1,22.26666666666667,Normal
Lucknow,2019,6,26.84,80.94,123,30.3,83.2,150.1,1.2246467991473532e-16,-1.0,89.7,32.1,48.300000000000004,Excess
Lucknow,2019,7,26.84,80.94,123,29.1,72.4,291.5,-0.4999999999999997,-0.8660254037844388,150.1,89.7,90.63333333333333,Excess
Lucknow,2019,8,26.84,80.94,123,28.3,71.9,191.3,-0.8660254037844385,-0.5000000000000004,291.5,150.1,177.1,Excess
Lucknow,2019,9,26.84,80.94,123,30.2,84.0,160.9,-1.0,-1.8369701987210297e-16,191.3,291.5,210.9666666666667,Excess
Lucknow,2019,10,26.84,80.94,123,30.5,72.4,23.9,-0.8660254037844386,0.5000000000000001,160.9,191.3,214.5666666666667,Deficit
Lucknow,2019,11,26.84,80.94,123,27.0,54.0,15.4,-0.5000000000000004,0.8660254037844384,23.9,160.9,125.36666666666667,Deficit
Lucknow,2019,12,26.84,80.94,123,24.5,51.7,6.1,-2.4492935982947064e-16,1.0,15.4,23.9,66.73333333333333,Deficit
Lucknow,2020,1,26.84,80.94,123,19.4,51.0,15.9,0.49999999999999994,0.8660254037844387,6.1,15.4,15.133333333333333,Deficit
Lucknow,2020,2,26.84,80.94,123,31.4,46.1,8.8,0.8660254037844386,0.5000000000000001,15.9,6.1,12.466666666666667,Deficit
Lucknow,2020,3,26.84,80.94,123,27.6,69.4,16.5,1.0,6.123233995736766e-17,8.8,15.9,10.266666666666667,Deficit
Lucknow,2020,4,26.84,80.94,123,25.8,56.1,37.5,0.8660254037844387,-0.4999999999999998,16.5,8.8,13.733333333333334,Deficit
Lucknow,2020,5,26.84,80.94,123,21.5,50.9,98.0,0.49999999999999994,-0.8660254037844387,37.5,16.5,20.933333333333334,Normal
Lucknow,2020,6,26.84,80.94,123,25.1,80.0,163.9,1.2246467991473532e-16,-1.0,98.0,37.5,50.666666666666664,Excess
Lucknow,2020,7,26.84,80.94,123,29.4,85.9,361.2,-0.4999999999999997,-0.8660254037844388,163.9,98.0,99.8,Excess
Lucknow,2020,8,26.84,80.94,123,29.3,77.2,274.8,-0.8660254037844385,-0.5000000000000004,361.2,163.9,207.69999999999996,Excess
Lucknow,2020,9,26.84,80.94,123,28.5,83.7,147.5,-1.0,-1.8369701987210297e-16,274.8,361.2,266.6333333333334,Normal
Lucknow,2020,10,26.84,80.94,123,24.4,48.2,35.4,-0.8660254037844386,0.5000000000000001,147.5,274.8,261.1666666666667,Deficit
Lucknow,2020,11,26.84,80.94,123,28.6,56.1,26.2,-0.5000000000000004,0.8660254037844384,35.4,147.5,152.56666666666666,Deficit
Lucknow,2020,12,26.84,80.94,123,23.2,50.7,5.1,-2.4492935982947064e-16,1.0,26.2,35.4,69.7,Deficit
Lucknow,2021,1,26.84,80.94,123,18.7,45.6,6.5,0.49999999999999994,0.8660254037844387,5.1,26.2,22.23333333333333,Deficit
Lucknow,2021,2,26.84,80.94,123,24.0,66.8,10.7,0.8660254037844386,0.5000000000000001,6.5,5.1,12.6,Deficit
Lucknow,2021,3,26.84,80.94,123,22.0,67.2,15.1,1.0,6.123233995736766e-17,10.7,6.5,7.433333333333333,Deficit
Lucknow,2021,4,26.84,80.94,123,28.5,72.5,31.6,0.8660254037844387,-0.4999999999999998,15.1,10.7,10.766666666666666,Deficit
Lucknow,2021,5,26.84,80.94,123,24.6,49.3,63.1,0.49999999999999994,-0.8660254037844387,31.6,15.1,19.133333333333333,Normal
Lucknow,2021,6,26.84,80.94,123,27.2,87.3,106.9,1.2246467991473532e-16,-1.0,63.1,31.6,36.6,Normal
Lucknow,2021,7,26.84,80.94,123,29.5,79.7,305.3,-0.4999999999999997,-0.8660254037844388,106.9,63.1,67.2,Excess
Lucknow,2021,8,26.84,80.94,123,31.2,79.0,218.1,-0.8660254037844385,-0.5000000000000004,305.3,106.9,158.43333333333334,Excess
Lucknow,2021,9,26.84,80.94,123,28.4,90.8,151.9,-1.0,-1.8369701987210297e-16,218.1,305.3,210.10000000000002,Excess
Lucknow,2021,10,26.84,80.94,123,19.8,40.1,36.3,-0.8660254037844386,0.5000000000000001,151.9,218.1,225.1,Deficit
Lucknow,2021,11,26.84,80.94,123,24.7,47.4,17.1,-0.5000000000000004,0.8660254037844384,36.3,151.9,135.43333333333334,Deficit
Lucknow,2021,12,26.84,80.94,123,25.7,52.5,7.2,-2.4492935982947064e-16,1.0,17.1,36.3,68.43333333333332,Deficit
Lucknow,2022,1,26.84,80.94,123,31.3,44.1,10.2,0.49999999999999994,0.8660254037844387,7.2,17.1,20.2,Deficit
Lucknow,2022,2,26.84,80.94,123,30.7,38.2,12.3,0.8660254037844386,0.5000000000000001,10.2,7.2,11.5,Deficit
Lucknow,2022,3,26.84,80.94,123,29.6,63.6,20.6,1.0,6.123233995736766e-17,12.3,10.2,9.9,Deficit
Lucknow,2022,4,26.84,80.94,123,22.1,61.6,31.9,0.8660254037844387,-0.4999999999999998,20.6,12.3,14.366666666666667,Deficit
Lucknow,2022,5,26.84,80.94,123,20.3,40.0,93.2,0.49999999999999994,-0.8660254037844387,31.9,20.6,21.600000000000005,Normal
Lucknow,2022,6,26.84,80.94,123,29.6,80.2,182.8,1.2246467991473532e-16,-1.0,93.2,31.9,48.56666666666666,Excess
Lucknow,2022,7,26.84,80.94,123,26.2,69.3,332.7,-0.4999999999999997,-0.8660254037844388,182.8,93.2,102.63333333333333,Excess
Lucknow,2022,8,26.84,80.94,123,28.2,80.3,243.4,-0.8660254037844385,-0.5000000000000004,332.7,182.8,202.9,Excess
Lucknow,2022,9,26.84,80.94,123,23.5,78.9,121.7,-1.0,-1.8369701987210297e-16,243.4,332.7,252.96666666666667,Normal
Lucknow,2022,10,26.84,80.94,123,30.0,63.9,38.3,-0.8660254037844386,0.5000000000000001,121.7,243.4,232.60000000000002,Deficit
Lucknow,2022,11,26.84,80.94,123,20.4,57.0,14.1,-0.5000000000000004,0.8660254037844384,38.3,121.7,134.46666666666667,Deficit
Lucknow,2022,12,26.84,80.94,123,26.6,31.9,6.8,-2.4492935982947064e-16,1.0,14.1,38.3,58.03333333333333,Deficit
Lucknow,2023,1,26.84,80.94,123,26.9,59.7,8.6,0.49999999999999994,0.8660254037844387,6.8,14.1,19.73333333333333,Deficit
Lucknow,2023,2,26.84,80.94,123,26.3,52.8,9.0,0.8660254037844386,0.5000000000000001,8.6,6.8,9.833333333333334,Deficit
Lucknow,2023,3,26.84,80.94,123,26.3,52.7,19.5,1.0,6.123233995736766e-17,9.0,8.6,8.133333333333333,Deficit
Lucknow,2023,4,26.84,80.94,123,25.3,56.8,24.8,0.8660254037844387,-0.4999999999999998,19.5,9.0,12.366666666666667,Deficit
Lucknow,2023,5,26.84,80.94,123,26.5,65.4,63.8,0.49999999999999994,-0.8660254037844387,24.8,19.5,17.766666666666666,Normal
Lucknow,2023,6,26.84,80.94,123,26.4,87.3,145.8,1.2246467991473532e-16,-1.0,63.8,24.8,36.03333333333333,Normal
Lucknow,2023,7,26.84,80.94,123,25.3,84.0,177.1,-0.4999999999999997,-0.8660254037844388,145.8,63.8,78.13333333333334,Excess
Lucknow,2023,8,26.84,80.94,123,24.9,79.7,228.2,-0.8660254037844385,-0.5000000000000004,177.1,145.8,128.9,Excess
Lucknow,2023,9,26.84,80.94,123,26.8,87.7,108.5,-1.0,-1.8369701987210297e-16,228.2,177.1,183.69999999999996,Normal
Lucknow,2023,10,26.84,80.94,123,24.9,46.5,29.4,-0.8660254037844386,0.5000000000000001,108.5,228.2,171.26666666666665,Deficit
Lucknow,2023,11,26.84,80.94,123,30.7,57.9,9.9,-0.5000000000000004,0.8660254037844384,29.4,108.5,122.03333333333332,Deficit
Lucknow,2023,12,26.84,80.94,123,27.9,51.3,2.9,-2.4492935982947064e-16,1.0,9.9,29.4,49.26666666666667,Deficit
Lucknow,2024,1,26.84,80.94,123,22.0,48.6,10.4,0.49999999999999994,0.8660254037844387,2.9,9.9,14.066666666666665,Deficit
Lucknow,2024,2,26.84,80.94,123,23.0,58.7,9.7,0.8660254037844386,0.5000000000000001,10.4,2.9,7.733333333333334,Deficit
Lucknow,2024,3,26.84,80.94,123,22.0,35.3,25.4,1.0,6.123233995736766e-17,9.7,10.4,7.666666666666667,Deficit
Lucknow,2024,4,26.84,80.94,123,24.4,45.4,18.2,0.8660254037844387,-0.4999999999999998,25.4,9.7,15.166666666666666,Deficit
Lucknow,2024,5,26.84,80.94,123,25.5,36.0,69.0,0.49999999999999994,-0.8660254037844387,18.2,25.4,17.766666666666666,Normal
Lucknow,2024,6,26.84,80.94,123,28.7,82.8,102.4,1.2246467991473532e-16,-1.0,69.0,18.2,37.53333333333333,Normal
Lucknow,2024,7,26.84,80.94,123,23.9,84.8,236.9,-0.4999999999999997,-0.8660254037844388,102.4,69.0,63.20000000000001,Excess
Lucknow,2024,8,26.84,80.94,123,28.7,76.9,280.3,-0.8660254037844385,-0.5000000000000004,236.9,102.4,136.1,Excess
Lucknow,2024,9,26.84,80.94,123,24.6,88.3,134.1,-1.0,-1.8369701987210297e-16,280.3,236.9,206.53333333333333,Normal
Lucknow,2024,10,26.84,80.94,123,17.9,49.0,28.9,-0.8660254037844386,0.5000000000000001,134.1,280.3,217.10000000000002,Deficit
Lucknow,2024,11,26.84,80.94,123,23.7,49.2,15.4,-0.5000000000000004,0.8660254037844384,28.9,134.1,147.76666666666665,Deficit
Lucknow,2024,12,26.84,80.94,123,27.3,45.5,2.3,-2.4492935982947064e-16,1.0,15.4,28.9,59.46666666666667,Deficit
Mumbai,2005,1,18.92,72.83,14,22.5,52.3,0.0,0.49999999999999994,0.8660254037844387,0.0,0.0,0.0,Deficit
Mumbai,2005,2,18.92,72.83,14,22.1,53.9,2.6,0.8660254037844386,0.5000000000000001,0.0,0.0,0.0,Deficit
Mumbai,2005,3,18.92,72.83,14,22.6,37.9,0.1,1.0,6.123233995736766e-17,2.6,0.0,1.3,Deficit
Mumbai,2005,4,18.92,72.83,14,19.6,42.2,0.0,0.8660254037844387,-0.4999999999999998,0.1,2.6,0.9,Deficit
Mumbai,2005,5,18.92,72.83,14,21.2,78.3,19.0,0.49999999999999994,-0.8660254037844387,0.0,0.1,0.9,Deficit
Mumbai,2005,6,18.92,72.83,14,28.5,76.8,382.0,1.2246467991473532e-16,-1.0,19.0,0.0,6.366666666666667,Excess
Mumbai,2005,7,18.92,72.83,14,26.6,82.7,682.4,-0.4999999999999997,-0.8660254037844388,382.0,19.0,133.66666666666666,Excess
Mumbai,2005,8,18.92,72.83,14,27.8,88.9,605.7,-0.8660254037844385,-0.5000000000000004,682.4,382.0,361.1333333333334,Excess
Mumbai,2005,9,18.92,72.83,14,27.9,92.6,153.2,-1.0,-1.8369701987210297e-16,605.7,682.4,556.7,Excess
Mumbai,2005,10,18.92,72.83,14,32.2,59.1,56.6,-0.8660254037844386,0.5000000000000001,153.2,605.7,480.43333333333334,Normal
Mumbai,2005,11,18.92,72.83,14,27.5,61.7,6.8,-0.5000000000000004,0.8660254037844384,56.6,153.2,271.83333333333337,Deficit
Mumbai,2005,12,18.92,72.83,14,18.7,44.7,2.8,-2.4492935982947064e-16,1.0,6.8,56.6,72.2,Deficit
Mumbai,2006,1,18.92,72.83,14,27.5,53.8,1.9,0.49999999999999994,0.8660254037844387,2.8,6.8,22.066666666666666,Deficit
Mumbai,2006,2,18.92,72.83,14,26.5,58.1,0.0,0.8660254037844386,0.5000000000000001,1.9,2.8,3.8333333333333335,Deficit
Mumbai,2006,3,18.92,72.83,14,29.3,60.3,3.2,1.0,6.123233995736766e-17,0.0,1.9,1.5666666666666664,Deficit
Mumbai,2006,4,18.92,72.83,14,24.7,35.4,3.0,0.8660254037844387,-0.4999999999999998,3.2,0.0,1.7,Deficit
Mumbai,2006,5,18.92,72.83,14,25.8,54.7,22.3,0.49999999999999994,-0.8660254037844387,3.0,3.2,2.066666666666667,Deficit
Mumbai,2006,6,18.92,72.83,14,25.3,88.3,351.4,1.2246467991473532e-16,-1.0,22.3,3.0,9.5,Excess
Mumbai,2006,7,18.92,72.83,14,29.7,82.2,782.5,-0.4999999999999997,-0.8660254037844388,351.4,22.3,125.56666666666666,Excess
Mumbai,2006,8,18.92,72.83,14,30.3,78.9,542.2,-0.8660254037844385,-0.5000000000000004,782.5,351.4,385.40000000000003,Excess
Mumbai,2006,9,18.92,72.83,14,26.8,79.4,232.1,-1.0,-1.8369701987210297e-16,542.2,782.5,558.7,Excess
Mumbai,2006,10,18.92,72.83,14,25.9,47.2,78.3,-0.8660254037844386,0.5000000000000001,232.1,542.2,518.9333333333333,Normal
Mumbai,2006,11,18.92,72.83,14,21.4,50.1,12.9,-0.5000000000000004,0.8660254037844384,78.3,232.1,284.2,Deficit
Mumbai,2006,12,18.92,72.83,14,30.8,54.0,1.2,-2.4492935982947064e-16,1.0,12.9,78.3,107.76666666666665,Deficit
Mumbai,2007,1,18.92,72.83,14,26.1,60.9,0.0,0.49999999999999994,0.8660254037844387,1.2,12.9,30.8,Deficit
Mumbai,2007,2,18.92,72.83,14,29.3,46.8,2.6,0.8660254037844386,0.5000000000000001,0.0,1.2,4.7,Deficit
Mumbai,2007,3,18.92,72.83,14,34.2,48.4,5.3,1.0,6.123233995736766e-17,2.6,0.0,1.2666666666666666,Deficit
Mumbai,2007,4,18.92,72.83,14,30.8,67.8,1.6,0.8660254037844387,-0.4999999999999998,5.3,2.6,2.6333333333333333,Deficit
Mumbai,2007,5,18.92,72.83,14,23.3,49.2,22.3,0.49999999999999994,-0.8660254037844387,1.6,5.3,3.1666666666666665,Deficit
Mumbai,2007,6,18.92,72.83,14,25.7,76.0,410.0,1.2246467991473532e-16,-1.0,22.3,1.6,9.733333333333334,Excess
Mumbai,2007,7,18.92,72.83,14,27.9,83.4,805.3,-0.4999999999999997,-0.8660254037844388,410.0,22.3,144.63333333333333,Excess
Mumbai,2007,8,18.92,72.83,14,25.5,87.9,817.7,-0.8660254037844385,-0.5000000000000004,805.3,410.0,412.5333333333333,Excess
Mumbai,2007,9,18.92,72.83,14,27.9,86.0,260.1,-1.0,-1.8369701987210297e-16,817.7,805.3,677.6666666666666,Excess
Mumbai,2007,10,18.92,72.83,14,26.5,53.7,78.5,-0.8660254037844386,0.5000000000000001,260.1,817.7,627.6999999999999,Normal
Mumbai,2007,11,18.92,72.83,14,26.2,76.6,13.4,-0.5000000000000004,0.8660254037844384,78.5,260.1,385.4333333333334,Deficit
Mumbai,2007,12,18.92,72.83,14,22.9,45.8,1.2,-2.4492935982947064e-16,1.0,13.4,78.5,117.33333333333333,Deficit
Mumbai,2008,1,18.92,72.83,14,29.8,66.2,0.7,0.49999999999999994,0.8660254037844387,1.2,13.4,31.033333333333335,Deficit
Mumbai,2008,2,18.92,72.83,14,21.7,56.7,0.8,0.8660254037844386,0.5000000000000001,0.7,1.2,5.1,Deficit
Mumbai,2008,3,18.92,72.83,14,27.5,54.0,0.9,1.0,6.123233995736766e-17,0.8,0.7,0.9,Deficit
Mumbai,2008,4,18.92,72.83,14,31.2,70.0,0.0,0.8660254037844387,-0.4999999999999998,0.9,0.8,0.7999999999999999,Deficit
Mumbai,2008,5,18.92,72.83,14,23.4,54.9,17.6,0.49999999999999994,-0.8660254037844387,0.0,0.9,0.5666666666666668,Deficit
Mumbai,2008,6,18.92,72.83,14,29.6,94.1,462.2,1.2246467991473532e-16,-1.0,17.6,0.0,6.166666666666667,Excess
Mumbai,2008,7,18.92,72.83,14,26.0,73.7,729.0,-0.4999999999999997,-0.8660254037844388,462.2,17.6,159.93333333333334,Excess
Mumbai,2008,8,18.92,72.83,14,27.9,92.8,447.4,-0.8660254037844385,-0.5000000000000004,729.0,462.2,402.93333333333334,Excess
Mumbai,2008,9,18.92,72.83,14,28.6,81.9,197.7,-1.0,-1.8369701987210297e-16,447.4,729.0,546.1999999999999,Excess
Mumbai,2008,10,18.92,72.83,14,35.1,46.7,96.2,-0.8660254037844386,0.5000000000000001,197.7,447.4,458.03333333333336,Normal
Mumbai,2008,11,18.92,72.83,14,29.2,58.8,8.9,-0.5000000000000004,0.8660254037844384,96.2,197.7,247.1,Deficit
Mumbai,2008,12,18.92,72.83,14,27.3,48.4,5.7,-2.4492935982947064e-16,1.0,8.9,96.2,100.93333333333332,Deficit
Mumbai,2009,1,18.92,72.83,14,28.3,57.1,4.5,0.49999999999999994,0.8660254037844387,5.7,8.9,36.93333333333334,Deficit
Mumbai,2009,2,18.92,72.83,14,29.7,65.8,4.5,0.8660254037844386,0.5000000000000001,4.5,5.7,6.366666666666667,Deficit
Mumbai,2009,3,18.92,72.83,14,24.3,53.5,3.6,1.0,6.123233995736766e-17,4.5,4.5,4.8999999999999995,Deficit
Mumbai,2009,4,18.92,72.83,14,21.7,55.7,4.7,0.8660254037844387,-0.4999999999999998,3.6,4.5,4.2,Deficit
Mumbai,2009,5,18.92,72.83,14,25.1,64.8,21.6,0.49999999999999994,-0.8660254037844387,4.7,3.6,4.266666666666667,Deficit
Mumbai,2009,6,18.92,72.83,14,28.1,73.8,529.4,1.2246467991473532e-16,-1.0,21.6,4.7,9.966666666666667,Excess
Mumbai,2009,7,18.92,72.83,14,29.6,95.0,1002.7,-0.4999999999999997,-0.8660254037844388,529.4,21.6,185.23333333333332,Excess
Mumbai,2009,8,18.92,72.83,14,28.5,83.5,571.3,-0.8660254037844385,-0.5000000000000004,1002.7,529.4,517.9,Excess
Mumbai,2009,9,18.92,72.83,14,27.8,83.7,328.5,-1.0,-1.8369701987210297e-16,571.3,1002.7,701.1333333333332,Excess
Mumbai,2009,10,18.92,72.83,14,25.7,47.5,103.2,-0.8660254037844386,0.5000000000000001,328.5,571.3,634.1666666666666,Normal
Mumbai,2009,11,18.92,72.83,14,29.3,41.7,12.0,-0.5000000000000004,0.8660254037844384,103.2,328.5,334.3333333333333,Deficit
Mumbai,2009,12,18.92,72.83,14,22.2,64.0,2.6,-2.4492935982947064e-16,1.0,12.0,103.2,147.9,Deficit
Mumbai,2010,1,18.92,72.83,14,26.5,67.7,0.6,0.49999999999999994,0.8660254037844387,2.6,12.0,39.266666666666666,Deficit
Mumbai,2010,2,18.92,72.83,14,22.8,70.8,1.6,0.8660254037844386,0.5000000000000001,0.6,2.6,5.066666666666666,Deficit
Mumbai,2010,3,18.92,72.83,14,16.2,56.4,0.0,1.0,6.123233995736766e-17,1.6,0.6,1.6000000000000003,Deficit
Mumbai,2010,4,18.92,72.83,14,20.9,59.1,0.7,0.8660254037844387,-0.4999999999999998,0.0,1.6,0.7333333333333334,Deficit
Mumbai,2010,5,18.92,72.83,14,22.7,39.2,17.6,0.49999999999999994,-0.8660254037844387,0.7,0.0,0.7666666666666666,Deficit
Mumbai,2010,6,18.92,72.83,14,29.6,81.4,430.3,1.2246467991473532e-16,-1.0,17.6,0.7,6.1000000000000005,Excess
Mumbai,2010,7,18.92,72.83,14,25.3,72.8,855.9,-0.4999999999999997,-0.8660254037844388,430.3,17.6,149.53333333333333,Excess
Mumbai,2010,8,18.92,72.83,14,27.9,83.5,384.8,-0.8660254037844385,-0.5000000000000004,855.9,430.3,434.59999999999997,Excess
Mumbai,2010,9,18.92,72.83,14,28.9,74.5,177.9,-1.0,-1.8369701987210297e-16,384.8,855.9,557.0,Excess
Mumbai,2010,10,18.92,72.83,14,24.7,63.2,85.2,-0.8660254037844386,0.5000000000000001,177.9,384.8,472.86666666666673,Normal
Mumbai,2010,11,18.92,72.83,14,26.8,57.7,9.1,-0.5000000000000004,0.8660254037844384,85.2,177.9,215.9666666666667,Deficit
Mumbai,2010,12,18.92,72.83,14,27.6,65.3,2.6,-2.4492935982947064e-16,1.0,9.1,85.2,90.73333333333335,Deficit
Mumbai,2011,1,18.92,72.83,14,24.6,66.4,3.6,0.49999999999999994,0.8660254037844387,2.6,9.1,32.3,Deficit
Mumbai,2011,2,18.92,72.83,14,32.2,51.6,0.9,0.8660254037844386,0.5000000000000001,3.6,2.6,5.1,Deficit
Mumbai,2011,3,18.92,72.83,14,25.5,45.2,0.0,1.0,6.123233995736766e-17,0.9,3.6,2.3666666666666667,Deficit
Mumbai,2011,4,18.92,72.83,14,22.4,47.5,3.9,0.8660254037844387,-0.4999999999999998,0.0,0.9,1.5,Deficit
Mumbai,2011,5,18.92,72.83,14,23.2,30.0,14.6,0.49999999999999994,-0.8660254037844387,3.9,0.0,1.5999999999999999,Deficit
Mumbai,2011,6,18.92,72.83,14,29.9,86.7,347.2,1.2246467991473532e-16,-1.0,14.6,3.9,6.166666666666667,Excess
Mumbai,2011,7,18.92,72.83,14,25.6,81.7,903.2,-0.4999999999999997,-0.8660254037844388,347.2,14.6,121.89999999999999,Excess
Mumbai,2011,8,18.92,72.83,14,25.1,91.0,573.6,-0.8660254037844385,-0.5000000000000004,903.2,347.2,421.6666666666667,Excess
Mumbai,2011,9,18.92,72.83,14,27.4,82.2,281.2,-1.0,-1.8369701987210297e-16,573.6,903.2,608.0,Excess
Mumbai,2011,10,18.92,72.83,14,16.8,49.5,91.6,-0.8660254037844386,0.5000000000000001,281.2,573.6,586.0000000000001,Normal
Mumbai,2011,11,18.92,72.83,14,21.0,49.2,9.7,-0.5000000000000004,0.8660254037844384,91.6,281.2,315.46666666666664,Deficit
Mumbai,2011,12,18.92,72.83,14,27.6,46.3,5.8,-2.4492935982947064e-16,1.0,9.7,91.6,127.49999999999999,Deficit
Mumbai,2012,1,18.92,72.83,14,28.7,52.6,5.1,0.49999999999999994,0.8660254037844387,5.8,9.7,35.699999999999996,Deficit
Mumbai,2012,2,18.92,72.83,14,27.8,55.9,1.0,0.8660254037844386,0.5000000000000001,5.1,5.8,6.866666666666667,Deficit
Mumbai,2012,3,18.92,72.83,14,27.5,62.5,4.1,1.0,6.123233995736766e-17,1.0,5.1,3.9666666666666663,Deficit
Mumbai,2012,4,18.92,72.83,14,30.3,54.0,1.3,0.8660254037844387,-0.4999999999999998,4.1,1.0,3.4,Deficit
Mumbai,2012,5,18.92,72.83,14,22.2,69.4,31.9,0.49999999999999994,-0.8660254037844387,1.3,4.1,2.1333333333333333,Deficit
Mumbai,2012,6,18.92,72.83,14,26.4,79.1,528.8,1.2246467991473532e-16,-1.0,31.9,1.3,12.433333333333332,Excess
Mumbai,2012,7,18.92,72.83,14,29.1,85.1,831.0,-0.4999999999999997,-0.8660254037844388,528.8,31.9,187.33333333333334,Excess
Mumbai,2012,8,18.92,72.83,14,27.9,94.9,541.1,-0.8660254037844385,-0.5000000000000004,831.0,528.8,463.8999999999999,Excess
Mumbai,2012,9,18.92,72.83,14,29.1,82.2,334.7,-1.0,-1.8369701987210297e-16,541.1,831.0,633.6333333333333,Excess
Mumbai,2012,10,18.92,72.83,14,27.5,41.8,94.8,-0.8660254037844386,0.5000000000000001,334.7,541.1,568.9333333333333,Normal
Mumbai,2012,11,18.92,72.83,14,18.3,56.0,11.1,-0.5000000000000004,0.8660254037844384,94.8,334.7,323.5333333333333,Deficit
Mumbai,2012,12,18.92,72.83,14,23.1,67.7,3.6,-2.4492935982947064e-16,1.0,11.1,94.8,146.86666666666667,Deficit
Mumbai,2013,1,18.92,72.83,14,25.9,62.5,0.0,0.49999999999999994,0.8660254037844387,3.6,11.1,36.49999999999999,Deficit
Mumbai,2013,2,18.92,72.83,14,23.2,62.8,5.1,0.8660254037844386,0.5000000000000001,0.0,3.6,4.8999999999999995,Deficit
Mumbai,2013,3,18.92,72.83,14,24.3,60.8,1.7,1.0,6.123233995736766e-17,5.1,0.0,2.9,Deficit
Mumbai,2013,4,18.92,72.83,14,18.7,66.8,3.1,0.8660254037844387,-0.4999999999999998,1.7,5.1,2.2666666666666666,Deficit
Mumbai,2013,5,18.92,72.83,14,22.5,56.0,22.2,0.49999999999999994,-0.8660254037844387,3.1,1.7,3.3000000000000003,Deficit
Mumbai,2013,6,18.92,72.83,14,28.7,78.7,426.4,1.2246467991473532e-16,-1.0,22.2,3.1,9.0,Excess
Mumbai,2013,7,18.92,72.83,14,27.9,89.0,594.6,-0.4999999999999997,-0.8660254037844388,426.4,22.2,150.56666666666666,Excess
Mumbai,2013,8,18.92,72.83,14,27.1,86.6,508.0,-0.8660254037844385,-0.5000000000000004,594.6,426.4,347.73333333333335,Excess
Mumbai,2013,9,18.92,72.83,14,30.9,71.6,95.4,-1.0,-1.8369701987210297e-16,508.0,594.6,509.6666666666667,Normal
Mumbai,2013,10,18.92,72.83,14,20.5,39.1,66.5,-0.8660254037844386,0.5000000000000001,95.4,508.0,399.3333333333333,Normal
Mumbai,2013,11,18.92,72.83,14,23.1,55.5,11.2,-0.5000000000000004,0.8660254037844384,66.5,95.4,223.29999999999998,Deficit
Mumbai,2013,12,18.92,72.83,14,26.9,52.8,1.7,-2.4492935982947064e-16,1.0,11.2,66.5,57.699999999999996,Deficit
Mumbai,2014,1,18.92,72.83,14,23.0,36.4,3.8,0.49999999999999994,0.8660254037844387,1.7,11.2,26.46666666666667,Deficit
Mumbai,2014,2,18.92,72.83,14,31.0,60.5,0.9,0.8660254037844386,0.5000000000000001,3.8,1.7,5.566666666666666,Deficit
Mumbai,2014,3,18.92,72.83,14,23.6,48.8,1.1,1.0,6.123233995736766e-17,0.9,3.8,2.1333333333333333,Deficit
Mumbai,2014,4,18.92,72.83,14,26.5,56.3,5.9,0.8660254037844387,-0.4999999999999998,1.1,0.9,1.9333333333333336,Deficit
Mumbai,2014,5,18.92,72.83,14,26.0,49.4,20.9,0.49999999999999994,-0.8660254037844387,5.9,1.1,2.6333333333333333,Deficit
Mumbai,2014,6,18.92,72.83,14,27.8,81.8,374.1,1.2246467991473532e-16,-1.0,20.9,5.9,9.299999999999999,Excess
Mumbai,2014,7,18.92,72.83,14,28.1,86.4,757.5,-0.4999999999999997,-0.8660254037844388,374.1,20.9,133.63333333333335,Excess
Mumbai,2014,8,18.92,72.83,14,28.2,70.0,451.6,-0.8660254037844385,-0.5000000000000004,757.5,374.1,384.1666666666667,Excess
Mumbai,2014,9,18.92,72.83,14,28.9,88.0,225.9,-1.0,-1.8369701987210297e-16,451.6,757.5,527.7333333333332,Excess
Mumbai,2014,10,18.92,72.83,14,33.4,50.6,33.7,-0.8660254037844386,0.5000000000000001,225.9,451.6,478.3333333333333,Deficit
Mumbai,2014,11,18.92,72.83,14,20.8,58.1,11.0,-0.5000000000000004,0.8660254037844384,33.7,225.9,237.0666666666667,Deficit
Mumbai,2014,12,18.92,72.83,14,22.5,71.1,0.0,-2.4492935982947064e-16,1.0,11.0,33.7,90.2,Deficit
Mumbai,2015,1,18.92,72.83,14,28.5,57.0,2.5,0.49999999999999994,0.8660254037844387,0.0,11.0,14.9,Deficit
Mumbai,2015,2,18.92,72.83,14,26.5,76.0,2.4,0.8660254037844386,0.5000000000000001,2.5,0.0,4.5,Deficit
Mumbai,2015,3,18.92,72.83,14,25.8,62.5,2.0,1.0,6.123233995736766e-17,2.4,2.5,1.6333333333333335,Deficit
Mumbai,2015,4,18.92,72.83,14,29.7,58.4,4.3,0.8660254037844387,-0.4999999999999998,2.0,2.4,2.3000000000000003,Deficit
Mumbai,2015,5,18.92,72.83,14,31.5,40.5,16.6,0.49999999999999994,-0.8660254037844387,4.3,2.0,2.9,Deficit
Mumbai,2015,6,18.92,72.83,14,26.1,81.6,485.1,1.2246467991473532e-16,-1.0,16.6,4.3,7.633333333333334,Excess
Mumbai,2015,7,18.92,72.83,14,28.8,84.5,841.7,-0.4999999999999997,-0.8660254037844388,485.1,16.6,168.66666666666666,Excess
Mumbai,2015,8,18.92,72.83,14,29.1,80.5,701.6,-0.8660254037844385,-0.5000000000000004,841.7,485.1,447.8,Excess
Mumbai,2015,9,18.92,72.83,14,31.0,74.6,269.9,-1.0,-1.8369701987210297e-16,701.6,841.7,676.1333333333333,Excess
Mumbai,2015,10,18.92,72.83,14,27.8,49.0,92.6,-0.8660254037844386,0.5000000000000001,269.9,701.6,604.4000000000001,Normal
Mumbai,2015,11,18.92,72.83,14,24.4,53.3,13.2,-0.5000000000000004,0.8660254037844384,92.6,269.9,354.7,Deficit
Mumbai,2015,12,18.92,72.83,14,25.1,41.0,1.7,-2.4492935982947064e-16,1.0,13.2,92.6,125.23333333333333,Deficit
Mumbai,2016,1,18.92,72.83,14,21.6,42.1,4.9,0.49999999999999994,0.8660254037844387,1.7,13.2,35.833333333333336,Deficit
Mumbai,2016,2,18.92,72.83,14,22.4,38.8,0.0,0.8660254037844386,0.5000000000000001,4.9,1.7,6.599999999999999,Deficit
Mumbai,2016,3,18.92,72.83,14,29.0,45.1,5.0,1.0,6.123233995736766e-17,0.0,4.9,2.2,Deficit
Mumbai,2016,4,18.92,72.83,14,28.9,48.8,6.2,0.8660254037844387,-0.4999999999999998,5.0,0.0,3.3000000000000003,Deficit
Mumbai,2016,5,18.92,72.83,14,34.2,38.1,9.4,0.49999999999999994,-0.8660254037844387,6.2,5.0,3.733333333333333,Deficit
Mumbai,2016,6,18.92,72.83,14,30.6,96.6,265.6,1.2246467991473532e-16,-1.0,9.4,6.2,6.866666666666667,Excess
Mumbai,2016,7,18.92,72.83,14,29.4,85.6,814.3,-0.4999999999999997,-0.8660254037844388,265.6,9.4,93.73333333333335,Excess
Mumbai,2016,8,18.92,72.83,14,29.9,83.7,514.5,-0.8660254037844385,-0.5000000000000004,814.3,265.6,363.09999999999997,Excess
Mumbai,2016,9,18.92,72.83,14,27.8,77.5,192.2,-1.0,-1.8369701987210297e-16,514.5,814.3,531.4666666666667,Excess
Mumbai,2016,10,18.92,72.83,14,18.2,51.0,65.1,-0.8660254037844386,0.5000000000000001,192.2,514.5,507.0,Normal
Mumbai,2016,11,18.92,72.83,14,20.6,53.8,6.6,-0.5000000000000004,0.8660254037844384,65.1,192.2,257.2666666666667,Deficit
Mumbai,2016,12,18.92,72.83,14,28.7,36.3,4.5,-2.4492935982947064e-16,1.0,6.6,65.1,87.96666666666665,Deficit
Mumbai,2017,1,18.92,72.83,14,21.1,49.8,3.7,0.49999999999999994,0.8660254037844387,4.5,6.6,25.399999999999995,Deficit
Mumbai,2017,2,18.92,72.83,14,21.1,53.1,3.0,0.8660254037844386,0.5000000000000001,3.7,4.5,4.933333333333334,Deficit
Mumbai,2017,3,18.92,72.83,14,22.6,55.2,0.0,1.0,6.123233995736766e-17,3.0,3.7,3.733333333333333,Deficit
Mumbai,2017,4,18.92,72.83,14,26.8,51.8,0.0,0.8660254037844387,-0.4999999999999998,0.0,3.0,2.2333333333333334,Deficit
Mumbai,2017,5,18.92,72.83,14,25.9,65.6,20.3,0.49999999999999994,-0.8660254037844387,0.0,0.0,1.0,Deficit
Mumbai,2017,6,18.92,72.83,14,26.9,82.7,416.4,1.2246467991473532e-16,-1.0,20.3,0.0,6.766666666666667,Excess
Mumbai,2017,7,18.92,72.83,14,28.1,82.2,772.1,-0.4999999999999997,-0.8660254037844388,416.4,20.3,145.56666666666666,Excess
Mumbai,2017,8,18.92,72.83,14,26.3,73.6,420.4,-0.8660254037844385,-0.5000000000000004,772.1,416.4,402.93333333333334,Excess
Mumbai,2017,9,18.92,72.83,14,24.9,77.8,267.7,-1.0,-1.8369701987210297e-16,420.4,772.1,536.3000000000001,Excess
Mumbai,2017,10,18.92,72.83,14,28.6,49.1,64.5,-0.8660254037844386,0.5000000000000001,267.7,420.4,486.73333333333335,Normal
Mumbai,2017,11,18.92,72.83,14,22.3,54.8,11.7,-0.5000000000000004,0.8660254037844384,64.5,267.7,250.86666666666665,Deficit
Mumbai,2017,12,18.92,72.83,14,33.6,40.1,0.2,-2.4492935982947064e-16,1.0,11.7,64.5,114.63333333333333,Deficit
Mumbai,2018,1,18.92,72.83,14,26.7,50.1,3.5,0.49999999999999994,0.8660254037844387,0.2,11.7,25.46666666666667,Deficit
Mumbai,2018,2,18.92,72.83,14,25.2,50.5,2.0,0.8660254037844386,0.5000000000000001,3.5,0.2,5.133333333333333,Deficit
Mumbai,2018,3,18.92,72.83,14,33.8,46.4,4.2,1.0,6.123233995736766e-17,2.0,3.5,1.9000000000000001,Deficit
Mumbai,2018,4,18.92,72.83,14,24.6,77.8,0.0,0.8660254037844387,-0.4999999999999998,4.2,2.0,3.233333333333333,Deficit
Mumbai,2018,5,18.92,72.83,14,31.6,68.8,19.2,0.49999999999999994,-0.8660254037844387,0.0,4.2,2.066666666666667,Deficit
Mumbai,2018,6,18.92,72.83,14,29.4,91.8,444.0,1.2246467991473532e-16,-1.0,19.2,0.0,7.8,Excess
Mumbai,2018,7,18.92,72.83,14,27.5,78.5,793.7,-0.4999999999999997,-0.8660254037844388,444.0,19.2,154.4,Excess
Mumbai,2018,8,18.92,72.83,14,26.4,74.7,476.4,-0.8660254037844385,-0.5000000000000004,793.7,444.0,418.9666666666667,Excess
Mumbai,2018,9,18.92,72.83,14,26.1,83.4,248.1,-1.0,-1.8369701987210297e-16,476.4,793.7,571.3666666666667,Excess
Mumbai,2018,10,18.92,72.83,14,26.3,60.3,64.6,-0.8660254037844386,0.5000000000000001,248.1,476.4,506.0666666666666,Normal
Mumbai,2018,11,18.92,72.83,14,26.5,64.3,7.2,-0.5000000000000004,0.8660254037844384,64.6,248.1,263.03333333333336,Deficit
Mumbai,2018,12,18.92,72.83,14,31.7,56.2,0.0,-2.4492935982947064e-16,1.0,7.2,64.6,106.63333333333333,Deficit
Mumbai,2019,1,18.92,72.83,14,27.2,52.8,1.8,0.49999999999999994,0.8660254037844387,0.0,7.2,23.933333333333334,Deficit
Mumbai,2019,2,18.92,72.83,14,21.3,53.7,3.0,0.8660254037844386,0.5000000000000001,1.8,0.0,3.0,Deficit
Mumbai,2019,3,18.92,72.83,14,24.6,43.0,0.0,1.0,6.123233995736766e-17,3.0,1.8,1.5999999999999999,Deficit
Mumbai,2019,4,18.92,72.83,14,29.9,62.9,0.5,0.8660254037844387,-0.4999999999999998,0.0,3.0,1.5999999999999999,Deficit
Mumbai,2019,5,18.92,72.83,14,20.6,48.8,21.5,0.49999999999999994,-0.8660254037844387,0.5,0.0,1.1666666666666667,Deficit
Mumbai,2019,6,18.92,72.83,14,28.4,95.9,519.1,1.2246467991473532e-16,-1.0,21.5,0.5,7.333333333333333,Excess
Mumbai,2019,7,18.92,72.83,14,28.5,80.1,788.0,-0.4999999999999997,-0.8660254037844388,519.1,21.5,180.36666666666667,Excess
Mumbai,2019,8,18.92,72.83,14,27.6,86.2,515.6,-0.8660254037844385,-0.5000000000000004,788.0,519.1,442.8666666666666,Excess
Mumbai,2019,9,18.92,72.83,14,26.0,74.0,249.7,-1.0,-1.8369701987210297e-16,515.6,788.0,607.5666666666666,Excess
Mumbai,2019,10,18.92,72.83,14,27.0,41.0,51.9,-0.8660254037844386,0.5000000000000001,249.7,515.6,517.7666666666667,Normal
Mumbai,2019,11,18.92,72.83,14,26.6,76.9,5.4,-0.5000000000000004,0.8660254037844384,51.9,249.7,272.4,Deficit
Mumbai,2019,12,18.92,72.83,14,28.4,52.8,1.9,-2.4492935982947064e-16,1.0,5.4,51.9,102.33333333333331,Deficit
Mumbai,2020,1,18.92,72.83,14,23.8,54.7,4.0,0.49999999999999994,0.8660254037844387,1.9,5.4,19.73333333333333,Deficit
Mumbai,2020,2,18.92,72.83,14,22.3,61.9,2.8,0.8660254037844386,0.5000000000000001,4.0,1.9,3.766666666666667,Deficit
Mumbai,2020,3,18.92,72.83,14,22.0,57.4,1.8,1.0,6.123233995736766e-17,2.8,4.0,2.9,Deficit
Mumbai,2020,4,18.92,72.83,14,25.1,51.9,0.3,0.8660254037844387,-0.4999999999999998,1.8,2.8,2.8666666666666667,Deficit
Mumbai,2020,5,18.92,72.83,14,26.9,51.7,25.3,0.49999999999999994,-0.8660254037844387,0.3,1.8,1.633333333333333,Deficit
Mumbai,2020,6,18.92,72.83,14,31.5,85.3,534.7,1.2246467991473532e-16,-1.0,25.3,0.3,9.133333333333335,Excess
Mumbai,2020,7,18.92,72.83,14,24.7,75.6,806.6,-0.4999999999999997,-0.8660254037844388,534.7,25.3,186.76666666666668,Excess
Mumbai,2020,8,18.92,72.83,14,26.5,80.9,520.6,-0.8660254037844385,-0.5000000000000004,806.6,534.7,455.5333333333333,Excess
Mumbai,2020,9,18.92,72.83,14,29.3,81.6,235.4,-1.0,-1.8369701987210297e-16,520.6,806.6,620.6333333333333,Excess
Mumbai,2020,10,18.92,72.83,14,25.3,32.2,92.2,-0.8660254037844386,0.5000000000000001,235.4,520.6,520.8666666666667,Normal
Mumbai,2020,11,18.92,72.83,14,24.4,39.9,8.7,-0.5000000000000004,0.8660254037844384,92.2,235.4,282.73333333333335,Deficit
Mumbai,2020,12,18.92,72.83,14,31.1,64.2,3.3,-2.4492935982947064e-16,1.0,8.7,92.2,112.10000000000001,Deficit
Mumbai,2021,1,18.92,72.83,14,25.6,48.6,5.1,0.49999999999999994,0.8660254037844387,3.3,8.7,34.733333333333334,Deficit
Mumbai,2021,2,18.92,72.83,14,23.8,48.1,0.9,0.8660254037844386,0.5000000000000001,5.1,3.3,5.7,Deficit
Mumbai,2021,3,18.92,72.83,14,25.6,52.0,2.4,1.0,6.123233995736766e-17,0.9,5.1,3.0999999999999996,Deficit
Mumbai,2021,4,18.92,72.83,14,29.8,61.5,3.0,0.8660254037844387,-0.4999999999999998,2.4,0.9,2.8000000000000003,Deficit
Mumbai,2021,5,18.92,72.83,14,14.8,61.3,15.3,0.49999999999999994,-0.8660254037844387,3.0,2.4,2.1,Deficit
Mumbai,2021,6,18.92,72.83,14,27.4,75.0,345.7,1.2246467991473532e-16,-1.0,15.3,3.0,6.900000000000001,Excess
Mumbai,2021,7,18.92,72.83,14,29.4,86.6,535.1,-0.4999999999999997,-0.8660254037844388,345.7,15.3,121.33333333333333,Excess
Mumbai,2021,8,18.92,72.83,14,21.5,78.7,485.7,-0.8660254037844385,-0.5000000000000004,535.1,345.7,298.7,Excess
Mumbai,2021,9,18.92,72.83,14,24.3,83.1,245.4,-1.0,-1.8369701987210297e-16,485.7,535.1,455.5,Excess
Mumbai,2021,10,18.92,72.83,14,27.3,53.2,83.1,-0.8660254037844386,0.5000000000000001,245.4,485.7,422.06666666666666,Normal
Mumbai,2021,11,18.92,72.83,14,29.8,50.4,8.5,-0.5000000000000004,0.8660254037844384,83.1,245.4,271.40000000000003,Deficit
Mumbai,2021,12,18.92,72.83,14,21.3,47.6,2.0,-2.4492935982947064e-16,1.0,8.5,83.1,112.33333333333333,Deficit
Mumbai,2022,1,18.92,72.83,14,31.8,38.3,1.5,0.49999999999999994,0.8660254037844387,2.0,8.5,31.2,Deficit
Mumbai,2022,2,18.92,72.83,14,30.9,49.9,0.0,0.8660254037844386,0.5000000000000001,1.5,2.0,4.0,Deficit
Mumbai,2022,3,18.92,72.83,14,29.2,45.9,0.5,1.0,6.123233995736766e-17,0.0,1.5,1.1666666666666667,Deficit
Mumbai,2022,4,18.92,72.83,14,27.7,47.1,5.5,0.8660254037844387,-0.4999999999999998,0.5,0.0,0.6666666666666666,Deficit
Mumbai,2022,5,18.92,72.83,14,22.6,59.4,26.1,0.49999999999999994,-0.8660254037844387,5.5,0.5,2.0,Deficit
Mumbai,2022,6,18.92,72.83,14,31.3,91.4,436.4,1.2246467991473532e-16,-1.0,26.1,5.5,10.700000000000001,Excess
Mumbai,2022,7,18.92,72.83,14,26.1,84.8,719.4,-0.4999999999999997,-0.8660254037844388,436.4,26.1,156.0,Excess
Mumbai,2022,8,18.92,72.83,14,33.0,82.8,429.7,-0.8660254037844385,-0.5000000000000004,719.4,436.4,393.9666666666667,Excess
Mumbai,2022,9,18.92,72.83,14,28.5,73.9,193.4,-1.0,-1.8369701987210297e-16,429.7,719.4,528.5,Excess
Mumbai,2022,10,18.92,72.83,14,29.8,45.4,62.1,-0.8660254037844386,0.5000000000000001,193.4,429.7,447.5,Normal
Mumbai,2022,11,18.92,72.83,14,27.1,63.9,7.3,-0.5000000000000004,0.8660254037844384,62.1,193.4,228.4,Deficit
Mumbai,2022,12,18.92,72.83,14,29.0,44.4,3.3,-2.4492935982947064e-16,1.0,7.3,62.1,87.60000000000001,Deficit
Mumbai,2023,1,18.92,72.83,14,23.7,49.5,4.7,0.49999999999999994,0.8660254037844387,3.3,7.3,24.233333333333334,Deficit
Mumbai,2023,2,18.92,72.83,14,27.2,56.6,4.4,0.8660254037844386,0.5000000000000001,4.7,3.3,5.1000000000000005,Deficit
Mumbai,2023,3,18.92,72.83,14,22.4,61.3,6.1,1.0,6.123233995736766e-17,4.4,4.7,4.133333333333334,Deficit
Mumbai,2023,4,18.92,72.83,14,26.1,67.3,1.8,0.8660254037844387,-0.4999999999999998,6.1,4.4,5.066666666666667,Deficit
Mumbai,2023,5,18.92,72.83,14,27.2,62.7,18.8,0.49999999999999994,-0.8660254037844387,1.8,6.1,4.1000000000000005,Deficit
Mumbai,2023,6,18.92,72.83,14,25.9,75.7,353.7,1.2246467991473532e-16,-1.0,18.8,1.8,8.9,Excess
Mumbai,2023,7,18.92,72.83,14,33.1,75.4,422.5,-0.4999999999999997,-0.8660254037844388,353.7,18.8,124.76666666666667,Excess
Mumbai,2023,8,18.92,72.83,14,27.3,83.8,429.6,-0.8660254037844385,-0.5000000000000004,422.5,353.7,265.0,Excess
Mumbai,2023,9,18.92,72.83,14,30.2,78.5,217.1,-1.0,-1.8369701987210297e-16,429.6,422.5,401.9333333333334,Excess
Mumbai,2023,10,18.92,72.83,14,26.1,49.5,66.8,-0.8660254037844386,0.5000000000000001,217.1,429.6,356.40000000000003,Normal
Mumbai,2023,11,18.92,72.83,14,27.0,59.3,11.8,-0.5000000000000004,0.8660254037844384,66.8,217.1,237.83333333333334,Deficit
Mumbai,2023,12,18.92,72.83,14,29.7,53.8,3.0,-2.4492935982947064e-16,1.0,11.8,66.8,98.56666666666666,Deficit
Mumbai,2024,1,18.92,72.83,14,22.4,46.7,2.6,0.49999999999999994,0.8660254037844387,3.0,11.8,27.2,Deficit
Mumbai,2024,2,18.92,72.83,14,30.0,52.2,2.9,0.8660254037844386,0.5000000000000001,2.6,3.0,5.800000000000001,Deficit
Mumbai,2024,3,18.92,72.83,14,31.8,54.4,2.4,1.0,6.123233995736766e-17,2.9,2.6,2.8333333333333335,Deficit
Mumbai,2024,4,18.92,72.83,14,27.3,34.4,7.0,0.8660254037844387,-0.4999999999999998,2.4,2.9,2.6333333333333333,Deficit
Mumbai,2024,5,18.92,72.83,14,26.5,64.9,20.0,0.49999999999999994,-0.8660254037844387,7.0,2.4,4.1000000000000005,Deficit
Mumbai,2024,6,18.92,72.83,14,27.7,74.7,433.7,1.2246467991473532e-16,-1.0,20.0,7.0,9.799999999999999,Excess
Mumbai,2024,7,18.92,72.83,14,25.9,78.5,643.1,-0.4999999999999997,-0.8660254037844388,433.7,20.0,153.56666666666666,Excess
Mumbai,2024,8,18.92,72.83,14,32.2,84.4,505.6,-0.8660254037844385,-0.5000000000000004,643.1,433.7,365.59999999999997,Excess
Mumbai,2024,9,18.92,72.83,14,29.1,89.2,151.8,-1.0,-1.8369701987210297e-16,505.6,643.1,527.4666666666667,Excess
Mumbai,2024,10,18.92,72.83,14,24.5,52.1,62.6,-0.8660254037844386,0.5000000000000001,151.8,505.6,433.5,Normal
Mumbai,2024,11,18.92,72.83,14,27.6,50.8,7.2,-0.5000000000000004,0.8660254037844384,62.6,151.8,240.00000000000003,Deficit
Mumbai,2024,12,18.92,72.83,14,21.5,47.6,2.6,-2.4492935982947064e-16,1.0,7.2,62.6,73.86666666666666,Deficit
Nagpur,2005,1,21.14,79.08,310,25.7,60.9,10.0,0.49999999999999994,0.8660254037844387,0.0,0.0,0.0,Deficit
Nagpur,2005,2,21.14,79.08,310,22.3,53.8,8.6,0.8660254037844386,0.5000000000000001,10.0,0.0,10.0,Deficit
Nagpur,2005,3,21.14,79.08,310,21.5,72.4,31.6,1.0,6.123233995736766e-17,8.6,10.0,9.3,Deficit
Nagpur,2005,4,21.14,79.08,310,24.6,49.0,45.0,0.8660254037844387,-0.4999999999999998,31.6,8.6,16.733333333333334,Normal
Nagpur,2005,5,21.14,79.08,310,24.7,37.9,67.6,0.49999999999999994,-0.8660254037844387,45.0,31.6,28.400000000000002,Normal
Nagpur,2005,6,21.14,79.08,310,31.7,78.3,174.1,1.2246467991473532e-16,-1.0,67.6,45.0,48.06666666666666,Excess
Nagpur,2005,7,21.14,79.08,310,23.7,84.2,285.0,-0.4999999999999997,-0.8660254037844388,174.1,67.6,95.56666666666666,Excess
Nagpur,2005,8,21.14,79.08,310,28.2,80.7,277.4,-0.8660254037844385,-0.5000000000000004,285.0,174.1,175.5666666666667,Excess
Nagpur,2005,9,21.14,79.08,310,29.3,81.8,146.3,-1.0,-1.8369701987210297e-16,277.4,285.0,245.5,Normal
Nagpur,2005,10,21.14,79.08,310,25.9,63.2,35.0,-0.8660254037844386,0.5000000000000001,146.3,277.4,236.23333333333335,Deficit
Nagpur,2005,11,21.14,79.08,310,25.8,67.2,18.6,-0.5000000000000004,0.8660254037844384,35.0,146.3,152.9,Deficit
Nagpur,2005,12,21.14,79.08,310,30.2,58.1,6.4,-2.4492935982947064e-16,1.0,18.6,35.0,66.63333333333334,Deficit
Nagpur,2006,1,21.14,79.08,310,25.5,51.5,10.4,0.49999999999999994,0.8660254037844387,6.4,18.6,20.0,Deficit
Nagpur,2006,2,21.14,79.08,310,23.6,54.3,8.4,0.8660254037844386,0.5000000000000001,10.4,6.4,11.799999999999999,Deficit
Nagpur,2006,3,21.14,79.08,310,30.1,50.9,13.9,1.0,6.123233995736766e-17,8.4,10.4,8.4,Deficit
Nagpur,2006,4,21.14,79.08,310,21.3,54.7,21.8,0.8660254037844387,-0.4999999999999998,13.9,8.4,10.9,Deficit
Nagpur,2006,5,21.14,79.08,310,26.6,41.7,56.4,0.49999999999999994,-0.8660254037844387,21.8,13.9,14.700000000000001,Normal
Nagpur,2006,6,21.14,79.08,310,29.6,90.9,88.7,1.2246467991473532e-16,-1.0,56.4,21.8,30.7,Normal
Nagpur,2006,7,21.14,79.08,310,32.0,83.7,171.5,-0.4999999999999997,-0.8660254037844388,88.7,56.4,55.63333333333333,Excess
Nagpur,2006,8,21.14,79.08,310,27.0,73.7,186.8,-0.8660254037844385,-0.5000000000000004,171.5,88.7,105.53333333333335,Excess
Nagpur,2006,9,21.14,79.08,310,26.1,77.3,128.5,-1.0,-1.8369701987210297e-16,186.8,171.5,149.0,Normal
Nagpur,2006,10,21.14,79.08,310,17.5,36.8,27.6,-0.8660254037844386,0.5000000000000001,128.5,186.8,162.26666666666668,Deficit
Nagpur,2006,11,21.14,79.08,310,26.2,56.8,11.7,-0.5000000000000004,0.8660254037844384,27.6,128.5,114.30000000000001,Deficit
Nagpur,2006,12,21.14,79.08,310,35.1,49.7,3.3,-2.4492935982947064e-16,1.0,11.7,27.6,55.93333333333333,Deficit
Nagpur,2007,1,21.14,79.08,310,25.5,58.1,8.6,0.49999999999999994,0.8660254037844387,3.3,11.7,14.199999999999998,Deficit
Nagpur,2007,2,21.14,79.08,310,19.0,49.5,12.6,0.8660254037844386,0.5000000000000001,8.6,3.3,7.866666666666667,Deficit
Nagpur,2007,3,21.14,79.08,310,27.3,52.1,22.0,1.0,6.123233995736766e-17,12.6,8.6,8.166666666666666,Deficit
Nagpur,2007,4,21.14,79.08,310,21.8,67.6,33.5,0.8660254037844387,-0.4999999999999998,22.0,12.6,14.4,Deficit
Nagpur,2007,5,21.14,79.08,310,19.6,41.2,83.8,0.49999999999999994,-0.8660254037844387,33.5,22.0,22.7,Normal
Nagpur,2007,6,21.14,79.08,310,29.7,74.3,131.9,1.2246467991473532e-16,-1.0,83.8,33.5,46.43333333333334,Normal
Nagpur,2007,7,21.14,79.08,310,29.1,81.6,258.0,-0.4999999999999997,-0.8660254037844388,131.9,83.8,83.06666666666666,Excess
Nagpur,2007,8,21.14,79.08,310,25.3,85.6,255.2,-0.8660254037844385,-0.5000000000000004,258.0,131.9,157.9,Excess
Nagpur,2007,9,21.14,79.08,310,27.2,83.4,126.5,-1.0,-1.8369701987210297e-16,255.2,258.0,215.0333333333333,Normal
Nagpur,2007,10,21.14,79.08,310,25.1,44.5,31.0,-0.8660254037844386,0.5000000000000001,126.5,255.2,213.23333333333335,Deficit
Nagpur,2007,11,21.14,79.08,310,25.0,38.2,14.4,-0.5000000000000004,0.8660254037844384,31.0,126.5,137.56666666666666,Deficit
Nagpur,2007,12,21.14,79.08,310,26.6,39.2,4.2,-2.4492935982947064e-16,1.0,14.4,31.0,57.300000000000004,Deficit
Nagpur,2008,1,21.14,79.08,310,20.0,65.6,15.0,0.49999999999999994,0.8660254037844387,4.2,14.4,16.533333333333335,Deficit
Nagpur,2008,2,21.14,79.08,310,26.7,47.0,11.9,0.8660254037844386,0.5000000000000001,15.0,4.2,11.200000000000001,Deficit
Nagpur,2008,3,21.14,79.08,310,26.6,43.9,28.5,1.0,6.123233995736766e-17,11.9,15.0,10.366666666666667,Deficit
Nagpur,2008,4,21.14,79.08,310,19.2,53.9,28.9,0.8660254037844387,-0.4999999999999998,28.5,11.9,18.466666666666665,Deficit
Nagpur,2008,5,21.14,79.08,310,27.6,50.8,94.2,0.49999999999999994,-0.8660254037844387,28.9,28.5,23.099999999999998,Normal
Nagpur,2008,6,21.14,79.08,310,26.3,88.9,154.5,1.2246467991473532e-16,-1.0,94.2,28.9,50.53333333333333,Excess
Nagpur,2008,7,21.14,79.08,310,28.4,75.5,300.7,-0.4999999999999997,-0.8660254037844388,154.5,94.2,92.53333333333335,Excess
Nagpur,2008,8,21.14,79.08,310,26.9,88.3,310.5,-0.8660254037844385,-0.5000000000000004,300.7,154.5,183.13333333333333,Excess
Nagpur,2008,9,21.14,79.08,310,26.8,81.2,194.6,-1.0,-1.8369701987210297e-16,310.5,300.7,255.23333333333335,Excess
Nagpur,2008,10,21.14,79.08,310,19.3,43.4,33.0,-0.8660254037844386,0.5000000000000001,194.6,310.5,268.6,Deficit
Nagpur,2008,11,21.14,79.08,310,26.3,53.5,19.0,-0.5000000000000004,0.8660254037844384,33.0,194.6,179.36666666666667,Deficit
Nagpur,2008,12,21.14,79.08,310,28.7,52.6,5.5,-2.4492935982947064e-16,1.0,19.0,33.0,82.2,Deficit
Nagpur,2009,1,21.14,79.08,310,9.3,54.8,7.9,0.49999999999999994,0.8660254037844387,5.5,19.0,19.166666666666668,Deficit
Nagpur,2009,2,21.14,79.08,310,24.2,49.0,8.6,0.8660254037844386,0.5000000000000001,7.9,5.5,10.799999999999999,Deficit
Nagpur,2009,3,21.14,79.08,310,26.6,53.7,29.7,1.0,6.123233995736766e-17,8.6,7.9,7.333333333333333,Deficit
Nagpur,2009,4,21.14,79.08,310,26.5,47.4,39.8,0.8660254037844387,-0.4999999999999998,29.7,8.6,15.4,Deficit
Nagpur,2009,5,21.14,79.08,310,20.6,55.2,96.3,0.49999999999999994,-0.8660254037844387,39.8,29.7,26.03333333333333,Normal
Nagpur,2009,6,21.14,79.08,310,28.5,83.2,133.1,1.2246467991473532e-16,-1.0,96.3,39.8,55.26666666666667,Normal
Nagpur,2009,7,21.14,79.08,310,24.1,78.4,405.4,-0.4999999999999997,-0.8660254037844388,133.1,96.3,89.73333333333333,Excess
Nagpur,2009,8,21.14,79.08,310,28.8,83.1,317.8,-0.8660254037844385,-0.5000000000000004,405.4,133.1,211.6,Excess
Nagpur,2009,9,21.14,79.08,310,26.5,89.5,133.7,-1.0,-1.8369701987210297e-16,317.8,405.4,285.43333333333334,Normal
Nagpur,2009,10,21.14,79.08,310,26.5,50.8,34.3,-0.8660254037844386,0.5000000000000001,133.7,317.8,285.6333333333334,Deficit
Nagpur,2009,11,21.14,79.08,310,28.7,57.0,13.6,-0.5000000000000004,0.8660254037844384,34.3,133.7,161.93333333333334,Deficit
Nagpur,2009,12,21.14,79.08,310,20.9,60.2,10.4,-2.4492935982947064e-16,1.0,13.6,34.3,60.53333333333333,Deficit
Nagpur,2010,1,21.14,79.08,310,28.9,31.3,8.9,0.49999999999999994,0.8660254037844387,10.4,13.6,19.433333333333334,Deficit
Nagpur,2010,2,21.14,79.08,310,22.7,45.0,8.2,0.8660254037844386,0.5000000000000001,8.9,10.4,10.966666666666667,Deficit
Nagpur,2010,3,21.14,79.08,310,29.5,50.7,18.3,1.0,6.123233995736766e-17,8.2,8.9,9.166666666666666,Deficit
Nagpur,2010,4,21.14,79.08,310,25.5,52.0,26.7,0.8660254037844387,-0.4999999999999998,18.3,8.2,11.800000000000002,Deficit
Nagpur,2010,5,21.14,79.08,310,29.4,55.0,48.2,0.49999999999999994,-0.8660254037844387,26.7,18.3,17.733333333333334,Normal
Nagpur,2010,6,21.14,79.08,310,26.0,79.2,146.9,1.2246467991473532e-16,-1.0,48.2,26.7,31.066666666666666,Normal
Nagpur,2010,7,21.14,79.08,310,24.2,71.9,224.1,-0.4999999999999997,-0.8660254037844388,146.9,48.2,73.93333333333334,Excess
Nagpur,2010,8,21.14,79.08,310,29.3,78.1,183.5,-0.8660254037844385,-0.5000000000000004,224.1,146.9,139.73333333333335,Excess
Nagpur,2010,9,21.14,79.08,310,26.0,79.3,98.0,-1.0,-1.8369701987210297e-16,183.5,224.1,184.83333333333334,Normal
Nagpur,2010,10,21.14,79.08,310,33.7,62.5,24.1,-0.8660254037844386,0.5000000000000001,98.0,183.5,168.53333333333333,Deficit
Nagpur,2010,11,21.14,79.08,310,29.7,42.0,15.2,-0.5000000000000004,0.8660254037844384,24.1,98.0,101.86666666666667,Deficit
Nagpur,2010,12,21.14,79.08,310,20.6,65.3,1.8,-2.4492935982947064e-16,1.0,15.2,24.1,45.76666666666666,Deficit
Nagpur,2011,1,21.14,79.08,310,23.3,49.6,7.2,0.49999999999999994,0.8660254037844387,1.8,15.2,13.699999999999998,Deficit
Nagpur,2011,2,21.14,79.08,310,26.0,43.7,10.2,0.8660254037844386,0.5000000000000001,7.2,1.8,8.066666666666666,Deficit
Nagpur,2011,3,21.14,79.08,310,22.4,50.4,21.8,1.0,6.123233995736766e-17,10.2,7.2,6.3999999999999995,Deficit
Nagpur,2011,4,21.14,79.08,310,22.4,46.3,32.7,0.8660254037844387,-0.4999999999999998,21.8,10.2,13.066666666666668,Deficit
Nagpur,2011,5,21.14,79.08,310,21.6,48.2,75.1,0.49999999999999994,-0.8660254037844387,32.7,21.8,21.566666666666666,Normal
Nagpur,2011,6,21.14,79.08,310,33.1,85.6,170.6,1.2246467991473532e-16,-1.0,75.1,32.7,43.199999999999996,Excess
Nagpur,2011,7,21.14,79.08,310,29.3,75.6,284.1,-0.4999999999999997,-0.8660254037844388,170.6,75.1,92.8,Excess
Nagpur,2011,8,21.14,79.08,310,27.9,83.9,237.5,-0.8660254037844385,-0.5000000000000004,284.1,170.6,176.6,Excess
Nagpur,2011,9,21.14,79.08,310,28.9,80.1,138.6,-1.0,-1.8369701987210297e-16,237.5,284.1,230.73333333333335,Normal
Nagpur,2011,10,21.14,79.08,310,20.1,48.8,29.4,-0.8660254037844386,0.5000000000000001,138.6,237.5,220.0666666666667,Deficit
Nagpur,2011,11,21.14,79.08,310,26.3,51.8,18.2,-0.5000000000000004,0.8660254037844384,29.4,138.6,135.16666666666666,Deficit
Nagpur,2011,12,21.14,79.08,310,19.6,40.9,8.6,-2.4492935982947064e-16,1.0,18.2,29.4,62.06666666666666,Deficit
Nagpur,2012,1,21.14,79.08,310,24.0,40.0,13.1,0.49999999999999994,0.8660254037844387,8.6,18.2,18.73333333333333,Deficit
Nagpur,2012,2,21.14,79.08,310,27.2,41.1,14.1,0.8660254037844386,0.5000000000000001,13.1,8.6,13.299999999999999,Deficit
Nagpur,2012,3,21.14,79.08,310,23.7,54.6,25.4,1.0,6.123233995736766e-17,14.1,13.1,11.933333333333332,Deficit
Nagpur,2012,4,21.14,79.08,310,30.0,61.2,31.2,0.8660254037844387,-0.4999999999999998,25.4,14.1,17.53333333333333,Deficit
Nagpur,2012,5,21.14,79.08,310,24.1,50.6,85.2,0.49999999999999994,-0.8660254037844387,31.2,25.4,23.566666666666666,Normal
Nagpur,2012,6,21.14,79.08,310,26.9,80.4,179.1,1.2246467991473532e-16,-1.0,85.2,31.2,47.26666666666667,Excess
Nagpur,2012,7,21.14,79.08,310,30.4,87.6,453.5,-0.4999999999999997,-0.8660254037844388,179.1,85.2,98.5,Excess
Nagpur,2012,8,21.14,79.08,310,25.2,81.8,333.2,-0.8660254037844385,-0.5000000000000004,453.5,179.1,239.26666666666665,Excess
Nagpur,2012,9,21.14,79.08,310,24.9,85.8,214.1,-1.0,-1.8369701987210297e-16,333.2,453.5,321.93333333333334,Excess
Nagpur,2012,10,21.14,79.08,310,29.2,66.1,55.4,-0.8660254037844386,0.5000000000000001,214.1,333.2,333.6,Normal
Nagpur,2012,11,21.14,79.08,310,28.9,44.8,20.3,-0.5000000000000004,0.8660254037844384,55.4,214.1,200.89999999999998,Deficit
Nagpur,2012,12,21.14,79.08,310,27.6,54.9,8.1,-2.4492935982947064e-16,1.0,20.3,55.4,96.60000000000001,Deficit
Nagpur,2013,1,21.14,79.08,310,24.3,53.0,11.2,0.49999999999999994,0.8660254037844387,8.1,20.3,27.933333333333334,Deficit
Nagpur,2013,2,21.14,79.08,310,25.9,34.8,10.1,0.8660254037844386,0.5000000000000001,11.2,8.1,13.199999999999998,Deficit
Nagpur,2013,3,21.14,79.08,310,25.2,46.8,29.6,1.0,6.123233995736766e-17,10.1,11.2,9.799999999999999,Deficit
Nagpur,2013,4,21.14,79.08,310,24.1,58.9,31.7,0.8660254037844387,-0.4999999999999998,29.6,10.1,16.966666666666665,Deficit
Nagpur,2013,5,21.14,79.08,310,22.2,43.5,95.6,0.49999999999999994,-0.8660254037844387,31.7,29.6,23.8,Normal
Nagpur,2013,6,21.14,79.08,310,26.2,82.4,222.5,1.2246467991473532e-16,-1.0,95.6,31.7,52.29999999999999,Excess
Nagpur,2013,7,21.14,79.08,310,28.8,87.1,343.2,-0.4999999999999997,-0.8660254037844388,222.5,95.6,116.60000000000001,Excess
Nagpur,2013,8,21.14,79.08,310,23.2,78.6,230.6,-0.8660254037844385,-0.5000000000000004,343.2,222.5,220.4333333333333,Excess
Nagpur,2013,9,21.14,79.08,310,33.1,93.0,230.5,-1.0,-1.8369701987210297e-16,230.6,343.2,265.43333333333334,Excess
Nagpur,2013,10,21.14,79.08,310,17.9,30.0,36.0,-0.8660254037844386,0.5000000000000001,230.5,230.6,268.09999999999997,Deficit
Nagpur,2013,11,21.14,79.08,310,24.2,65.0,16.6,-0.5000000000000004,0.8660254037844384,36.0,230.5,165.70000000000002,Deficit
Nagpur,2013,12,21.14,79.08,310,25.9,43.1,8.0,-2.4492935982947064e-16,1.0,16.6,36.0,94.36666666666667,Deficit
Nagpur,2014,1,21.14,79.08,310,27.8,55.9,9.6,0.49999999999999994,0.8660254037844387,8.0,16.6,20.2,Deficit
Nagpur,2014,2,21.14,79.08,310,27.6,56.3,7.0,0.8660254037844386,0.5000000000000001,9.6,8.0,11.4,Deficit
Nagpur,2014,3,21.14,79.08,310,21.9,58.9,14.7,1.0,6.123233995736766e-17,7.0,9.6,8.200000000000001,Deficit
Nagpur,2014,4,21.14,79.08,310,31.4,57.0,26.1,0.8660254037844387,-0.4999999999999998,14.7,7.0,10.433333333333334,Deficit
Nagpur,2014,5,21.14,79.08,310,25.0,52.6,58.0,0.49999999999999994,-0.8660254037844387,26.1,14.7,15.933333333333332,Normal
Nagpur,2014,6,21.14,79.08,310,25.7,86.2,126.3,1.2246467991473532e-16,-1.0,58.0,26.1,32.93333333333333,Normal
Nagpur,2014,7,21.14,79.08,310,29.5,91.1,282.7,-0.4999999999999997,-0.8660254037844388,126.3,58.0,70.13333333333333,Excess
Nagpur,2014,8,21.14,79.08,310,32.2,76.6,196.8,-0.8660254037844385,-0.5000000000000004,282.7,126.3,155.66666666666666,Excess
Nagpur,2014,9,21.14,79.08,310,23.6,79.3,104.0,-1.0,-1.8369701987210297e-16,196.8,282.7,201.9333333333333,Normal
Nagpur,2014,10,21.14,79.08,310,27.1,54.4,24.8,-0.8660254037844386,0.5000000000000001,104.0,196.8,194.5,Deficit
Nagpur,2014,11,21.14,79.08,310,23.4,48.3,10.7,-0.5000000000000004,0.8660254037844384,24.8,104.0,108.53333333333335,Deficit
Nagpur,2014,12,21.14,79.08,310,21.1,44.3,1.0,-2.4492935982947064e-16,1.0,10.7,24.8,46.5,Deficit
Nagpur,2015,1,21.14,79.08,310,27.6,37.0,13.0,0.49999999999999994,0.8660254037844387,1.0,10.7,12.166666666666666,Deficit
Nagpur,2015,2,21.14,79.08,310,30.2,32.0,15.3,0.8660254037844386,0.5000000000000001,13.0,1.0,8.233333333333333,Deficit
Nagpur,2015,3,21.14,79.08,310,27.0,58.4,22.0,1.0,6.123233995736766e-17,15.3,13.0,9.766666666666667,Deficit
Nagpur,2015,4,21.14,79.08,310,23.8,46.0,33.2,0.8660254037844387,-0.4999999999999998,22.0,15.3,16.766666666666666,Deficit
Nagpur,2015,5,21.14,79.08,310,29.8,44.3,90.0,0.49999999999999994,-0.8660254037844387,33.2,22.0,23.5,Normal
Nagpur,2015,6,21.14,79.08,310,26.0,76.9,238.1,1.2246467991473532e-16,-1.0,90.0,33.2,48.4,Excess
Nagpur,2015,7,21.14,79.08,310,30.3,87.1,390.6,-0.4999999999999997,-0.8660254037844388,238.1,90.0,120.43333333333334,Excess
Nagpur,2015,8,21.14,79.08,310,26.8,86.9,230.9,-0.8660254037844385,-0.5000000000000004,390.6,238.1,239.5666666666667,Excess
Nagpur,2015,9,21.14,79.08,310,25.3,84.7,177.8,-1.0,-1.8369701987210297e-16,230.9,390.6,286.53333333333336,Excess
Nagpur,2015,10,21.14,79.08,310,32.2,67.4,33.0,-0.8660254037844386,0.5000000000000001,177.8,230.9,266.43333333333334,Deficit
Nagpur,2015,11,21.14,79.08,310,30.4,52.6,21.0,-0.5000000000000004,0.8660254037844384,33.0,177.8,147.23333333333335,Deficit
Nagpur,2015,12,21.14,79.08,310,30.9,54.5,7.8,-2.4492935982947064e-16,1.0,21.0,33.0,77.26666666666667,Deficit
Nagpur,2016,1,21.14,79.08,310,24.7,60.2,6.7,0.49999999999999994,0.8660254037844387,7.8,21.0,20.599999999999998,Deficit
Nagpur,2016,2,21.14,79.08,310,27.0,46.6,12.0,0.8660254037844386,0.5000000000000001,6.7,7.8,11.833333333333334,Deficit
Nagpur,2016,3,21.14,79.08,310,23.0,49.0,13.0,1.0,6.123233995736766e-17,12.0,6.7,8.833333333333334,Deficit
Nagpur,2016,4,21.14,79.08,310,27.5,71.9,28.7,0.8660254037844387,-0.4999999999999998,13.0,12.0,10.566666666666666,Deficit
Nagpur,2016,5,21.14,79.08,310,24.1,49.4,72.5,0.49999999999999994,-0.8660254037844387,28.7,13.0,17.900000000000002,Normal
Nagpur,2016,6,21.14,79.08,310,25.9,82.7,165.6,1.2246467991473532e-16,-1.0,72.5,28.7,38.06666666666667,Excess
Nagpur,2016,7,21.14,79.08,310,28.5,84.7,295.6,-0.4999999999999997,-0.8660254037844388,165.6,72.5,88.93333333333334,Excess
Nagpur,2016,8,21.14,79.08,310,23.6,85.8,262.0,-0.8660254037844385,-0.5000000000000004,295.6,165.6,177.9,Excess
Nagpur,2016,9,21.14,79.08,310,25.3,75.4,124.6,-1.0,-1.8369701987210297e-16,262.0,295.6,241.0666666666667,Normal
Nagpur,2016,10,21.14,79.08,310,24.1,35.2,32.7,-0.8660254037844386,0.5000000000000001,124.6,262.0,227.4,Deficit
Nagpur,2016,11,21.14,79.08,310,19.2,53.4,16.5,-0.5000000000000004,0.8660254037844384,32.7,124.6,139.76666666666668,Deficit
Nagpur,2016,12,21.14,79.08,310,28.5,69.8,5.5,-2.4492935982947064e-16,1.0,16.5,32.7,57.93333333333334,Deficit
Nagpur,2017,1,21.14,79.08,310,23.9,56.3,8.4,0.49999999999999994,0.8660254037844387,5.5,16.5,18.233333333333334,Deficit
Nagpur,2017,2,21.14,79.08,310,23.6,47.6,8.9,0.8660254037844386,0.5000000000000001,8.4,5.5,10.133333333333333,Deficit
Nagpur,2017,3,21.14,79.08,310,29.0,56.6,13.6,1.0,6.123233995736766e-17,8.9,8.4,7.6000000000000005,Deficit
Nagpur,2017,4,21.14,79.08,310,23.8,45.4,29.7,0.8660254037844387,-0.4999999999999998,13.6,8.9,10.299999999999999,Deficit
Nagpur,2017,5,21.14,79.08,310,26.4,41.6,47.9,0.49999999999999994,-0.8660254037844387,29.7,13.6,17.400000000000002,Normal
Nagpur,2017,6,21.14,79.08,310,24.7,83.6,181.1,1.2246467991473532e-16,-1.0,47.9,29.7,30.399999999999995,Excess
Nagpur,2017,7,21.14,79.08,310,29.5,83.1,294.0,-0.4999999999999997,-0.8660254037844388,181.1,47.9,86.23333333333333,Excess
Nagpur,2017,8,21.14,79.08,310,24.5,86.6,168.3,-0.8660254037844385,-0.5000000000000004,294.0,181.1,174.33333333333334,Excess
Nagpur,2017,9,21.14,79.08,310,26.9,75.2,151.2,-1.0,-1.8369701987210297e-16,168.3,294.0,214.4666666666667,Excess
Nagpur,2017,10,21.14,79.08,310,21.1,50.9,14.2,-0.8660254037844386,0.5000000000000001,151.2,168.3,204.5,Deficit
Nagpur,2017,11,21.14,79.08,310,27.7,55.1,16.4,-0.5000000000000004,0.8660254037844384,14.2,151.2,111.23333333333333,Deficit
Nagpur,2017,12,21.14,79.08,310,22.7,66.1,3.4,-2.4492935982947064e-16,1.0,16.4,14.2,60.599999999999994,Deficit
Nagpur,2018,1,21.14,79.08,310,22.3,43.4,6.6,0.49999999999999994,0.8660254037844387,3.4,16.4,11.333333333333334,Deficit
Nagpur,2018,2,21.14,79.08,310,27.3,50.9,9.7,0.8660254037844386,0.5000000000000001,6.6,3.4,8.799999999999999,Deficit
Nagpur,2018,3,21.14,79.08,310,30.3,45.0,21.3,1.0,6.123233995736766e-17,9.7,6.6,6.566666666666666,Deficit
Nagpur,2018,4,21.14,79.08,310,22.3,52.9,43.3,0.8660254037844387,-0.4999999999999998,21.3,9.7,12.533333333333331,Normal
Nagpur,2018,5,21.14,79.08,310,25.5,56.4,71.7,0.49999999999999994,-0.8660254037844387,43.3,21.3,24.766666666666666,Normal
Nagpur,2018,6,21.14,79.08,310,26.1,75.3,186.2,1.2246467991473532e-16,-1.0,71.7,43.3,45.43333333333334,Excess
Nagpur,2018,7,21.14,79.08,310,26.8,86.2,422.8,-0.4999999999999997,-0.8660254037844388,186.2,71.7,100.39999999999999,Excess
Nagpur,2018,8,21.14,79.08,310,27.3,81.2,184.1,-0.8660254037844385,-0.5000000000000004,422.8,186.2,226.9,Excess
Nagpur,2018,9,21.14,79.08,310,21.2,83.0,164.0,-1.0,-1.8369701987210297e-16,184.1,422.8,264.3666666666667,Excess
Nagpur,2018,10,21.14,79.08,310,26.3,41.6,25.7,-0.8660254037844386,0.5000000000000001,164.0,184.1,256.96666666666664,Deficit
Nagpur,2018,11,21.14,79.08,310,23.9,41.5,13.7,-0.5000000000000004,0.8660254037844384,25.7,164.0,124.60000000000001,Deficit
Nagpur,2018,12,21.14,79.08,310,20.2,33.7,4.4,-2.4492935982947064e-16,1.0,13.7,25.7,67.8,Deficit
Nagpur,2019,1,21.14,79.08,310,24.3,59.5,9.2,0.49999999999999994,0.8660254037844387,4.4,13.7,14.6,Deficit
Nagpur,2019,2,21.14,79.08,310,21.7,54.3,10.7,0.8660254037844386,0.5000000000000001,9.2,4.4,9.1,Deficit
Nagpur,2019,3,21.14,79.08,310,20.3,50.5,28.8,1.0,6.123233995736766e-17,10.7,9.2,8.1,Deficit
Nagpur,2019,4,21.14,79.08,310,23.4,52.3,24.8,0.8660254037844387,-0.4999999999999998,28.8,10.7,16.233333333333334,Deficit
Nagpur,2019,5,21.14,79.08,310,23.2,37.9,71.1,0.49999999999999994,-0.8660254037844387,24.8,28.8,21.433333333333334,Normal
Nagpur,2019,6,21.14,79.08,310,30.6,75.4,194.6,1.2246467991473532e-16,-1.0,71.1,24.8,41.56666666666666,Excess
Nagpur,2019,7,21.14,79.08,310,29.3,89.3,287.6,-0.4999999999999997,-0.8660254037844388,194.6,71.1,96.83333333333333,Excess
Nagpur,2019,8,21.14,79.08,310,27.6,83.7,210.5,-0.8660254037844385,-0.5000000000000004,287.6,194.6,184.4333333333333,Excess
Nagpur,2019,9,21.14,79.08,310,21.8,85.0,164.9,-1.0,-1.8369701987210297e-16,210.5,287.6,230.9,Excess
Nagpur,2019,10,21.14,79.08,310,25.5,41.7,45.8,-0.8660254037844386,0.5000000000000001,164.9,210.5,221.0,Normal
Nagpur,2019,11,21.14,79.08,310,32.1,61.1,16.3,-0.5000000000000004,0.8660254037844384,45.8,164.9,140.4,Deficit
Nagpur,2019,12,21.14,79.08,310,26.4,45.4,7.3,-2.4492935982947064e-16,1.0,16.3,45.8,75.66666666666667,Deficit
Nagpur,2020,1,21.14,79.08,310,27.2,67.1,10.0,0.49999999999999994,0.8660254037844387,7.3,16.3,23.13333333333333,Deficit
Nagpur,2020,2,21.14,79.08,310,19.3,54.2,12.4,0.8660254037844386,0.5000000000000001,10.0,7.3,11.200000000000001,Deficit
Nagpur,2020,3,21.14,79.08,310,27.5,45.7,23.1,1.0,6.123233995736766e-17,12.4,10.0,9.9,Deficit
Nagpur,2020,4,21.14,79.08,310,19.9,41.2,46.7,0.8660254037844387,-0.4999999999999998,23.1,12.4,15.166666666666666,Normal
Nagpur,2020,5,21.14,79.08,310,33.5,43.6,74.4,0.49999999999999994,-0.8660254037844387,46.7,23.1,27.400000000000002,Normal
Nagpur,2020,6,21.14,79.08,310,30.7,81.9,155.5,1.2246467991473532e-16,-1.0,74.4,46.7,48.06666666666667,Excess
Nagpur,2020,7,21.14,79.08,310,29.4,83.6,258.9,-0.4999999999999997,-0.8660254037844388,155.5,74.4,92.2,Excess
Nagpur,2020,8,21.14,79.08,310,31.2,83.8,290.4,-0.8660254037844385,-0.5000000000000004,258.9,155.5,162.9333333333333,Excess
Nagpur,2020,9,21.14,79.08,310,28.5,84.9,150.4,-1.0,-1.8369701987210297e-16,290.4,258.9,234.9333333333333,Excess
Nagpur,2020,10,21.14,79.08,310,25.0,64.0,30.9,-0.8660254037844386,0.5000000000000001,150.4,290.4,233.23333333333332,Deficit
Nagpur,2020,11,21.14,79.08,310,19.0,52.1,19.5,-0.5000000000000004,0.8660254037844384,30.9,150.4,157.23333333333332,Deficit
Nagpur,2020,12,21.14,79.08,310,23.8,56.0,3.7,-2.4492935982947064e-16,1.0,19.5,30.9,66.93333333333334,Deficit
Nagpur,2021,1,21.14,79.08,310,17.3,42.3,11.3,0.49999999999999994,0.8660254037844387,3.7,19.5,18.033333333333335,Deficit
Nagpur,2021,2,21.14,79.08,310,14.0,63.9,13.3,0.8660254037844386,0.5000000000000001,11.3,3.7,11.5,Deficit
Nagpur,2021,3,21.14,79.08,310,30.3,50.0,25.1,1.0,6.123233995736766e-17,13.3,11.3,9.433333333333334,Deficit
Nagpur,2021,4,21.14,79.08,310,26.7,64.7,21.7,0.8660254037844387,-0.4999999999999998,25.1,13.3,16.566666666666666,Deficit
Nagpur,2021,5,21.14,79.08,310,22.3,52.9,93.8,0.49999999999999994,-0.8660254037844387,21.7,25.1,20.033333333333335,Normal
Nagpur,2021,6,21.14,79.08,310,26.0,87.7,166.1,1.2246467991473532e-16,-1.0,93.8,21.7,46.86666666666667,Excess
Nagpur,2021,7,21.14,79.08,310,25.8,75.4,243.2,-0.4999999999999997,-0.8660254037844388,166.1,93.8,93.86666666666667,Excess
Nagpur,2021,8,21.14,79.08,310,28.4,89.0,201.7,-0.8660254037844385,-0.5000000000000004,243.2,166.1,167.7,Excess
Nagpur,2021,9,21.14,79.08,310,24.2,87.0,155.4,-1.0,-1.8369701987210297e-16,201.7,243.2,203.66666666666666,Excess
Nagpur,2021,10,21.14,79.08,310,22.4,47.2,44.9,-0.8660254037844386,0.5000000000000001,155.4,201.7,200.1,Normal
Nagpur,2021,11,21.14,79.08,310,31.5,46.8,18.8,-0.5000000000000004,0.8660254037844384,44.9,155.4,134.0,Deficit
Nagpur,2021,12,21.14,79.08,310,27.5,60.0,3.1,-2.4492935982947064e-16,1.0,18.8,44.9,73.03333333333335,Deficit
Nagpur,2022,1,21.14,79.08,310,29.0,57.3,9.4,0.49999999999999994,0.8660254037844387,3.1,18.8,22.266666666666666,Deficit
Nagpur,2022,2,21.14,79.08,310,25.2,38.5,9.0,0.8660254037844386,0.5000000000000001,9.4,3.1,10.433333333333335,Deficit
Nagpur,2022,3,21.14,79.08,310,24.0,47.6,23.6,1.0,6.123233995736766e-17,9.0,9.4,7.166666666666667,Deficit
Nagpur,2022,4,21.14,79.08,310,25.2,60.9,31.3,0.8660254037844387,-0.4999999999999998,23.6,9.0,14.0,Deficit
Nagpur,2022,5,21.14,79.08,310,24.4,59.6,81.4,0.49999999999999994,-0.8660254037844387,31.3,23.6,21.3,Normal
Nagpur,2022,6,21.14,79.08,310,26.9,81.3,180.3,1.2246467991473532e-16,-1.0,81.4,31.3,45.43333333333334,Excess
Nagpur,2022,7,21.14,79.08,310,29.3,79.8,276.2,-0.4999999999999997,-0.8660254037844388,180.3,81.4,97.66666666666667,Excess
Nagpur,2022,8,21.14,79.08,310,32.9,87.6,234.5,-0.8660254037844385,-0.5000000000000004,276.2,180.3,179.30000000000004,Excess
Nagpur,2022,9,21.14,79.08,310,29.4,82.7,127.0,-1.0,-1.8369701987210297e-16,234.5,276.2,230.33333333333334,Normal
Nagpur,2022,10,21.14,79.08,310,25.5,63.9,33.7,-0.8660254037844386,0.5000000000000001,127.0,234.5,212.5666666666667,Deficit
Nagpur,2022,11,21.14,79.08,310,24.8,62.4,16.7,-0.5000000000000004,0.8660254037844384,33.7,127.0,131.73333333333332,Deficit
Nagpur,2022,12,21.14,79.08,310,25.5,55.1,5.7,-2.4492935982947064e-16,1.0,16.7,33.7,59.133333333333326,Deficit
Nagpur,2023,1,21.14,79.08,310,22.7,44.5,10.4,0.49999999999999994,0.8660254037844387,5.7,16.7,18.700000000000003,Deficit
Nagpur,2023,2,21.14,79.08,310,19.4,43.2,8.4,0.8660254037844386,0.5000000000000001,10.4,5.7,10.933333333333332,Deficit
Nagpur,2023,3,21.14,79.08,310,25.4,49.3,20.1,1.0,6.123233995736766e-17,8.4,10.4,8.166666666666666,Deficit
Nagpur,2023,4,21.14,79.08,310,31.3,62.9,17.9,0.8660254037844387,-0.4999999999999998,20.1,8.4,12.966666666666669,Deficit
Nagpur,2023,5,21.14,79.08,310,32.6,42.2,78.4,0.49999999999999994,-0.8660254037844387,17.9,20.1,15.466666666666667,Normal
Nagpur,2023,6,21.14,79.08,310,25.6,83.4,222.1,1.2246467991473532e-16,-1.0,78.4,17.9,38.800000000000004,Excess
Nagpur,2023,7,21.14,79.08,310,28.0,84.3,215.6,-0.4999999999999997,-0.8660254037844388,222.1,78.4,106.13333333333333,Excess
Nagpur,2023,8,21.14,79.08,310,29.8,82.6,241.8,-0.8660254037844385,-0.5000000000000004,215.6,222.1,172.03333333333333,Excess
Nagpur,2023,9,21.14,79.08,310,26.6,86.9,131.4,-1.0,-1.8369701987210297e-16,241.8,215.6,226.5,Normal
Nagpur,2023,10,21.14,79.08,310,28.7,64.2,27.4,-0.8660254037844386,0.5000000000000001,131.4,241.8,196.26666666666665,Deficit
Nagpur,2023,11,21.14,79.08,310,29.5,72.6,10.9,-0.5000000000000004,0.8660254037844384,27.4,131.4,133.53333333333333,Deficit
Nagpur,2023,12,21.14,79.08,310,27.4,62.4,5.7,-2.4492935982947064e-16,1.0,10.9,27.4,56.56666666666667,Deficit
Nagpur,2024,1,21.14,79.08,310,19.7,53.4,10.5,0.49999999999999994,0.8660254037844387,5.7,10.9,14.666666666666666,Deficit
Nagpur,2024,2,21.14,79.08,310,27.1,62.7,11.1,0.8660254037844386,0.5000000000000001,10.5,5.7,9.033333333333333,Deficit
Nagpur,2024,3,21.14,79.08,310,22.9,71.0,17.4,1.0,6.123233995736766e-17,11.1,10.5,9.1,Deficit
Nagpur,2024,4,21.14,79.08,310,25.8,51.3,29.5,0.8660254037844387,-0.4999999999999998,17.4,11.1,13.0,Deficit
Nagpur,2024,5,21.14,79.08,310,31.5,46.7,60.2,0.49999999999999994,-0.8660254037844387,29.5,17.4,19.333333333333332,Normal
Nagpur,2024,6,21.14,79.08,310,26.9,70.0,128.7,1.2246467991473532e-16,-1.0,60.2,29.5,35.699999999999996,Normal
Nagpur,2024,7,21.14,79.08,310,25.6,85.7,240.6,-0.4999999999999997,-0.8660254037844388,128.7,60.2,72.8,Excess
Nagpur,2024,8,21.14,79.08,310,30.2,90.4,212.9,-0.8660254037844385,-0.5000000000000004,240.6,128.7,143.16666666666666,Excess
Nagpur,2024,9,21.14,79.08,310,27.5,82.8,161.2,-1.0,-1.8369701987210297e-16,212.9,240.6,194.06666666666663,Excess
Nagpur,2024,10,21.14,79.08,310,24.5,43.4,22.0,-0.8660254037844386,0.5000000000000001,161.2,212.9,204.9,Deficit
Nagpur,2024,11,21.14,79.08,310,35.3,57.0,17.0,-0.5000000000000004,0.8660254037844384,22.0,161.2,132.03333333333333,Deficit
Nagpur,2024,12,21.14,79.08,310,23.6,53.2,1.1,-2.4492935982947064e-16,1.0,17.0,22.0,66.73333333333333,Deficit
Patna,2005,1,25.59,85.13,53,26.0,39.6,9.5,0.49999999999999994,0.8660254037844387,0.0,0.0,0.0,Deficit
Patna,2005,2,25.59,85.13,53,27.6,41.8,9.0,0.8660254037844386,0.5000000000000001,9.5,0.0,9.5,Deficit
Patna,2005,3,25.59,85.13,53,19.5,69.6,24.0,1.0,6.123233995736766e-17,9.0,9.5,9.25,Deficit
Patna,2005,4,25.59,85.13,53,24.1,55.3,28.2,0.8660254037844387,-0.4999999999999998,24.0,9.0,14.166666666666666,Deficit
Patna,2005,5,25.59,85.13,53,25.6,57.8,68.7,0.49999999999999994,-0.8660254037844387,28.2,24.0,20.400000000000002,Normal
Patna,2005,6,25.59,85.13,53,30.0,81.0,205.2,1.2246467991473532e-16,-1.0,68.7,28.2,40.300000000000004,Excess
Patna,2005,7,25.59,85.13,53,33.9,87.7,287.4,-0.4999999999999997,-0.8660254037844388,205.2,68.7,100.7,Excess
Patna,2005,8,25.59,85.13,53,28.2,80.0,218.8,-0.8660254037844385,-0.5000000000000004,287.4,205.2,187.1,Excess
Patna,2005,9,25.59,85.13,53,24.9,79.5,149.3,-1.0,-1.8369701987210297e-16,218.8,287.4,237.13333333333333,Normal
Patna,2005,10,25.59,85.13,53,27.3,30.0,43.5,-0.8660254037844386,0.5000000000000001,149.3,218.8,218.5,Normal
Patna,2005,11,25.59,85.13,53,29.4,48.4,20.0,-0.5000000000000004,0.8660254037844384,43.5,149.3,137.20000000000002,Deficit
Patna,2005,12,25.59,85.13,53,21.6,47.3,6.9,-2.4492935982947064e-16,1.0,20.0,43.5,70.93333333333334,Deficit
Patna,2006,1,25.59,85.13,53,17.5,51.4,12.4,0.49999999999999994,0.8660254037844387,6.9,20.0,23.46666666666667,Deficit
Patna,2006,2,25.59,85.13,53,29.8,52.1,12.9,0.8660254037844386,0.5000000000000001,12.4,6.9,13.1,Deficit
Patna,2006,3,25.59,85.13,53,29.2,53.2,24.1,1.0,6.123233995736766e-17,12.9,12.4,10.733333333333334,Deficit
Patna,2006,4,25.59,85.13,53,29.6,53.9,33.9,0.8660254037844387,-0.4999999999999998,24.1,12.9,16.46666666666667,Deficit
Patna,2006,5,25.59,85.13,53,25.7,41.3,91.5,0.49999999999999994,-0.8660254037844387,33.9,24.1,23.633333333333336,Normal
Patna,2006,6,25.59,85.13,53,28.0,80.8,189.2,1.2246467991473532e-16,-1.0,91.5,33.9,49.833333333333336,Excess
Patna,2006,7,25.59,85.13,53,28.5,87.1,433.6,-0.4999999999999997,-0.8660254037844388,189.2,91.5,104.86666666666667,Excess
Patna,2006,8,25.59,85.13,53,30.6,84.4,314.1,-0.8660254037844385,-0.5000000000000004,433.6,189.2,238.1,Excess
Patna,2006,9,25.59,85.13,53,28.0,76.3,183.4,-1.0,-1.8369701987210297e-16,314.1,433.6,312.3,Excess
Patna,2006,10,25.59,85.13,53,24.8,47.0,42.8,-0.8660254037844386,0.5000000000000001,183.4,314.1,310.3666666666667,Normal
Patna,2006,11,25.59,85.13,53,20.0,47.8,23.5,-0.5000000000000004,0.8660254037844384,42.8,183.4,180.1,Deficit
Patna,2006,12,25.59,85.13,53,26.3,51.5,8.6,-2.4492935982947064e-16,1.0,23.5,42.8,83.23333333333333,Deficit
Patna,2007,1,25.59,85.13,53,18.9,48.5,11.5,0.49999999999999994,0.8660254037844387,8.6,23.5,24.966666666666665,Deficit
Patna,2007,2,25.59,85.13,53,22.4,48.8,14.4,0.8660254037844386,0.5000000000000001,11.5,8.6,14.533333333333333,Deficit
Patna,2007,3,25.59,85.13,53,24.7,46.2,20.2,1.0,6.123233995736766e-17,14.4,11.5,11.5,Deficit
Patna,2007,4,25.59,85.13,53,25.8,59.7,36.5,0.8660254037844387,-0.4999999999999998,20.2,14.4,15.366666666666665,Deficit
Patna,2007,5,25.59,85.13,53,23.6,49.7,63.5,0.49999999999999994,-0.8660254037844387,36.5,20.2,23.7,Normal
Patna,2007,6,25.59,85.13,53,26.0,87.5,193.5,1.2246467991473532e-16,-1.0,63.5,36.5,40.06666666666667,Excess
Patna,2007,7,25.59,85.13,53,25.5,79.1,366.3,-0.4999999999999997,-0.8660254037844388,193.5,63.5,97.83333333333333,Excess
Patna,2007,8,25.59,85.13,53,34.6,79.4,242.6,-0.8660254037844385,-0.5000000000000004,366.3,193.5,207.76666666666665,Excess
Patna,2007,9,25.59,85.13,53,24.8,76.1,203.8,-1.0,-1.8369701987210297e-16,242.6,366.3,267.46666666666664,Excess
Patna,2007,10,25.59,85.13,53,21.6,49.3,29.4,-0.8660254037844386,0.5000000000000001,203.8,242.6,270.90000000000003,Deficit
Patna,2007,11,25.59,85.13,53,21.7,63.6,14.6,-0.5000000000000004,0.8660254037844384,29.4,203.8,158.6,Deficit
Patna,2007,12,25.59,85.13,53,28.8,57.2,8.0,-2.4492935982947064e-16,1.0,14.6,29.4,82.60000000000001,Deficit
Patna,2008,1,25.59,85.13,53,21.2,55.6,9.9,0.49999999999999994,0.8660254037844387,8.0,14.6,17.333333333333332,Deficit
Patna,2008,2,25.59,85.13,53,21.0,63.5,8.6,0.8660254037844386,0.5000000000000001,9.9,8.0,10.833333333333334,Deficit
Patna,2008,3,25.59,85.13,53,26.6,63.1,29.4,1.0,6.123233995736766e-17,8.6,9.9,8.833333333333334,Deficit
Patna,2008,4,25.59,85.13,53,19.6,58.1,31.4,0.8660254037844387,-0.4999999999999998,29.4,8.6,15.966666666666667,Deficit
Patna,2008,5,25.59,85.13,53,25.3,49.6,84.4,0.49999999999999994,-0.8660254037844387,31.4,29.4,23.133333333333336,Normal
Patna,2008,6,25.59,85.13,53,25.5,77.4,205.4,1.2246467991473532e-16,-1.0,84.4,31.4,48.4,Excess
Patna,2008,7,25.59,85.13,53,28.2,75.5,241.8,-0.4999999999999997,-0.8660254037844388,205.4,84.4,107.06666666666668,Excess
Patna,2008,8,25.59,85.13,53,26.2,80.4,230.2,-0.8660254037844385,-0.5000000000000004,241.8,205.4,177.20000000000002,Excess
Patna,2008,9,25.59,85.13,53,28.2,89.5,112.2,-1.0,-1.8369701987210297e-16,230.2,241.8,225.80000000000004,Normal
Patna,2008,10,25.59,85.13,53,31.2,65.3,33.6,-0.8660254037844386,0.5000000000000001,112.2,230.2,194.73333333333335,Deficit
Patna,2008,11,25.59,85.13,53,25.3,52.2,18.7,-0.5000000000000004,0.8660254037844384,33.6,112.2,125.33333333333333,Deficit
Patna,2008,12,25.59,85.13,53,23.4,33.2,7.0,-2.4492935982947064e-16,1.0,18.7,33.6,54.833333333333336,Deficit
Patna,2009,1,25.59,85.13,53,21.2,52.0,9.2,0.49999999999999994,0.8660254037844387,7.0,18.7,19.766666666666666,Deficit
Patna,2009,2,25.59,85.13,53,19.4,53.7,11.3,0.8660254037844386,0.5000000000000001,9.2,7.0,11.633333333333333,Deficit
Patna,2009,3,25.59,85.13,53,20.5,64.7,27.1,1.0,6.123233995736766e-17,11.3,9.2,9.166666666666666,Deficit
Patna,2009,4,25.59,85.13,53,33.5,47.9,24.9,0.8660254037844387,-0.4999999999999998,27.1,11.3,15.866666666666667,Deficit
Patna,2009,5,25.59,85.13,53,17.4,51.4,82.9,0.49999999999999994,-0.8660254037844387,24.9,27.1,21.1,Normal
Patna,2009,6,25.59,85.13,53,27.8,78.6,192.3,1.2246467991473532e-16,-1.0,82.9,24.9,44.96666666666667,Excess
Patna,2009,7,25.59,85.13,53,30.8,82.2,258.6,-0.4999999999999997,-0.8660254037844388,192.3,82.9,100.03333333333335,Excess
Patna,2009,8,25.59,85.13,53,26.7,79.4,353.9,-0.8660254037844385,-0.5000000000000004,258.6,192.3,177.93333333333337,Excess
Patna,2009,9,25.59,85.13,53,23.9,74.7,185.3,-1.0,-1.8369701987210297e-16,353.9,258.6,268.26666666666665,Excess
Patna,2009,10,25.59,85.13,53,20.3,33.8,41.5,-0.8660254037844386,0.5000000000000001,185.3,353.9,265.93333333333334,Normal
Patna,2009,11,25.59,85.13,53,19.4,53.8,23.1,-0.5000000000000004,0.8660254037844384,41.5,185.3,193.5666666666667,Deficit
Patna,2009,12,25.59,85.13,53,13.8,49.3,5.9,-2.4492935982947064e-16,1.0,23.1,41.5,83.3,Deficit
Patna,2010,1,25.59,85.13,53,28.6,48.1,12.2,0.49999999999999994,0.8660254037844387,5.9,23.1,23.5,Deficit
Patna,2010,2,25.59,85.13,53,22.2,37.9,13.0,0.8660254037844386,0.5000000000000001,12.2,5.9,13.733333333333334,Deficit
Patna,2010,3,25.59,85.13,53,19.2,62.1,17.6,1.0,6.123233995736766e-17,13.0,12.2,10.366666666666667,Deficit
Patna,2010,4,25.59,85.13,53,26.1,49.3,25.0,0.8660254037844387,-0.4999999999999998,17.6,13.0,14.266666666666666,Deficit
Patna,2010,5,25.59,85.13,53,30.5,47.6,78.9,0.49999999999999994,-0.8660254037844387,25.0,17.6,18.533333333333335,Normal
Patna,2010,6,25.59,85.13,53,28.1,81.1,203.9,1.2246467991473532e-16,-1.0,78.9,25.0,40.5,Excess
Patna,2010,7,25.59,85.13,53,24.4,89.7,438.2,-0.4999999999999997,-0.8660254037844388,203.9,78.9,102.60000000000001,Excess
Patna,2010,8,25.59,85.13,53,26.8,91.8,308.0,-0.8660254037844385,-0.5000000000000004,438.2,203.9,240.33333333333334,Excess
Patna,2010,9,25.59,85.13,53,26.7,74.7,107.2,-1.0,-1.8369701987210297e-16,308.0,438.2,316.7,Normal
Patna,2010,10,25.59,85.13,53,20.5,56.3,37.0,-0.8660254037844386,0.5000000000000001,107.2,308.0,284.4666666666667,Deficit
Patna,2010,11,25.59,85.13,53,23.1,55.9,16.6,-0.5000000000000004,0.8660254037844384,37.0,107.2,150.73333333333332,Deficit
Patna,2010,12,25.59,85.13,53,20.6,80.0,5.2,-2.4492935982947064e-16,1.0,16.6,37.0,53.599999999999994,Deficit
Patna,2011,1,25.59,85.13,53,21.6,39.3,5.6,0.49999999999999994,0.8660254037844387,5.2,16.6,19.6,Deficit
Patna,2011,2,25.59,85.13,53,26.3,56.0,11.7,0.8660254037844386,0.5000000000000001,5.6,5.2,9.133333333333333,Deficit
Patna,2011,3,25.59,85.13,53,23.9,48.3,18.8,1.0,6.123233995736766e-17,11.7,5.6,7.5,Deficit
Patna,2011,4,25.59,85.13,53,28.3,55.4,29.7,0.8660254037844387,-0.4999999999999998,18.8,11.7,12.033333333333331,Deficit
Patna,2011,5,25.59,85.13,53,27.0,60.8,76.8,0.49999999999999994,-0.8660254037844387,29.7,18.8,20.066666666666666,Normal
Patna,2011,6,25.59,85.13,53,28.9,89.1,169.4,1.2246467991473532e-16,-1.0,76.8,29.7,41.766666666666666,Excess
Patna,2011,7,25.59,85.13,53,25.9,74.9,239.2,-0.4999999999999997,-0.8660254037844388,169.4,76.8,91.96666666666665,Excess
Patna,2011,8,25.59,85.13,53,23.4,84.8,249.5,-0.8660254037844385,-0.5000000000000004,239.2,169.4,161.79999999999998,Excess
Patna,2011,9,25.59,85.13,53,30.8,78.0,138.1,-1.0,-1.8369701987210297e-16,249.5,239.2,219.36666666666667,Normal
Patna,2011,10,25.59,85.13,53,29.5,65.8,29.1,-0.8660254037844386,0.5000000000000001,138.1,249.5,208.9333333333333,Deficit
Patna,2011,11,25.59,85.13,53,25.7,54.9,13.2,-0.5000000000000004,0.8660254037844384,29.1,138.1,138.9,Deficit
Patna,2011,12,25.59,85.13,53,23.9,64.8,5.8,-2.4492935982947064e-16,1.0,13.2,29.1,60.133333333333326,Deficit
Patna,2012,1,25.59,85.13,53,26.8,56.6,7.1,0.49999999999999994,0.8660254037844387,5.8,13.2,16.03333333333333,Deficit
Patna,2012,2,25.59,85.13,53,29.8,49.1,10.6,0.8660254037844386,0.5000000000000001,7.1,5.8,8.700000000000001,Deficit
Patna,2012,3,25.59,85.13,53,22.1,61.3,19.6,1.0,6.123233995736766e-17,10.6,7.1,7.833333333333333,Deficit
Patna,2012,4,25.59,85.13,53,29.9,53.1,31.6,0.8660254037844387,-0.4999999999999998,19.6,10.6,12.433333333333332,Deficit
Patna,2012,5,25.59,85.13,53,18.9,55.1,52.3,0.49999999999999994,-0.8660254037844387,31.6,19.6,20.6,Normal
Patna,2012,6,25.59,85.13,53,26.0,74.9,101.6,1.2246467991473532e-16,-1.0,52.3,31.6,34.5,Normal
Patna,2012,7,25.59,85.13,53,27.9,83.6,196.7,-0.4999999999999997,-0.8660254037844388,101.6,52.3,61.833333333333336,Excess
Patna,2012,8,25.59,85.13,53,30.7,80.8,170.0,-0.8660254037844385,-0.5000000000000004,196.7,101.6,116.86666666666666,Excess
Patna,2012,9,25.59,85.13,53,28.6,93.8,95.4,-1.0,-1.8369701987210297e-16,170.0,196.7,156.1,Normal
Patna,2012,10,25.59,85.13,53,23.5,36.7,25.3,-0.8660254037844386,0.5000000000000001,95.4,170.0,154.03333333333333,Deficit
Patna,2012,11,25.59,85.13,53,25.9,48.1,11.4,-0.5000000000000004,0.8660254037844384,25.3,95.4,96.89999999999999,Deficit
Patna,2012,12,25.59,85.13,53,21.6,66.5,0.6,-2.4492935982947064e-16,1.0,11.4,25.3,44.03333333333333,Deficit
Patna,2013,1,25.59,85.13,53,27.7,40.2,10.9,0.49999999999999994,0.8660254037844387,0.6,11.4,12.433333333333335,Deficit
Patna,2013,2,25.59,85.13,53,26.0,61.5,16.2,0.8660254037844386,0.5000000000000001,10.9,0.6,7.633333333333333,Deficit
Patna,2013,3,25.59,85.13,53,27.7,51.9,17.9,1.0,6.123233995736766e-17,16.2,10.9,9.233333333333333,Deficit
Patna,2013,4,25.59,85.13,53,28.7,52.7,44.9,0.8660254037844387,-0.4999999999999998,17.9,16.2,15.0,Normal
Patna,2013,5,25.59,85.13,53,28.1,51.4,81.0,0.49999999999999994,-0.8660254037844387,44.9,17.9,26.333333333333332,Normal
Patna,2013,6,25.59,85.13,53,25.7,73.1,174.9,1.2246467991473532e-16,-1.0,81.0,44.9,47.93333333333334,Excess
Patna,2013,7,25.59,85.13,53,30.8,83.1,318.0,-0.4999999999999997,-0.8660254037844388,174.9,81.0,100.26666666666667,Excess
Patna,2013,8,25.59,85.13,53,30.0,77.0,281.6,-0.8660254037844385,-0.5000000000000004,318.0,174.9,191.29999999999998,Excess
Patna,2013,9,25.59,85.13,53,27.6,86.7,184.7,-1.0,-1.8369701987210297e-16,281.6,318.0,258.1666666666667,Excess
Patna,2013,10,25.59,85.13,53,21.6,35.6,27.9,-0.8660254037844386,0.5000000000000001,184.7,281.6,261.43333333333334,Deficit
Patna,2013,11,25.59,85.13,53,29.8,46.9,18.5,-0.5000000000000004,0.8660254037844384,27.9,184.7,164.73333333333332,Deficit
Patna,2013,12,25.59,85.13,53,28.5,62.7,5.5,-2.4492935982947064e-16,1.0,18.5,27.9,77.03333333333333,Deficit
Patna,2014,1,25.59,85.13,53,20.7,65.8,12.0,0.49999999999999994,0.8660254037844387,5.5,18.5,17.3,Deficit
Patna,2014,2,25.59,85.13,53,27.1,31.2,15.0,0.8660254037844386,0.5000000000000001,12.0,5.5,12.0,Deficit
Patna,2014,3,25.59,85.13,53,27.5,47.8,19.2,1.0,6.123233995736766e-17,15.0,12.0,10.833333333333334,Deficit
Patna,2014,4,25.59,85.13,53,27.4,44.9,39.3,0.8660254037844387,-0.4999999999999998,19.2,15.0,15.4,Deficit
Patna,2014,5,25.59,85.13,53,21.4,50.2,75.1,0.49999999999999994,-0.8660254037844387,39.3,19.2,24.5,Normal
Patna,2014,6,25.59,85.13,53,30.9,94.7,153.6,1.2246467991473532e-16,-1.0,75.1,39.3,44.53333333333333,Excess
Patna,2014,7,25.59,85.13,53,23.2,80.5,213.8,-0.4999999999999997,-0.8660254037844388,153.6,75.1,89.33333333333333,Excess
Patna,2014,8,25.59,85.13,53,28.1,86.5,186.0,-0.8660254037844385,-0.5000000000000004,213.8,153.6,147.5,Excess
Patna,2014,9,25.59,85.13,53,28.5,80.8,189.5,-1.0,-1.8369701987210297e-16,186.0,213.8,184.46666666666667,Excess
Patna,2014,10,25.59,85.13,53,25.1,52.7,20.6,-0.8660254037844386,0.5000000000000001,189.5,186.0,196.4333333333333,Deficit
Patna,2014,11,25.59,85.13,53,22.2,47.6,17.8,-0.5000000000000004,0.8660254037844384,20.6,189.5,132.03333333333333,Deficit
Patna,2014,12,25.59,85.13,53,15.8,40.9,2.4,-2.4492935982947064e-16,1.0,17.8,20.6,75.96666666666667,Deficit
Patna,2015,1,25.59,85.13,53,22.9,46.6,9.1,0.49999999999999994,0.8660254037844387,2.4,17.8,13.600000000000001,Deficit
Patna,2015,2,25.59,85.13,53,12.1,67.1,6.5,0.8660254037844386,0.5000000000000001,9.1,2.4,9.766666666666666,Deficit
Patna,2015,3,25.59,85.13,53,23.4,37.5,13.8,1.0,6.123233995736766e-17,6.5,9.1,6.0,Deficit
Patna,2015,4,25.59,85.13,53,25.6,43.7,29.7,0.8660254037844387,-0.4999999999999998,13.8,6.5,9.799999999999999,Deficit
Patna,2015,5,25.59,85.13,53,31.7,51.3,54.8,0.49999999999999994,-0.8660254037844387,29.7,13.8,16.666666666666668,Normal
Patna,2015,6,25.59,85.13,53,25.6,70.6,130.4,1.2246467991473532e-16,-1.0,54.8,29.7,32.766666666666666,Normal
Patna,2015,7,25.59,85.13,53,28.8,88.6,220.9,-0.4999999999999997,-0.8660254037844388,130.4,54.8,71.63333333333334,Excess
Patna,2015,8,25.59,85.13,53,25.2,78.5,120.4,-0.8660254037844385,-0.5000000000000004,220.9,130.4,135.36666666666667,Normal
Patna,2015,9,25.59,85.13,53,27.6,81.3,117.9,-1.0,-1.8369701987210297e-16,120.4,220.9,157.23333333333335,Normal
Patna,2015,10,25.59,85.13,53,21.4,61.3,27.1,-0.8660254037844386,0.5000000000000001,117.9,120.4,153.0666666666667,Deficit
Patna,2015,11,25.59,85.13,53,23.7,68.0,13.6,-0.5000000000000004,0.8660254037844384,27.1,117.9,88.46666666666668,Deficit
Patna,2015,12,25.59,85.13,53,28.7,30.0,7.3,-2.4492935982947064e-16,1.0,13.6,27.1,52.86666666666667,Deficit
Patna,2016,1,25.59,85.13,53,33.0,64.4,15.1,0.49999999999999994,0.8660254037844387,7.3,13.6,16.0,Deficit
Patna,2016,2,25.59,85.13,53,28.5,65.5,16.9,0.8660254037844386,0.5000000000000001,15.1,7.3,12.0,Deficit
Patna,2016,3,25.59,85.13,53,25.9,36.3,35.8,1.0,6.123233995736766e-17,16.9,15.1,13.1,Deficit
Patna,2016,4,25.59,85.13,53,26.6,52.7,37.4,0.8660254037844387,-0.4999999999999998,35.8,16.9,22.599999999999998,Deficit
Patna,2016,5,25.59,85.13,53,18.5,44.6,71.6,0.49999999999999994,-0.8660254037844387,37.4,35.8,30.03333333333333,Normal
Patna,2016,6,25.59,85.13,53,32.0,87.5,241.7,1.2246467991473532e-16,-1.0,71.6,37.4,48.26666666666666,Excess
Patna,2016,7,25.59,85.13,53,27.8,71.5,423.8,-0.4999999999999997,-0.8660254037844388,241.7,71.6,116.89999999999999,Excess
Patna,2016,8,25.59,85.13,53,27.4,79.0,290.6,-0.8660254037844385,-0.5000000000000004,423.8,241.7,245.69999999999996,Excess
Patna,2016,9,25.59,85.13,53,29.1,87.1,186.4,-1.0,-1.8369701987210297e-16,290.6,423.8,318.7,Excess
Patna,2016,10,25.59,85.13,53,17.4,47.2,37.6,-0.8660254037844386,0.5000000000000001,186.4,290.6,300.2666666666667,Deficit
Patna,2016,11,25.59,85.13,53,29.9,46.3,19.9,-0.5000000000000004,0.8660254037844384,37.6,186.4,171.53333333333333,Deficit
Patna,2016,12,25.59,85.13,53,26.2,52.4,7.6,-2.4492935982947064e-16,1.0,19.9,37.6,81.3,Deficit
Patna,2017,1,25.59,85.13,53,22.7,51.9,10.8,0.49999999999999994,0.8660254037844387,7.6,19.9,21.7,Deficit
Patna,2017,2,25.59,85.13,53,27.0,44.9,10.8,0.8660254037844386,0.5000000000000001,10.8,7.6,12.766666666666666,Deficit
Patna,2017,3,25.59,85.13,53,24.6,54.1,25.4,1.0,6.123233995736766e-17,10.8,10.8,9.733333333333333,Deficit
Patna,2017,4,25.59,85.13,53,23.6,53.0,33.6,0.8660254037844387,-0.4999999999999998,25.4,10.8,15.666666666666666,Deficit
Patna,2017,5,25.59,85.13,53,25.0,69.1,88.6,0.49999999999999994,-0.8660254037844387,33.6,25.4,23.26666666666667,Normal
Patna,2017,6,25.59,85.13,53,27.8,72.6,160.5,1.2246467991473532e-16,-1.0,88.6,33.6,49.199999999999996,Excess
Patna,2017,7,25.59,85.13,53,25.2,80.3,351.7,-0.4999999999999997,-0.8660254037844388,160.5,88.6,94.23333333333333,Excess
Patna,2017,8,25.59,85.13,53,28.7,78.7,273.3,-0.8660254037844385,-0.5000000000000004,351.7,160.5,200.26666666666665,Excess
Patna,2017,9,25.59,85.13,53,31.6,83.7,152.6,-1.0,-1.8369701987210297e-16,273.3,351.7,261.8333333333333,Excess
Patna,2017,10,25.59,85.13,53,24.0,68.5,32.9,-0.8660254037844386,0.5000000000000001,152.6,273.3,259.2,Deficit
Patna,2017,11,25.59,85.13,53,22.2,45.2,17.5,-0.5000000000000004,0.8660254037844384,32.9,152.6,152.9333333333333,Deficit
Patna,2017,12,25.59,85.13,53,22.6,39.2,5.0,-2.4492935982947064e-16,1.0,17.5,32.9,67.66666666666667,Deficit
Patna,2018,1,25.59,85.13,53,27.4,48.2,7.4,0.49999999999999994,0.8660254037844387,5.0,17.5,18.466666666666665,Deficit
Patna,2018,2,25.59,85.13,53,30.1,65.0,8.7,0.8660254037844386,0.5000000000000001,7.4,5.0,9.966666666666667,Deficit
Patna,2018,3,25.59,85.13,53,22.5,43.4,17.3,1.0,6.123233995736766e-17,8.7,7.4,7.033333333333334,Deficit
Patna,2018,4,25.59,85.13,53,24.2,48.1,30.7,0.8660254037844387,-0.4999999999999998,17.3,8.7,11.133333333333335,Deficit
Patna,2018,5,25.59,85.13,53,21.9,55.2,54.4,0.49999999999999994,-0.8660254037844387,30.7,17.3,18.900000000000002,Normal
Patna,2018,6,25.59,85.13,53,30.5,78.8,111.1,1.2246467991473532e-16,-1.0,54.4,30.7,34.13333333333333,Normal
Patna,2018,7,25.59,85.13,53,24.7,81.9,239.1,-0.4999999999999997,-0.8660254037844388,111.1,54.4,65.39999999999999,Excess
Patna,2018,8,25.59,85.13,53,27.9,90.8,205.5,-0.8660254037844385,-0.5000000000000004,239.1,111.1,134.86666666666667,Excess
Patna,2018,9,25.59,85.13,53,26.0,77.7,131.5,-1.0,-1.8369701987210297e-16,205.5,239.1,185.23333333333335,Normal
Patna,2018,10,25.59,85.13,53,30.2,54.8,30.2,-0.8660254037844386,0.5000000000000001,131.5,205.5,192.03333333333333,Deficit
Patna,2018,11,25.59,85.13,53,27.4,66.2,15.3,-0.5000000000000004,0.8660254037844384,30.2,131.5,122.39999999999999,Deficit
Patna,2018,12,25.59,85.13,53,27.7,61.8,0.7,-2.4492935982947064e-16,1.0,15.3,30.2,59.0,Deficit
Patna,2019,1,25.59,85.13,53,21.6,44.7,7.0,0.49999999999999994,0.8660254037844387,0.7,15.3,15.4,Deficit
Patna,2019,2,25.59,85.13,53,26.0,60.7,7.8,0.8660254037844386,0.5000000000000001,7.0,0.7,7.666666666666667,Deficit
Patna,2019,3,25.59,85.13,53,21.6,43.6,21.0,1.0,6.123233995736766e-17,7.8,7.0,5.166666666666667,Deficit
Patna,2019,4,25.59,85.13,53,27.6,52.8,32.6,0.8660254037844387,-0.4999999999999998,21.0,7.8,11.933333333333332,Deficit
Patna,2019,5,25.59,85.13,53,24.9,57.2,66.7,0.49999999999999994,-0.8660254037844387,32.6,21.0,20.46666666666667,Normal
Patna,2019,6,25.59,85.13,53,28.7,72.9,131.9,1.2246467991473532e-16,-1.0,66.7,32.6,40.1,Normal
Patna,2019,7,25.59,85.13,53,26.3,79.8,207.6,-0.4999999999999997,-0.8660254037844388,131.9,66.7,77.06666666666668,Excess
Patna,2019,8,25.59,85.13,53,26.7,72.9,175.5,-0.8660254037844385,-0.5000000000000004,207.6,131.9,135.4,Excess
Patna,2019,9,25.59,85.13,53,27.8,71.8,135.0,-1.0,-1.8369701987210297e-16,175.5,207.6,171.66666666666666,Normal
Patna,2019,10,25.59,85.13,53,26.3,46.6,22.4,-0.8660254037844386,0.5000000000000001,135.0,175.5,172.70000000000002,Deficit
Patna,2019,11,25.59,85.13,53,24.7,55.4,11.5,-0.5000000000000004,0.8660254037844384,22.4,135.0,110.96666666666665,Deficit
Patna,2019,12,25.59,85.13,53,27.2,44.0,1.5,-2.4492935982947064e-16,1.0,11.5,22.4,56.300000000000004,Deficit
Patna,2020,1,25.59,85.13,53,22.9,41.8,10.7,0.49999999999999994,0.8660254037844387,1.5,11.5,11.799999999999999,Deficit
Patna,2020,2,25.59,85.13,53,31.5,38.4,10.2,0.8660254037844386,0.5000000000000001,10.7,1.5,7.8999999999999995,Deficit
Patna,2020,3,25.59,85.13,53,24.0,52.4,28.1,1.0,6.123233995736766e-17,10.2,10.7,7.466666666666666,Deficit
Patna,2020,4,25.59,85.13,53,21.9,47.0,26.0,0.8660254037844387,-0.4999999999999998,28.1,10.2,16.333333333333332,Deficit
Patna,2020,5,25.59,85.13,53,24.2,47.9,61.2,0.49999999999999994,-0.8660254037844387,26.0,28.1,21.433333333333334,Normal
Patna,2020,6,25.59,85.13,53,25.1,82.6,229.8,1.2246467991473532e-16,-1.0,61.2,26.0,38.43333333333334,Excess
Patna,2020,7,25.59,85.13,53,25.3,86.1,303.8,-0.4999999999999997,-0.8660254037844388,229.8,61.2,105.66666666666667,Excess
Patna,2020,8,25.59,85.13,53,21.8,86.0,240.0,-0.8660254037844385,-0.5000000000000004,303.8,229.8,198.26666666666665,Excess
Patna,2020,9,25.59,85.13,53,25.4,86.1,120.5,-1.0,-1.8369701987210297e-16,240.0,303.8,257.8666666666667,Normal
Patna,2020,10,25.59,85.13,53,28.7,64.1,30.3,-0.8660254037844386,0.5000000000000001,120.5,240.0,221.4333333333333,Deficit
Patna,2020,11,25.59,85.13,53,28.2,44.4,14.3,-0.5000000000000004,0.8660254037844384,30.3,120.5,130.26666666666668,Deficit
Patna,2020,12,25.59,85.13,53,22.2,62.3,9.9,-2.4492935982947064e-16,1.0,14.3,30.3,55.03333333333334,Deficit
Patna,2021,1,25.59,85.13,53,22.3,50.5,12.8,0.49999999999999994,0.8660254037844387,9.9,14.3,18.166666666666668,Deficit
Patna,2021,2,25.59,85.13,53,25.9,55.5,7.4,0.8660254037844386,0.5000000000000001,12.8,9.9,12.333333333333334,Deficit
Patna,2021,3,25.59,85.13,53,13.1,39.3,24.7,1.0,6.123233995736766e-17,7.4,12.8,10.033333333333333,Deficit
Patna,2021,4,25.59,85.13,53,26.2,54.9,31.3,0.8660254037844387,-0.4999999999999998,24.7,7.4,14.966666666666669,Deficit
Patna,2021,5,25.59,85.13,53,27.5,41.7,81.9,0.49999999999999994,-0.8660254037844387,31.3,24.7,21.133333333333336,Normal
Patna,2021,6,25.59,85.13,53,29.2,84.3,214.4,1.2246467991473532e-16,-1.0,81.9,31.3,45.96666666666667,Excess
Patna,2021,7,25.59,85.13,53,32.6,85.0,315.4,-0.4999999999999997,-0.8660254037844388,214.4,81.9,109.2,Excess
Patna,2021,8,25.59,85.13,53,28.6,86.5,239.3,-0.8660254037844385,-0.5000000000000004,315.4,214.4,203.9,Excess
Patna,2021,9,25.59,85.13,53,30.7,84.3,151.2,-1.0,-1.8369701987210297e-16,239.3,315.4,256.3666666666666,Excess
Patna,2021,10,25.59,85.13,53,26.2,47.9,21.0,-0.8660254037844386,0.5000000000000001,151.2,239.3,235.30000000000004,Deficit
Patna,2021,11,25.59,85.13,53,28.8,54.0,19.9,-0.5000000000000004,0.8660254037844384,21.0,151.2,137.16666666666666,Deficit
Patna,2021,12,25.59,85.13,53,24.3,58.2,9.4,-2.4492935982947064e-16,1.0,19.9,21.0,64.03333333333333,Deficit
Patna,2022,1,25.59,85.13,53,28.1,46.1,11.8,0.49999999999999994,0.8660254037844387,9.4,19.9,16.766666666666666,Deficit
Patna,2022,2,25.59,85.13,53,19.8,54.4,11.1,0.8660254037844386,0.5000000000000001,11.8,9.4,13.699999999999998,Deficit
Patna,2022,3,25.59,85.13,53,29.7,59.9,25.4,1.0,6.123233995736766e-17,11.1,11.8,10.766666666666667,Deficit
Patna,2022,4,25.59,85.13,53,20.3,56.3,34.2,0.8660254037844387,-0.4999999999999998,25.4,11.1,16.099999999999998,Deficit
Patna,2022,5,25.59,85.13,53,28.0,62.8,100.9,0.49999999999999994,-0.8660254037844387,34.2,25.4,23.566666666666666,Normal
Patna,2022,6,25.59,85.13,53,26.8,77.6,184.9,1.2246467991473532e-16,-1.0,100.9,34.2,53.5,Excess
Patna,2022,7,25.59,85.13,53,27.8,83.2,321.2,-0.4999999999999997,-0.8660254037844388,184.9,100.9,106.66666666666667,Excess
Patna,2022,8,25.59,85.13,53,27.7,77.3,281.7,-0.8660254037844385,-0.5000000000000004,321.2,184.9,202.33333333333334,Excess
Patna,2022,9,25.59,85.13,53,28.2,81.0,196.8,-1.0,-1.8369701987210297e-16,281.7,321.2,262.59999999999997,Excess
Patna,2022,10,25.59,85.13,53,19.7,65.1,31.2,-0.8660254037844386,0.5000000000000001,196.8,281.7,266.56666666666666,Deficit
Patna,2022,11,25.59,85.13,53,18.5,59.6,19.8,-0.5000000000000004,0.8660254037844384,31.2,196.8,169.9,Deficit
Patna,2022,12,25.59,85.13,53,25.5,68.0,7.9,-2.4492935982947064e-16,1.0,19.8,31.2,82.60000000000001,Deficit
Patna,2023,1,25.59,85.13,53,26.5,54.4,8.3,0.49999999999999994,0.8660254037844387,7.9,19.8,19.633333333333333,Deficit
Patna,2023,2,25.59,85.13,53,27.3,35.3,9.9,0.8660254037844386,0.5000000000000001,8.3,7.9,12.0,Deficit
Patna,2023,3,25.59,85.13,53,21.5,42.2,26.2,1.0,6.123233995736766e-17,9.9,8.3,8.700000000000001,Deficit
Patna,2023,4,25.59,85.13,53,26.7,53.6,32.7,0.8660254037844387,-0.4999999999999998,26.2,9.9,14.800000000000002,Deficit
Patna,2023,5,25.59,85.13,53,23.0,40.7,67.5,0.49999999999999994,-0.8660254037844387,32.7,26.2,22.933333333333337,Normal
Patna,2023,6,25.59,85.13,53,30.7,82.0,170.8,1.2246467991473532e-16,-1.0,67.5,32.7,42.13333333333333,Excess
Patna,2023,7,25.59,85.13,53,31.6,78.5,346.9,-0.4999999999999997,-0.8660254037844388,170.8,67.5,90.33333333333333,Excess
Patna,2023,8,25.59,85.13,53,33.4,90.7,258.1,-0.8660254037844385,-0.5000000000000004,346.9,170.8,195.0666666666667,Excess
Patna,2023,9,25.59,85.13,53,29.0,82.0,108.9,-1.0,-1.8369701987210297e-16,258.1,346.9,258.6,Normal
Patna,2023,10,25.59,85.13,53,22.0,43.6,38.3,-0.8660254037844386,0.5000000000000001,108.9,258.1,237.96666666666667,Deficit
Patna,2023,11,25.59,85.13,53,22.7,60.2,14.7,-0.5000000000000004,0.8660254037844384,38.3,108.9,135.1,Deficit
Patna,2023,12,25.59,85.13,53,22.5,34.1,3.2,-2.4492935982947064e-16,1.0,14.7,38.3,53.96666666666666,Deficit
Patna,2024,1,25.59,85.13,53,23.7,49.0,15.1,0.49999999999999994,0.8660254037844387,3.2,14.7,18.733333333333334,Deficit
Patna,2024,2,25.59,85.13,53,30.9,56.1,13.3,0.8660254037844386,0.5000000000000001,15.1,3.2,11.0,Deficit
Patna,2024,3,25.59,85.13,53,18.5,40.8,21.6,1.0,6.123233995736766e-17,13.3,15.1,10.533333333333333,Deficit
Patna,2024,4,25.59,85.13,53,22.4,53.9,37.5,0.8660254037844387,-0.4999999999999998,21.6,13.3,16.666666666666668,Deficit
Patna,2024,5,25.59,85.13,53,20.8,40.2,77.7,0.49999999999999994,-0.8660254037844387,37.5,21.6,24.133333333333336,Normal
Patna,2024,6,25.59,85.13,53,30.2,92.4,252.6,1.2246467991473532e-16,-1.0,77.7,37.5,45.6,Excess
Patna,2024,7,25.59,85.13,53,26.9,89.9,365.1,-0.4999999999999997,-0.8660254037844388,252.6,77.7,122.60000000000001,Excess
Patna,2024,8,25.59,85.13,53,28.6,81.7,294.0,-0.8660254037844385,-0.5000000000000004,365.1,252.6,231.80000000000004,Excess
Patna,2024,9,25.59,85.13,53,32.0,84.9,81.0,-1.0,-1.8369701987210297e-16,294.0,365.1,303.90000000000003,Normal
Patna,2024,10,25.59,85.13,53,24.8,53.6,39.2,-0.8660254037844386,0.5000000000000001,81.0,294.0,246.70000000000002,Deficit
Patna,2024,11,25.59,85.13,53,27.5,38.9,16.5,-0.5000000000000004,0.8660254037844384,39.2,81.0,138.06666666666666,Deficit
Patna,2024,12,25.59,85.13,53,27.2,50.0,6.5,-2.4492935982947064e-16,1.0,16.5,39.2,45.56666666666666,Deficit
Pune,2005,1,18.52,73.85,560,21.3,43.6,11.4,0.49999999999999994,0.8660254037844387,0.0,0.0,0.0,Deficit
Pune,2005,2,18.52,73.85,560,26.2,46.8,8.2,0.8660254037844386,0.5000000000000001,11.4,0.0,11.4,Deficit
Pune,2005,3,18.52,73.85,560,26.7,52.4,21.2,1.0,6.123233995736766e-17,8.2,11.4,9.8,Deficit
Pune,2005,4,18.52,73.85,560,19.7,54.8,18.9,0.8660254037844387,-0.4999999999999998,21.2,8.2,13.6,Deficit
Pune,2005,5,18.52,73.85,560,29.1,50.4,36.7,0.49999999999999994,-0.8660254037844387,18.9,21.2,16.099999999999998,Deficit
Pune,2005,6,18.52,73.85,560,33.8,80.9,215.8,1.2246467991473532e-16,-1.0,36.7,18.9,25.599999999999998,Excess
Pune,2005,7,18.52,73.85,560,30.5,92.2,225.5,-0.4999999999999997,-0.8660254037844388,215.8,36.7,90.46666666666668,Excess
Pune,2005,8,18.52,73.85,560,23.5,78.3,144.1,-0.8660254037844385,-0.5000000000000004,225.5,215.8,159.33333333333334,Normal
Pune,2005,9,18.52,73.85,560,29.2,88.4,131.7,-1.0,-1.8369701987210297e-16,144.1,225.5,195.13333333333333,Normal
Pune,2005,10,18.52,73.85,560,15.7,60.6,20.0,-0.8660254037844386,0.5000000000000001,131.7,144.1,167.1,Deficit
Pune,2005,11,18.52,73.85,560,16.9,53.5,10.9,-0.5000000000000004,0.8660254037844384,20.0,131.7,98.59999999999998,Deficit
Pune,2005,12,18.52,73.85,560,24.5,47.4,5.8,-2.4492935982947064e-16,1.0,10.9,20.0,54.199999999999996,Deficit
Pune,2006,1,18.52,73.85,560,19.6,44.9,6.5,0.49999999999999994,0.8660254037844387,5.8,10.9,12.233333333333333,Deficit
Pune,2006,2,18.52,73.85,560,26.3,53.7,8.3,0.8660254037844386,0.5000000000000001,6.5,5.8,7.733333333333333,Deficit
Pune,2006,3,18.52,73.85,560,24.3,30.2,11.9,1.0,6.123233995736766e-17,8.3,6.5,6.866666666666667,Deficit
Pune,2006,4,18.52,73.85,560,30.7,37.3,22.4,0.8660254037844387,-0.4999999999999998,11.9,8.3,8.9,Deficit
Pune,2006,5,18.52,73.85,560,26.3,64.5,45.4,0.49999999999999994,-0.8660254037844387,22.4,11.9,14.200000000000001,Normal
Pune,2006,6,18.52,73.85,560,26.3,70.2,106.6,1.2246467991473532e-16,-1.0,45.4,22.4,26.566666666666663,Normal
Pune,2006,7,18.52,73.85,560,33.1,83.7,199.2,-0.4999999999999997,-0.8660254037844388,106.6,45.4,58.133333333333326,Excess
Pune,2006,8,18.52,73.85,560,28.8,81.9,173.2,-0.8660254037844385,-0.5000000000000004,199.2,106.6,117.06666666666666,Excess
Pune,2006,9,18.52,73.85,560,30.1,83.4,86.6,-1.0,-1.8369701987210297e-16,173.2,199.2,159.66666666666666,Normal
Pune,2006,10,18.52,73.85,560,21.1,65.0,21.8,-0.8660254037844386,0.5000000000000001,86.6,173.2,153.0,Deficit
Pune,2006,11,18.52,73.85,560,22.8,62.0,12.2,-0.5000000000000004,0.8660254037844384,21.8,86.6,93.86666666666666,Deficit
Pune,2006,12,18.52,73.85,560,21.9,44.4,2.6,-2.4492935982947064e-16,1.0,12.2,21.8,40.199999999999996,Deficit
Pune,2007,1,18.52,73.85,560,17.7,39.7,6.5,0.49999999999999994,0.8660254037844387,2.6,12.2,12.200000000000001,Deficit
Pune,2007,2,18.52,73.85,560,24.7,50.5,1.4,0.8660254037844386,0.5000000000000001,6.5,2.6,7.099999999999999,Deficit
Pune,2007,3,18.52,73.85,560,20.8,40.3,10.5,1.0,6.123233995736766e-17,1.4,6.5,3.5,Deficit
Pune,2007,4,18.52,73.85,560,22.8,55.2,18.1,0.8660254037844387,-0.4999999999999998,10.5,1.4,6.133333333333333,Deficit
Pune,2007,5,18.52,73.85,560,25.7,65.0,32.8,0.49999999999999994,-0.8660254037844387,18.1,10.5,10.0,Deficit
Pune,2007,6,18.52,73.85,560,27.0,83.5,98.6,1.2246467991473532e-16,-1.0,32.8,18.1,20.466666666666665,Normal
Pune,2007,7,18.52,73.85,560,28.0,80.0,143.9,-0.4999999999999997,-0.8660254037844388,98.6,32.8,49.833333333333336,Normal
Pune,2007,8,18.52,73.85,560,28.5,76.0,129.8,-0.8660254037844385,-0.5000000000000004,143.9,98.6,91.76666666666665,Normal
Pune,2007,9,18.52,73.85,560,24.5,72.4,63.8,-1.0,-1.8369701987210297e-16,129.8,143.9,124.10000000000001,Normal
Pune,2007,10,18.52,73.85,560,25.6,43.1,13.1,-0.8660254037844386,0.5000000000000001,63.8,129.8,112.50000000000001,Deficit
Pune,2007,11,18.52,73.85,560,25.1,32.3,9.4,-0.5000000000000004,0.8660254037844384,13.1,63.8,68.9,Deficit
Pune,2007,12,18.52,73.85,560,28.2,42.1,4.1,-2.4492935982947064e-16,1.0,9.4,13.1,28.766666666666666,Deficit
Pune,2008,1,18.52,73.85,560,25.4,39.4,6.1,0.49999999999999994,0.8660254037844387,4.1,9.4,8.866666666666667,Deficit
Pune,2008,2,18.52,73.85,560,23.5,50.8,4.3,0.8660254037844386,0.5000000000000001,6.1,4.1,6.533333333333334,Deficit
Pune,2008,3,18.52,73.85,560,20.3,48.0,14.6,1.0,6.123233995736766e-17,4.3,6.1,4.833333333333333,Deficit
Pune,2008,4,18.52,73.85,560,24.8,53.8,24.7,0.8660254037844387,-0.4999999999999998,14.6,4.3,8.333333333333334,Deficit
Pune,2008,5,18.52,73.85,560,29.7,40.2,48.3,0.49999999999999994,-0.8660254037844387,24.7,14.6,14.533333333333331,Normal
Pune,2008,6,18.52,73.85,560,31.0,84.9,136.6,1.2246467991473532e-16,-1.0,48.3,24.7,29.2,Normal
Pune,2008,7,18.52,73.85,560,26.7,88.2,204.1,-0.4999999999999997,-0.8660254037844388,136.6,48.3,69.86666666666666,Excess
Pune,2008,8,18.52,73.85,560,25.6,79.6,140.1,-0.8660254037844385,-0.5000000000000004,204.1,136.6,129.66666666666666,Normal
Pune,2008,9,18.52,73.85,560,28.9,76.2,134.3,-1.0,-1.8369701987210297e-16,140.1,204.1,160.26666666666665,Normal
Pune,2008,10,18.52,73.85,560,22.5,44.9,22.2,-0.8660254037844386,0.5000000000000001,134.3,140.1,159.5,Deficit
Pune,2008,11,18.52,73.85,560,19.5,68.1,13.8,-0.5000000000000004,0.8660254037844384,22.2,134.3,98.86666666666666,Deficit
Pune,2008,12,18.52,73.85,560,29.4,47.4,5.6,-2.4492935982947064e-16,1.0,13.8,22.2,56.76666666666667,Deficit
Pune,2009,1,18.52,73.85,560,22.9,56.9,4.4,0.49999999999999994,0.8660254037844387,5.6,13.8,13.866666666666667,Deficit
Pune,2009,2,18.52,73.85,560,20.6,48.3,9.8,0.8660254037844386,0.5000000000000001,4.4,5.6,7.933333333333333,Deficit
Pune,2009,3,18.52,73.85,560,19.4,57.9,14.1,1.0,6.123233995736766e-17,9.8,4.4,6.6000000000000005,Deficit
Pune,2009,4,18.52,73.85,560,24.2,47.5,18.9,0.8660254037844387,-0.4999999999999998,14.1,9.8,9.433333333333334,Deficit
Pune,2009,5,18.52,73.85,560,25.0,49.8,43.6,0.49999999999999994,-0.8660254037844387,18.9,14.1,14.266666666666666,Normal
Pune,2009,6,18.52,73.85,560,26.2,83.9,108.3,1.2246467991473532e-16,-1.0,43.6,18.9,25.53333333333333,Normal
Pune,2009,7,18.52,73.85,560,28.3,88.0,254.2,-0.4999999999999997,-0.8660254037844388,108.3,43.6,56.93333333333334,Excess
Pune,2009,8,18.52,73.85,560,28.4,75.4,130.5,-0.8660254037844385,-0.5000000000000004,254.2,108.3,135.36666666666667,Normal
Pune,2009,9,18.52,73.85,560,26.2,89.2,74.6,-1.0,-1.8369701987210297e-16,130.5,254.2,164.33333333333334,Normal
Pune,2009,10,18.52,73.85,560,26.0,36.7,25.5,-0.8660254037844386,0.5000000000000001,74.6,130.5,153.1,Deficit
Pune,2009,11,18.52,73.85,560,26.2,53.8,10.5,-0.5000000000000004,0.8660254037844384,25.5,74.6,76.86666666666666,Deficit
Pune,2009,12,18.52,73.85,560,21.4,51.4,0.0,-2.4492935982947064e-16,1.0,10.5,25.5,36.86666666666667,Deficit
Pune,2010,1,18.52,73.85,560,24.4,53.4,3.6,0.49999999999999994,0.8660254037844387,0.0,10.5,12.0,Deficit
Pune,2010,2,18.52,73.85,560,27.8,57.8,9.7,0.8660254037844386,0.5000000000000001,3.6,0.0,4.7,Deficit
Pune,2010,3,18.52,73.85,560,17.4,48.1,13.6,1.0,6.123233995736766e-17,9.7,3.6,4.433333333333333,Deficit
Pune,2010,4,18.52,73.85,560,30.6,59.1,28.2,0.8660254037844387,-0.4999999999999998,13.6,9.7,8.966666666666667,Deficit
Pune,2010,5,18.52,73.85,560,26.5,46.4,60.1,0.49999999999999994,-0.8660254037844387,28.2,13.6,17.166666666666668,Normal
Pune,2010,6,18.52,73.85,560,32.2,76.3,124.5,1.2246467991473532e-16,-1.0,60.1,28.2,33.96666666666667,Normal
Pune,2010,7,18.52,73.85,560,27.2,90.0,277.6,-0.4999999999999997,-0.8660254037844388,124.5,60.1,70.93333333333334,Excess
Pune,2010,8,18.52,73.85,560,29.5,77.6,142.8,-0.8660254037844385,-0.5000000000000004,277.6,124.5,154.0666666666667,Normal
Pune,2010,9,18.52,73.85,560,28.5,88.1,83.1,-1.0,-1.8369701987210297e-16,142.8,277.6,181.63333333333335,Normal
Pune,2010,10,18.52,73.85,560,19.0,51.1,20.3,-0.8660254037844386,0.5000000000000001,83.1,142.8,167.83333333333334,Deficit
Pune,2010,11,18.52,73.85,560,27.2,61.5,11.8,-0.5000000000000004,0.8660254037844384,20.3,83.1,82.06666666666668,Deficit
Pune,2010,12,18.52,73.85,560,32.4,54.2,3.9,-2.4492935982947064e-16,1.0,11.8,20.3,38.4,Deficit
Pune,2011,1,18.52,73.85,560,23.9,48.6,3.8,0.49999999999999994,0.8660254037844387,3.9,11.8,12.0,Deficit
Pune,2011,2,18.52,73.85,560,26.8,40.2,9.0,0.8660254037844386,0.5000000000000001,3.8,3.9,6.5,Deficit
Pune,2011,3,18.52,73.85,560,27.7,67.3,14.5,1.0,6.123233995736766e-17,9.0,3.8,5.566666666666666,Deficit
Pune,2011,4,18.52,73.85,560,28.0,52.6,24.5,0.8660254037844387,-0.4999999999999998,14.5,9.0,9.1,Deficit
Pune,2011,5,18.52,73.85,560,30.0,38.7,52.8,0.49999999999999994,-0.8660254037844387,24.5,14.5,16.0,Normal
Pune,2011,6,18.52,73.85,560,26.1,84.3,105.7,1.2246467991473532e-16,-1.0,52.8,24.5,30.599999999999998,Normal
Pune,2011,7,18.52,73.85,560,26.5,67.7,232.5,-0.4999999999999997,-0.8660254037844388,105.7,52.8,61.0,Excess
Pune,2011,8,18.52,73.85,560,30.3,85.2,156.7,-0.8660254037844385,-0.5000000000000004,232.5,105.7,130.33333333333334,Excess
Pune,2011,9,18.52,73.85,560,27.3,74.3,106.3,-1.0,-1.8369701987210297e-16,156.7,232.5,164.96666666666667,Normal
Pune,2011,10,18.52,73.85,560,21.7,73.8,23.1,-0.8660254037844386,0.5000000000000001,106.3,156.7,165.16666666666666,Deficit
Pune,2011,11,18.52,73.85,560,22.7,45.9,11.7,-0.5000000000000004,0.8660254037844384,23.1,106.3,95.36666666666667,Deficit
Pune,2011,12,18.52,73.85,560,24.0,63.2,3.3,-2.4492935982947064e-16,1.0,11.7,23.1,47.03333333333333,Deficit
Pune,2012,1,18.52,73.85,560,32.6,52.5,6.1,0.49999999999999994,0.8660254037844387,3.3,11.7,12.699999999999998,Deficit
Pune,2012,2,18.52,73.85,560,22.6,55.6,9.1,0.8660254037844386,0.5000000000000001,6.1,3.3,7.033333333333334,Deficit
Pune,2012,3,18.52,73.85,560,17.4,72.2,16.1,1.0,6.123233995736766e-17,9.1,6.1,6.166666666666667,Deficit
Pune,2012,4,18.52,73.85,560,23.4,41.0,28.1,0.8660254037844387,-0.4999999999999998,16.1,9.1,10.433333333333334,Deficit
Pune,2012,5,18.52,73.85,560,25.3,55.6,56.6,0.49999999999999994,-0.8660254037844387,28.1,16.1,17.76666666666667,Normal
Pune,2012,6,18.52,73.85,560,29.3,90.7,125.8,1.2246467991473532e-16,-1.0,56.6,28.1,33.6,Normal
Pune,2012,7,18.52,73.85,560,25.4,90.2,226.3,-0.4999999999999997,-0.8660254037844388,125.8,56.6,70.16666666666667,Excess
Pune,2012,8,18.52,73.85,560,35.9,75.3,236.4,-0.8660254037844385,-0.5000000000000004,226.3,125.8,136.23333333333335,Excess
Pune,2012,9,18.52,73.85,560,22.8,85.3,111.1,-1.0,-1.8369701987210297e-16,236.4,226.3,196.16666666666666,Normal
Pune,2012,10,18.52,73.85,560,32.7,44.3,20.6,-0.8660254037844386,0.5000000000000001,111.1,236.4,191.26666666666668,Deficit
Pune,2012,11,18.52,73.85,560,23.1,32.2,7.9,-0.5000000000000004,0.8660254037844384,20.6,111.1,122.7,Deficit
Pune,2012,12,18.52,73.85,560,16.7,52.3,5.3,-2.4492935982947064e-16,1.0,7.9,20.6,46.53333333333333,Deficit
Pune,2013,1,18.52,73.85,560,31.6,55.6,4.6,0.49999999999999994,0.8660254037844387,5.3,7.9,11.266666666666666,Deficit
Pune,2013,2,18.52,73.85,560,24.9,52.2,3.5,0.8660254037844386,0.5000000000000001,4.6,5.3,5.933333333333333,Deficit
Pune,2013,3,18.52,73.85,560,19.5,57.9,11.5,1.0,6.123233995736766e-17,3.5,4.6,4.466666666666666,Deficit
Pune,2013,4,18.52,73.85,560,22.5,47.1,8.1,0.8660254037844387,-0.4999999999999998,11.5,3.5,6.533333333333334,Deficit
Pune,2013,5,18.52,73.85,560,25.1,37.9,41.0,0.49999999999999994,-0.8660254037844387,8.1,11.5,7.7,Normal
Pune,2013,6,18.52,73.85,560,28.5,81.5,69.2,1.2246467991473532e-16,-1.0,41.0,8.1,20.2,Normal
Pune,2013,7,18.52,73.85,560,26.8,86.2,127.1,-0.4999999999999997,-0.8660254037844388,69.2,41.0,39.43333333333334,Normal
Pune,2013,8,18.52,73.85,560,27.8,95.0,114.4,-0.8660254037844385,-0.5000000000000004,127.1,69.2,79.10000000000001,Normal
Pune,2013,9,18.52,73.85,560,23.4,86.7,54.7,-1.0,-1.8369701987210297e-16,114.4,127.1,103.56666666666668,Normal
Pune,2013,10,18.52,73.85,560,23.7,44.2,13.8,-0.8660254037844386,0.5000000000000001,54.7,114.4,98.73333333333333,Deficit
Pune,2013,11,18.52,73.85,560,31.4,60.0,7.4,-0.5000000000000004,0.8660254037844384,13.8,54.7,60.966666666666676,Deficit
Pune,2013,12,18.52,73.85,560,19.3,40.5,4.4,-2.4492935982947064e-16,1.0,7.4,13.8,25.3,Deficit
Pune,2014,1,18.52,73.85,560,28.8,57.2,2.8,0.49999999999999994,0.8660254037844387,4.4,7.4,8.533333333333333,Deficit
Pune,2014,2,18.52,73.85,560,24.9,45.1,4.0,0.8660254037844386,0.5000000000000001,2.8,4.4,4.866666666666667,Deficit
Pune,2014,3,18.52,73.85,560,28.1,35.8,9.3,1.0,6.123233995736766e-17,4.0,2.8,3.733333333333333,Deficit
Pune,2014,4,18.52,73.85,560,28.7,47.8,14.1,0.8660254037844387,-0.4999999999999998,9.3,4.0,5.366666666666667,Deficit
Pune,2014,5,18.52,73.85,560,36.3,51.0,35.2,0.49999999999999994,-0.8660254037844387,14.1,9.3,9.133333333333333,Deficit
Pune,2014,6,18.52,73.85,560,26.2,83.1,76.5,1.2246467991473532e-16,-1.0,35.2,14.1,19.533333333333335,Normal
Pune,2014,7,18.52,73.85,560,28.5,75.9,130.5,-0.4999999999999997,-0.8660254037844388,76.5,35.2,41.93333333333334,Normal
Pune,2014,8,18.52,73.85,560,31.7,84.7,111.1,-0.8660254037844385,-0.5000000000000004,130.5,76.5,80.73333333333333,Normal
Pune,2014,9,18.52,73.85,560,27.4,86.5,73.3,-1.0,-1.8369701987210297e-16,111.1,130.5,106.03333333333335,Normal
Pune,2014,10,18.52,73.85,560,21.2,55.2,14.1,-0.8660254037844386,0.5000000000000001,73.3,111.1,104.96666666666665,Deficit
Pune,2014,11,18.52,73.85,560,22.5,53.9,4.7,-0.5000000000000004,0.8660254037844384,14.1,73.3,66.16666666666666,Deficit
Pune,2014,12,18.52,73.85,560,20.2,62.5,2.8,-2.4492935982947064e-16,1.0,4.7,14.1,30.7,Deficit
Pune,2015,1,18.52,73.85,560,18.8,50.6,6.6,0.49999999999999994,0.8660254037844387,2.8,4.7,7.2,Deficit
Pune,2015,2,18.52,73.85,560,25.5,48.4,7.1,0.8660254037844386,0.5000000000000001,6.6,2.8,4.7,Deficit
Pune,2015,3,18.52,73.85,560,23.4,48.9,10.2,1.0,6.123233995736766e-17,7.1,6.6,5.5,Deficit
Pune,2015,4,18.52,73.85,560,22.2,68.8,26.7,0.8660254037844387,-0.4999999999999998,10.2,7.1,7.966666666666666,Deficit
Pune,2015,5,18.52,73.85,560,30.2,49.8,36.7,0.49999999999999994,-0.8660254037844387,26.7,10.2,14.666666666666666,Deficit
Pune,2015,6,18.52,73.85,560,28.2,88.8,147.9,1.2246467991473532e-16,-1.0,36.7,26.7,24.53333333333333,Normal
Pune,2015,7,18.52,73.85,560,25.3,90.5,201.0,-0.4999999999999997,-0.8660254037844388,147.9,36.7,70.43333333333334,Excess
Pune,2015,8,18.52,73.85,560,28.6,89.4,188.2,-0.8660254037844385,-0.5000000000000004,201.0,147.9,128.53333333333333,Excess
Pune,2015,9,18.52,73.85,560,29.5,78.5,91.2,-1.0,-1.8369701987210297e-16,188.2,201.0,179.0333333333333,Normal
Pune,2015,10,18.52,73.85,560,25.3,37.0,23.4,-0.8660254037844386,0.5000000000000001,91.2,188.2,160.13333333333333,Deficit
Pune,2015,11,18.52,73.85,560,30.4,60.9,10.3,-0.5000000000000004,0.8660254037844384,23.4,91.2,100.93333333333332,Deficit
Pune,2015,12,18.52,73.85,560,26.0,49.1,3.9,-2.4492935982947064e-16,1.0,10.3,23.4,41.63333333333333,Deficit
Pune,2016,1,18.52,73.85,560,25.9,63.5,8.4,0.49999999999999994,0.8660254037844387,3.9,10.3,12.533333333333333,Deficit
Pune,2016,2,18.52,73.85,560,31.2,36.7,7.3,0.8660254037844386,0.5000000000000001,8.4,3.9,7.533333333333334,Deficit
Pune,2016,3,18.52,73.85,560,23.5,49.6,22.8,1.0,6.123233995736766e-17,7.3,8.4,6.533333333333334,Deficit
Pune,2016,4,18.52,73.85,560,23.2,41.6,17.5,0.8660254037844387,-0.4999999999999998,22.8,7.3,12.833333333333334,Deficit
Pune,2016,5,18.52,73.85,560,24.5,61.6,55.0,0.49999999999999994,-0.8660254037844387,17.5,22.8,15.866666666666667,Normal
Pune,2016,6,18.52,73.85,560,28.8,75.4,146.3,1.2246467991473532e-16,-1.0,55.0,17.5,31.766666666666666,Normal
Pune,2016,7,18.52,73.85,560,32.5,77.6,200.3,-0.4999999999999997,-0.8660254037844388,146.3,55.0,72.93333333333334,Excess
Pune,2016,8,18.52,73.85,560,27.4,82.0,274.7,-0.8660254037844385,-0.5000000000000004,200.3,146.3,133.86666666666667,Excess
Pune,2016,9,18.52,73.85,560,31.2,81.3,147.2,-1.0,-1.8369701987210297e-16,274.7,200.3,207.1,Normal
Pune,2016,10,18.52,73.85,560,24.8,55.4,24.6,-0.8660254037844386,0.5000000000000001,147.2,274.7,207.4,Deficit
Pune,2016,11,18.52,73.85,560,25.0,58.2,15.3,-0.5000000000000004,0.8660254037844384,24.6,147.2,148.83333333333334,Deficit
Pune,2016,12,18.52,73.85,560,26.5,55.1,7.7,-2.4492935982947064e-16,1.0,15.3,24.6,62.36666666666667,Deficit
Pune,2017,1,18.52,73.85,560,26.6,51.1,0.6,0.49999999999999994,0.8660254037844387,7.7,15.3,15.866666666666669,Deficit
Pune,2017,2,18.52,73.85,560,26.0,51.4,4.8,0.8660254037844386,0.5000000000000001,0.6,7.7,7.866666666666667,Deficit
Pune,2017,3,18.52,73.85,560,25.3,44.5,14.0,1.0,6.123233995736766e-17,4.8,0.6,4.366666666666667,Deficit
Pune,2017,4,18.52,73.85,560,24.1,57.3,20.6,0.8660254037844387,-0.4999999999999998,14.0,4.8,6.466666666666666,Deficit
Pune,2017,5,18.52,73.85,560,22.4,52.8,37.3,0.49999999999999994,-0.8660254037844387,20.6,14.0,13.133333333333335,Deficit
Pune,2017,6,18.52,73.85,560,29.2,80.4,93.6,1.2246467991473532e-16,-1.0,37.3,20.6,23.96666666666667,Normal
Pune,2017,7,18.52,73.85,560,26.9,86.8,105.5,-0.4999999999999997,-0.8660254037844388,93.6,37.3,50.5,Normal
Pune,2017,8,18.52,73.85,560,27.4,87.9,132.5,-0.8660254037844385,-0.5000000000000004,105.5,93.6,78.8,Normal
Pune,2017,9,18.52,73.85,560,24.1,81.0,71.2,-1.0,-1.8369701987210297e-16,132.5,105.5,110.53333333333335,Normal
Pune,2017,10,18.52,73.85,560,21.1,50.2,16.0,-0.8660254037844386,0.5000000000000001,71.2,132.5,103.06666666666666,Deficit
Pune,2017,11,18.52,73.85,560,25.0,55.1,9.7,-0.5000000000000004,0.8660254037844384,16.0,71.2,73.23333333333333,Deficit
Pune,2017,12,18.52,73.85,560,23.6,54.8,6.5,-2.4492935982947064e-16,1.0,9.7,16.0,32.300000000000004,Deficit
Pune,2018,1,18.52,73.85,560,22.7,47.2,5.2,0.49999999999999994,0.8660254037844387,6.5,9.7,10.733333333333334,Deficit
Pune,2018,2,18.52,73.85,560,34.4,44.8,7.6,0.8660254037844386,0.5000000000000001,5.2,6.5,7.133333333333333,Deficit
Pune,2018,3,18.52,73.85,560,24.7,56.0,12.7,1.0,6.123233995736766e-17,7.6,5.2,6.433333333333333,Deficit
Pune,2018,4,18.52,73.85,560,30.1,30.0,21.6,0.8660254037844387,-0.4999999999999998,12.7,7.6,8.5,Deficit
Pune,2018,5,18.52,73.85,560,23.0,63.0,27.5,0.49999999999999994,-0.8660254037844387,21.6,12.7,13.966666666666667,Deficit
Pune,2018,6,18.52,73.85,560,20.5,85.4,79.1,1.2246467991473532e-16,-1.0,27.5,21.6,20.599999999999998,Normal
Pune,2018,7,18.52,73.85,560,25.3,76.1,194.0,-0.4999999999999997,-0.8660254037844388,79.1,27.5,42.73333333333333,Excess
Pune,2018,8,18.52,73.85,560,28.3,78.2,136.3,-0.8660254037844385,-0.5000000000000004,194.0,79.1,100.2,Normal
Pune,2018,9,18.52,73.85,560,20.9,76.9,104.9,-1.0,-1.8369701987210297e-16,136.3,194.0,136.46666666666667,Normal
Pune,2018,10,18.52,73.85,560,24.0,46.6,16.5,-0.8660254037844386,0.5000000000000001,104.9,136.3,145.0666666666667,Deficit
Pune,2018,11,18.52,73.85,560,17.6,52.5,11.9,-0.5000000000000004,0.8660254037844384,16.5,104.9,85.90000000000002,Deficit
Pune,2018,12,18.52,73.85,560,32.4,47.2,4.6,-2.4492935982947064e-16,1.0,11.9,16.5,44.43333333333334,Deficit
Pune,2019,1,18.52,73.85,560,15.4,60.4,4.1,0.49999999999999994,0.8660254037844387,4.6,11.9,11.0,Deficit
Pune,2019,2,18.52,73.85,560,29.7,38.3,7.7,0.8660254037844386,0.5000000000000001,4.1,4.6,6.866666666666667,Deficit
Pune,2019,3,18.52,73.85,560,32.5,56.2,16.9,1.0,6.123233995736766e-17,7.7,4.1,5.466666666666666,Deficit
Pune,2019,4,18.52,73.85,560,25.0,36.3,24.4,0.8660254037844387,-0.4999999999999998,16.9,7.7,9.566666666666666,Deficit
Pune,2019,5,18.52,73.85,560,22.6,57.0,67.5,0.49999999999999994,-0.8660254037844387,24.4,16.9,16.333333333333332,Normal
Pune,2019,6,18.52,73.85,560,25.1,90.6,89.1,1.2246467991473532e-16,-1.0,67.5,24.4,36.266666666666666,Normal
Pune,2019,7,18.52,73.85,560,31.6,81.5,196.1,-0.4999999999999997,-0.8660254037844388,89.1,67.5,60.333333333333336,Excess
Pune,2019,8,18.52,73.85,560,30.2,78.5,124.3,-0.8660254037844385,-0.5000000000000004,196.1,89.1,117.56666666666666,Normal
Pune,2019,9,18.52,73.85,560,28.1,72.7,122.1,-1.0,-1.8369701987210297e-16,124.3,196.1,136.5,Normal
Pune,2019,10,18.52,73.85,560,33.8,56.9,23.9,-0.8660254037844386,0.5000000000000001,122.1,124.3,147.5,Deficit
Pune,2019,11,18.52,73.85,560,29.3,54.1,11.5,-0.5000000000000004,0.8660254037844384,23.9,122.1,90.09999999999998,Deficit
Pune,2019,12,18.52,73.85,560,20.6,54.3,4.3,-2.4492935982947064e-16,1.0,11.5,23.9,52.5,Deficit
Pune,2020,1,18.52,73.85,560,30.7,51.1,6.8,0.49999999999999994,0.8660254037844387,4.3,11.5,13.233333333333333,Deficit
Pune,2020,2,18.52,73.85,560,29.0,49.1,6.7,0.8660254037844386,0.5000000000000001,6.8,4.3,7.533333333333334,Deficit
Pune,2020,3,18.52,73.85,560,23.8,51.4,19.3,1.0,6.123233995736766e-17,6.7,6.8,5.933333333333334,Deficit
Pune,2020,4,18.52,73.85,560,26.2,32.0,27.7,0.8660254037844387,-0.4999999999999998,19.3,6.7,10.933333333333332,Deficit
Pune,2020,5,18.52,73.85,560,28.7,50.7,47.4,0.49999999999999994,-0.8660254037844387,27.7,19.3,17.900000000000002,Normal
Pune,2020,6,18.52,73.85,560,24.6,75.5,122.9,1.2246467991473532e-16,-1.0,47.4,27.7,31.46666666666667,Normal
Pune,2020,7,18.52,73.85,560,27.7,78.4,145.7,-0.4999999999999997,-0.8660254037844388,122.9,47.4,66.0,Normal
Pune,2020,8,18.52,73.85,560,27.8,84.2,168.2,-0.8660254037844385,-0.5000000000000004,145.7,122.9,105.33333333333333,Excess
Pune,2020,9,18.52,73.85,560,24.2,89.0,163.5,-1.0,-1.8369701987210297e-16,168.2,145.7,145.6,Excess
Pune,2020,10,18.52,73.85,560,21.9,54.0,29.9,-0.8660254037844386,0.5000000000000001,163.5,168.2,159.13333333333333,Deficit
Pune,2020,11,18.52,73.85,560,25.7,67.1,11.7,-0.5000000000000004,0.8660254037844384,29.9,163.5,120.53333333333332,Deficit
Pune,2020,12,18.52,73.85,560,27.0,47.7,5.5,-2.4492935982947064e-16,1.0,11.7,29.9,68.36666666666666,Deficit
Pune,2021,1,18.52,73.85,560,29.8,36.7,5.5,0.49999999999999994,0.8660254037844387,5.5,11.7,15.699999999999998,Deficit
Pune,2021,2,18.52,73.85,560,25.5,42.2,3.8,0.8660254037844386,0.5000000000000001,5.5,5.5,7.566666666666666,Deficit
Pune,2021,3,18.52,73.85,560,23.3,38.3,10.1,1.0,6.123233995736766e-17,3.8,5.5,4.933333333333334,Deficit
Pune,2021,4,18.52,73.85,560,27.8,38.9,14.5,0.8660254037844387,-0.4999999999999998,10.1,3.8,6.466666666666666,Deficit
Pune,2021,5,18.52,73.85,560,22.5,59.3,29.3,0.49999999999999994,-0.8660254037844387,14.5,10.1,9.466666666666667,Deficit
Pune,2021,6,18.52,73.85,560,26.8,82.3,90.6,1.2246467991473532e-16,-1.0,29.3,14.5,17.96666666666667,Normal
Pune,2021,7,18.52,73.85,560,29.2,84.3,108.7,-0.4999999999999997,-0.8660254037844388,90.6,29.3,44.79999999999999,Normal
Pune,2021,8,18.52,73.85,560,30.5,75.2,130.5,-0.8660254037844385,-0.5000000000000004,108.7,90.6,76.2,Normal
Pune,2021,9,18.52,73.85,560,28.4,80.0,98.9,-1.0,-1.8369701987210297e-16,130.5,108.7,109.93333333333334,Normal
Pune,2021,10,18.52,73.85,560,24.6,64.2,17.5,-0.8660254037844386,0.5000000000000001,98.9,130.5,112.7,Deficit
Pune,2021,11,18.52,73.85,560,21.9,62.4,6.7,-0.5000000000000004,0.8660254037844384,17.5,98.9,82.3,Deficit
Pune,2021,12,18.52,73.85,560,28.6,69.0,1.7,-2.4492935982947064e-16,1.0,6.7,17.5,41.03333333333334,Deficit
Pune,2022,1,18.52,73.85,560,20.4,59.5,8.4,0.49999999999999994,0.8660254037844387,1.7,6.7,8.633333333333333,Deficit
Pune,2022,2,18.52,73.85,560,26.9,45.5,7.4,0.8660254037844386,0.5000000000000001,8.4,1.7,5.6000000000000005,Deficit
Pune,2022,3,18.52,73.85,560,27.0,31.4,9.8,1.0,6.123233995736766e-17,7.4,8.4,5.833333333333333,Deficit
Pune,2022,4,18.52,73.85,560,28.8,53.9,19.8,0.8660254037844387,-0.4999999999999998,9.8,7.4,8.533333333333333,Deficit
Pune,2022,5,18.52,73.85,560,29.1,45.5,66.1,0.49999999999999994,-0.8660254037844387,19.8,9.8,12.333333333333334,Normal
Pune,2022,6,18.52,73.85,560,27.9,72.5,112.4,1.2246467991473532e-16,-1.0,66.1,19.8,31.899999999999995,Normal
Pune,2022,7,18.52,73.85,560,26.6,69.8,156.9,-0.4999999999999997,-0.8660254037844388,112.4,66.1,66.10000000000001,Excess
Pune,2022,8,18.52,73.85,560,27.4,72.0,169.3,-0.8660254037844385,-0.5000000000000004,156.9,112.4,111.8,Excess
Pune,2022,9,18.52,73.85,560,29.8,83.4,105.0,-1.0,-1.8369701987210297e-16,169.3,156.9,146.20000000000002,Normal
Pune,2022,10,18.52,73.85,560,27.4,58.8,19.8,-0.8660254037844386,0.5000000000000001,105.0,169.3,143.73333333333335,Deficit
Pune,2022,11,18.52,73.85,560,21.7,54.8,11.1,-0.5000000000000004,0.8660254037844384,19.8,105.0,98.03333333333335,Deficit
Pune,2022,12,18.52,73.85,560,22.6,73.0,5.9,-2.4492935982947064e-16,1.0,11.1,19.8,45.300000000000004,Deficit
Pune,2023,1,18.52,73.85,560,22.3,54.2,6.9,0.49999999999999994,0.8660254037844387,5.9,11.1,12.266666666666666,Deficit
Pune,2023,2,18.52,73.85,560,22.8,41.1,3.4,0.8660254037844386,0.5000000000000001,6.9,5.9,7.966666666666666,Deficit
Pune,2023,3,18.52,73.85,560,29.0,58.5,14.1,1.0,6.123233995736766e-17,3.4,6.9,5.3999999999999995,Deficit
Pune,2023,4,18.52,73.85,560,33.2,55.0,11.8,0.8660254037844387,-0.4999999999999998,14.1,3.4,8.133333333333333,Deficit
Pune,2023,5,18.52,73.85,560,25.6,53.8,41.3,0.49999999999999994,-0.8660254037844387,11.8,14.1,9.766666666666667,Normal
Pune,2023,6,18.52,73.85,560,28.5,78.4,96.7,1.2246467991473532e-16,-1.0,41.3,11.8,22.399999999999995,Normal
Pune,2023,7,18.52,73.85,560,26.3,73.4,171.9,-0.4999999999999997,-0.8660254037844388,96.7,41.3,49.93333333333334,Excess
Pune,2023,8,18.52,73.85,560,29.5,85.1,169.1,-0.8660254037844385,-0.5000000000000004,171.9,96.7,103.3,Excess
Pune,2023,9,18.52,73.85,560,28.8,78.8,110.3,-1.0,-1.8369701987210297e-16,169.1,171.9,145.9,Normal
Pune,2023,10,18.52,73.85,560,19.6,43.0,23.7,-0.8660254037844386,0.5000000000000001,110.3,169.1,150.43333333333334,Deficit
Pune,2023,11,18.52,73.85,560,29.3,61.4,8.4,-0.5000000000000004,0.8660254037844384,23.7,110.3,101.03333333333332,Deficit
Pune,2023,12,18.52,73.85,560,29.3,43.2,4.4,-2.4492935982947064e-16,1.0,8.4,23.7,47.46666666666667,Deficit
Pune,2024,1,18.52,73.85,560,28.4,50.8,7.5,0.49999999999999994,0.8660254037844387,4.4,8.4,12.166666666666666,Deficit
Pune,2024,2,18.52,73.85,560,27.2,60.8,7.0,0.8660254037844386,0.5000000000000001,7.5,4.4,6.766666666666667,Deficit
Pune,2024,3,18.52,73.85,560,24.8,41.4,13.7,1.0,6.123233995736766e-17,7.0,7.5,6.3,Deficit
Pune,2024,4,18.52,73.85,560,25.8,58.1,12.8,0.8660254037844387,-0.4999999999999998,13.7,7.0,9.4,Deficit
Pune,2024,5,18.52,73.85,560,17.2,48.5,57.0,0.49999999999999994,-0.8660254037844387,12.8,13.7,11.166666666666666,Normal
Pune,2024,6,18.52,73.85,560,31.4,75.5,74.7,1.2246467991473532e-16,-1.0,57.0,12.8,27.833333333333332,Normal
Pune,2024,7,18.52,73.85,560,30.4,76.6,257.3,-0.4999999999999997,-0.8660254037844388,74.7,57.0,48.166666666666664,Excess
Pune,2024,8,18.52,73.85,560,28.9,76.9,148.5,-0.8660254037844385,-0.5000000000000004,257.3,74.7,129.66666666666666,Normal
Pune,2024,9,18.52,73.85,560,26.8,71.3,110.8,-1.0,-1.8369701987210297e-16,148.5,257.3,160.16666666666666,Normal
Pune,2024,10,18.52,73.85,560,25.9,46.4,14.0,-0.8660254037844386,0.5000000000000001,110.8,148.5,172.20000000000002,Deficit
Pune,2024,11,18.52,73.85,560,27.8,63.7,10.5,-0.5000000000000004,0.8660254037844384,14.0,110.8,91.10000000000001,Deficit
Pune,2024,12,18.52,73.85,560,23.6,57.0,3.3,-2.4492935982947064e-16,1.0,10.5,14.0,45.1,Deficit
