annual_rainfall_mm,roof_area_m2,roof_type,runoff_coefficient,occupants,daily_water_demand_l,annual_water_demand_l,soil_type,open_area_m2,drainage_available,groundwater_recharge_preference,property_type,budget,estimated_harvest_l,harvest_to_demand_ratio,roof_to_open_area_ratio,estimated_monthly_harvest,estimated_annual_savings,recommended_system
1172.9,282.6,metal,0.9,28,1106.0,403690.0,sandy,171.6,True,True,commercial,163000.0,268483.8,0.665,1.647,22373.6,13424.2,Recharge Well
2138.6,209.1,pavers,0.7,3,408.7,149175.5,silty,51.8,True,True,residential,58000.0,281724.2,1.889,4.037,23477.0,7458.8,Recharge Well
900.8,1095.6,rcc,0.85,22,1212.2,442453.0,sandy,352.9,False,False,institutional,258000.0,754991.1,1.706,3.105,62915.9,22122.7,Hybrid System
658.8,228.1,rcc,0.85,5,673.8,245937.0,loamy,4.1,True,True,residential,138000.0,114958.3,0.467,55.634,9579.9,5747.9,Storage Tank
950.7,254.8,pavers,0.7,3,389.3,142094.5,loamy,111.2,True,False,residential,115000.0,152610.2,1.074,2.291,12717.5,7104.7,Hybrid System
3044.5,648.7,rcc,0.85,34,1619.8,591227.0,clay,199.1,True,False,commercial,109000.0,1510849.9,2.555,3.258,125904.2,29561.4,Storage Tank
1398.7,235.0,tiles,0.8,4,598.0,218270.0,silty,72.7,False,False,residential,140000.0,236660.0,1.084,3.232,19721.7,10913.5,Hybrid System
702.5,223.1,metal,0.9,5,709.4,258931.0,sandy,106.5,True,False,residential,81000.0,126949.5,0.49,2.095,10579.1,6347.5,Hybrid System
1074.0,154.0,rcc,0.85,3,395.9,144503.5,loamy,24.2,True,False,residential,136000.0,126527.9,0.876,6.364,10544.0,6326.4,Hybrid System
511.5,303.4,rcc,0.85,8,995.9,363503.5,clay,19.3,True,False,residential,141000.0,118719.7,0.327,15.72,9893.3,5936.0,Storage Tank
1386.6,1520.8,rcc,0.85,47,1761.1,642801.5,silty,457.1,True,True,institutional,195000.0,1613187.1,2.51,3.327,134432.3,32140.1,Recharge Well
740.6,230.8,rcc,0.85,3,380.6,138919.0,loamy,113.1,True,True,residential,62000.0,130761.8,0.941,2.041,10896.8,6538.1,Recharge Pit
3162.4,117.3,rcc,0.85,2,319.8,116727.0,loamy,32.0,True,True,residential,147000.0,283776.4,2.431,3.666,23648.0,5836.4,Recharge Well
1024.4,190.3,rcc,0.85,8,1148.9,419348.5,silty,91.4,True,False,residential,51000.0,149131.6,0.356,2.082,12427.6,7456.6,Recharge Pit
944.7,123.0,tiles,0.8,7,1013.5,369927.5,sandy,103.0,True,False,residential,62000.0,83662.6,0.226,1.194,6971.9,4183.1,Hybrid System
702.9,1535.5,rcc,0.85,15,1208.1,440956.5,loamy,451.7,True,True,industrial,215000.0,825666.8,1.872,3.399,68805.6,22047.8,Recharge Well
643.8,318.9,rcc,0.85,7,1084.0,395660.0,loamy,108.1,True,False,residential,102000.0,157060.5,0.397,2.95,13088.4,7853.0,Hybrid System
2087.1,472.0,metal,0.9,27,1417.1,517241.5,loamy,347.7,False,False,institutional,303000.0,797940.1,1.543,1.357,66495.0,25862.1,Hybrid System
818.0,318.4,rcc,0.85,5,728.0,265720.0,silty,28.5,True,False,residential,62000.0,199245.2,0.75,11.172,16603.8,9962.3,Hybrid System
1768.3,106.9,rcc,0.85,7,976.5,356422.5,rocky,117.5,True,True,residential,83000.0,144608.9,0.406,0.91,12050.7,7230.4,Storage Tank
1017.9,1073.8,rcc,0.85,23,594.6,217029.0,rocky,336.9,False,False,institutional,162000.0,836161.1,3.853,3.187,69680.1,10851.5,Storage Tank
658.5,2433.3,rcc,0.85,49,4842.2,1767403.0,sandy,82.2,True,False,industrial,250000.0,1225781.0,0.694,29.602,102148.4,61289.1,Hybrid System
867.1,452.1,pavers,0.7,69,3210.2,1171723.0,loamy,495.4,False,False,institutional,149000.0,246970.0,0.211,0.913,20580.8,12348.5,Hybrid System
1902.5,264.7,rcc,0.85,4,491.2,179288.0,sandy,73.4,True,True,residential,31000.0,385247.7,2.149,3.606,32104.0,8964.4,Recharge Well
438.9,38.0,tiles,0.8,3,344.1,125596.5,loamy,69.4,True,True,residential,25000.0,12008.3,0.096,0.548,1000.7,600.4,Recharge Pit
666.8,134.5,tiles,0.8,5,631.7,230570.5,rocky,99.3,True,False,residential,55000.0,64572.9,0.28,1.354,5381.1,3228.6,Storage Tank
444.0,262.8,rcc,0.85,27,1572.3,573889.5,loamy,126.6,True,True,commercial,293000.0,89262.6,0.156,2.076,7438.6,4463.1,Recharge Well
636.9,943.0,metal,0.9,20,809.6,295504.0,sandy,150.3,False,False,institutional,133000.0,486483.3,1.646,6.274,40540.3,14775.2,Hybrid System
1011.4,43.8,metal,0.9,3,383.4,139941.0,sandy,90.9,True,True,residential,22000.0,35882.4,0.256,0.482,2990.2,1794.1,Storage Tank
1903.7,172.6,rcc,0.85,8,1018.5,371752.5,sandy,55.8,False,False,residential,104000.0,251362.6,0.676,3.093,20946.9,12568.1,Hybrid System
658.4,1578.8,rcc,0.85,18,1385.1,505561.5,clay,568.6,True,False,industrial,480000.0,795203.7,1.573,2.777,66267.0,25278.1,Storage Tank
1773.4,268.0,tiles,0.8,5,646.5,235972.5,sandy,115.3,True,True,residential,138000.0,342195.3,1.45,2.324,28516.3,11798.6,Recharge Well
333.1,421.1,rcc,0.85,35,2298.5,838952.5,loamy,132.4,True,True,commercial,143000.0,107305.3,0.128,3.181,8942.1,5365.3,Recharge Well
2239.2,188.9,pavers,0.7,6,885.2,323098.0,loamy,96.8,True,False,residential,149000.0,266480.5,0.825,1.951,22206.7,13324.0,Hybrid System
1161.9,1438.8,rcc,0.85,44,1466.9,535418.5,loamy,213.8,True,True,institutional,287000.0,1278882.4,2.389,6.73,106573.5,26770.9,Recharge Well
318.7,1209.8,tiles,0.8,42,4074.2,1487083.0,silty,572.3,True,True,industrial,346000.0,277605.5,0.187,2.114,23133.8,13880.3,Recharge Well
1019.9,821.2,tiles,0.8,22,1691.6,617434.0,sandy,341.5,True,False,commercial,349000.0,603030.2,0.977,2.405,50252.5,30151.5,Hybrid System
2168.7,886.8,tiles,0.8,15,581.8,212357.0,clay,251.3,True,True,commercial,90000.0,1384706.3,6.521,3.529,115392.2,10617.9,Storage Tank
645.3,265.7,rcc,0.85,8,1243.1,453731.5,silty,71.0,True,True,residential,66000.0,131164.0,0.289,3.742,10930.3,6558.2,Recharge Pit
1448.7,103.6,rcc,0.85,3,400.3,146109.5,sandy,6.8,True,False,residential,35000.0,114815.3,0.786,15.235,9567.9,5740.8,Storage Tank
1179.2,281.9,rcc,0.85,7,922.7,336785.5,loamy,96.3,True,True,residential,147000.0,254298.6,0.755,2.927,21191.5,12714.9,Recharge Well
3119.1,51.9,metal,0.9,8,1131.8,413107.0,silty,83.5,True,False,residential,79000.0,131123.8,0.317,0.622,10927.0,6556.2,Hybrid System
398.3,1411.3,tiles,0.8,42,2525.9,921953.5,loamy,135.0,True,True,industrial,373000.0,404727.0,0.439,10.454,33727.2,20236.4,Recharge Well
793.0,111.1,rcc,0.85,6,904.1,329996.5,rocky,82.2,False,False,residential,41000.0,67398.3,0.204,1.352,5616.5,3369.9,Storage Tank
1813.4,281.2,pavers,0.7,6,709.5,258967.5,loamy,49.4,False,True,residential,121000.0,321254.7,1.241,5.692,26771.2,12948.4,Recharge Well
1593.0,442.1,metal,0.9,60,2371.1,865451.5,clay,165.8,False,False,institutional,120000.0,570454.9,0.659,2.666,47537.9,28522.7,Storage Tank
2755.4,872.2,pavers,0.7,26,1192.1,435116.5,loamy,87.7,True,False,commercial,140000.0,1514053.7,3.48,9.945,126171.1,21755.8,Hybrid System
1246.9,174.5,rcc,0.85,7,1040.3,379709.5,loamy,62.4,True,False,residential,131000.0,166451.8,0.438,2.796,13871.0,8322.6,Hybrid System
723.7,209.9,tiles,0.8,3,450.8,164542.0,rocky,108.4,True,False,residential,100000.0,109371.3,0.665,1.936,9114.3,5468.6,Storage Tank
700.1,533.3,rcc,0.85,24,1268.3,462929.5,rocky,225.3,True,False,commercial,311000.0,285622.9,0.617,2.367,23801.9,14281.1,Storage Tank
792.0,172.9,pavers,0.7,6,722.7,263785.5,loamy,69.6,True,False,residential,64000.0,86270.2,0.327,2.484,7189.2,4313.5,Hybrid System
1033.7,149.4,metal,0.9,4,543.0,198195.0,sandy,116.8,False,True,residential,98000.0,125092.2,0.631,1.279,10424.4,6254.6,Recharge Pit
667.5,133.2,rcc,0.85,7,897.5,327587.5,sandy,60.4,False,False,residential,110000.0,68016.9,0.208,2.205,5668.1,3400.8,Hybrid System
605.8,1053.8,rcc,0.85,15,676.1,246776.5,loamy,374.5,False,True,industrial,495000.0,488369.9,1.979,2.814,40697.5,12338.8,Recharge Well
1731.3,275.6,rcc,0.85,28,1878.8,685762.0,loamy,315.4,True,True,commercial,213000.0,365016.9,0.532,0.874,30418.1,18250.8,Recharge Well
783.4,35.8,rcc,0.85,2,304.1,110996.5,sandy,10.7,True,False,residential,90000.0,21455.0,0.193,3.346,1787.9,1072.8,Storage Tank
1006.9,243.7,metal,0.9,8,1178.2,430043.0,loamy,51.8,True,False,residential,37000.0,198759.0,0.462,4.705,16563.2,9938.0,Recharge Well
845.9,974.5,metal,0.9,36,1926.7,703245.5,clay,244.6,True,False,industrial,316000.0,667706.9,0.949,3.984,55642.2,33385.3,Storage Tank
594.8,232.1,rcc,0.85,8,1238.6,452089.0,sandy,69.1,False,False,residential,139000.0,105610.6,0.234,3.359,8800.9,5280.5,Hybrid System
2020.9,555.1,rcc,0.85,22,1531.8,559107.0,loamy,81.7,True,True,commercial,161000.0,858178.2,1.535,6.794,71514.8,27955.4,Recharge Well
513.7,74.8,metal,0.9,5,630.2,230023.0,loamy,71.3,True,False,residential,68000.0,31124.1,0.135,1.049,2593.7,1556.2,Storage Tank
539.6,30.8,rcc,0.85,2,279.6,102054.0,loamy,56.6,False,False,residential,74000.0,12714.1,0.125,0.544,1059.5,635.7,Storage Tank
2324.3,304.0,pavers,0.7,12,920.3,335909.5,clay,258.1,False,False,commercial,83000.0,445149.9,1.325,1.178,37095.8,16795.5,Storage Tank
2025.1,213.8,rcc,0.85,7,895.6,326894.0,clay,105.3,True,True,residential,71000.0,331219.3,1.013,2.03,27601.6,16344.7,Storage Tank
815.8,347.4,rcc,0.85,10,526.2,192063.0,sandy,195.5,True,True,commercial,89000.0,216807.8,1.129,1.777,18067.3,9603.1,Recharge Well
1051.8,896.8,rcc,0.85,10,590.1,215386.5,sandy,315.0,True,True,commercial,291000.0,721589.5,3.35,2.847,60132.5,10769.3,Recharge Well
1233.5,895.3,tiles,0.8,10,396.3,144649.5,loamy,197.0,True,False,commercial,176000.0,795133.8,5.497,4.545,66261.2,7232.5,Hybrid System
917.5,33.5,tiles,0.8,4,578.8,211262.0,loamy,65.1,True,False,residential,53000.0,22130.1,0.105,0.515,1844.2,1106.5,Recharge Pit
870.5,74.5,pavers,0.7,6,701.7,256120.5,silty,12.1,True,True,residential,53000.0,40856.9,0.16,6.157,3404.7,2042.8,Storage Tank
2990.1,253.7,metal,0.9,8,1122.7,409785.5,rocky,50.9,False,False,residential,116000.0,614456.6,1.499,4.984,51204.7,20489.3,Storage Tank
644.7,1685.2,rcc,0.85,59,2730.3,996559.5,sandy,214.5,False,False,institutional,360000.0,831133.1,0.834,7.856,69261.1,41556.7,Hybrid System
445.1,1025.3,pavers,0.7,46,2337.4,853151.0,loamy,248.0,True,True,institutional,179000.0,287507.4,0.337,4.134,23959.0,14375.4,Recharge Well
880.4,1661.2,rcc,0.85,36,1915.4,699121.0,rocky,159.1,True,False,industrial,325000.0,1118828.2,1.6,10.441,93235.7,34956.1,Storage Tank
1735.1,119.9,rcc,0.85,7,1032.5,376862.5,sandy,25.2,True,True,residential,137000.0,159149.4,0.422,4.758,13262.4,7957.5,Recharge Pit
960.7,161.5,tiles,0.8,3,410.2,149723.0,clay,57.7,True,True,residential,85000.0,111710.2,0.746,2.799,9309.2,5585.5,Storage Tank
563.6,182.7,tiles,0.8,2,222.5,81212.5,silty,18.7,True,True,residential,113000.0,74138.2,0.913,9.77,6178.2,3706.9,Recharge Pit
535.2,262.0,rcc,0.85,4,617.5,225387.5,clay,66.8,False,False,residential,114000.0,107270.1,0.476,3.922,8939.2,5363.5,Storage Tank
2162.6,1312.8,rcc,0.85,32,1305.0,476325.0,sandy,87.9,True,False,industrial,215000.0,2171881.9,4.56,14.935,180990.2,23816.2,Hybrid System
1141.0,726.2,rcc,0.85,21,791.8,289007.0,loamy,55.7,False,True,institutional,391000.0,633874.6,2.193,13.038,52822.9,14450.4,Recharge Well
1419.5,728.5,tiles,0.8,44,3046.8,1112082.0,loamy,540.9,True,True,industrial,428000.0,744556.1,0.67,1.347,62046.3,37227.8,Recharge Well
998.4,272.1,rcc,0.85,5,583.1,212831.5,silty,108.1,False,False,residential,110000.0,207823.4,0.976,2.517,17318.6,10391.2,Hybrid System
1698.1,174.3,rcc,0.85,5,601.6,219584.0,rocky,1.3,False,False,residential,38000.0,226423.8,1.031,134.077,18868.6,10979.2,Storage Tank
1015.8,151.4,pavers,0.7,5,742.7,271085.5,rocky,50.6,True,True,residential,66000.0,96889.0,0.357,2.992,8074.1,4844.4,Storage Tank
1268.2,1677.5,rcc,0.85,58,2689.1,981521.5,rocky,476.7,True,False,institutional,239000.0,1627465.2,1.658,3.519,135622.1,49076.1,Storage Tank
946.9,275.5,tiles,0.8,4,559.4,204181.0,sandy,40.1,True,False,residential,120000.0,187827.1,0.92,6.87,15652.3,9391.4,Hybrid System
1028.6,267.5,rcc,0.85,6,660.7,241155.5,sandy,116.1,True,False,residential,21000.0,210490.1,0.873,2.304,17540.8,10524.5,Storage Tank
2990.0,223.7,rcc,0.85,25,1857.1,677841.5,silty,261.6,True,False,commercial,296000.0,511680.2,0.755,0.855,42640.0,25584.0,Hybrid System
471.3,303.8,pavers,0.7,8,897.7,327660.5,loamy,70.6,True,True,residential,150000.0,90204.0,0.275,4.303,7517.0,4510.2,Recharge Well
555.9,152.3,rcc,0.85,6,802.3,292839.5,loamy,103.4,False,True,residential,130000.0,64767.6,0.221,1.473,5397.3,3238.4,Recharge Pit
776.5,231.9,rcc,0.85,3,438.7,160125.5,loamy,7.8,False,True,residential,61000.0,137753.8,0.86,29.731,11479.5,6887.7,Storage Tank
1137.3,170.7,rcc,0.85,19,1511.7,551770.5,loamy,20.1,False,True,commercial,122000.0,148514.9,0.269,8.493,12376.2,7425.7,Recharge Pit
318.4,169.1,rcc,0.85,5,796.0,290540.0,loamy,92.2,True,True,residential,74000.0,41188.7,0.142,1.834,3432.4,2059.4,Recharge Pit
424.1,97.7,rcc,0.85,2,247.7,90410.5,sandy,109.2,True,True,residential,26000.0,31697.4,0.351,0.895,2641.5,1584.9,Recharge Pit
2998.0,314.9,metal,0.9,8,1257.9,459133.5,sandy,56.1,False,True,residential,100000.0,764696.9,1.666,5.613,63724.7,22956.7,Recharge Well
2849.6,346.1,rcc,0.85,11,575.1,209911.5,clay,32.1,False,False,commercial,338000.0,754478.6,3.594,10.782,62873.2,10495.6,Storage Tank
481.4,371.2,rcc,0.85,12,829.4,302731.0,clay,249.7,True,True,commercial,113000.0,136702.2,0.452,1.487,11391.9,6835.1,Storage Tank
976.1,895.8,rcc,0.85,12,567.4,207101.0,clay,177.3,True,True,commercial,82000.0,668908.6,3.23,5.052,55742.4,10355.1,Storage Tank
2935.2,31.5,rcc,0.85,4,584.7,213415.5,sandy,59.5,True,True,residential,31000.0,70731.0,0.331,0.529,5894.2,3536.6,Recharge Pit
1695.1,269.2,metal,0.9,3,411.6,150234.0,loamy,103.7,False,True,residential,115000.0,369619.9,2.46,2.596,30801.7,7511.7,Recharge Well
356.1,299.7,rcc,0.85,5,704.7,257215.5,clay,90.3,False,True,residential,41000.0,81643.2,0.317,3.319,6803.6,4082.2,Storage Tank
1328.9,76.6,metal,0.9,5,689.0,251485.0,sandy,90.8,True,True,residential,54000.0,82452.9,0.328,0.844,6871.1,4122.6,Recharge Pit
713.7,267.4,rcc,0.85,7,869.2,317258.0,clay,2.2,True,True,residential,76000.0,145995.2,0.46,121.545,12166.3,7299.8,Storage Tank
1988.8,304.7,tiles,0.8,2,297.1,108441.5,sandy,85.0,True,False,residential,82000.0,436310.9,4.023,3.585,36359.2,5422.1,Hybrid System
2876.1,202.4,metal,0.9,5,556.1,202976.5,loamy,2.7,False,False,residential,62000.0,471519.3,2.323,74.963,39293.3,10148.8,Storage Tank
800.5,1402.8,rcc,0.85,29,2543.0,928195.0,sandy,428.5,True,False,industrial,219000.0,859050.2,0.926,3.274,71587.5,42952.5,Hybrid System
1173.0,303.6,rcc,0.85,6,851.6,310834.0,rocky,47.7,True,False,residential,56000.0,272433.9,0.876,6.365,22702.8,13621.7,Storage Tank
374.6,136.9,metal,0.9,8,1068.6,390039.0,sandy,65.2,True,True,residential,41000.0,41539.0,0.106,2.1,3461.6,2077.0,Recharge Pit
941.7,115.3,tiles,0.8,5,791.9,289043.5,sandy,22.3,True,False,residential,80000.0,78176.2,0.27,5.17,6514.7,3908.8,Hybrid System
495.4,218.9,rcc,0.85,6,740.7,270355.5,loamy,95.7,True,True,residential,60000.0,82958.9,0.307,2.287,6913.2,4147.9,Recharge Pit
914.0,740.7,rcc,0.85,10,778.7,284225.5,silty,319.6,True,True,commercial,273000.0,517904.8,1.822,2.318,43158.7,14211.3,Recharge Well
660.1,130.3,rcc,0.85,3,379.0,138335.0,loamy,62.1,True,True,residential,31000.0,65798.4,0.476,2.098,5483.2,3289.9,Recharge Pit
723.0,830.5,metal,0.9,11,405.4,147971.0,sandy,241.2,False,False,commercial,336000.0,486365.7,3.287,3.443,40530.5,7398.6,Hybrid System
987.1,304.7,pavers,0.7,5,750.4,273896.0,sandy,40.7,False,False,residential,126000.0,189484.7,0.692,7.486,15790.4,9474.2,Hybrid System
1652.3,771.9,rcc,0.85,20,1352.3,493589.5,loamy,215.8,True,True,commercial,252000.0,975688.9,1.977,3.577,81307.4,24679.5,Recharge Well
1059.4,413.3,rcc,0.85,63,2799.6,1021854.0,rocky,370.8,False,False,institutional,180000.0,334955.3,0.328,1.115,27912.9,16747.8,Storage Tank
538.1,104.7,rcc,0.85,5,593.5,216627.5,clay,115.3,True,False,residential,74000.0,43099.4,0.199,0.908,3591.6,2155.0,Storage Tank
1704.8,200.5,rcc,0.85,3,438.8,160162.0,rocky,58.4,True,True,residential,134000.0,261486.5,1.633,3.433,21790.5,8008.1,Storage Tank
1151.8,213.2,metal,0.9,8,974.3,355619.5,silty,93.1,True,True,residential,73000.0,198906.6,0.559,2.29,16575.5,9945.3,Recharge Well
877.2,58.2,rcc,0.85,6,793.6,289664.0,loamy,61.8,True,True,residential,67000.0,39055.6,0.135,0.942,3254.6,1952.8,Recharge Pit
2458.1,807.5,rcc,0.85,33,1744.0,636560.0,clay,98.2,True,True,commercial,136000.0,1518460.5,2.385,8.223,126538.4,31828.0,Storage Tank
1018.2,200.5,rcc,0.85,5,726.7,265245.5,sandy,20.0,True,False,residential,42000.0,156174.1,0.589,10.025,13014.5,7808.7,Recharge Well
1114.3,1609.0,metal,0.9,63,2765.5,1009407.5,sandy,55.7,True,True,institutional,445000.0,1452256.0,1.439,28.887,121021.3,50470.4,Recharge Well
773.6,60.0,rcc,0.85,4,448.3,163629.5,rocky,17.8,True,False,residential,148000.0,35508.2,0.217,3.371,2959.0,1775.4,Storage Tank
1127.4,171.8,rcc,0.85,5,683.1,249331.5,sandy,15.1,False,False,residential,37000.0,148170.8,0.594,11.377,12347.6,7408.5,Storage Tank
365.9,349.4,rcc,0.85,24,1031.3,376424.5,rocky,248.6,True,False,commercial,305000.0,97801.8,0.26,1.405,8150.2,4890.1,Storage Tank
1127.9,941.3,rcc,0.85,23,1755.8,640867.0,clay,218.2,True,False,commercial,333000.0,812194.6,1.267,4.314,67682.9,32043.4,Storage Tank
737.6,886.5,rcc,0.85,34,2522.3,920639.5,silty,278.2,False,True,commercial,229000.0,500220.0,0.543,3.187,41685.0,25011.0,Recharge Well
1017.2,1506.8,tiles,0.8,38,2105.6,768544.0,silty,212.8,True,False,institutional,204000.0,1103556.2,1.436,7.081,91963.0,38427.2,Hybrid System
959.9,203.0,rcc,0.85,2,264.4,96506.0,sandy,1.8,True,False,residential,96000.0,149067.7,1.545,112.778,12422.3,4825.3,Storage Tank
948.3,2328.5,tiles,0.8,43,2600.4,949146.0,loamy,252.9,True,False,industrial,284000.0,1589843.9,1.675,9.207,132487.0,47457.3,Hybrid System
2013.0,165.5,pavers,0.7,32,1740.4,635246.0,rocky,315.9,True,True,commercial,90000.0,209885.4,0.33,0.524,17490.5,10494.3,Storage Tank
467.7,209.0,rcc,0.85,6,745.5,272107.5,loamy,36.9,True,False,residential,124000.0,74778.2,0.275,5.664,6231.5,3738.9,Hybrid System
1472.6,82.5,rcc,0.85,8,1223.8,446687.0,loamy,96.0,False,True,residential,44000.0,92939.5,0.208,0.859,7745.0,4647.0,Recharge Pit
2624.5,138.3,tiles,0.8,6,849.9,310213.5,clay,114.2,False,True,residential,98000.0,261337.2,0.842,1.211,21778.1,13066.9,Storage Tank
513.8,291.0,tiles,0.8,2,243.7,88950.5,clay,93.7,True,False,residential,56000.0,107651.4,1.21,3.106,8970.9,4447.5,Storage Tank
518.4,78.7,metal,0.9,4,613.9,224073.5,sandy,56.7,True,True,residential,90000.0,33046.4,0.147,1.388,2753.9,1652.3,Recharge Pit
523.3,47.0,metal,0.9,2,318.8,116362.0,loamy,16.4,True,False,residential,110000.0,19922.0,0.171,2.866,1660.2,996.1,Storage Tank
2191.3,240.1,rcc,0.85,3,465.8,170017.0,silty,92.7,True,True,residential,54000.0,402490.3,2.367,2.59,33540.9,8500.9,Recharge Well
839.0,857.1,rcc,0.85,37,2627.6,959074.0,clay,97.1,True,False,commercial,221000.0,550116.8,0.574,8.827,45843.1,27505.8,Storage Tank
833.2,712.6,pavers,0.7,26,2074.7,757265.5,loamy,167.3,True,False,commercial,163000.0,374055.1,0.494,4.259,31171.3,18702.8,Hybrid System
1065.2,152.6,rcc,0.85,8,1182.5,431612.5,clay,41.7,False,True,residential,106000.0,124350.4,0.288,3.659,10362.5,6217.5,Storage Tank
733.8,1579.9,pavers,0.7,44,3135.3,1144384.5,clay,389.2,True,False,industrial,172000.0,730378.3,0.638,4.059,60864.9,36518.9,Storage Tank
1908.7,106.3,rcc,0.85,3,387.1,141291.5,loamy,41.6,False,True,residential,51000.0,155214.5,1.099,2.555,12934.5,7064.6,Recharge Pit
3073.3,196.6,tiles,0.8,5,762.9,278458.5,sandy,25.0,False,True,residential,141000.0,435031.8,1.562,7.864,36252.7,13922.9,Recharge Well
2068.1,791.8,tiles,0.8,28,1016.1,370876.5,sandy,50.5,False,False,institutional,154000.0,1179015.5,3.179,15.679,98251.3,18543.8,Hybrid System
2775.2,205.8,rcc,0.85,2,280.6,102419.0,loamy,91.8,True,True,residential,43000.0,436919.2,4.266,2.242,36409.9,5121.0,Recharge Well
687.5,309.3,rcc,0.85,5,744.2,271633.0,rocky,14.6,False,True,residential,97000.0,162672.5,0.599,21.185,13556.0,8133.6,Storage Tank
1200.3,135.8,metal,0.9,8,904.5,330142.5,sandy,93.7,False,True,residential,80000.0,132030.6,0.4,1.449,11002.6,6601.5,Recharge Pit
2183.7,65.2,rcc,0.85,7,862.9,314958.5,silty,21.3,True,True,residential,110000.0,108918.6,0.346,3.061,9076.6,5445.9,Recharge Pit
377.3,275.9,metal,0.9,3,349.6,127604.0,sandy,106.4,True,True,residential,78000.0,84318.6,0.661,2.593,7026.6,4215.9,Recharge Pit
1933.6,503.7,rcc,0.85,36,1938.1,707406.5,silty,280.8,True,False,commercial,233000.0,745075.1,1.053,1.794,62089.6,35370.3,Hybrid System
1108.9,204.9,rcc,0.85,13,672.3,245389.5,loamy,107.7,True,True,commercial,251000.0,173818.4,0.708,1.903,14484.9,8690.9,Recharge Pit
602.6,265.1,metal,0.9,6,778.3,284079.5,clay,55.1,False,False,residential,122000.0,129396.9,0.455,4.811,10783.1,6469.8,Storage Tank
1028.5,273.9,rcc,0.85,3,368.0,134320.0,loamy,93.7,True,False,residential,127000.0,215505.2,1.604,2.923,17958.8,6716.0,Hybrid System
611.3,60.7,tiles,0.8,5,678.1,247506.5,sandy,81.6,True,True,residential,25000.0,26716.3,0.108,0.744,2226.4,1335.8,Recharge Pit
304.2,1206.5,metal,0.9,25,2456.1,896476.5,loamy,567.7,True,False,industrial,422000.0,297284.0,0.332,2.125,24773.7,14864.2,Hybrid System
1268.7,179.3,rcc,0.85,2,249.5,91067.5,loamy,92.3,True,True,residential,101000.0,174020.6,1.911,1.943,14501.7,4553.4,Recharge Pit
1076.0,185.7,rcc,0.85,27,1336.5,487822.5,sandy,61.3,True,False,commercial,203000.0,152857.1,0.313,3.029,12738.1,7642.9,Hybrid System
989.1,62.1,rcc,0.85,3,363.7,132750.5,loamy,44.7,True,False,residential,76000.0,46988.7,0.354,1.389,3915.7,2349.4,Storage Tank
342.5,217.3,tiles,0.8,4,574.3,209619.5,loamy,38.0,True,False,residential,134000.0,53586.2,0.256,5.718,4465.5,2679.3,Storage Tank
642.4,303.5,metal,0.9,20,988.1,360656.5,loamy,268.6,True,True,commercial,145000.0,157924.4,0.438,1.13,13160.4,7896.2,Recharge Well
1291.9,801.4,rcc,0.85,27,1749.7,638640.5,silty,464.6,True,True,industrial,408000.0,792026.4,1.24,1.725,66002.2,31932.0,Recharge Well
502.0,583.2,rcc,0.85,35,1869.4,682331.0,loamy,381.2,True,False,institutional,409000.0,223966.3,0.328,1.53,18663.9,11198.3,Hybrid System
1510.9,672.7,tiles,0.8,11,560.9,204728.5,sandy,278.7,False,True,commercial,225000.0,731795.3,3.574,2.414,60982.9,10236.4,Recharge Well
1402.5,1153.9,rcc,0.85,45,2625.1,958161.5,loamy,530.9,True,False,industrial,499000.0,1238033.7,1.292,2.173,103169.5,47908.1,Hybrid System
1793.0,231.7,rcc,0.85,6,668.7,244075.5,loamy,20.0,True,False,residential,44000.0,317810.1,1.302,11.585,26484.2,12203.8,Recharge Well
1047.9,233.9,rcc,0.85,7,940.3,343209.5,sandy,71.9,True,False,residential,98000.0,187504.4,0.546,3.253,15625.4,9375.2,Hybrid System
543.4,328.4,pavers,0.7,13,757.6,276524.0,loamy,165.3,True,True,commercial,111000.0,112425.1,0.407,1.987,9368.8,5621.3,Recharge Well
509.4,943.1,pavers,0.7,22,941.7,343720.5,sandy,230.4,True,False,commercial,209000.0,302661.5,0.881,4.093,25221.8,15133.1,Hybrid System
1940.0,1631.1,rcc,0.85,24,1441.7,526220.5,clay,54.7,True,False,industrial,149000.0,2420715.5,4.6,29.819,201726.3,26311.0,Storage Tank
1167.4,283.1,rcc,0.85,6,798.5,291452.5,rocky,57.7,True,False,residential,77000.0,252825.6,0.867,4.906,21068.8,12641.3,Storage Tank
616.4,514.1,tiles,0.8,45,4291.1,1566251.5,loamy,304.4,True,True,industrial,145000.0,228161.7,0.146,1.689,19013.5,11408.1,Recharge Well
801.6,888.3,pavers,0.7,50,2037.0,743505.0,loamy,397.3,True,True,institutional,123000.0,448598.6,0.603,2.236,37383.2,22429.9,Recharge Well
2339.2,130.7,rcc,0.85,8,974.7,355765.5,sandy,87.9,False,True,residential,91000.0,233886.1,0.657,1.487,19490.5,11694.3,Recharge Well
1987.7,982.6,rcc,0.85,14,902.1,329266.5,loamy,85.4,False,False,commercial,228000.0,1494132.2,4.538,11.506,124511.0,16463.3,Hybrid System
712.8,102.8,rcc,0.85,8,1153.5,421027.5,sandy,65.4,True,False,residential,147000.0,56056.0,0.133,1.572,4671.3,2802.8,Hybrid System
1748.8,869.9,rcc,0.85,19,806.7,294445.5,silty,332.1,True,True,commercial,308000.0,1163780.1,3.952,2.619,96981.7,14722.3,Recharge Well
1745.4,263.9,rcc,0.85,3,476.7,173995.5,loamy,95.3,False,False,residential,85000.0,352367.5,2.025,2.769,29364.0,8699.8,Hybrid System
1954.1,221.3,rcc,0.85,5,767.6,280174.0,rocky,28.7,False,True,residential,79000.0,330818.4,1.181,7.711,27568.2,14008.7,Storage Tank
462.4,1495.6,rcc,0.85,20,1246.3,454899.5,sandy,293.0,True,True,industrial,283000.0,529047.6,1.163,5.104,44087.3,22745.0,Recharge Well
332.9,110.2,tiles,0.8,8,1137.1,415041.5,loamy,23.5,True,False,residential,137000.0,26413.6,0.064,4.689,2201.1,1320.7,Storage Tank
514.7,79.0,tiles,0.8,7,819.2,299008.0,clay,24.2,True,True,residential,44000.0,29276.1,0.098,3.264,2439.7,1463.8,Storage Tank
988.4,263.0,tiles,0.8,7,881.9,321893.5,sandy,118.6,True,True,residential,83000.0,187163.4,0.581,2.218,15596.9,9358.2,Recharge Well
3179.8,733.8,rcc,0.85,12,704.8,257252.0,sandy,257.4,True,True,commercial,319000.0,1785003.0,6.939,2.851,148750.2,12862.6,Recharge Well
2019.1,121.2,metal,0.9,4,620.3,226409.5,loamy,78.2,False,False,residential,61000.0,198219.1,0.875,1.55,16518.3,9911.0,Hybrid System
784.4,238.5,rcc,0.85,4,468.4,170966.0,silty,41.8,True,False,residential,79000.0,143115.7,0.837,5.706,11926.3,7155.8,Hybrid System
1112.8,213.9,pavers,0.7,5,734.8,268202.0,sandy,12.8,True,True,residential,61000.0,149957.6,0.559,16.711,12496.5,7497.9,Storage Tank
2191.7,128.7,rcc,0.85,3,406.9,148518.5,sandy,36.6,True,False,residential,48000.0,215784.9,1.453,3.516,17982.1,7425.9,Recharge Well
3071.2,715.2,tiles,0.8,27,1735.7,633530.5,sandy,308.5,True,True,commercial,70000.0,1581496.0,2.496,2.318,131791.3,31676.5,Recharge Well
433.6,262.7,rcc,0.85,4,524.5,191442.5,rocky,5.0,True,False,residential,116000.0,87138.6,0.455,52.54,7261.6,4356.9,Storage Tank
1150.9,165.3,tiles,0.8,16,1007.4,367701.0,loamy,204.5,True,True,commercial,246000.0,136975.5,0.373,0.808,11414.6,6848.8,Recharge Well
342.1,43.4,rcc,0.85,2,266.9,97418.5,loamy,36.2,True,False,residential,98000.0,11358.1,0.117,1.199,946.5,567.9,Storage Tank
616.0,1210.2,metal,0.9,60,3577.0,1305605.0,clay,328.0,True,True,institutional,286000.0,603841.4,0.462,3.69,50320.1,30192.1,Storage Tank
1084.0,364.5,metal,0.9,14,867.4,316601.0,rocky,57.9,True,False,commercial,96000.0,320045.6,1.011,6.295,26670.5,15830.1,Storage Tank
1771.8,121.9,rcc,0.85,5,666.1,243126.5,sandy,16.5,True,False,residential,64000.0,165226.6,0.68,7.388,13768.9,8261.3,Storage Tank
1083.8,261.9,metal,0.9,13,679.9,248163.5,rocky,180.9,True,False,commercial,253000.0,229916.2,0.926,1.448,19159.7,11495.8,Storage Tank
998.8,134.9,rcc,0.85,5,701.0,255865.0,loamy,108.9,True,False,residential,51000.0,103074.7,0.403,1.239,8589.6,5153.7,Recharge Pit
908.4,201.4,rcc,0.85,6,661.7,241520.5,sandy,0.9,True,True,residential,48000.0,139958.1,0.579,201.4,11663.2,6997.9,Storage Tank
1772.0,300.2,rcc,0.85,2,301.7,110120.5,loamy,34.1,False,False,residential,126000.0,406945.1,3.695,8.804,33912.1,5506.0,Hybrid System
536.4,299.5,rcc,0.85,6,778.4,284116.0,rocky,50.6,True,False,residential,73000.0,122898.6,0.433,5.919,10241.6,6144.9,Storage Tank
1103.1,503.1,tiles,0.8,41,1645.2,600498.0,sandy,441.8,False,True,industrial,439000.0,399578.1,0.665,1.139,33298.2,19978.9,Recharge Well
2000.4,656.9,rcc,0.85,17,1169.7,426940.5,loamy,43.4,False,False,commercial,92000.0,1005258.0,2.355,15.136,83771.5,21347.0,Hybrid System
1561.9,690.7,rcc,0.85,31,1246.5,454972.5,silty,70.9,True,False,commercial,118000.0,825285.3,1.814,9.742,68773.8,22748.6,Hybrid System
2191.3,1122.1,metal,0.9,62,2604.6,950679.0,sandy,305.5,True,True,institutional,115000.0,1991674.8,2.095,3.673,165972.9,47534.0,Recharge Well
1852.3,973.4,metal,0.9,54,1496.7,546295.5,loamy,289.6,True,True,institutional,402000.0,1460453.3,2.673,3.361,121704.4,27314.8,Recharge Well
968.6,906.2,rcc,0.85,35,1807.8,659847.0,loamy,29.0,True,True,commercial,180000.0,671475.2,1.018,31.248,55956.3,32992.3,Recharge Well
674.6,438.8,pavers,0.7,19,1217.2,444278.0,sandy,230.2,True,True,commercial,165000.0,186489.1,0.42,1.906,15540.8,9324.5,Recharge Well
1805.8,316.5,rcc,0.85,2,230.5,84132.5,sandy,20.1,False,False,residential,146000.0,437224.8,5.197,15.746,36435.4,4206.6,Recharge Well
334.8,150.1,pavers,0.7,4,444.7,162315.5,loamy,90.7,False,True,residential,80000.0,31659.7,0.195,1.655,2638.3,1583.0,Recharge Pit
2514.0,1548.7,metal,0.9,68,1909.9,697113.5,sandy,319.2,False,False,institutional,153000.0,3153679.8,4.524,4.852,262806.6,34855.7,Hybrid System
2677.9,101.6,rcc,0.85,8,1056.2,385513.0,sandy,36.3,True,True,residential,54000.0,208137.1,0.54,2.799,17344.8,10406.9,Recharge Well
1181.5,643.4,rcc,0.85,33,2639.6,963454.0,sandy,69.7,False,False,commercial,299000.0,581535.5,0.604,9.231,48461.3,29076.8,Hybrid System
829.2,1409.7,rcc,0.85,27,712.3,259989.5,sandy,258.8,False,False,institutional,290000.0,894226.3,3.439,5.447,74518.9,12999.5,Hybrid System
1733.4,1496.2,rcc,0.85,47,1270.0,463550.0,sandy,353.1,False,False,institutional,263000.0,1984037.5,4.28,4.237,165336.5,23177.5,Hybrid System
701.5,407.1,rcc,0.85,13,622.2,227103.0,loamy,87.1,True,False,commercial,283000.0,218469.2,0.962,4.674,18205.8,10923.5,Hybrid System
1126.1,2155.0,rcc,0.85,18,1591.1,580751.5,sandy,306.8,True,False,industrial,499000.0,1856460.3,3.197,7.024,154705.0,29037.6,Hybrid System
782.2,38.9,rcc,0.85,8,1130.6,412669.0,loamy,111.2,True,False,residential,22000.0,23277.1,0.056,0.35,1939.8,1163.9,Storage Tank
1334.4,263.3,rcc,0.85,4,482.1,175966.5,rocky,114.9,True,False,residential,21000.0,268780.9,1.527,2.292,22398.4,8798.3,Storage Tank
657.9,779.4,tiles,0.8,14,493.6,180164.0,clay,329.2,False,False,commercial,300000.0,369192.4,2.049,2.368,30766.0,9008.2,Storage Tank
439.7,734.3,rcc,0.85,15,731.6,267034.0,loamy,201.2,True,True,commercial,247000.0,246996.9,0.925,3.65,20583.1,12349.8,Recharge Well
604.1,865.8,rcc,0.85,37,2472.3,902389.5,loamy,36.6,True,True,commercial,90000.0,400117.8,0.443,23.656,33343.2,20005.9,Recharge Well
1091.9,2312.2,rcc,0.85,43,3224.8,1177052.0,sandy,511.6,True,True,industrial,338000.0,1931388.8,1.641,4.52,160949.1,58852.6,Recharge Well
1067.8,281.4,metal,0.9,3,417.9,152533.5,silty,75.0,True,False,residential,29000.0,243387.9,1.596,3.752,20282.3,7626.7,Recharge Well
2004.0,271.4,rcc,0.85,32,2157.7,787560.5,clay,152.5,False,False,commercial,114000.0,416072.5,0.528,1.78,34672.7,20803.6,Storage Tank
871.3,257.1,rcc,0.85,3,371.4,135561.0,clay,84.8,True,True,residential,28000.0,171368.6,1.264,3.032,14280.7,6778.1,Storage Tank
1516.3,108.4,rcc,0.85,4,613.3,223854.5,rocky,68.6,True,True,residential,138000.0,125740.7,0.562,1.58,10478.4,6287.0,Storage Tank
2875.1,193.7,rcc,0.85,5,708.2,258493.0,sandy,84.5,True,False,residential,21000.0,426033.8,1.648,2.292,35502.8,12924.7,Storage Tank
2961.0,1096.1,metal,0.9,35,2398.4,875416.0,sandy,395.2,True,True,industrial,500000.0,2628897.2,3.003,2.774,219074.8,43770.8,Recharge Well
1676.0,253.5,metal,0.9,2,225.2,82198.0,clay,92.1,False,True,residential,74000.0,344141.5,4.187,2.752,28678.5,4109.9,Storage Tank
1672.3,1332.8,rcc,0.85,64,1680.5,613382.5,sandy,221.6,True,False,institutional,426000.0,1705063.7,2.78,6.014,142088.6,30669.1,Hybrid System
538.8,54.7,metal,0.9,4,513.6,187464.0,loamy,7.0,True,False,residential,34000.0,23872.6,0.127,7.814,1989.4,1193.6,Storage Tank
432.7,66.1,rcc,0.85,3,334.7,122165.5,rocky,88.3,True,False,residential,63000.0,21880.1,0.179,0.749,1823.3,1094.0,Storage Tank
1241.7,161.9,tiles,0.8,8,967.9,353283.5,loamy,15.8,True,True,residential,131000.0,144742.5,0.41,10.247,12061.9,7237.1,Storage Tank
750.0,129.1,rcc,0.85,8,1087.2,396828.0,sandy,41.8,True,False,residential,68000.0,74071.1,0.187,3.089,6172.6,3703.6,Hybrid System
3047.1,257.1,tiles,0.8,2,249.1,90921.5,clay,24.9,True,False,residential,40000.0,564054.8,6.204,10.325,47004.6,4546.1,Storage Tank
910.4,198.8,metal,0.9,2,243.9,89023.5,silty,63.7,True,False,residential,105000.0,146599.9,1.647,3.121,12216.7,4451.2,Recharge Pit
554.0,870.1,tiles,0.8,36,2196.8,801832.0,silty,68.5,True,False,commercial,297000.0,347065.5,0.433,12.702,28922.1,17353.3,Hybrid System
839.9,1440.0,rcc,0.85,45,3710.8,1354442.0,sandy,74.8,True,True,industrial,193000.0,925233.8,0.683,19.251,77102.8,46261.7,Recharge Well
635.3,175.2,rcc,0.85,6,948.7,346275.5,clay,74.5,True,True,residential,141000.0,85148.0,0.246,2.352,7095.7,4257.4,Storage Tank
958.5,1651.6,rcc,0.85,63,3435.2,1253848.0,clay,491.3,True,False,institutional,378000.0,1211039.8,0.966,3.362,100920.0,60552.0,Storage Tank
633.0,2462.3,metal,0.9,26,1444.9,527388.5,sandy,284.7,True,False,industrial,354000.0,1262495.1,2.394,8.649,105207.9,26369.4,Hybrid System
577.4,2420.3,pavers,0.7,30,2959.2,1080108.0,loamy,464.1,True,True,industrial,198000.0,880413.2,0.815,5.215,73367.8,44020.7,Recharge Well
1016.6,253.8,metal,0.9,7,981.1,358101.5,loamy,100.2,True,False,residential,122000.0,208990.6,0.584,2.533,17415.9,10449.5,Hybrid System
582.8,264.4,rcc,0.85,7,920.0,335800.0,silty,3.5,True,True,residential,83000.0,117880.6,0.351,75.543,9823.4,5894.0,Storage Tank
1155.7,2022.0,rcc,0.85,17,1080.3,394309.5,rocky,462.4,True,True,industrial,471000.0,1787671.4,4.534,4.373,148972.6,19715.5,Storage Tank
1451.0,708.1,rcc,0.85,27,2041.2,745038.0,sandy,309.5,False,False,commercial,343000.0,786001.6,1.055,2.288,65500.1,37251.9,Hybrid System
634.7,95.2,metal,0.9,5,695.4,253821.0,loamy,52.4,False,True,residential,95000.0,48943.0,0.193,1.817,4078.6,2447.2,Recharge Pit
1141.8,1338.9,tiles,0.8,18,1609.0,587285.0,sandy,537.8,True,True,industrial,336000.0,1100704.3,1.874,2.49,91725.4,29364.2,Recharge Well
668.0,401.0,rcc,0.85,12,693.7,253200.5,clay,155.1,True,False,commercial,297000.0,204919.0,0.809,2.585,17076.6,10246.0,Storage Tank
1854.7,186.3,tiles,0.8,5,656.3,239549.5,clay,4.5,True,True,residential,37000.0,248782.0,1.039,41.4,20731.8,11977.5,Storage Tank
680.0,1108.4,rcc,0.85,34,1830.0,667950.0,rocky,40.8,True,False,industrial,403000.0,576589.7,0.863,27.167,48049.1,28829.5,Storage Tank
2048.4,124.3,rcc,0.85,2,245.3,89534.5,loamy,32.6,False,True,residential,36000.0,194781.3,2.175,3.813,16231.8,4476.7,Recharge Well
566.9,140.4,rcc,0.85,8,1097.8,400697.0,clay,85.1,True,False,residential,42000.0,60888.5,0.152,1.65,5074.0,3044.4,Storage Tank
392.9,757.3,rcc,0.85,30,1806.1,659226.5,sandy,277.6,False,True,commercial,268000.0,227620.5,0.345,2.728,18968.4,11381.0,Recharge Well
363.1,65.4,tiles,0.8,3,439.3,160344.5,clay,103.4,True,True,residential,56000.0,17097.7,0.107,0.632,1424.8,854.9,Storage Tank
1188.2,1404.2,metal,0.9,66,2655.6,969294.0,loamy,292.7,True,True,institutional,209000.0,1351461.1,1.394,4.797,112621.8,48464.7,Recharge Well
2216.1,1506.4,rcc,0.85,52,3065.9,1119053.5,silty,241.3,False,False,institutional,182000.0,2553824.8,2.282,6.243,212818.7,55952.7,Hybrid System
2251.7,280.2,metal,0.9,6,948.5,346202.5,sandy,85.7,False,False,residential,144000.0,511050.3,1.476,3.27,42587.5,17310.1,Hybrid System
1825.0,175.4,tiles,0.8,8,1005.1,366861.5,rocky,112.2,True,True,residential,131000.0,230475.6,0.628,1.563,19206.3,11523.8,Storage Tank
365.4,85.5,rcc,0.85,5,705.3,257434.5,loamy,40.1,True,False,residential,115000.0,23899.9,0.093,2.132,1991.7,1195.0,Storage Tank
888.0,198.1,rcc,0.85,24,1252.0,456980.0,silty,344.1,True,False,commercial,290000.0,134573.3,0.294,0.576,11214.4,6728.7,Hybrid System
1801.1,2382.5,rcc,0.85,22,969.1,353721.5,rocky,330.5,True,True,industrial,205000.0,3282707.4,9.28,7.209,273559.0,17686.1,Storage Tank
1904.6,145.3,rcc,0.85,4,561.1,204801.5,silty,62.0,True,False,residential,116000.0,211704.9,1.034,2.344,17642.1,10240.1,Hybrid System
508.4,49.8,pavers,0.7,2,229.2,83658.0,silty,71.9,True,True,residential,101000.0,15950.5,0.191,0.693,1329.2,797.5,Recharge Pit
2450.9,668.5,metal,0.9,18,1055.9,385403.5,sandy,102.3,True,True,commercial,71000.0,1327125.6,3.443,6.535,110593.8,19270.2,Recharge Well
767.2,2044.6,rcc,0.85,48,2995.8,1093467.0,loamy,68.3,False,False,industrial,366000.0,1199992.1,1.097,29.936,99999.3,54673.4,Hybrid System
2420.5,778.5,metal,0.9,15,1184.5,432342.5,loamy,53.6,True,False,commercial,72000.0,1526331.0,3.53,14.524,127194.2,21617.1,Hybrid System
2634.0,239.8,rcc,0.85,3,479.4,174981.0,silty,27.5,True,True,residential,91000.0,483199.4,2.761,8.72,40266.6,8749.1,Recharge Well
2018.4,38.6,pavers,0.7,2,241.4,88111.0,sandy,32.5,True,False,residential,52000.0,49083.5,0.557,1.188,4090.3,2454.2,Recharge Pit
1020.1,273.2,pavers,0.7,7,904.1,329996.5,clay,59.2,True,False,residential,57000.0,175575.5,0.532,4.615,14631.3,8778.8,Storage Tank
1193.2,154.0,tiles,0.8,6,835.3,304884.5,loamy,64.6,False,False,residential,55000.0,132302.0,0.434,2.384,11025.2,6615.1,Storage Tank
1654.3,749.6,rcc,0.85,35,2011.6,734234.0,clay,196.6,True,False,commercial,110000.0,948648.4,1.292,3.813,79054.0,36711.7,Storage Tank
1798.8,148.2,metal,0.9,4,538.2,196443.0,clay,111.3,True,False,residential,34000.0,215931.5,1.099,1.332,17994.3,9822.1,Storage Tank
737.7,83.8,rcc,0.85,6,884.0,322660.0,loamy,86.5,False,True,residential,127000.0,47291.7,0.147,0.969,3941.0,2364.6,Recharge Pit
2643.3,781.2,rcc,0.85,35,2530.0,923450.0,rocky,280.5,False,True,commercial,156000.0,1579683.7,1.711,2.785,131640.3,46172.5,Storage Tank
928.1,705.1,tiles,0.8,23,1027.1,374891.5,loamy,504.2,False,False,industrial,266000.0,471170.4,1.257,1.398,39264.2,18744.6,Hybrid System
904.0,115.8,rcc,0.85,8,1149.5,419567.5,sandy,21.5,True,True,residential,110000.0,80082.6,0.191,5.386,6673.6,4004.1,Recharge Pit
551.6,287.2,rcc,0.85,10,505.4,184471.0,clay,156.7,True,False,commercial,275000.0,121190.9,0.657,1.833,10099.2,6059.5,Storage Tank
715.1,78.4,rcc,0.85,8,1036.4,378286.0,rocky,28.1,True,False,residential,49000.0,42888.8,0.113,2.79,3574.1,2144.4,Storage Tank
885.9,233.6,metal,0.9,2,240.4,87746.0,loamy,39.3,True,False,residential,91000.0,167626.5,1.91,5.944,13968.9,4387.3,Recharge Well
1695.7,2460.9,rcc,0.85,31,1623.6,592614.0,sandy,259.4,True,True,industrial,462000.0,3192305.3,5.387,9.487,266025.4,29630.7,Recharge Well
577.5,192.6,rcc,0.85,6,726.6,265209.0,silty,85.8,True,False,residential,135000.0,85088.3,0.321,2.245,7090.7,4254.4,Hybrid System
1130.8,112.8,rcc,0.85,8,1060.5,387082.5,clay,22.0,True,True,residential,131000.0,97579.0,0.252,5.127,8131.6,4878.9,Storage Tank
1091.9,633.9,rcc,0.85,36,2475.2,903448.0,clay,141.8,True,False,industrial,408000.0,529498.9,0.586,4.47,44124.9,26474.9,Storage Tank
932.4,2385.1,rcc,0.85,43,2871.7,1048170.5,silty,79.2,True,True,industrial,403000.0,1701258.4,1.623,30.115,141771.5,52408.5,Recharge Well
674.9,140.0,pavers,0.7,3,429.3,156694.5,clay,58.1,False,False,residential,21000.0,59526.2,0.38,2.41,4960.5,2976.3,Storage Tank
568.3,789.0,tiles,0.8,16,1047.8,382447.0,sandy,270.3,True,True,commercial,74000.0,322839.9,0.844,2.919,26903.3,16142.0,Recharge Well
1547.0,104.9,rcc,0.85,8,1118.9,408398.5,loamy,78.5,True,True,residential,136000.0,124144.4,0.304,1.336,10345.4,6207.2,Recharge Pit
1044.0,121.0,rcc,0.85,6,724.5,264442.5,loamy,51.0,True,True,residential,138000.0,96637.9,0.365,2.373,8053.2,4831.9,Recharge Pit
1582.8,1504.6,metal,0.9,57,2488.8,908412.0,sandy,332.9,True,False,institutional,362000.0,1928999.5,2.123,4.52,160750.0,45420.6,Hybrid System
803.2,203.7,tiles,0.8,30,2150.2,784823.0,sandy,276.7,True,False,commercial,283000.0,117800.5,0.15,0.736,9816.7,5890.0,Hybrid System
887.8,39.8,rcc,0.85,6,926.5,338172.5,clay,98.9,False,True,residential,102000.0,27030.8,0.08,0.402,2252.6,1351.5,Storage Tank
480.0,716.8,rcc,0.85,27,1971.5,719597.5,sandy,102.2,True,False,commercial,231000.0,263209.0,0.366,7.014,21934.1,13160.5,Hybrid System
1061.5,1796.6,tiles,0.8,54,2429.5,886767.5,rocky,179.9,False,False,institutional,211000.0,1373105.4,1.548,9.987,114425.4,44338.4,Storage Tank
657.5,34.6,rcc,0.85,8,1185.7,432780.5,sandy,74.8,False,False,residential,119000.0,17403.4,0.04,0.463,1450.3,870.2,Storage Tank
993.5,1192.4,metal,0.9,48,2471.3,902024.5,loamy,243.5,True,False,institutional,348000.0,959566.0,1.064,4.897,79963.8,45101.2,Hybrid System
3129.1,91.4,rcc,0.85,4,528.6,192939.0,loamy,59.3,False,False,residential,132000.0,218789.8,1.134,1.541,18232.5,9647.0,Hybrid System
3032.8,61.9,tiles,0.8,4,473.5,172827.5,silty,60.0,True,True,residential,110000.0,135165.8,0.782,1.032,11263.8,6758.3,Recharge Pit
522.6,749.4,rcc,0.85,31,1893.7,691200.5,sandy,169.5,True,True,commercial,336000.0,299601.9,0.433,4.421,24966.8,14980.1,Recharge Well
458.8,294.0,metal,0.9,5,672.1,245316.5,loamy,48.2,True,False,residential,40000.0,109258.6,0.445,6.1,9104.9,5462.9,Recharge Well
976.1,39.2,rcc,0.85,3,342.7,125085.5,clay,72.8,True,True,residential,135000.0,29271.3,0.234,0.538,2439.3,1463.6,Storage Tank
2086.1,113.1,metal,0.9,8,930.1,339486.5,silty,24.1,True,False,residential,48000.0,191109.7,0.563,4.693,15925.8,9555.5,Recharge Well
2975.9,156.3,rcc,0.85,5,754.2,275283.0,sandy,102.3,True,True,residential,142000.0,355826.9,1.293,1.528,29652.2,13764.2,Recharge Well
380.3,59.3,rcc,0.85,5,659.6,240754.0,sandy,63.6,True,True,residential,148000.0,17252.1,0.072,0.932,1437.7,862.6,Recharge Pit
372.5,167.4,rcc,0.85,19,884.3,322769.5,sandy,137.3,True,False,commercial,259000.0,47702.7,0.148,1.219,3975.2,2385.1,Storage Tank
419.9,470.0,rcc,0.85,21,1134.5,414092.5,sandy,365.1,True,False,institutional,316000.0,150975.0,0.365,1.287,12581.2,7548.8,Hybrid System
821.4,283.9,rcc,0.85,2,266.0,97090.0,sandy,36.8,True,False,residential,127000.0,178394.5,1.837,7.715,14866.2,4854.5,Hybrid System
1774.3,882.9,tiles,0.8,24,888.6,324339.0,clay,61.7,False,True,commercial,228000.0,1127901.2,3.478,14.31,93991.8,16217.0,Storage Tank
909.0,734.0,metal,0.9,37,1896.7,692295.5,loamy,303.7,True,False,commercial,184000.0,540436.9,0.781,2.417,45036.4,27021.8,Hybrid System
368.7,1635.5,rcc,0.85,40,3687.1,1345791.5,rocky,265.6,True,True,industrial,489000.0,461301.8,0.343,6.158,38441.8,23065.1,Storage Tank
599.1,172.3,tiles,0.8,7,1059.0,386535.0,rocky,34.3,True,True,residential,141000.0,74321.9,0.192,5.023,6193.5,3716.1,Storage Tank
1088.8,191.5,rcc,0.85,8,1109.3,404894.5,sandy,40.5,True,False,residential,149000.0,159506.5,0.394,4.728,13292.2,7975.3,Hybrid System
973.9,660.2,metal,0.9,26,1644.0,600060.0,loamy,267.6,True,True,commercial,113000.0,520804.7,0.868,2.467,43400.4,26040.2,Recharge Well
1156.4,90.2,rcc,0.85,3,447.9,163483.5,clay,70.8,True,False,residential,21000.0,79795.1,0.488,1.274,6649.6,3989.8,Storage Tank
1712.9,469.4,pavers,0.7,23,1661.5,606447.5,sandy,76.3,True,False,commercial,79000.0,506542.2,0.835,6.152,42211.8,25327.1,Hybrid System
1150.8,44.6,rcc,0.85,5,619.6,226154.0,rocky,102.4,False,False,residential,141000.0,39264.1,0.174,0.436,3272.0,1963.2,Storage Tank
417.6,295.3,tiles,0.8,4,474.7,173265.5,loamy,45.6,False,True,residential,124000.0,88788.4,0.512,6.476,7399.0,4439.4,Recharge Well
1436.9,939.8,metal,0.9,15,772.0,281780.0,loamy,125.0,True,True,commercial,280000.0,1093822.9,3.882,7.518,91151.9,14089.0,Recharge Well
810.9,42.0,rcc,0.85,8,986.2,359963.0,loamy,73.4,False,False,residential,108000.0,26054.2,0.072,0.572,2171.2,1302.7,Storage Tank
1939.1,309.4,rcc,0.85,5,719.5,262617.5,loamy,65.2,False,True,residential,65000.0,458967.5,1.748,4.745,38247.3,13130.9,Recharge Well
409.6,1788.0,rcc,0.85,52,3002.6,1095949.0,rocky,125.4,True,True,institutional,230000.0,560259.1,0.511,14.258,46688.3,28013.0,Storage Tank
508.3,159.5,pavers,0.7,3,358.4,130816.0,rocky,0.6,True,True,residential,28000.0,51076.5,0.39,159.5,4256.4,2553.8,Storage Tank
403.0,257.4,pavers,0.7,4,482.5,176112.5,loamy,79.6,False,False,residential,73000.0,65351.3,0.371,3.234,5445.9,3267.6,Hybrid System
2513.9,312.0,rcc,0.85,39,3015.1,1100511.5,clay,219.3,True,False,commercial,312000.0,600017.7,0.545,1.423,50001.5,30000.9,Storage Tank
538.8,1967.8,rcc,0.85,39,1944.7,709815.5,rocky,105.3,True,False,industrial,337000.0,811091.7,1.143,18.688,67591.0,35490.8,Storage Tank
2131.6,1302.7,metal,0.9,22,866.4,316236.0,sandy,297.9,True,False,institutional,430000.0,2249236.6,7.113,4.373,187436.4,15811.8,Hybrid System
326.5,199.7,rcc,0.85,6,680.2,248273.0,sandy,71.4,True,False,residential,116000.0,49879.6,0.201,2.797,4156.6,2494.0,Storage Tank
360.4,947.6,rcc,0.85,31,1675.8,611667.0,clay,281.9,True,True,commercial,79000.0,261259.0,0.427,3.361,21771.6,13063.0,Storage Tank
309.5,316.9,rcc,0.85,2,245.3,89534.5,clay,69.3,False,False,residential,67000.0,75031.6,0.838,4.573,6252.6,3751.6,Storage Tank
849.4,653.1,rcc,0.85,36,1951.6,712334.0,loamy,204.8,True,True,institutional,420000.0,424378.5,0.596,3.189,35364.9,21218.9,Recharge Well
1069.0,646.2,rcc,0.85,25,1219.3,445044.5,silty,75.2,False,True,institutional,247000.0,528452.7,1.187,8.593,44037.7,22252.2,Recharge Well
529.0,938.9,rcc,0.85,23,875.8,319667.0,silty,157.8,False,False,commercial,103000.0,379958.7,1.189,5.95,31663.2,15983.4,Hybrid System
424.1,858.6,rcc,0.85,17,839.5,306417.5,rocky,164.6,True,False,commercial,322000.0,278561.2,0.909,5.216,23213.4,13928.1,Storage Tank
945.8,113.5,rcc,0.85,4,445.8,162717.0,sandy,108.9,True,False,residential,40000.0,82121.4,0.505,1.042,6843.4,4106.1,Recharge Pit
411.2,1126.1,rcc,0.85,16,1490.7,544105.5,silty,563.2,True,True,industrial,470000.0,354235.0,0.651,1.999,29519.6,17711.8,Recharge Well
1731.3,771.8,rcc,0.85,20,1504.2,549033.0,rocky,237.2,True,True,commercial,72000.0,1022206.3,1.862,3.254,85183.9,27451.7,Storage Tank
1700.5,188.8,rcc,0.85,2,250.8,91542.0,sandy,68.8,True,True,residential,62000.0,245606.6,2.683,2.744,20467.2,4577.1,Recharge Well
3165.7,130.3,metal,0.9,7,1057.1,385841.5,loamy,52.9,True,False,residential,37000.0,334117.5,0.866,2.463,27843.1,16705.9,Recharge Well
2197.6,155.0,rcc,0.85,4,627.7,229110.5,sandy,21.7,True,False,residential,101000.0,260580.4,1.137,7.143,21715.0,11455.5,Hybrid System
738.1,249.6,rcc,0.85,7,1023.5,373577.5,clay,82.8,True,True,residential,64000.0,140935.8,0.377,3.014,11744.6,7046.8,Storage Tank
692.2,305.0,tiles,0.8,8,934.2,340983.0,rocky,27.8,True,True,residential,133000.0,152007.1,0.446,10.971,12667.3,7600.4,Storage Tank
500.9,199.1,rcc,0.85,7,1043.6,380914.0,silty,37.6,True,False,residential,52000.0,76292.8,0.2,5.295,6357.7,3814.6,Recharge Pit
321.7,247.9,metal,0.9,8,1029.9,375913.5,loamy,66.0,False,False,residential,27000.0,64597.0,0.172,3.756,5383.1,3229.9,Recharge Pit
379.1,488.3,pavers,0.7,47,1258.2,459243.0,loamy,328.2,True,False,institutional,201000.0,116622.2,0.254,1.488,9718.5,5831.1,Hybrid System
1959.1,739.7,rcc,0.85,29,1225.6,447344.0,clay,208.8,True,True,commercial,296000.0,1108596.9,2.478,3.543,92383.1,22367.2,Storage Tank
848.6,46.4,metal,0.9,5,696.2,254113.0,sandy,40.5,False,True,residential,124000.0,31893.8,0.126,1.146,2657.8,1594.7,Recharge Pit
821.6,218.0,rcc,0.85,5,718.1,262106.5,clay,99.1,True,True,residential,108000.0,137018.2,0.523,2.2,11418.2,6850.9,Storage Tank
1560.5,219.0,rcc,0.85,19,1045.1,381461.5,sandy,186.5,True,False,commercial,103000.0,261438.4,0.685,1.174,21786.5,13071.9,Hybrid System
1000.8,1368.7,tiles,0.8,24,1575.6,575094.0,clay,225.0,True,False,industrial,343000.0,986252.4,1.715,6.083,82187.7,28754.7,Storage Tank
2023.3,163.8,tiles,0.8,27,1253.1,457381.5,sandy,175.4,True,False,commercial,208000.0,238619.9,0.522,0.934,19885.0,11931.0,Hybrid System
1802.5,113.5,rcc,0.85,3,431.1,157351.5,silty,101.6,True,False,residential,62000.0,156506.6,0.995,1.117,13042.2,7825.3,Hybrid System
1775.4,252.9,rcc,0.85,6,799.2,291708.0,silty,113.2,True,True,residential,62000.0,343484.0,1.177,2.234,28623.7,14585.4,Recharge Well
1412.3,62.9,metal,0.9,3,357.5,130487.5,sandy,71.3,True,False,residential,73000.0,71955.3,0.551,0.882,5996.3,3597.8,Hybrid System
2042.0,225.1,tiles,0.8,5,593.7,216700.5,rocky,35.5,True,False,residential,106000.0,330951.0,1.527,6.341,27579.2,10835.0,Storage Tank
960.2,56.1,rcc,0.85,3,349.1,127421.5,sandy,96.0,False,False,residential,132000.0,41208.4,0.323,0.584,3434.0,2060.4,Storage Tank
1984.8,1115.8,metal,0.9,34,3289.7,1200740.5,loamy,205.7,True,False,industrial,140000.0,1793858.3,1.494,5.424,149488.2,60037.0,Hybrid System
976.4,123.8,metal,0.9,6,911.2,332588.0,clay,15.3,False,False,residential,36000.0,97911.4,0.294,8.092,8159.3,4895.6,Storage Tank
825.0,768.0,metal,0.9,33,961.5,350947.5,loamy,40.0,True,True,institutional,349000.0,513216.0,1.462,19.2,42768.0,17547.4,Recharge Well
1118.1,1528.9,metal,0.9,20,1774.7,647765.5,rocky,255.1,True,True,industrial,380000.0,1384665.1,2.138,5.993,115388.8,32388.3,Storage Tank
725.9,313.3,tiles,0.8,4,546.4,199436.0,loamy,104.8,False,True,residential,149000.0,163745.6,0.821,2.99,13645.5,8187.3,Recharge Well
871.5,418.0,metal,0.9,28,1439.5,525417.5,sandy,263.7,True,True,commercial,257000.0,295072.5,0.562,1.585,24589.4,14753.6,Recharge Well
1625.9,2060.7,rcc,0.85,27,1121.6,409384.0,silty,199.3,False,True,industrial,299000.0,2563126.5,6.261,10.34,213593.9,20469.2,Recharge Well
637.2,199.8,rcc,0.85,5,742.9,271158.5,rocky,78.2,True,True,residential,128000.0,97394.1,0.359,2.555,8116.2,4869.7,Storage Tank
403.5,1043.6,rcc,0.85,20,1102.8,402522.0,clay,212.4,False,False,industrial,361000.0,322135.8,0.8,4.913,26844.6,16106.8,Storage Tank
1564.8,311.4,rcc,0.85,35,2438.5,890052.5,loamy,131.3,True,False,commercial,334000.0,372768.2,0.419,2.372,31064.0,18638.4,Hybrid System
3033.2,212.2,pavers,0.7,2,287.6,104974.0,loamy,36.9,False,True,residential,68000.0,405496.4,3.863,5.751,33791.4,5248.7,Recharge Well
840.1,461.2,rcc,0.85,33,1012.0,369380.0,loamy,342.7,True,True,institutional,449000.0,296402.4,0.802,1.346,24700.2,14820.1,Recharge Well
609.1,221.3,rcc,0.85,7,996.9,363868.5,rocky,7.4,True,False,residential,126000.0,103117.3,0.283,29.905,8593.1,5155.9,Storage Tank
467.1,491.2,metal,0.9,29,1403.1,512131.5,sandy,73.6,True,False,commercial,259000.0,185846.0,0.363,6.674,15487.2,9292.3,Hybrid System
314.7,63.8,rcc,0.85,4,499.1,182171.5,loamy,63.6,True,True,residential,108000.0,15359.6,0.084,1.003,1280.0,768.0,Recharge Pit
1758.4,1240.9,rcc,0.85,58,3357.3,1225414.5,clay,387.4,True,False,institutional,305000.0,1669228.9,1.362,3.203,139102.4,61270.7,Storage Tank
1105.8,1714.3,rcc,0.85,20,726.2,265063.0,loamy,494.4,True,False,institutional,214000.0,1450189.8,5.471,3.467,120849.2,13253.2,Hybrid System
882.5,2290.1,rcc,0.85,24,2125.9,775953.5,rocky,572.3,True,False,industrial,148000.0,1546075.1,1.992,4.002,128839.6,38797.7,Storage Tank
722.7,140.5,metal,0.9,7,814.5,297292.5,clay,22.7,False,False,residential,80000.0,82246.9,0.277,6.189,6853.9,4112.3,Storage Tank
454.4,176.0,rcc,0.85,7,846.4,308936.0,loamy,112.2,True,True,residential,81000.0,61180.4,0.198,1.569,5098.4,3059.0,Recharge Pit
1364.6,168.7,rcc,0.85,3,357.7,130560.5,clay,7.2,True,True,residential,99000.0,176109.1,1.349,23.431,14675.8,6528.0,Storage Tank
1280.1,83.5,rcc,0.85,5,611.0,223015.0,clay,71.8,False,False,residential,70000.0,81769.6,0.367,1.163,6814.1,4088.5,Storage Tank
756.8,37.5,rcc,0.85,8,1088.2,397193.0,loamy,119.3,True,False,residential,46000.0,21710.7,0.055,0.314,1809.2,1085.5,Recharge Pit
2022.3,1402.4,rcc,0.85,24,2322.2,847603.0,sandy,511.6,True,True,industrial,247000.0,2169596.2,2.56,2.741,180799.7,42380.2,Recharge Well
481.5,317.0,rcc,0.85,8,1171.5,427597.5,sandy,5.6,True,False,residential,141000.0,116766.2,0.273,56.607,9730.5,5838.3,Storage Tank
319.4,150.0,tiles,0.8,5,694.9,253638.5,sandy,2.7,False,False,residential,149000.0,34495.2,0.136,55.556,2874.6,1724.8,Storage Tank
2314.8,44.8,rcc,0.85,3,449.6,164104.0,loamy,81.3,False,True,residential,91000.0,79332.8,0.483,0.551,6611.1,3966.6,Recharge Pit
842.5,699.0,pavers,0.7,65,3812.7,1391635.5,silty,375.9,True,False,institutional,271000.0,371011.7,0.267,1.86,30917.6,18550.6,Hybrid System
368.2,1410.8,rcc,0.85,52,2815.4,1027621.0,sandy,409.9,True,True,institutional,403000.0,397384.3,0.387,3.442,33115.4,19869.2,Recharge Well
951.7,319.0,rcc,0.85,5,718.9,262398.5,sandy,47.5,False,False,residential,37000.0,232248.1,0.885,6.716,19354.0,11612.4,Recharge Well
3191.5,224.1,rcc,0.85,4,580.1,211736.5,loamy,70.7,True,False,residential,142000.0,547139.6,2.584,3.17,45595.0,10586.8,Hybrid System
410.3,270.0,rcc,0.85,4,511.0,186515.0,loamy,93.6,True,False,residential,93000.0,84747.5,0.454,2.885,7062.3,4237.4,Hybrid System
1935.0,263.2,rcc,0.85,14,1064.5,388542.5,sandy,40.1,True,True,commercial,264000.0,389608.4,1.003,6.564,32467.4,19427.1,Recharge Well
2442.6,60.4,rcc,0.85,4,474.9,173338.5,silty,56.6,True,True,residential,32000.0,112862.8,0.651,1.067,9405.2,5643.1,Recharge Pit
1143.1,279.9,rcc,0.85,4,557.6,203524.0,clay,37.9,True,True,residential,102000.0,244764.6,1.203,7.385,20397.0,10176.2,Storage Tank
830.1,259.3,rcc,0.85,3,376.0,137240.0,loamy,66.6,True,True,residential,96000.0,164662.4,1.2,3.893,13721.9,6862.0,Recharge Pit
360.1,112.2,rcc,0.85,5,640.1,233636.5,clay,72.6,True,True,residential,70000.0,30908.5,0.132,1.545,2575.7,1545.4,Storage Tank
833.0,713.2,metal,0.9,24,1556.1,567976.5,rocky,244.1,True,True,commercial,331000.0,481217.4,0.847,2.922,40101.5,24060.9,Storage Tank
1249.2,104.3,tiles,0.8,4,620.6,226519.0,loamy,3.0,True,False,residential,47000.0,93809.9,0.414,34.767,7817.5,4690.5,Storage Tank
479.3,677.3,pavers,0.7,16,620.3,226409.5,clay,147.4,True,True,commercial,175000.0,204516.8,0.903,4.595,17043.1,10225.8,Storage Tank
680.0,154.2,pavers,0.7,5,601.7,219620.5,loamy,60.5,True,False,residential,61000.0,66059.3,0.301,2.549,5504.9,3303.0,Hybrid System
441.9,257.2,rcc,0.85,2,257.0,93805.0,clay,90.2,True,False,residential,137000.0,86947.4,0.927,2.851,7245.6,4347.4,Storage Tank
836.6,61.6,rcc,0.85,3,377.5,137787.5,loamy,97.1,False,False,residential,134000.0,39423.9,0.286,0.634,3285.3,1971.2,Storage Tank
1346.7,730.2,pavers,0.7,34,1272.3,464389.5,sandy,240.9,True,True,commercial,135000.0,619517.0,1.334,3.031,51626.4,23219.5,Recharge Well
301.8,228.0,rcc,0.85,8,1180.7,430955.5,loamy,97.4,False,True,residential,143000.0,52640.0,0.122,2.341,4386.7,2632.0,Recharge Pit
1942.0,892.1,rcc,0.85,31,1513.5,552427.5,sandy,303.7,True,True,commercial,339000.0,1325330.5,2.399,2.937,110444.2,27621.4,Recharge Well
1876.6,641.2,rcc,0.85,36,2239.0,817235.0,clay,172.1,True,True,commercial,302000.0,920506.1,1.126,3.726,76708.8,40861.8,Storage Tank
1871.0,897.4,rcc,0.85,33,1361.8,497057.0,loamy,222.0,True,True,commercial,156000.0,1284462.1,2.584,4.042,107038.5,24852.9,Recharge Well
1433.1,884.0,metal,0.9,11,768.9,280648.5,sandy,149.7,True,False,commercial,109000.0,1026156.9,3.656,5.905,85513.1,14032.4,Hybrid System
846.5,157.8,rcc,0.85,6,670.0,244550.0,sandy,14.6,True,False,residential,74000.0,102186.9,0.418,10.808,8515.6,5109.3,Storage Tank
1128.0,149.1,rcc,0.85,7,838.5,306052.5,loamy,98.4,True,True,residential,104000.0,128661.4,0.42,1.515,10721.8,6433.1,Recharge Pit
1712.9,318.8,metal,0.9,6,737.9,269333.5,loamy,0.2,True,False,residential,69000.0,442318.7,1.642,318.8,36859.9,13466.7,Storage Tank
493.8,268.4,rcc,0.85,6,696.1,254076.5,rocky,8.1,True,True,residential,114000.0,101390.0,0.399,33.136,8449.2,5069.5,Storage Tank
841.9,238.4,metal,0.9,2,294.9,107638.5,sandy,110.1,False,True,residential,34000.0,162574.3,1.51,2.165,13547.9,5381.9,Recharge Pit
694.6,229.1,metal,0.9,6,812.7,296635.5,sandy,103.4,False,False,residential,133000.0,128897.6,0.435,2.216,10741.5,6444.9,Hybrid System
2683.2,997.2,tiles,0.8,15,1397.9,510233.5,loamy,263.2,True,False,industrial,451000.0,1926494.7,3.776,3.789,160541.2,25511.7,Hybrid System
1174.7,292.2,rcc,0.85,4,440.1,160636.5,sandy,36.9,True,True,residential,51000.0,262584.2,1.635,7.919,21882.0,8031.8,Recharge Well
810.2,284.0,rcc,0.85,5,752.0,274480.0,clay,88.5,True,False,residential,90000.0,176024.1,0.641,3.209,14668.7,8801.2,Storage Tank
2514.6,928.4,tiles,0.8,12,762.8,278422.0,rocky,60.9,True,False,commercial,90000.0,1680879.3,6.037,15.245,140073.3,13921.1,Storage Tank
692.8,2219.3,rcc,0.85,40,2828.3,1032329.5,rocky,470.9,False,False,industrial,477000.0,1176211.2,1.139,4.713,98017.6,51616.5,Storage Tank
399.5,144.1,rcc,0.85,7,925.9,337953.5,sandy,71.1,True,False,residential,111000.0,44039.5,0.13,2.027,3670.0,2202.0,Storage Tank
1611.2,491.3,rcc,0.85,28,1455.5,531257.5,loamy,156.5,False,False,commercial,81000.0,605560.7,1.14,3.139,50463.4,26562.9,Hybrid System
673.7,304.9,rcc,0.85,6,811.1,296051.5,silty,99.5,True,False,residential,86000.0,157139.5,0.531,3.064,13095.0,7857.0,Hybrid System
1828.6,601.4,rcc,0.85,16,1199.0,437635.0,sandy,226.4,True,True,commercial,296000.0,841285.8,1.922,2.656,70107.2,21881.8,Recharge Well
845.8,266.2,metal,0.9,7,854.6,311929.0,silty,51.1,True,False,residential,146000.0,182373.1,0.585,5.209,15197.8,9118.7,Hybrid System
939.3,314.2,metal,0.9,36,2557.5,933487.5,clay,79.5,True,False,commercial,101000.0,239053.7,0.256,3.952,19921.1,11952.7,Storage Tank
541.5,206.8,rcc,0.85,4,457.4,166951.0,sandy,24.3,True,True,residential,91000.0,85666.4,0.513,8.51,7138.9,4283.3,Recharge Pit
1597.3,129.4,tiles,0.8,2,236.2,86213.0,silty,115.9,True,False,residential,47000.0,148817.2,1.726,1.116,12401.4,4310.7,Recharge Pit
944.0,295.8,rcc,0.85,3,360.2,131473.0,sandy,106.8,True,False,residential,35000.0,213614.9,1.625,2.77,17801.2,6573.7,Recharge Well
680.0,92.8,rcc,0.85,8,1177.6,429824.0,loamy,110.3,False,True,residential,75000.0,48274.6,0.112,0.841,4022.9,2413.7,Recharge Pit
843.4,2024.3,metal,0.9,17,1122.4,409676.0,clay,515.1,False,False,industrial,271000.0,1382908.6,3.376,3.93,115242.4,20483.8,Storage Tank
2005.1,424.3,rcc,0.85,29,788.4,287766.0,loamy,218.2,True,False,institutional,304000.0,650834.4,2.262,1.945,54236.2,14388.3,Hybrid System
1419.1,170.6,metal,0.9,2,268.3,97929.5,silty,25.9,False,True,residential,146000.0,196099.8,2.002,6.587,16341.6,4896.5,Recharge Well
1143.9,103.1,metal,0.9,3,430.0,156950.0,sandy,61.3,True,True,residential,76000.0,95528.2,0.609,1.682,7960.7,4776.4,Recharge Pit
863.2,278.5,metal,0.9,7,980.1,357736.5,rocky,87.8,True,True,residential,120000.0,194725.0,0.544,3.172,16227.1,9736.2,Storage Tank
687.6,825.4,rcc,0.85,49,1783.8,651087.0,loamy,128.2,True,False,institutional,294000.0,434172.0,0.667,6.438,36181.0,21708.6,Hybrid System
424.6,853.5,rcc,0.85,14,935.2,341348.0,sandy,196.7,True,True,commercial,248000.0,277233.0,0.812,4.339,23102.8,13861.7,Recharge Well
957.9,981.3,metal,0.9,33,1131.2,412888.0,sandy,360.2,True,False,institutional,168000.0,761389.7,1.844,2.724,63449.1,20644.4,Hybrid System
577.2,433.1,rcc,0.85,61,1880.0,686200.0,rocky,214.7,True,False,institutional,316000.0,191238.8,0.279,2.017,15936.6,9561.9,Storage Tank
1791.7,210.8,metal,0.9,8,979.5,357517.5,sandy,48.9,True,False,residential,56000.0,305929.2,0.856,4.311,25494.1,15296.5,Storage Tank
1075.9,278.2,rcc,0.85,3,371.5,135597.5,rocky,67.0,False,False,residential,65000.0,228976.3,1.689,4.152,19081.4,6779.9,Storage Tank
1055.4,127.5,rcc,0.85,8,896.4,327186.0,sandy,6.0,True,False,residential,101000.0,102941.1,0.315,21.25,8578.4,5147.1,Storage Tank
748.8,167.9,rcc,0.85,3,341.2,124538.0,sandy,12.7,True,False,residential,129000.0,96178.5,0.772,13.22,8014.9,4808.9,Storage Tank
1261.9,181.0,rcc,0.85,29,1569.6,572904.0,loamy,146.4,False,True,commercial,271000.0,174729.0,0.305,1.236,14560.8,8736.5,Recharge Well
437.6,444.3,tiles,0.8,27,1348.9,492348.5,loamy,124.1,True,False,commercial,100000.0,139986.5,0.284,3.58,11665.5,6999.3,Hybrid System
3170.1,1366.3,metal,0.9,23,1257.8,459097.0,sandy,355.2,True,True,institutional,202000.0,3508359.2,7.642,3.847,292363.3,22954.9,Recharge Well
446.7,188.7,rcc,0.85,3,412.0,150380.0,clay,30.0,True,False,residential,65000.0,64483.6,0.429,6.29,5373.6,3224.2,Storage Tank
305.6,1706.4,rcc,0.85,16,650.1,237286.5,loamy,260.7,True,False,industrial,446000.0,398929.0,1.681,6.545,33244.1,11864.3,Hybrid System
1360.6,238.6,rcc,0.85,2,233.1,85081.5,rocky,37.2,False,False,residential,46000.0,248349.0,2.919,6.414,20695.8,4254.1,Storage Tank
751.2,341.9,rcc,0.85,35,2712.1,989916.5,loamy,348.5,True,False,commercial,196000.0,196479.0,0.198,0.981,16373.2,9824.0,Hybrid System
633.2,273.2,pavers,0.7,8,888.4,324266.0,clay,4.1,False,True,residential,78000.0,108983.9,0.336,66.634,9082.0,5449.2,Storage Tank
1152.3,68.8,tiles,0.8,7,835.4,304921.0,clay,53.4,True,True,residential,83000.0,57080.3,0.187,1.288,4756.7,2854.0,Storage Tank
768.3,997.9,pavers,0.7,20,1418.2,517643.0,loamy,263.7,True,True,commercial,88000.0,483012.5,0.933,3.784,40251.0,24150.6,Recharge Well
2842.8,470.6,pavers,0.7,13,822.9,300358.5,silty,231.3,True,False,commercial,308000.0,842827.7,2.806,2.035,70235.6,15017.9,Hybrid System
976.2,100.3,rcc,0.85,5,607.1,221591.5,loamy,7.0,True,True,residential,59000.0,74903.3,0.338,14.329,6241.9,3745.2,Storage Tank
681.6,279.0,tiles,0.8,26,1306.6,476909.0,loamy,282.6,True,True,commercial,92000.0,136919.8,0.287,0.987,11410.0,6846.0,Recharge Well
2331.1,1438.0,rcc,0.85,67,2661.6,971484.0,silty,270.9,True,False,institutional,418000.0,2564373.2,2.64,5.308,213697.8,48574.2,Hybrid System
1656.9,310.3,rcc,0.85,7,1011.2,369088.0,loamy,103.6,True,True,residential,150000.0,393314.1,1.066,2.995,32776.2,18454.4,Recharge Well
2074.0,48.0,rcc,0.85,8,1268.7,463075.5,loamy,61.5,False,True,residential,58000.0,76157.3,0.164,0.78,6346.4,3807.9,Recharge Pit
345.2,166.8,tiles,0.8,8,883.8,322587.0,clay,9.0,True,False,residential,69000.0,41457.1,0.129,18.533,3454.8,2072.9,Storage Tank
678.9,132.0,rcc,0.85,4,544.3,198669.5,silty,15.0,False,True,residential,145000.0,68555.3,0.345,8.8,5712.9,3427.8,Storage Tank
306.8,301.4,rcc,0.85,4,445.4,162571.0,clay,94.0,False,True,residential,21000.0,70739.2,0.435,3.206,5894.9,3537.0,Storage Tank
912.3,289.2,tiles,0.8,3,403.1,147131.5,rocky,113.4,True,False,residential,27000.0,189962.8,1.291,2.55,15830.2,7356.6,Storage Tank
1462.7,306.1,rcc,0.85,4,521.0,190165.0,loamy,119.9,True,True,residential,27000.0,342515.3,1.801,2.553,28542.9,9508.2,Recharge Well
930.8,55.2,rcc,0.85,6,801.7,292620.5,loamy,85.5,True,False,residential,71000.0,39305.8,0.134,0.646,3275.5,1965.3,Storage Tank
1165.7,668.7,metal,0.9,36,2130.8,777742.0,loamy,24.7,True,False,commercial,142000.0,631397.9,0.812,27.073,52616.5,31569.9,Hybrid System
2487.5,147.6,rcc,0.85,6,676.7,246995.5,clay,15.5,True,True,residential,28000.0,280873.6,1.137,9.523,23406.1,12349.8,Storage Tank
403.4,68.7,metal,0.9,7,1040.3,379709.5,loamy,20.5,True,False,residential,70000.0,22448.0,0.059,3.351,1870.7,1122.4,Storage Tank
1086.7,838.5,rcc,0.85,10,434.4,158556.0,sandy,267.7,True,True,commercial,136000.0,697066.4,4.396,3.132,58088.9,7927.8,Recharge Well
1114.6,219.8,metal,0.9,2,276.9,101068.5,silty,104.2,True,True,residential,96000.0,198441.2,1.963,2.109,16536.8,5053.4,Recharge Well
867.0,1751.8,rcc,0.85,54,2390.2,872423.0,clay,276.4,True,False,institutional,342000.0,1161890.1,1.332,6.338,96824.2,43621.2,Storage Tank
360.6,96.8,rcc,0.85,8,899.7,328390.5,loamy,46.4,True,True,residential,66000.0,26703.2,0.081,2.086,2225.3,1335.2,Recharge Pit
408.3,1389.4,rcc,0.85,44,3452.3,1260089.5,sandy,480.3,False,True,industrial,286000.0,433978.4,0.344,2.893,36164.9,21698.9,Recharge Well
654.3,110.7,pavers,0.7,3,456.2,166513.0,loamy,3.6,True,True,residential,130000.0,45631.5,0.274,30.75,3802.6,2281.6,Storage Tank
2272.7,209.9,rcc,0.85,3,348.8,127312.0,sandy,34.8,True,False,residential,51000.0,364935.4,2.866,6.032,30411.3,6365.6,Recharge Well
428.3,306.9,pavers,0.7,4,528.9,193048.5,loamy,36.4,True,True,residential,113000.0,82810.5,0.429,8.431,6900.9,4140.5,Recharge Well
561.3,83.0,metal,0.9,2,226.1,82526.5,loamy,84.2,True,False,residential,21000.0,37736.2,0.457,0.986,3144.7,1886.8,Storage Tank
1504.1,997.2,rcc,0.85,43,2444.2,892133.0,sandy,431.8,True,False,institutional,118000.0,1147414.7,1.286,2.309,95617.9,44606.7,Hybrid System
868.2,30.6,metal,0.9,6,815.5,297657.5,loamy,86.7,True,True,residential,43000.0,21519.2,0.072,0.353,1793.3,1076.0,Recharge Pit
457.2,66.1,pavers,0.7,5,630.7,230205.5,sandy,31.0,False,False,residential,80000.0,19039.2,0.083,2.132,1586.6,952.0,Storage Tank
1306.2,1463.3,tiles,0.8,44,1775.5,648057.5,clay,57.8,True,False,institutional,275000.0,1376181.0,2.124,25.317,114681.8,32402.9,Storage Tank
1103.1,174.8,tiles,0.8,3,369.8,134977.0,sandy,51.8,True,False,residential,150000.0,138831.8,1.029,3.375,11569.3,6748.9,Hybrid System
938.3,924.1,rcc,0.85,37,2740.2,1000173.0,sandy,293.3,True,True,commercial,245000.0,663318.5,0.663,3.151,55276.5,33165.9,Recharge Well
724.6,303.5,rcc,0.85,3,475.4,173521.0,loamy,54.5,False,False,residential,86000.0,168235.8,0.97,5.569,14019.6,8411.8,Hybrid System
452.9,204.8,tiles,0.8,4,444.9,162388.5,clay,83.6,False,False,residential,114000.0,66782.8,0.411,2.45,5565.2,3339.1,Storage Tank
587.6,259.1,metal,0.9,37,2930.8,1069742.0,sandy,320.9,True,False,commercial,193000.0,123320.2,0.115,0.807,10276.7,6166.0,Hybrid System
1659.3,166.0,rcc,0.85,6,944.1,344596.5,rocky,33.0,True,False,residential,72000.0,210714.5,0.611,5.03,17559.5,10535.7,Storage Tank
2861.8,1364.3,metal,0.9,63,1700.9,620828.5,sandy,197.8,True,True,institutional,333000.0,3162526.5,5.094,6.897,263543.9,31041.4,Recharge Well
2172.8,2238.7,rcc,0.85,41,3660.3,1336009.5,clay,177.0,False,True,industrial,292000.0,3721149.2,2.785,12.648,310095.8,66800.5,Storage Tank
755.9,267.9,pavers,0.7,5,678.5,247652.5,loamy,72.7,True,False,residential,102000.0,127578.5,0.515,3.685,10631.5,6378.9,Hybrid System
1927.5,931.7,rcc,0.85,26,1184.9,432488.5,sandy,426.6,True,False,institutional,106000.0,1373826.6,3.177,2.184,114485.6,21624.4,Hybrid System
842.3,172.6,rcc,0.85,28,1308.1,477456.5,silty,296.7,False,False,commercial,270000.0,111216.4,0.233,0.582,9268.0,5560.8,Hybrid System
1031.6,209.7,tiles,0.8,8,1131.3,412924.5,clay,22.1,True,False,residential,34000.0,155755.1,0.377,9.489,12979.6,7787.8,Storage Tank
1903.3,1433.9,rcc,0.85,58,3379.1,1233371.5,loamy,178.0,True,False,institutional,107000.0,2087793.5,1.693,8.056,173982.8,61668.6,Hybrid System
576.1,1250.8,rcc,0.85,64,3649.2,1331958.0,clay,137.4,True,False,institutional,150000.0,551248.2,0.414,9.103,45937.3,27562.4,Storage Tank
526.1,228.2,rcc,0.85,4,606.5,221372.5,rocky,59.2,True,True,residential,139000.0,91842.9,0.415,3.855,7653.6,4592.1,Storage Tank
3106.1,162.8,tiles,0.8,5,616.4,224986.0,silty,107.5,False,True,residential,33000.0,364084.6,1.618,1.514,30340.4,11249.3,Recharge Well
2652.9,1103.2,metal,0.9,49,2853.0,1041345.0,sandy,92.1,True,False,industrial,192000.0,2370610.2,2.276,11.978,197550.9,52067.2,Hybrid System
345.6,233.0,rcc,0.85,13,505.8,184617.0,sandy,98.2,True,True,commercial,116000.0,61601.5,0.334,2.373,5133.5,3080.1,Recharge Pit
319.1,79.9,rcc,0.85,2,309.1,112821.5,rocky,68.3,True,False,residential,128000.0,19504.5,0.173,1.17,1625.4,975.2,Storage Tank
2180.0,987.2,metal,0.9,34,1921.1,701201.5,clay,165.2,True,False,industrial,449000.0,1743197.8,2.486,5.976,145266.5,35060.1,Storage Tank
327.4,531.9,rcc,0.85,20,857.3,312914.5,loamy,308.7,True,True,commercial,276000.0,133220.2,0.426,1.723,11101.7,6661.0,Recharge Well
2833.2,761.5,rcc,0.85,38,2493.8,910237.0,sandy,118.9,False,False,commercial,198000.0,1650473.6,1.813,6.405,137539.5,45511.9,Hybrid System
3068.6,198.1,rcc,0.85,3,370.4,135196.0,sandy,98.4,True,False,residential,150000.0,465035.6,3.44,2.013,38753.0,6759.8,Hybrid System
3115.8,69.4,tiles,0.8,8,1017.7,371460.5,loamy,7.4,True,False,residential,115000.0,155690.3,0.419,9.378,12974.2,7784.5,Storage Tank
391.2,151.5,rcc,0.85,5,654.0,238710.0,clay,20.0,True,True,residential,148000.0,45339.1,0.19,7.575,3778.3,2267.0,Storage Tank
342.1,572.2,pavers,0.7,23,1305.0,476325.0,rocky,40.9,True,False,commercial,241000.0,123322.3,0.259,13.99,10276.9,6166.1,Storage Tank
720.3,179.2,rcc,0.85,34,2438.6,890089.0,loamy,162.6,False,True,commercial,293000.0,98744.5,0.111,1.102,8228.7,4937.2,Recharge Well
996.5,57.1,rcc,0.85,7,995.3,363284.5,loamy,33.3,True,False,residential,78000.0,43528.6,0.12,1.715,3627.4,2176.4,Storage Tank
2159.1,222.7,metal,0.9,4,592.5,216262.5,sandy,17.3,True,False,residential,21000.0,389473.6,1.801,12.873,32456.1,10813.1,Storage Tank
654.1,158.4,metal,0.9,4,493.8,180237.0,sandy,117.9,True,True,residential,70000.0,83923.6,0.466,1.344,6993.6,4196.2,Recharge Pit
502.4,174.8,metal,0.9,20,1103.3,402704.5,silty,181.0,True,False,commercial,127000.0,71133.8,0.177,0.966,5927.8,3556.7,Hybrid System
917.2,830.7,pavers,0.7,15,525.5,191807.5,silty,216.1,True,True,commercial,271000.0,480008.4,2.503,3.844,40000.7,9590.4,Recharge Well
1107.4,301.1,rcc,0.85,7,960.0,350400.0,sandy,15.5,True,True,residential,69000.0,255080.2,0.728,19.426,21256.7,12754.0,Storage Tank
1420.5,298.7,rcc,0.85,4,626.5,228672.5,sandy,15.0,False,True,residential,70000.0,324592.1,1.419,19.913,27049.3,11433.6,Storage Tank
1043.2,309.0,rcc,0.85,4,489.1,178521.5,silty,86.1,True,False,residential,121000.0,246596.8,1.381,3.589,20549.7,8926.1,Hybrid System
415.8,142.9,pavers,0.7,5,799.0,291635.0,silty,96.1,True,True,residential,130000.0,37433.2,0.128,1.487,3119.4,1871.7,Recharge Pit
2566.1,116.8,metal,0.9,8,1279.2,466908.0,rocky,103.0,True,False,residential,73000.0,242773.6,0.52,1.134,20231.1,12138.7,Storage Tank
342.6,680.2,tiles,0.8,30,2144.8,782852.0,loamy,152.1,False,False,commercial,335000.0,167786.3,0.214,4.472,13982.2,8389.3,Hybrid System
2107.8,269.4,pavers,0.7,5,604.3,220569.5,sandy,65.0,False,True,residential,146000.0,357740.0,1.622,4.145,29811.7,11028.5,Recharge Well
857.4,1299.3,rcc,0.85,42,3031.9,1106643.5,silty,321.5,True,True,industrial,233000.0,852225.2,0.77,4.041,71018.8,42611.3,Recharge Well
837.9,1927.4,pavers,0.7,34,2756.2,1006013.0,loamy,321.8,True,False,industrial,415000.0,1017430.1,1.011,5.989,84785.8,50300.7,Hybrid System
605.3,968.0,rcc,0.85,21,1455.6,531294.0,sandy,213.0,True,False,commercial,145000.0,448236.8,0.844,4.545,37353.1,22411.8,Hybrid System
2406.5,592.7,tiles,0.8,29,1727.9,630683.5,clay,49.5,False,True,commercial,187000.0,1026959.4,1.628,11.974,85579.9,31534.2,Storage Tank
391.9,1394.0,rcc,0.85,69,3229.9,1178913.5,sandy,203.8,True,True,institutional,376000.0,417926.1,0.355,6.84,34827.2,20896.3,Recharge Well
2073.7,202.1,tiles,0.8,5,622.3,227139.5,loamy,54.2,False,False,residential,35000.0,301748.2,1.328,3.729,25145.7,11357.0,Recharge Well
367.1,134.0,rcc,0.85,6,778.3,284079.5,loamy,101.8,True,False,residential,84000.0,37631.4,0.132,1.316,3136.0,1881.6,Storage Tank
1603.5,196.1,rcc,0.85,4,621.7,226920.5,loamy,72.5,False,False,residential,89000.0,240551.5,1.06,2.705,20046.0,11346.0,Hybrid System
572.4,91.0,rcc,0.85,8,1009.3,368394.5,loamy,65.3,True,False,residential,92000.0,39847.6,0.108,1.394,3320.6,1992.4,Storage Tank
792.0,250.3,rcc,0.85,3,341.5,124647.5,loamy,79.7,True,False,residential,51000.0,151651.8,1.217,3.141,12637.6,6232.4,Recharge Well
3117.1,845.6,rcc,0.85,35,2602.2,949803.0,loamy,136.3,False,True,commercial,272000.0,2016402.1,2.123,6.204,168033.5,47490.2,Recharge Well
472.6,303.7,rcc,0.85,7,1027.2,374928.0,sandy,38.6,False,False,residential,25000.0,109799.4,0.293,7.868,9149.9,5490.0,Recharge Well
670.9,321.8,rcc,0.85,37,1301.5,475047.5,clay,349.8,True,True,commercial,295000.0,165160.1,0.348,0.92,13763.3,8258.0,Storage Tank
399.6,186.5,tiles,0.8,3,377.0,137605.0,silty,74.5,True,False,residential,103000.0,53658.3,0.39,2.503,4471.5,2682.9,Storage Tank
909.2,736.0,metal,0.9,32,1602.8,585022.0,silty,326.9,False,False,industrial,315000.0,542028.7,0.927,2.251,45169.1,27101.4,Hybrid System
677.7,39.4,rcc,0.85,6,883.7,322550.5,loamy,119.5,False,True,residential,107000.0,20426.6,0.063,0.33,1702.2,1021.3,Recharge Pit
2088.7,89.4,rcc,0.85,4,451.2,164688.0,silty,17.1,True,False,residential,27000.0,142848.3,0.867,5.228,11904.0,7142.4,Storage Tank
939.9,318.0,rcc,0.85,11,742.9,271158.5,sandy,187.6,True,True,commercial,210000.0,228649.5,0.843,1.695,19054.1,11432.5,Recharge Well
426.0,56.8,rcc,0.85,7,1044.0,381060.0,sandy,112.5,True,False,residential,110000.0,18510.6,0.049,0.505,1542.5,925.5,Storage Tank
325.4,932.0,rcc,0.85,31,1451.4,529761.0,loamy,273.2,True,False,commercial,329000.0,232003.7,0.438,3.411,19333.6,11600.2,Hybrid System
2088.8,941.9,rcc,0.85,10,711.4,259661.0,loamy,70.6,True,False,commercial,173000.0,1505092.2,5.796,13.341,125424.3,12983.1,Hybrid System
1390.4,212.2,rcc,0.85,3,473.4,172791.0,loamy,8.4,True,True,residential,66000.0,225707.8,1.306,25.262,18809.0,8639.6,Storage Tank
861.1,1208.3,rcc,0.85,17,1078.5,393652.5,sandy,412.9,True,False,industrial,218000.0,795957.4,2.022,2.926,66329.8,19682.6,Hybrid System
743.1,56.5,rcc,0.85,2,266.4,97236.0,sandy,20.9,True,False,residential,64000.0,32118.6,0.33,2.703,2676.5,1605.9,Storage Tank
1014.9,524.7,rcc,0.85,49,2116.3,772449.5,rocky,127.7,True,False,institutional,262000.0,407376.3,0.527,4.109,33948.0,20368.8,Storage Tank
1144.7,1828.8,metal,0.9,43,3137.5,1145187.5,loamy,370.9,True,False,industrial,375000.0,1695676.2,1.481,4.931,141306.4,57259.4,Hybrid System
589.4,756.6,tiles,0.8,10,550.0,200750.0,loamy,66.7,True,True,commercial,99000.0,321076.8,1.599,11.343,26756.4,10037.5,Recharge Well
2164.4,743.6,pavers,0.7,12,609.1,222321.5,loamy,47.5,False,True,commercial,273000.0,1013952.1,4.561,15.655,84496.0,11116.1,Recharge Well
1077.9,139.1,rcc,0.85,3,408.9,149248.5,loamy,97.1,True,True,residential,67000.0,114701.0,0.769,1.433,9558.4,5735.1,Recharge Pit
1163.4,700.6,metal,0.9,19,1250.7,456505.5,sandy,253.6,True,True,commercial,171000.0,660213.2,1.446,2.763,55017.8,22825.3,Recharge Well
1515.4,351.9,tiles,0.8,34,2287.3,834864.5,sandy,197.6,True,True,commercial,212000.0,383953.9,0.46,1.781,31996.2,19197.7,Recharge Well
461.2,217.1,rcc,0.85,8,1134.2,413983.0,clay,96.7,True,False,residential,127000.0,76596.8,0.185,2.245,6383.1,3829.8,Storage Tank
1199.6,73.2,rcc,0.85,8,1248.3,455629.5,loamy,116.2,False,False,residential,90000.0,67175.2,0.147,0.63,5597.9,3358.8,Hybrid System
463.0,162.1,rcc,0.85,5,750.2,273823.0,sandy,75.9,False,False,residential,85000.0,57415.0,0.21,2.136,4784.6,2870.8,Hybrid System
512.2,760.4,rcc,0.85,22,1589.3,580094.5,silty,339.4,True,True,commercial,319000.0,297949.8,0.514,2.24,24829.1,14897.5,Recharge Well
460.9,781.2,metal,0.9,14,1014.9,370438.5,silty,160.8,True,True,commercial,252000.0,291644.6,0.787,4.858,24303.7,14582.2,Recharge Well
958.8,1682.2,rcc,0.85,68,3006.1,1097226.5,rocky,406.3,True,False,institutional,304000.0,1233863.4,1.125,4.14,102821.9,54861.3,Storage Tank
444.8,90.4,metal,0.9,5,764.1,278896.5,loamy,47.5,True,False,residential,46000.0,32570.0,0.117,1.903,2714.2,1628.5,Recharge Pit
1705.1,616.5,rcc,0.85,19,1840.2,671673.0,loamy,469.4,True,False,industrial,237000.0,804163.5,1.197,1.313,67013.6,33583.7,Hybrid System
1715.2,1151.4,metal,0.9,28,1635.3,596884.5,silty,442.1,True,False,institutional,348000.0,1599653.8,2.68,2.604,133304.5,29844.2,Hybrid System
350.4,1362.0,metal,0.9,48,2062.8,752922.0,loamy,93.0,True,True,industrial,152000.0,386568.3,0.513,14.645,32214.0,19328.4,Recharge Well
1430.4,737.4,pavers,0.7,39,3030.1,1105986.5,sandy,108.5,True,True,commercial,297000.0,664509.5,0.601,6.796,55375.8,33225.5,Recharge Well
2966.4,700.4,tiles,0.8,36,2146.2,783363.0,silty,234.5,True,False,commercial,281000.0,1495919.9,1.91,2.987,124660.0,39168.2,Hybrid System
1829.9,311.4,rcc,0.85,3,403.9,147423.5,loamy,100.4,True,False,residential,41000.0,435920.6,2.957,3.102,36326.7,7371.2,Recharge Well
436.0,149.3,tiles,0.8,8,968.7,353575.5,sandy,93.7,True,True,residential,46000.0,46868.3,0.133,1.593,3905.7,2343.4,Recharge Pit
582.7,1589.0,pavers,0.7,61,3496.0,1276040.0,sandy,135.1,True,False,institutional,406000.0,583323.5,0.457,11.762,48610.3,29166.2,Hybrid System
1061.0,243.8,rcc,0.85,5,602.9,220058.5,sandy,95.1,False,True,residential,44000.0,197883.9,0.899,2.564,16490.3,9894.2,Recharge Well
1565.4,1657.4,metal,0.9,43,1565.8,571517.0,clay,141.4,True,True,institutional,424000.0,2101540.1,3.677,11.721,175128.3,28575.9,Storage Tank
1823.4,1172.8,metal,0.9,44,3066.3,1119199.5,loamy,88.2,True,True,industrial,341000.0,1732171.7,1.548,13.297,144347.6,55960.0,Recharge Well
937.0,796.9,rcc,0.85,23,1100.2,401573.0,loamy,202.8,False,False,commercial,70000.0,571221.9,1.422,3.929,47601.8,20078.7,Hybrid System
871.9,845.9,rcc,0.85,30,1806.2,659263.0,loamy,147.5,True,True,commercial,188000.0,564218.3,0.856,5.735,47018.2,28210.9,Recharge Well
1277.9,380.1,pavers,0.7,37,2836.1,1035176.5,rocky,186.0,False,False,commercial,255000.0,306009.8,0.296,2.044,25500.8,15300.5,Storage Tank
836.8,362.4,rcc,0.85,34,1884.6,687879.0,clay,119.5,True,True,commercial,178000.0,231991.1,0.337,3.033,19332.6,11599.6,Storage Tank
388.2,1567.0,metal,0.9,37,2292.6,836799.0,sandy,492.0,True,False,industrial,328000.0,492730.6,0.589,3.185,41060.9,24636.5,Hybrid System
2508.4,709.3,tiles,0.8,25,1213.7,443000.5,loamy,284.0,True,True,institutional,332000.0,1281029.8,2.892,2.498,106752.5,22150.0,Recharge Well
938.5,802.1,tiles,0.8,23,982.7,358685.5,loamy,286.6,True,True,commercial,264000.0,541995.0,1.511,2.799,45166.2,17934.3,Recharge Well
533.0,128.0,metal,0.9,8,1114.9,406938.5,clay,10.2,False,False,residential,78000.0,55261.4,0.136,12.549,4605.1,2763.1,Storage Tank
1467.7,289.9,tiles,0.8,8,1236.9,451468.5,loamy,51.7,True,True,residential,46000.0,306350.1,0.679,5.607,25529.2,15317.5,Recharge Well
936.6,241.5,rcc,0.85,2,277.2,101178.0,silty,53.0,False,False,residential,65000.0,173034.5,1.71,4.557,14419.5,5058.9,Hybrid System
1059.4,130.2,rcc,0.85,7,1075.7,392630.5,loamy,5.0,True,False,residential,128000.0,105519.4,0.269,26.04,8793.3,5276.0,Storage Tank
1243.4,248.2,tiles,0.8,4,501.9,183193.5,loamy,83.3,True,False,residential,22000.0,222200.6,1.213,2.98,18516.7,9159.7,Storage Tank
576.5,262.9,metal,0.9,3,441.1,161001.5,clay,79.4,True,False,residential,66000.0,122765.1,0.763,3.311,10230.4,6138.3,Storage Tank
1579.0,267.2,rcc,0.85,2,246.7,90045.5,loamy,29.3,True,True,residential,50000.0,322760.2,3.584,9.119,26896.7,4502.3,Recharge Well
345.7,234.6,rcc,0.85,8,972.3,354889.5,sandy,34.9,False,True,residential,120000.0,62042.4,0.175,6.722,5170.2,3102.1,Recharge Pit
699.3,308.8,rcc,0.85,7,935.9,341603.5,loamy,0.5,True,False,residential,21000.0,165197.0,0.484,308.8,13766.4,8259.9,Storage Tank
1377.9,557.1,rcc,0.85,38,2000.7,730255.5,silty,334.1,False,True,institutional,399000.0,587235.5,0.804,1.667,48936.3,29361.8,Recharge Well
2199.8,590.6,rcc,0.85,32,1244.5,454242.5,clay,20.5,True,False,commercial,196000.0,993889.4,2.188,28.81,82824.1,22712.1,Storage Tank
804.3,112.7,rcc,0.85,2,274.4,100156.0,silty,67.2,True,True,residential,88000.0,69343.1,0.692,1.677,5778.6,3467.2,Recharge Pit
1093.7,264.0,metal,0.9,7,1027.9,375183.5,sandy,54.4,True,False,residential,149000.0,233876.8,0.623,4.853,19489.7,11693.8,Hybrid System
823.8,947.9,tiles,0.8,37,2730.0,996450.0,loamy,206.2,True,True,commercial,185000.0,562233.6,0.564,4.597,46852.8,28111.7,Recharge Well
1459.8,84.5,pavers,0.7,2,272.7,99535.5,sandy,6.9,True,True,residential,34000.0,77712.5,0.781,12.246,6476.0,3885.6,Storage Tank
1939.5,121.8,rcc,0.85,6,689.9,251813.5,clay,6.5,True,True,residential,107000.0,180716.8,0.718,18.738,15059.7,9035.8,Storage Tank
1164.7,830.1,tiles,0.8,11,867.7,316710.5,clay,338.7,True,True,commercial,130000.0,696108.6,2.198,2.451,58009.0,15835.5,Storage Tank
1605.0,1523.1,rcc,0.85,22,2114.4,771756.0,sandy,243.5,True,True,industrial,281000.0,1870100.3,2.423,6.255,155841.7,38587.8,Recharge Well
975.2,587.3,metal,0.9,23,1005.4,366971.0,loamy,157.4,True,True,commercial,196000.0,463915.3,1.264,3.731,38659.6,18348.5,Recharge Well
3108.4,824.2,rcc,0.85,30,1522.3,555639.5,loamy,496.4,True,False,institutional,320000.0,1959886.6,3.527,1.66,163323.9,27782.0,Hybrid System
1433.9,121.3,metal,0.9,3,416.7,152095.5,sandy,115.0,True,True,residential,85000.0,140885.0,0.926,1.055,11740.4,7044.2,Recharge Pit
1634.7,252.9,rcc,0.85,5,557.4,203451.0,loamy,1.2,False,True,residential,30000.0,316263.0,1.554,210.75,26355.2,10172.6,Storage Tank
2306.3,1306.1,rcc,0.85,60,3391.6,1237934.0,loamy,467.8,False,False,institutional,234000.0,2304377.7,1.861,2.792,192031.5,61896.7,Hybrid System
412.0,87.9,rcc,0.85,5,707.2,258128.0,loamy,91.5,True,False,residential,119000.0,27704.3,0.107,0.961,2308.7,1385.2,Storage Tank
1146.8,298.8,rcc,0.85,6,747.6,272874.0,rocky,20.7,True,True,residential,69000.0,262137.8,0.961,14.435,21844.8,13106.9,Storage Tank
2248.5,208.5,metal,0.9,6,856.9,312768.5,silty,45.9,False,False,residential,57000.0,379737.9,1.214,4.542,31644.8,15638.4,Recharge Well
737.4,44.3,rcc,0.85,5,741.6,270684.0,clay,59.8,False,False,residential,60000.0,24990.1,0.092,0.741,2082.5,1249.5,Storage Tank
498.2,344.4,rcc,0.85,36,2836.9,1035468.5,rocky,280.9,True,False,commercial,138000.0,131258.8,0.127,1.226,10938.2,6562.9,Storage Tank
1841.3,138.8,rcc,0.85,2,273.1,99681.5,silty,48.0,True,True,residential,144000.0,195512.9,1.961,2.892,16292.7,4984.1,Recharge Well
1562.2,319.1,rcc,0.85,23,1402.3,511839.5,loamy,232.1,True,True,commercial,308000.0,381351.0,0.745,1.375,31779.2,19067.5,Recharge Well
722.9,763.0,rcc,0.85,34,2467.5,900637.5,loamy,298.0,True,True,commercial,155000.0,421953.1,0.469,2.56,35162.8,21097.7,Recharge Well
631.4,54.2,rcc,0.85,7,1083.7,395550.5,silty,48.5,False,True,residential,79000.0,26179.7,0.066,1.118,2181.6,1309.0,Recharge Pit
1592.0,142.3,metal,0.9,8,1093.4,399091.0,sandy,0.0,True,False,residential,51000.0,183498.7,0.46,142.3,15291.6,9174.9,Storage Tank
755.3,100.0,tiles,0.8,5,568.3,207429.5,silty,107.3,True,False,residential,50000.0,54381.6,0.262,0.932,4531.8,2719.1,Recharge Pit
1601.8,208.9,metal,0.9,5,552.4,201626.0,silty,97.1,True,False,residential,54000.0,271039.0,1.344,2.151,22586.6,10081.3,Recharge Well
3196.8,107.1,tiles,0.8,6,778.4,284116.0,rocky,77.5,True,False,residential,40000.0,246511.6,0.868,1.382,20542.6,12325.6,Storage Tank
371.8,182.9,tiles,0.8,4,533.5,194727.5,clay,32.7,True,False,residential,80000.0,48961.6,0.251,5.593,4080.1,2448.1,Storage Tank
903.1,156.6,rcc,0.85,6,699.3,255244.5,loamy,72.1,True,True,residential,24000.0,108190.5,0.424,2.172,9015.9,5409.5,Storage Tank
887.8,578.1,rcc,0.85,10,376.2,137313.0,loamy,324.0,True,True,commercial,315000.0,392626.4,2.859,1.784,32718.9,6865.7,Recharge Well
903.0,201.1,rcc,0.85,4,563.7,205750.5,sandy,37.2,False,False,residential,31000.0,138918.9,0.675,5.406,11576.6,6945.9,Recharge Pit
424.9,187.1,tiles,0.8,15,710.9,259478.5,rocky,339.4,False,True,commercial,160000.0,57239.1,0.221,0.551,4769.9,2862.0,Storage Tank
917.3,974.0,rcc,0.85,37,2494.4,910456.0,sandy,323.0,True,False,commercial,184000.0,683489.4,0.751,3.015,56957.5,34174.5,Hybrid System
1265.8,921.3,metal,0.9,38,2171.1,792451.5,sandy,278.8,False,True,commercial,233000.0,944607.0,1.192,3.305,78717.2,39622.6,Recharge Well
744.8,621.0,pavers,0.7,39,1649.6,602104.0,clay,180.5,True,False,commercial,277000.0,291388.1,0.484,3.44,24282.3,14569.4,Storage Tank
631.0,106.8,tiles,0.8,2,292.0,106580.0,loamy,90.5,True,False,residential,48000.0,48521.4,0.455,1.18,4043.5,2426.1,Recharge Pit
636.8,1543.0,rcc,0.85,62,2241.0,817965.0,silty,376.2,True,False,institutional,201000.0,751675.5,0.919,4.102,62639.6,37583.8,Hybrid System
891.2,262.2,metal,0.9,23,1076.6,392959.0,clay,99.8,True,False,commercial,205000.0,189274.8,0.482,2.627,15772.9,9463.7,Storage Tank
466.6,921.1,tiles,0.8,43,2322.8,847822.0,clay,269.4,True,False,industrial,421000.0,309445.4,0.365,3.419,25787.1,15472.3,Storage Tank
859.0,192.4,metal,0.9,2,295.7,107930.5,clay,90.9,True,True,residential,125000.0,133870.0,1.24,2.117,11155.8,5396.5,Storage Tank
795.8,893.7,metal,0.9,15,601.0,219365.0,loamy,328.2,True,True,commercial,121000.0,576077.2,2.626,2.723,48006.4,10968.2,Recharge Well
1656.3,177.6,rcc,0.85,7,1043.6,380914.0,sandy,12.4,True,False,residential,34000.0,225031.5,0.591,14.323,18752.6,11251.6,Storage Tank
2638.7,104.0,pavers,0.7,6,917.8,334997.0,loamy,13.2,True,True,residential,143000.0,172887.6,0.516,7.879,14407.3,8644.4,Storage Tank
490.4,207.8,rcc,0.85,8,945.8,345217.0,clay,90.4,True,False,residential,146000.0,77957.4,0.226,2.299,6496.4,3897.9,Storage Tank
2025.5,185.3,rcc,0.85,2,301.2,109938.0,loamy,102.4,False,True,residential,139000.0,287123.7,2.612,1.81,23927.0,5496.9,Recharge Well
677.8,158.9,metal,0.9,4,505.2,184398.0,loamy,98.0,True,True,residential,73000.0,87239.0,0.473,1.621,7269.9,4361.9,Recharge Pit
456.8,66.6,tiles,0.8,3,352.1,128516.5,silty,3.6,True,False,residential,29000.0,21904.5,0.17,18.5,1825.4,1095.2,Storage Tank
2859.0,285.5,rcc,0.85,6,722.3,263639.5,loamy,60.5,False,False,residential,91000.0,624427.0,2.368,4.719,52035.6,13182.0,Hybrid System
1278.0,76.6,rcc,0.85,3,464.4,169506.0,rocky,78.4,False,False,residential,65000.0,74889.5,0.442,0.977,6240.8,3744.5,Storage Tank
855.4,368.2,rcc,0.85,20,967.8,353247.0,rocky,280.5,True,True,commercial,79000.0,240943.1,0.682,1.313,20078.6,12047.2,Storage Tank
686.5,1809.8,rcc,0.85,15,888.7,324375.5,silty,525.9,True,True,industrial,224000.0,950457.2,2.93,3.441,79204.8,16218.8,Recharge Well
1942.8,233.2,rcc,0.85,18,782.6,285649.0,rocky,38.6,False,False,commercial,93000.0,346591.6,1.213,6.041,28882.6,14282.5,Storage Tank
636.2,270.6,rcc,0.85,8,1075.7,392630.5,loamy,61.5,True,False,residential,55000.0,131699.1,0.335,4.4,10974.9,6585.0,Storage Tank
2529.3,187.9,rcc,0.85,3,341.4,124611.0,silty,81.5,True,True,residential,43000.0,363570.4,2.918,2.306,30297.5,6230.6,Recharge Well
1010.1,242.2,rcc,0.85,6,808.0,294920.0,rocky,69.5,True,False,residential,45000.0,187154.4,0.635,3.485,15596.2,9357.7,Storage Tank
511.5,182.9,rcc,0.85,5,612.7,223635.5,loamy,82.0,False,False,residential,109000.0,71568.3,0.32,2.23,5964.0,3578.4,Hybrid System
990.4,37.0,tiles,0.8,7,918.3,335179.5,clay,78.0,True,True,residential,23000.0,26384.3,0.079,0.474,2198.7,1319.2,Storage Tank
356.9,712.4,metal,0.9,69,3236.8,1181432.0,loamy,109.3,True,False,institutional,264000.0,205947.0,0.174,6.518,17162.2,10297.4,Hybrid System
833.0,155.8,rcc,0.85,6,736.2,268713.0,loamy,99.0,True,True,residential,83000.0,99282.8,0.369,1.574,8273.6,4964.1,Recharge Pit
549.9,143.2,metal,0.9,6,704.5,257142.5,silty,66.5,True,False,residential,89000.0,63784.0,0.248,2.153,5315.3,3189.2,Hybrid System
1416.1,267.1,rcc,0.85,2,309.7,113040.5,loamy,25.3,True,False,residential,50000.0,289353.8,2.56,10.557,24112.8,5652.0,Recharge Well
347.0,751.8,rcc,0.85,30,2076.8,758032.0,sandy,75.5,False,False,commercial,303000.0,199569.1,0.263,9.958,16630.8,9978.5,Hybrid System
1697.2,315.3,rcc,0.85,5,606.3,221299.5,loamy,30.9,False,True,residential,82000.0,409372.3,1.85,10.204,34114.4,11065.0,Recharge Well
860.9,1240.5,metal,0.9,52,1830.4,668096.0,sandy,194.6,True,False,institutional,208000.0,865036.6,1.295,6.375,72086.4,33404.8,Hybrid System
1340.2,57.6,rcc,0.85,5,584.6,213379.0,loamy,52.7,True,True,residential,85000.0,59054.6,0.277,1.093,4921.2,2952.7,Recharge Pit
2799.3,926.1,rcc,0.85,42,1887.1,688791.5,sandy,436.1,False,True,institutional,127000.0,1983210.3,2.879,2.124,165267.5,34439.6,Recharge Well
1742.9,538.2,rcc,0.85,53,1742.8,636122.0,clay,353.5,True,True,institutional,189000.0,717592.0,1.128,1.522,59799.3,31806.1,Storage Tank
472.8,1476.6,tiles,0.8,45,2570.2,938123.0,sandy,174.0,True,False,industrial,423000.0,502658.3,0.536,8.486,41888.2,25132.9,Hybrid System
1050.7,199.8,metal,0.9,2,284.0,103660.0,sandy,31.1,True,False,residential,31000.0,170043.2,1.64,6.424,14170.3,5183.0,Recharge Well
1901.3,936.7,rcc,0.85,28,986.6,360109.0,loamy,442.5,True,False,institutional,370000.0,1362425.0,3.783,2.117,113535.4,18005.5,Hybrid System
781.1,710.5,metal,0.9,32,2065.1,753761.5,silty,410.7,True,True,industrial,307000.0,449527.0,0.596,1.73,37460.6,22476.4,Recharge Well
940.7,1312.5,metal,0.9,51,1899.0,693135.0,loamy,174.6,False,True,institutional,237000.0,1000081.7,1.443,7.517,83340.1,34656.8,Recharge Well
1294.1,1913.4,metal,0.9,30,1215.0,443475.0,silty,134.4,False,False,industrial,349000.0,2005666.1,4.523,14.237,167138.8,22173.8,Hybrid System
1594.3,185.0,rcc,0.85,2,258.3,94279.5,silty,26.6,True,False,residential,127000.0,225633.3,2.393,6.955,18802.8,4714.0,Recharge Well
597.6,2120.9,tiles,0.8,22,895.5,326857.5,silty,598.6,True,False,industrial,241000.0,912563.9,2.792,3.543,76047.0,16342.9,Hybrid System
2520.2,681.1,rcc,0.85,15,1068.9,390148.5,clay,218.8,False,False,commercial,153000.0,1313128.8,3.366,3.113,109427.4,19507.4,Storage Tank
523.5,308.9,pavers,0.7,6,918.3,335179.5,silty,67.9,True,False,residential,40000.0,101876.8,0.304,4.549,8489.7,5093.8,Recharge Well
1640.4,1477.2,tiles,0.8,31,2220.8,810592.0,clay,536.4,False,True,industrial,442000.0,1744703.2,2.152,2.754,145391.9,40529.6,Storage Tank
495.0,417.1,pavers,0.7,56,1722.8,628822.0,sandy,357.0,True,False,institutional,280000.0,130072.6,0.207,1.168,10839.4,6503.6,Hybrid System
351.6,248.2,tiles,0.8,2,239.0,87235.0,sandy,13.2,False,False,residential,114000.0,62832.3,0.72,18.803,5236.0,3141.6,Storage Tank
1499.0,39.1,metal,0.9,6,867.8,316747.0,clay,104.5,True,False,residential,65000.0,47474.8,0.15,0.374,3956.2,2373.7,Storage Tank
934.7,970.0,metal,0.9,22,1034.2,377483.0,loamy,326.7,True,False,commercial,118000.0,734393.8,1.946,2.969,61199.5,18874.2,Hybrid System
799.8,238.5,metal,0.9,6,681.7,248820.5,loamy,105.7,False,False,residential,53000.0,154509.4,0.621,2.256,12875.8,7725.5,Recharge Well
1029.2,319.0,rcc,0.85,6,670.1,244586.5,clay,67.2,True,True,residential,110000.0,251160.8,1.027,4.747,20930.1,12229.3,Storage Tank
658.7,156.8,rcc,0.85,7,926.5,338172.5,sandy,8.7,False,True,residential,144000.0,79012.4,0.234,18.023,6584.4,3950.6,Storage Tank
2754.1,1996.5,rcc,0.85,43,4115.1,1502011.5,silty,70.7,True,False,industrial,292000.0,4206398.9,2.801,28.239,350533.2,75100.6,Hybrid System
635.9,283.6,rcc,0.85,6,934.4,341056.0,sandy,25.0,True,True,residential,106000.0,137961.0,0.405,11.344,11496.8,6898.1,Recharge Well
1501.2,79.7,metal,0.9,5,553.4,201991.0,loamy,110.6,False,False,residential,37000.0,96913.0,0.48,0.721,8076.1,4845.7,Recharge Pit
960.8,662.3,pavers,0.7,27,1183.7,432050.5,loamy,222.6,True,False,commercial,95000.0,400892.8,0.928,2.975,33407.7,20044.6,Hybrid System
805.4,238.5,rcc,0.85,7,934.5,341092.5,rocky,103.0,True,False,residential,59000.0,146947.2,0.431,2.316,12245.6,7347.4,Storage Tank
1062.3,213.4,pavers,0.7,5,769.8,280977.0,loamy,1.6,True,False,residential,143000.0,142817.7,0.508,133.375,11901.5,7140.9,Storage Tank
503.5,154.4,rcc,0.85,4,626.8,228782.0,clay,24.4,True,True,residential,39000.0,59471.4,0.26,6.328,4955.9,2973.6,Storage Tank
1090.4,122.3,metal,0.9,6,692.1,252616.5,loamy,86.3,True,True,residential,131000.0,108018.3,0.428,1.417,9001.5,5400.9,Recharge Pit
336.2,179.6,rcc,0.85,5,706.1,257726.5,silty,78.4,False,False,residential,29000.0,46191.9,0.179,2.291,3849.3,2309.6,Recharge Pit
1756.7,617.1,pavers,0.7,63,2811.3,1026124.5,loamy,83.7,True,False,institutional,170000.0,682957.5,0.666,7.373,56913.1,34147.9,Hybrid System
459.5,475.6,metal,0.9,23,1230.5,449132.5,sandy,98.1,True,False,commercial,274000.0,177015.9,0.394,4.848,14751.3,8850.8,Hybrid System
603.2,64.3,pavers,0.7,3,434.7,158665.5,loamy,94.8,True,True,residential,58000.0,24435.0,0.154,0.678,2036.2,1221.8,Recharge Pit
347.7,87.5,rcc,0.85,6,832.5,303862.5,sandy,48.3,True,False,residential,69000.0,23274.2,0.077,1.812,1939.5,1163.7,Storage Tank
979.8,826.7,metal,0.9,36,1574.8,574802.0,loamy,290.1,True,True,institutional,329000.0,656100.5,1.141,2.85,54675.0,28740.1,Recharge Well
460.0,60.4,tiles,0.8,7,1026.2,374563.0,loamy,46.1,True,False,residential,143000.0,20004.5,0.053,1.31,1667.0,1000.2,Storage Tank
691.4,912.0,rcc,0.85,15,856.1,312476.5,loamy,105.0,True,True,commercial,318000.0,482376.0,1.544,8.686,40198.0,15623.8,Recharge Well
1244.1,2092.1,rcc,0.85,37,1674.4,611156.0,silty,491.2,True,False,industrial,381000.0,1991127.9,3.258,4.259,165927.3,30557.8,Hybrid System
1072.9,216.6,rcc,0.85,7,996.7,363795.5,sandy,85.4,False,True,residential,43000.0,177778.5,0.489,2.536,14814.9,8888.9,Recharge Pit
2063.5,1541.6,rcc,0.85,24,872.3,318389.5,loamy,489.6,True,True,institutional,113000.0,2433535.1,7.643,3.149,202794.6,15919.5,Recharge Well
3088.8,217.9,metal,0.9,2,236.4,86286.0,silty,45.8,True,False,residential,38000.0,545170.1,6.318,4.758,45430.8,4314.3,Recharge Well
1172.6,46.6,metal,0.9,4,605.3,220934.5,rocky,109.7,True,False,residential,134000.0,44261.0,0.2,0.425,3688.4,2213.1,Storage Tank
793.7,757.0,tiles,0.8,43,3495.9,1276003.5,sandy,378.3,True,True,industrial,477000.0,432598.2,0.339,2.001,36049.8,21629.9,Recharge Well
312.6,1321.6,rcc,0.85,27,2228.9,813548.5,silty,152.2,True,True,industrial,216000.0,316046.1,0.388,8.683,26337.2,15802.3,Recharge Well
1984.0,273.2,tiles,0.8,2,288.7,105375.5,loamy,109.6,False,False,residential,99000.0,390260.7,3.704,2.493,32521.7,5268.8,Hybrid System
810.8,408.0,metal,0.9,20,786.2,286963.0,loamy,324.4,False,True,commercial,229000.0,267953.2,0.934,1.258,22329.4,13397.7,Recharge Well
1239.7,1273.2,rcc,0.85,54,2336.8,852932.0,clay,224.7,True,False,institutional,205000.0,1207465.3,1.416,5.666,100622.1,42646.6,Storage Tank
387.4,161.8,metal,0.9,4,521.2,190238.0,loamy,99.1,False,True,residential,50000.0,50771.9,0.267,1.633,4231.0,2538.6,Recharge Pit
785.1,58.7,tiles,0.8,3,370.4,135196.0,sandy,97.4,True,False,residential,89000.0,33181.5,0.245,0.603,2765.1,1659.1,Storage Tank
1302.3,380.7,tiles,0.8,10,741.6,270684.0,sandy,65.8,False,False,commercial,106000.0,356965.6,1.319,5.786,29747.1,13534.2,Hybrid System
1597.6,169.4,rcc,0.85,5,765.0,279225.0,loamy,14.7,False,True,residential,76000.0,207034.6,0.741,11.524,17252.9,10351.7,Storage Tank
383.3,699.3,rcc,0.85,30,1185.6,432744.0,clay,377.1,True,False,institutional,340000.0,205051.9,0.474,1.854,17087.7,10252.6,Storage Tank
853.4,71.1,rcc,0.85,2,293.9,107273.5,loamy,107.2,True,False,residential,78000.0,46417.7,0.433,0.663,3868.1,2320.9,Storage Tank
383.9,192.7,rcc,0.85,3,409.8,149577.0,sandy,108.6,True,False,residential,31000.0,56592.8,0.378,1.774,4716.1,2829.6,Recharge Pit
2188.3,262.3,rcc,0.85,8,1264.9,461688.5,silty,51.3,True,True,residential,46000.0,439103.2,0.951,5.113,36591.9,21955.2,Recharge Well
1218.1,244.7,rcc,0.85,2,244.2,89133.0,loamy,20.6,True,True,residential,89000.0,228022.8,2.558,11.879,19001.9,4456.7,Recharge Well
1483.3,300.7,rcc,0.85,6,669.7,244440.5,loamy,62.4,True,False,residential,94000.0,341211.7,1.396,4.819,28434.3,12222.0,Hybrid System
408.7,493.5,metal,0.9,25,1010.3,368759.5,loamy,252.2,False,True,commercial,251000.0,163371.7,0.443,1.957,13614.3,8168.6,Recharge Well
1156.6,184.9,rcc,0.85,6,719.0,262435.0,silty,107.5,True,False,residential,34000.0,163599.3,0.623,1.72,13633.3,8180.0,Recharge Well
537.3,567.7,rcc,0.85,26,1472.7,537535.5,sandy,144.2,True,True,commercial,172000.0,233344.3,0.434,3.937,19445.4,11667.2,Recharge Well
585.6,782.8,rcc,0.85,25,1484.6,541879.0,sandy,131.1,False,True,institutional,147000.0,350681.9,0.647,5.971,29223.5,17534.1,Recharge Well
378.3,181.8,pavers,0.7,2,313.6,114464.0,clay,62.4,True,True,residential,67000.0,43328.2,0.379,2.913,3610.7,2166.4,Storage Tank
432.2,114.0,metal,0.9,4,576.7,210495.5,sandy,0.3,True,False,residential,141000.0,39909.3,0.19,114.0,3325.8,1995.5,Storage Tank
1170.8,265.1,tiles,0.8,8,1184.3,432269.5,loamy,1.9,True,False,residential,93000.0,223472.9,0.517,139.526,18622.7,11173.6,Storage Tank
812.3,313.7,tiles,0.8,16,739.4,269881.0,loamy,132.8,False,False,commercial,117000.0,183469.3,0.68,2.362,15289.1,9173.5,Hybrid System
652.5,124.0,rcc,0.85,7,925.0,337625.0,sandy,30.4,True,True,residential,138000.0,61896.2,0.183,4.079,5158.0,3094.8,Recharge Pit
1013.2,731.7,rcc,0.85,12,536.7,195895.5,clay,215.0,False,False,commercial,326000.0,567139.2,2.895,3.403,47261.6,9794.8,Storage Tank
518.0,103.0,tiles,0.8,8,1125.5,410807.5,sandy,95.2,False,True,residential,31000.0,38414.9,0.094,1.082,3201.2,1920.7,Recharge Pit
1213.9,669.8,rcc,0.85,16,605.2,220898.0,sandy,289.1,False,False,commercial,209000.0,621998.7,2.816,2.317,51833.2,11044.9,Hybrid System
311.8,82.0,metal,0.9,2,222.5,81212.5,clay,86.8,True,False,residential,125000.0,20709.8,0.255,0.945,1725.8,1035.5,Storage Tank
2097.5,257.5,rcc,0.85,6,816.3,297949.5,rocky,100.4,True,True,residential,128000.0,413181.3,1.387,2.565,34431.8,14897.5,Storage Tank
467.8,66.2,rcc,0.85,2,240.1,87636.5,loamy,21.4,True,False,residential,64000.0,23690.8,0.27,3.093,1974.2,1184.5,Recharge Pit
666.0,403.9,rcc,0.85,32,1233.3,450154.5,sandy,76.7,True,True,commercial,87000.0,205783.0,0.457,5.266,17148.6,10289.2,Recharge Well
1041.4,234.2,metal,0.9,6,919.3,335544.5,silty,55.7,False,True,residential,117000.0,197555.7,0.589,4.205,16463.0,9877.8,Recharge Well
1662.5,1425.2,rcc,0.85,40,3571.8,1303707.0,loamy,350.5,False,False,industrial,205000.0,1812587.2,1.39,4.066,151048.9,65185.4,Hybrid System
1232.8,270.7,metal,0.9,4,606.8,221482.0,clay,58.8,True,False,residential,119000.0,270312.4,1.22,4.604,22526.0,11074.1,Storage Tank
940.3,1223.5,tiles,0.8,30,2016.1,735876.5,loamy,329.6,False,False,industrial,415000.0,828329.1,1.126,3.712,69027.4,36793.8,Hybrid System
354.7,245.6,rcc,0.85,4,533.8,194837.0,loamy,35.3,True,True,residential,56000.0,66642.5,0.342,6.958,5553.5,3332.1,Recharge Pit
972.9,193.1,tiles,0.8,7,1111.4,405661.0,sandy,40.0,True,True,residential,97000.0,135264.2,0.333,4.827,11272.0,6763.2,Recharge Pit
2915.7,1205.1,metal,0.9,48,2642.1,964366.5,rocky,480.1,True,False,institutional,275000.0,2846105.2,2.951,2.51,237175.4,48218.3,Storage Tank
765.1,177.8,rcc,0.85,7,953.2,347918.0,clay,41.3,False,False,residential,150000.0,104066.6,0.299,4.305,8672.2,5203.3,Storage Tank
1518.2,139.7,metal,0.9,5,613.4,223891.0,sandy,27.4,True,True,residential,21000.0,171795.0,0.767,5.099,14316.2,8589.8,Storage Tank
2508.6,200.4,rcc,0.85,2,306.2,111763.0,loamy,115.4,True,False,residential,52000.0,384583.4,3.441,1.737,32048.6,5588.2,Recharge Well
798.5,150.7,metal,0.9,6,836.3,305249.5,loamy,31.4,True,True,residential,148000.0,97470.5,0.319,4.799,8122.5,4873.5,Recharge Pit
1836.2,925.1,pavers,0.7,24,1534.3,560019.5,loamy,146.1,False,False,commercial,338000.0,1070161.2,1.911,6.332,89180.1,28001.0,Hybrid System
1091.9,1373.6,rcc,0.85,41,3143.9,1147523.5,sandy,579.9,True,True,industrial,174000.0,1147372.9,1.0,2.369,95614.4,57368.6,Recharge Well
2921.3,814.7,rcc,0.85,16,1248.5,455702.5,rocky,21.0,False,False,commercial,139000.0,1820687.1,3.995,38.795,151723.9,22785.1,Storage Tank
1291.5,82.6,rcc,0.85,5,749.8,273677.0,clay,107.8,True,True,residential,142000.0,81608.6,0.298,0.766,6800.7,4080.4,Storage Tank
726.6,190.7,tiles,0.8,8,992.3,362189.5,silty,116.7,True,False,residential,40000.0,99765.1,0.275,1.634,8313.8,4988.3,Recharge Pit
2487.9,236.7,metal,0.9,3,337.3,123114.5,loamy,17.8,True,True,residential,74000.0,476997.6,3.874,13.298,39749.8,6155.7,Storage Tank
471.2,506.3,metal,0.9,61,1573.0,574145.0,silty,244.3,True,False,institutional,373000.0,193240.5,0.337,2.072,16103.4,9662.0,Hybrid System
495.0,819.6,rcc,0.85,33,1850.1,675286.5,loamy,256.6,True,False,institutional,407000.0,310362.0,0.46,3.194,25863.5,15518.1,Hybrid System
1598.1,138.4,tiles,0.8,5,578.9,211298.5,loamy,116.3,True,True,residential,145000.0,159247.5,0.754,1.19,13270.6,7962.4,Recharge Pit
2763.0,104.5,rcc,0.85,2,237.1,86541.5,clay,107.7,True,False,residential,105000.0,220881.1,2.552,0.97,18406.8,4327.1,Storage Tank
3099.9,144.0,rcc,0.85,7,831.1,303351.5,rocky,23.8,True,True,residential,56000.0,341485.0,1.126,6.05,28457.1,15167.6,Storage Tank
1494.0,120.7,rcc,0.85,5,605.4,220971.0,clay,55.6,False,False,residential,81000.0,137949.2,0.624,2.171,11495.8,6897.5,Storage Tank
2047.4,293.1,rcc,0.85,4,441.7,161220.5,loamy,111.3,True,True,residential,29000.0,459071.1,2.847,2.633,38255.9,8061.0,Recharge Well
1064.0,1057.2,tiles,0.8,41,2011.5,734197.5,clay,154.9,True,False,institutional,324000.0,809899.8,1.103,6.825,67491.7,36709.9,Storage Tank
2306.1,307.9,pavers,0.7,4,542.3,197939.5,clay,77.3,True,False,residential,33000.0,447330.4,2.26,3.983,37277.5,9897.0,Storage Tank
1108.8,726.4,rcc,0.85,27,1324.0,483260.0,sandy,350.1,True,True,institutional,178000.0,616155.7,1.275,2.075,51346.3,24163.0,Recharge Well
2000.4,205.2,metal,0.9,4,515.7,188230.5,loamy,50.2,True,True,residential,91000.0,332490.5,1.766,4.088,27707.5,9411.5,Recharge Well
2788.6,252.7,metal,0.9,3,364.2,132933.0,loamy,70.1,True,True,residential,68000.0,570790.2,4.294,3.605,47565.8,6646.7,Recharge Well
608.1,40.3,rcc,0.85,5,782.8,285722.0,sandy,115.3,True,True,residential,22000.0,18747.4,0.066,0.35,1562.3,937.4,Storage Tank
377.4,39.9,rcc,0.85,8,1010.2,368723.0,loamy,17.2,True,True,residential,112000.0,11519.6,0.031,2.32,960.0,576.0,Storage Tank
1376.2,647.7,rcc,0.85,13,834.4,304556.0,loamy,122.1,True,False,commercial,240000.0,681894.0,2.239,5.305,56824.5,15227.8,Hybrid System
402.6,48.3,rcc,0.85,5,653.9,238673.5,silty,55.1,False,False,residential,65000.0,14875.9,0.062,0.877,1239.7,743.8,Storage Tank
2106.0,661.2,metal,0.9,56,2979.7,1087590.5,loamy,173.2,False,False,institutional,332000.0,1127914.6,1.037,3.818,93992.9,54379.5,Hybrid System
1030.3,804.2,rcc,0.85,40,1981.1,723101.5,clay,374.3,True,False,institutional,430000.0,633854.0,0.877,2.149,52821.2,31692.7,Storage Tank
530.1,263.9,rcc,0.85,5,646.5,235972.5,sandy,117.8,True,False,residential,71000.0,107018.4,0.454,2.24,8918.2,5350.9,Hybrid System
880.3,179.8,rcc,0.85,2,235.0,85775.0,sandy,12.5,True,True,residential,36000.0,121082.6,1.412,14.384,10090.2,4288.8,Storage Tank
745.5,961.0,tiles,0.8,39,2537.3,926114.5,clay,452.5,True,True,industrial,181000.0,515826.4,0.557,2.124,42985.5,25791.3,Storage Tank
688.6,186.0,rcc,0.85,8,981.9,358393.5,loamy,31.6,False,True,residential,92000.0,97980.9,0.273,5.886,8165.1,4899.0,Recharge Pit
2430.6,557.5,rcc,0.85,45,1382.6,504649.0,sandy,240.5,True,True,institutional,258000.0,1036620.5,2.054,2.318,86385.0,25232.5,Recharge Well
419.5,1755.1,rcc,0.85,34,2183.2,796868.0,sandy,116.7,True,False,industrial,322000.0,563242.3,0.707,15.039,46936.9,28162.1,Hybrid System
914.4,2182.7,metal,0.9,28,2410.0,879650.0,sandy,62.7,True,False,industrial,184000.0,1616647.3,1.838,34.812,134720.6,43982.5,Hybrid System
1010.0,453.7,metal,0.9,25,1260.0,459900.0,sandy,47.7,True,False,commercial,348000.0,371172.0,0.807,9.512,30931.0,18558.6,Hybrid System
1007.7,106.0,rcc,0.85,4,522.1,190566.5,rocky,86.4,True,False,residential,86000.0,81714.4,0.429,1.227,6809.5,4085.7,Storage Tank
1156.1,277.6,metal,0.9,7,772.9,282108.5,sandy,9.9,True,False,residential,36000.0,259956.0,0.921,28.04,21663.0,12997.8,Storage Tank
1261.3,71.8,rcc,0.85,5,660.2,240973.0,silty,119.3,True,False,residential,75000.0,69279.4,0.287,0.602,5773.3,3464.0,Hybrid System
592.4,1399.2,tiles,0.8,40,1585.2,578598.0,loamy,300.2,False,True,institutional,327000.0,596798.0,1.031,4.661,49733.2,28929.9,Recharge Well
1204.4,689.8,rcc,0.85,45,2257.8,824097.0,rocky,497.8,False,False,industrial,476000.0,635558.3,0.771,1.386,52963.2,31777.9,Storage Tank
654.0,145.8,rcc,0.85,5,648.9,236848.5,loamy,21.0,True,False,residential,130000.0,72945.2,0.308,6.943,6078.8,3647.3,Hybrid System
629.8,75.9,rcc,0.85,7,1043.2,380768.0,silty,90.7,True,False,residential,99000.0,36568.4,0.096,0.837,3047.4,1828.4,Storage Tank
1192.5,891.6,tiles,0.8,19,681.7,248820.5,rocky,294.1,True,False,commercial,110000.0,765527.8,3.077,3.032,63794.0,12441.0,Storage Tank
601.7,1078.3,metal,0.9,62,2839.7,1036490.5,sandy,313.1,False,True,institutional,157000.0,525538.6,0.507,3.444,43794.9,26276.9,Recharge Well
360.0,697.0,metal,0.9,17,643.1,234731.5,clay,246.6,False,True,commercial,173000.0,203245.2,0.866,2.826,16937.1,10162.3,Storage Tank
1095.6,269.4,rcc,0.85,6,733.7,267800.5,clay,69.2,True,False,residential,56000.0,225793.3,0.843,3.893,18816.1,11289.7,Storage Tank
827.5,667.8,tiles,0.8,32,2250.3,821359.5,silty,83.4,False,False,commercial,249000.0,397875.2,0.484,8.007,33156.3,19893.8,Hybrid System
1731.6,189.4,rcc,0.85,5,699.1,255171.5,loamy,33.0,True,True,residential,30000.0,250893.3,0.983,5.739,20907.8,12544.7,Recharge Well
1843.8,218.1,tiles,0.8,3,413.0,150745.0,loamy,1.4,False,False,residential,111000.0,289535.6,1.921,155.786,24128.0,7537.2,Storage Tank
788.7,168.2,rcc,0.85,8,1086.0,396390.0,sandy,19.8,False,False,residential,147000.0,101484.4,0.256,8.495,8457.0,5074.2,Hybrid System
1048.7,128.8,metal,0.9,2,260.2,94973.0,clay,19.4,False,False,residential,35000.0,109408.8,1.152,6.639,9117.4,4748.7,Storage Tank
2114.5,208.9,tiles,0.8,7,783.6,286014.0,clay,79.1,True,True,residential,55000.0,318037.7,1.112,2.641,26503.1,14300.7,Storage Tank
860.1,997.4,rcc,0.85,38,1401.0,511365.0,loamy,112.9,True,False,commercial,138000.0,656265.8,1.283,8.834,54688.8,25568.2,Hybrid System
967.4,986.9,metal,0.9,39,1920.1,700836.5,loamy,342.1,True,True,commercial,142000.0,773328.9,1.103,2.885,64444.1,35041.8,Recharge Well
1174.2,188.7,tiles,0.8,3,456.0,166440.0,loamy,119.7,False,False,residential,58000.0,159531.5,0.958,1.576,13294.3,7976.6,Storage Tank
969.6,1983.7,tiles,0.8,30,2107.9,769383.5,loamy,300.0,True,True,industrial,231000.0,1384844.8,1.8,6.612,115403.7,38469.2,Recharge Well
1951.7,137.3,rcc,0.85,8,1167.4,426101.0,rocky,62.8,True,False,residential,26000.0,204995.8,0.481,2.186,17083.0,10249.8,Storage Tank
1947.7,211.3,metal,0.9,7,1113.0,406245.0,loamy,27.1,True,False,residential,100000.0,333354.7,0.821,7.797,27779.6,16667.7,Hybrid System
1713.2,475.1,rcc,0.85,42,1813.9,662073.5,sandy,394.9,True,True,institutional,283000.0,622665.1,0.94,1.203,51888.8,31133.3,Recharge Well
1161.8,1065.0,rcc,0.85,69,2999.6,1094854.0,loamy,288.4,True,False,institutional,261000.0,946547.5,0.865,3.693,78879.0,47327.4,Hybrid System
3137.8,1028.4,tiles,0.8,68,3795.0,1385175.0,silty,482.0,True,False,institutional,413000.0,2323377.7,1.677,2.134,193614.8,69258.8,Hybrid System
2450.0,227.0,metal,0.9,3,446.5,162972.5,loamy,66.3,True,False,residential,106000.0,450481.5,2.764,3.424,37540.1,8148.6,Hybrid System
759.1,1967.8,rcc,0.85,17,1108.3,404529.5,clay,324.6,False,True,industrial,163000.0,1142724.1,2.825,6.062,95227.0,20226.5,Storage Tank
1100.1,707.7,rcc,0.85,24,1493.3,545054.5,rocky,237.6,True,False,commercial,183000.0,595583.7,1.093,2.979,49632.0,27252.7,Storage Tank
1178.0,599.7,tiles,0.8,20,592.4,216226.0,sandy,162.3,False,False,institutional,253000.0,508641.6,2.352,3.695,42386.8,10811.3,Hybrid System
950.3,157.3,pavers,0.7,12,651.8,237907.0,silty,154.6,True,False,commercial,102000.0,94173.8,0.396,1.017,7847.8,4708.7,Hybrid System
1200.1,2308.0,tiles,0.8,24,2126.1,776026.5,silty,508.8,False,False,industrial,174000.0,1994278.2,2.57,4.536,166189.9,38801.3,Hybrid System
1170.1,168.1,metal,0.9,4,520.9,190128.5,rocky,19.4,True,True,residential,111000.0,159322.0,0.838,8.665,13276.8,7966.1,Storage Tank
1087.9,203.0,metal,0.9,7,957.9,349633.5,sandy,109.3,True,False,residential,130000.0,178883.4,0.512,1.857,14906.9,8944.2,Hybrid System
796.5,933.8,pavers,0.7,25,1017.3,371314.5,sandy,157.8,False,True,institutional,142000.0,468576.2,1.262,5.918,39048.0,18565.7,Recharge Well
579.1,128.2,metal,0.9,4,578.0,210970.0,silty,40.2,True,False,residential,110000.0,60134.9,0.285,3.189,5011.2,3006.7,Hybrid System
2689.2,119.2,rcc,0.85,5,708.4,258566.0,clay,29.8,True,True,residential,60000.0,245222.8,0.948,4.0,20435.2,12261.1,Storage Tank
571.2,177.0,rcc,0.85,4,506.2,184763.0,clay,21.4,True,False,residential,119000.0,77343.3,0.419,8.271,6445.3,3867.2,Storage Tank
770.8,341.2,tiles,0.8,23,1549.7,565640.5,loamy,130.9,True,True,commercial,151000.0,189357.8,0.335,2.607,15779.8,9467.9,Recharge Well
1168.6,869.4,rcc,0.85,13,831.6,303534.0,silty,221.1,False,False,commercial,201000.0,777225.3,2.561,3.932,64768.8,15176.7,Hybrid System
965.5,212.7,metal,0.9,7,1050.5,383432.5,loamy,113.2,True,False,residential,33000.0,166343.1,0.434,1.879,13861.9,8317.2,Recharge Well
1061.4,242.2,rcc,0.85,2,259.7,94790.5,silty,32.2,True,False,residential,65000.0,196659.4,2.075,7.522,16388.3,4739.5,Recharge Well
921.2,866.0,pavers,0.7,37,1723.0,628895.0,loamy,269.5,True,False,institutional,446000.0,502588.3,0.799,3.213,41882.4,25129.4,Hybrid System
1378.3,1254.2,rcc,0.85,47,3124.2,1140333.0,sandy,441.2,True,False,industrial,279000.0,1322427.9,1.16,2.843,110202.3,57016.7,Hybrid System
903.5,866.9,rcc,0.85,33,1723.6,629114.0,clay,102.9,True,True,commercial,239000.0,599181.8,0.952,8.425,49931.8,29959.1,Storage Tank
958.4,115.7,tiles,0.8,6,896.4,327186.0,clay,100.3,True,False,residential,41000.0,79838.6,0.244,1.154,6653.2,3991.9,Storage Tank
1619.2,176.5,rcc,0.85,8,1203.6,439314.0,loamy,29.4,True,False,residential,100000.0,218628.4,0.498,6.003,18219.0,10931.4,Hybrid System
572.3,219.6,metal,0.9,4,615.3,224584.5,loamy,35.8,True,True,residential,22000.0,101798.4,0.453,6.134,8483.2,5089.9,Storage Tank
1132.1,1424.3,rcc,0.85,21,928.8,339012.0,sandy,364.8,True,True,industrial,399000.0,1233524.3,3.639,3.904,102793.7,16950.6,Recharge Well
1739.6,144.8,rcc,0.85,4,498.8,182062.0,sandy,67.2,True,True,residential,59000.0,192699.0,1.058,2.155,16058.2,9103.1,Recharge Well
759.4,224.6,rcc,0.85,2,225.9,82453.5,silty,36.6,False,True,residential,137000.0,130479.3,1.582,6.137,10873.3,4122.7,Recharge Pit
1208.1,138.8,metal,0.9,6,944.7,344815.5,clay,93.3,True,False,residential,57000.0,135824.3,0.394,1.488,11318.7,6791.2,Storage Tank
1388.9,402.9,rcc,0.85,22,1340.3,489209.5,sandy,249.8,True,True,commercial,116000.0,428084.7,0.875,1.613,35673.7,21404.2,Recharge Well
1269.5,1702.6,rcc,0.85,46,3816.3,1392949.5,loamy,221.0,True,True,industrial,255000.0,1653509.8,1.187,7.704,137792.5,69647.5,Recharge Well
600.8,282.7,rcc,0.85,2,319.0,116435.0,loamy,9.1,True,False,residential,106000.0,129932.3,1.116,31.066,10827.7,5821.8,Storage Tank
1043.6,860.0,rcc,0.85,25,1398.2,510343.0,sandy,247.7,False,False,commercial,318000.0,686584.4,1.345,3.472,57215.4,25517.2,Hybrid System
3080.3,62.5,rcc,0.85,5,703.5,256777.5,silty,96.5,True,True,residential,137000.0,147276.8,0.574,0.648,12273.1,7363.8,Recharge Pit
427.2,131.1,rcc,0.85,7,1061.2,387338.0,sandy,68.6,True,False,residential,96000.0,42844.5,0.111,1.911,3570.4,2142.2,Storage Tank
702.3,1590.9,pavers,0.7,29,1314.0,479610.0,sandy,381.0,True,False,industrial,244000.0,703892.1,1.468,4.176,58657.7,23980.5,Hybrid System
544.4,549.0,rcc,0.85,25,1185.6,432744.0,loamy,91.8,False,False,commercial,141000.0,228639.8,0.528,5.98,19053.3,11432.0,Hybrid System
849.9,80.0,pavers,0.7,2,314.9,114938.5,loamy,9.4,False,True,residential,141000.0,42835.0,0.373,8.511,3569.6,2141.8,Storage Tank
998.8,1210.1,rcc,0.85,38,1229.8,448877.0,sandy,173.5,True,True,institutional,375000.0,924615.6,2.06,6.975,77051.3,22443.9,Recharge Well
898.0,1370.7,rcc,0.85,46,2330.7,850705.5,clay,333.2,True,False,institutional,326000.0,941629.8,1.107,4.114,78469.2,42535.3,Storage Tank
1786.8,1351.5,rcc,0.85,40,1925.7,702880.5,loamy,366.6,False,False,institutional,104000.0,1847368.1,2.628,3.687,153947.3,35144.0,Hybrid System
1129.5,229.3,rcc,0.85,7,888.0,324120.0,sandy,86.2,True,True,residential,117000.0,198130.7,0.611,2.66,16510.9,9906.5,Recharge Well
729.5,263.2,pavers,0.7,4,521.3,190274.5,loamy,42.7,True,False,residential,123000.0,120962.8,0.636,6.164,10080.2,6048.1,Hybrid System
794.6,129.5,rcc,0.85,4,519.7,189690.5,sandy,2.3,True,False,residential,120000.0,78719.0,0.415,56.304,6559.9,3936.0,Storage Tank
2013.8,243.8,rcc,0.85,2,266.8,97382.0,rocky,48.5,False,False,residential,78000.0,375587.8,3.857,5.027,31299.0,4869.1,Storage Tank
740.8,1057.5,rcc,0.85,27,1707.0,623055.0,loamy,355.1,True,False,industrial,429000.0,599297.9,0.962,2.978,49941.5,29964.9,Hybrid System
3043.5,926.4,rcc,0.85,19,835.1,304811.5,loamy,329.0,True,False,commercial,75000.0,2156916.3,7.076,2.816,179743.0,15240.6,Hybrid System
826.9,225.0,rcc,0.85,4,546.2,199363.0,loamy,70.8,True,True,residential,46000.0,142330.2,0.714,3.178,11860.9,7116.5,Recharge Pit
481.8,316.2,pavers,0.7,35,2690.8,982142.0,clay,109.2,True,False,commercial,182000.0,95977.5,0.098,2.896,7998.1,4798.9,Storage Tank
319.7,143.9,metal,0.9,4,531.1,193851.5,sandy,83.8,True,False,residential,70000.0,37263.9,0.192,1.717,3105.3,1863.2,Storage Tank
2268.8,177.4,rcc,0.85,2,227.5,83037.5,rocky,109.7,True,True,residential,23000.0,307901.1,3.708,1.617,25658.4,4151.9,Storage Tank
655.5,221.3,rcc,0.85,8,1218.6,444789.0,sandy,51.2,True,False,residential,92000.0,110972.5,0.249,4.322,9247.7,5548.6,Hybrid System
1980.7,262.0,metal,0.9,6,810.6,295869.0,clay,115.9,True,True,residential,142000.0,420344.2,1.421,2.261,35028.7,14793.5,Storage Tank
526.7,168.9,rcc,0.85,7,845.3,308534.5,silty,32.6,False,False,residential,42000.0,68054.1,0.221,5.181,5671.2,3402.7,Recharge Pit
1935.9,268.1,pavers,0.7,2,277.5,101287.5,loamy,15.7,False,True,residential,79000.0,326979.3,3.228,17.076,27248.3,5064.4,Storage Tank
1628.6,678.7,rcc,0.85,12,764.4,279006.0,clay,23.1,True,True,commercial,79000.0,845578.1,3.031,29.381,70464.8,13950.3,Storage Tank
1992.5,300.5,rcc,0.85,6,854.2,311783.0,loamy,41.0,False,True,residential,121000.0,458040.9,1.469,7.329,38170.1,15589.2,Recharge Well
324.5,151.6,pavers,0.7,18,1416.4,516986.0,sandy,332.7,True,False,commercial,318000.0,30992.3,0.06,0.456,2582.7,1549.6,Storage Tank
2380.4,299.3,rcc,0.85,36,2363.7,862750.5,loamy,196.0,True,True,commercial,214000.0,545027.1,0.632,1.527,45418.9,27251.4,Recharge Well
617.1,45.2,rcc,0.85,3,445.3,162534.5,loamy,10.7,True,True,residential,47000.0,21338.1,0.131,4.224,1778.2,1066.9,Storage Tank
658.2,196.2,rcc,0.85,2,313.4,114391.0,sandy,39.3,False,False,residential,38000.0,98791.2,0.864,4.992,8232.6,4939.6,Recharge Pit
817.9,104.4,rcc,0.85,6,955.9,348903.5,clay,64.0,True,False,residential,35000.0,65322.4,0.187,1.631,5443.5,3266.1,Storage Tank
2896.8,459.7,rcc,0.85,13,834.5,304592.5,loamy,258.1,False,False,commercial,312000.0,1018719.1,3.345,1.781,84893.3,15229.6,Hybrid System
1774.9,33.5,rcc,0.85,8,1238.2,451943.0,sandy,19.5,True,False,residential,149000.0,45486.2,0.101,1.718,3790.5,2274.3,Storage Tank
555.4,1787.8,tiles,0.8,61,3041.4,1110111.0,clay,93.1,True,False,institutional,242000.0,714919.8,0.644,19.203,59576.7,35746.0,Storage Tank
1005.3,1647.9,rcc,0.85,29,1997.6,729124.0,loamy,84.0,True,False,industrial,342000.0,1267324.9,1.738,19.618,105610.4,36456.2,Hybrid System
1163.3,357.3,metal,0.9,33,1212.0,442380.0,clay,55.9,True,False,institutional,201000.0,336674.1,0.761,6.392,28056.2,16833.7,Storage Tank
744.5,151.3,rcc,0.85,4,584.1,213196.5,loamy,66.6,True,False,residential,75000.0,86171.8,0.404,2.272,7181.0,4308.6,Hybrid System
535.7,616.9,tiles,0.8,42,1366.7,498845.5,clay,132.2,True,False,institutional,447000.0,237940.8,0.477,4.666,19828.4,11897.0,Storage Tank
2773.3,245.4,tiles,0.8,2,257.3,93914.5,rocky,17.9,True,False,residential,93000.0,490008.8,5.218,13.709,40834.1,4695.7,Storage Tank
359.0,293.4,rcc,0.85,7,1034.0,377410.0,loamy,56.6,False,True,residential,39000.0,80577.9,0.214,5.184,6714.8,4028.9,Recharge Well
2504.6,181.3,rcc,0.85,2,273.2,99718.0,rocky,11.0,False,False,residential,78000.0,347374.2,3.484,16.482,28947.9,4985.9,Storage Tank
1303.0,118.0,rcc,0.85,8,1194.8,436102.0,clay,74.4,True,True,residential,31000.0,117621.8,0.27,1.586,9801.8,5881.1,Storage Tank
593.0,153.9,rcc,0.85,5,617.4,225351.0,loamy,61.4,True,True,residential,77000.0,69816.0,0.31,2.507,5818.0,3490.8,Recharge Pit
741.4,249.4,metal,0.9,6,897.5,327587.5,clay,117.3,False,True,residential,122000.0,149773.2,0.457,2.126,12481.1,7488.7,Storage Tank
1055.7,408.2,rcc,0.85,27,1026.0,374490.0,sandy,342.1,True,True,commercial,338000.0,329666.6,0.88,1.193,27472.2,16483.3,Recharge Well
1106.6,1207.8,metal,0.9,34,2716.9,991668.5,silty,285.8,True,False,industrial,483000.0,1082606.7,1.092,4.226,90217.2,49583.4,Hybrid System
1523.6,304.9,metal,0.9,8,1207.5,440737.5,clay,15.0,False,True,residential,131000.0,376282.0,0.854,20.327,31356.8,18814.1,Storage Tank
430.8,206.1,rcc,0.85,4,626.7,228745.5,loamy,38.0,True,False,residential,142000.0,67922.7,0.297,5.424,5660.2,3396.1,Hybrid System
1797.9,211.1,rcc,0.85,7,966.1,352626.5,silty,51.5,True,False,residential,146000.0,290345.6,0.823,4.099,24195.5,14517.3,Hybrid System
656.6,110.9,metal,0.9,5,713.5,260427.5,rocky,80.7,False,False,residential,21000.0,58981.7,0.226,1.374,4915.1,2949.1,Storage Tank
1544.8,1165.9,rcc,0.85,27,1165.7,425480.5,loamy,496.9,True,False,institutional,104000.0,1377828.0,3.238,2.346,114819.0,21274.0,Hybrid System
428.7,288.9,metal,0.9,6,798.1,291306.5,loamy,108.5,True,True,residential,73000.0,100319.7,0.344,2.663,8360.0,5016.0,Recharge Well
1726.8,40.9,rcc,0.85,6,842.6,307549.0,sandy,84.3,False,False,residential,79000.0,54029.0,0.176,0.485,4502.4,2701.5,Storage Tank
2018.4,673.5,rcc,0.85,18,1781.6,650284.0,loamy,193.5,True,False,industrial,213000.0,1039935.2,1.599,3.481,86661.3,32514.2,Hybrid System
956.3,177.3,rcc,0.85,23,822.5,300212.5,sandy,224.0,True,True,commercial,88000.0,129707.3,0.432,0.792,10808.9,6485.4,Recharge Well
917.7,1332.5,pavers,0.7,31,1802.8,658022.0,silty,190.5,True,True,industrial,332000.0,770386.2,1.171,6.995,64198.8,32901.1,Recharge Well
468.9,225.8,rcc,0.85,3,355.1,129611.5,silty,31.5,True,True,residential,25000.0,80996.4,0.625,7.168,6749.7,4049.8,Recharge Pit
335.9,791.1,rcc,0.85,36,2864.4,1045506.0,sandy,245.4,False,True,commercial,250000.0,203283.8,0.194,3.224,16940.3,10164.2,Recharge Well
1215.6,320.7,rcc,0.85,33,2081.6,759784.0,sandy,171.9,True,False,commercial,81000.0,298229.8,0.393,1.866,24852.5,14911.5,Hybrid System
954.4,298.1,rcc,0.85,5,642.5,234512.5,clay,8.5,False,False,residential,136000.0,217647.6,0.928,35.071,18137.3,10882.4,Storage Tank
747.6,172.1,rcc,0.85,5,654.3,238819.5,rocky,27.5,False,False,residential,50000.0,98426.4,0.412,6.258,8202.2,4921.3,Storage Tank
910.9,66.4,pavers,0.7,5,651.2,237688.0,loamy,53.5,True,True,residential,134000.0,38104.8,0.16,1.241,3175.4,1905.2,Recharge Pit
883.4,1350.0,rcc,0.85,30,1408.0,513920.0,loamy,374.7,True,True,institutional,338000.0,912331.3,1.775,3.603,76027.6,25696.0,Recharge Well
922.1,597.3,tiles,0.8,60,1894.0,691310.0,silty,50.0,True,False,institutional,282000.0,396554.6,0.574,11.946,33046.2,19827.7,Hybrid System
2185.8,759.1,rcc,0.85,20,854.9,312038.5,sandy,120.8,True,False,commercial,160000.0,1269319.2,4.068,6.284,105776.6,15601.9,Hybrid System
310.0,431.5,pavers,0.7,17,1281.4,467711.0,silty,314.0,True,True,commercial,343000.0,84271.9,0.18,1.374,7022.7,4213.6,Recharge Well
1491.6,283.8,rcc,0.85,7,990.8,361642.0,silty,56.8,True,True,residential,107000.0,323836.8,0.895,4.996,26986.4,16191.8,Recharge Well
974.0,973.4,rcc,0.85,21,1465.6,534944.0,loamy,129.8,True,True,commercial,303000.0,725290.1,1.356,7.499,60440.8,26747.2,Recharge Well
825.0,76.4,pavers,0.7,6,689.8,251777.0,loamy,100.7,False,False,residential,141000.0,39708.9,0.158,0.759,3309.1,1985.4,Storage Tank
2866.3,83.4,tiles,0.8,8,913.6,333464.0,silty,81.8,False,False,residential,108000.0,172115.6,0.516,1.02,14343.0,8605.8,Hybrid System
464.9,160.9,rcc,0.85,5,702.9,256558.5,loamy,93.5,True,False,residential,113000.0,57223.8,0.223,1.721,4768.7,2861.2,Hybrid System
511.3,1795.7,metal,0.9,36,1843.5,672877.5,silty,346.9,True,False,institutional,447000.0,743694.5,1.105,5.176,61974.5,33643.9,Hybrid System
1259.3,640.5,tiles,0.8,31,1760.2,642473.0,loamy,342.8,True,False,commercial,315000.0,580738.8,0.904,1.868,48394.9,29036.9,Hybrid System
3020.6,105.0,pavers,0.7,7,771.3,281524.5,silty,5.6,True,True,residential,21000.0,199812.7,0.71,18.75,16651.1,9990.6,Storage Tank
2392.8,153.9,pavers,0.7,5,570.1,208086.5,clay,94.8,True,True,residential,75000.0,231998.7,1.115,1.623,19333.2,10404.3,Storage Tank
2173.9,117.2,tiles,0.8,5,768.1,280356.5,sandy,85.4,True,True,residential,95000.0,183442.4,0.654,1.372,15286.9,9172.1,Recharge Well
1450.1,279.1,rcc,0.85,7,1028.8,375512.0,clay,116.2,False,False,residential,79000.0,309613.0,0.825,2.402,25801.1,15480.7,Storage Tank
302.8,88.4,rcc,0.85,5,576.7,210495.5,sandy,98.5,False,True,residential,77000.0,20477.2,0.097,0.897,1706.4,1023.9,Recharge Pit
521.8,1738.6,tiles,0.8,59,2266.1,827126.5,loamy,192.0,True,False,institutional,257000.0,653185.1,0.79,9.055,54432.1,32659.3,Hybrid System
639.7,261.5,rcc,0.85,20,1144.2,417633.0,clay,78.9,False,False,commercial,214000.0,127970.4,0.306,3.314,10664.2,6398.5,Storage Tank
1454.2,631.5,tiles,0.8,40,2365.8,863517.0,clay,439.4,True,False,institutional,413000.0,661195.7,0.766,1.437,55099.6,33059.8,Storage Tank
678.2,700.6,rcc,0.85,33,2084.9,760988.5,silty,114.6,True,False,commercial,341000.0,363487.4,0.478,6.113,30290.6,18174.4,Hybrid System
1099.8,300.2,rcc,0.85,18,1272.9,464608.5,loamy,279.1,False,False,commercial,136000.0,252572.4,0.544,1.076,21047.7,12628.6,Hybrid System
1282.2,84.3,metal,0.9,7,937.9,342333.5,loamy,89.5,True,False,residential,47000.0,87552.5,0.256,0.942,7296.0,4377.6,Recharge Pit
1576.4,319.8,tiles,0.8,7,935.2,341348.0,loamy,108.9,True,False,residential,67000.0,362975.6,1.063,2.937,30248.0,17067.4,Hybrid System
1031.6,976.9,tiles,0.8,17,797.8,291197.0,rocky,104.3,True,True,commercial,242000.0,725594.4,2.492,9.366,60466.2,14559.9,Storage Tank
806.2,770.1,rcc,0.85,65,2197.8,802197.0,loamy,210.3,True,False,institutional,107000.0,474953.8,0.592,3.662,39579.5,23747.7,Hybrid System
3111.5,152.9,rcc,0.85,2,230.3,84059.5,silty,6.3,False,False,residential,77000.0,363947.5,4.33,24.27,30329.0,4203.0,Storage Tank
461.6,1497.5,rcc,0.85,33,2800.5,1022182.5,sandy,181.3,True,True,industrial,289000.0,528803.2,0.517,8.26,44066.9,26440.2,Recharge Well
2014.6,37.4,rcc,0.85,2,243.5,88877.5,sandy,16.5,True,False,residential,100000.0,57639.7,0.649,2.267,4803.3,2882.0,Storage Tank
669.3,244.3,rcc,0.85,8,904.9,330288.5,clay,92.0,True,True,residential,113000.0,125085.1,0.379,2.655,10423.8,6254.3,Storage Tank
1094.4,256.3,metal,0.9,2,269.4,98331.0,silty,74.4,True,False,residential,91000.0,227200.7,2.311,3.445,18933.4,4916.6,Hybrid System
2073.6,251.6,rcc,0.85,4,529.1,193121.5,sandy,85.7,True,False,residential,133000.0,399114.1,2.067,2.936,33259.5,9656.1,Hybrid System
816.3,354.6,rcc,0.85,37,1653.6,603564.0,silty,260.4,True,False,institutional,137000.0,221436.9,0.367,1.362,18453.1,11071.8,Hybrid System
2609.5,1093.0,tiles,0.8,33,2459.9,897863.5,loamy,366.7,True,False,industrial,410000.0,2053572.1,2.287,2.981,171131.0,44893.2,Hybrid System
1184.2,56.4,pavers,0.7,7,952.4,347626.0,loamy,119.7,True,True,residential,88000.0,42077.0,0.121,0.471,3506.4,2103.8,Recharge Pit
838.9,95.2,rcc,0.85,7,927.2,338428.0,loamy,78.3,True,True,residential,131000.0,61095.4,0.181,1.216,5091.3,3054.8,Recharge Pit
1209.9,286.9,rcc,0.85,30,2259.1,824571.5,clay,284.9,True,True,commercial,109000.0,265547.0,0.322,1.007,22128.9,13277.4,Storage Tank
1122.9,668.1,rcc,0.85,11,413.1,150781.5,rocky,206.1,True,True,commercial,129000.0,573910.3,3.806,3.242,47825.9,7539.1,Storage Tank
2617.3,1112.7,rcc,0.85,43,4018.4,1466716.0,loamy,183.6,False,True,industrial,475000.0,2227886.3,1.519,6.06,185657.2,73335.8,Recharge Well
618.9,513.0,rcc,0.85,40,3075.5,1122557.5,silty,545.6,False,False,industrial,486000.0,242884.2,0.216,0.94,20240.4,12144.2,Hybrid System
483.6,336.9,metal,0.9,14,920.0,335800.0,rocky,299.7,True,False,commercial,264000.0,131969.1,0.393,1.124,10997.4,6598.5,Storage Tank
446.8,183.3,rcc,0.85,7,796.0,290540.0,rocky,107.0,True,False,residential,130000.0,62652.3,0.216,1.713,5221.0,3132.6,Storage Tank
2044.4,944.4,rcc,0.85,29,1720.9,628128.5,clay,110.6,True,False,commercial,275000.0,1477009.5,2.351,8.539,123084.1,31406.4,Storage Tank
1041.7,105.1,metal,0.9,7,1016.6,371059.0,sandy,11.9,True,True,residential,138000.0,88681.0,0.239,8.832,7390.1,4434.1,Storage Tank
570.1,622.9,metal,0.9,26,1194.0,435810.0,sandy,46.8,False,True,institutional,224000.0,287643.4,0.66,13.31,23970.3,14382.2,Recharge Well
774.4,1788.2,rcc,0.85,61,1798.9,656598.5,clay,143.3,True,True,institutional,384000.0,1059358.3,1.613,12.479,88279.9,32829.9,Storage Tank
1333.4,44.4,rcc,0.85,2,318.2,116143.0,silty,11.5,True,False,residential,97000.0,45290.3,0.39,3.861,3774.2,2264.5,Storage Tank
494.3,251.0,pavers,0.7,3,366.4,133736.0,loamy,42.4,True,False,residential,144000.0,78163.7,0.584,5.92,6513.6,3908.2,Hybrid System
702.2,2202.5,rcc,0.85,42,3523.0,1285895.0,loamy,333.7,True,False,industrial,493000.0,1183145.6,0.92,6.6,98595.5,59157.3,Hybrid System
579.5,1485.7,rcc,0.85,36,1145.9,418253.5,sandy,116.1,True,False,institutional,372000.0,658636.8,1.575,12.797,54886.4,20912.7,Hybrid System
1132.4,372.3,rcc,0.85,41,2062.0,752630.0,loamy,187.8,False,True,institutional,354000.0,322518.3,0.429,1.982,26876.5,16125.9,Recharge Well
924.2,301.0,rcc,0.85,2,290.5,106032.5,silty,27.2,True,True,residential,123000.0,212810.9,2.007,11.066,17734.2,5301.6,Recharge Well
978.5,155.8,metal,0.9,5,772.2,281853.0,clay,32.4,True,True,residential,107000.0,123484.7,0.438,4.809,10290.4,6174.2,Storage Tank
821.7,134.6,rcc,0.85,7,799.8,291927.0,silty,26.4,True,False,residential,21000.0,84609.6,0.29,5.098,7050.8,4230.5,Storage Tank
1100.6,128.9,rcc,0.85,7,858.4,313316.0,silty,2.2,True,False,residential,111000.0,108528.5,0.346,58.591,9044.0,5426.4,Storage Tank
2795.2,291.1,rcc,0.85,25,1748.4,638166.0,clay,216.7,True,False,commercial,250000.0,622467.3,0.975,1.343,51872.3,31123.4,Storage Tank
1777.3,642.5,metal,0.9,39,1884.7,687915.5,sandy,102.0,False,False,institutional,243000.0,924951.4,1.345,6.299,77079.3,34395.8,Hybrid System
838.7,311.1,rcc,0.85,8,928.6,338939.0,loamy,43.6,False,False,residential,53000.0,199603.5,0.589,7.135,16633.6,9980.2,Recharge Well
1850.9,166.7,tiles,0.8,3,408.4,149066.0,sandy,66.0,True,False,residential,33000.0,222152.4,1.49,2.526,18512.7,7453.3,Recharge Well
2912.0,60.3,tiles,0.8,6,744.2,271633.0,sandy,66.8,False,False,residential,112000.0,126427.4,0.465,0.903,10535.6,6321.4,Hybrid System
2539.5,54.9,rcc,0.85,2,239.6,87454.0,clay,24.6,True,False,residential,104000.0,106655.2,1.22,2.232,8887.9,4372.7,Storage Tank
3190.3,360.5,metal,0.9,22,1308.3,477529.5,loamy,53.1,True,True,commercial,331000.0,931583.6,1.951,6.789,77632.0,23876.5,Recharge Well
932.5,391.9,rcc,0.85,11,747.1,272691.5,silty,104.8,False,False,commercial,119000.0,279566.8,1.025,3.74,23297.2,13634.6,Hybrid System
816.5,307.2,rcc,0.85,4,542.9,198158.5,silty,70.7,True,True,residential,123000.0,191884.0,0.968,4.345,15990.3,9594.2,Recharge Well
878.0,358.3,rcc,0.85,33,1757.0,641305.0,silty,175.2,True,True,institutional,189000.0,240659.4,0.375,2.045,20055.0,12033.0,Recharge Well
525.1,226.8,pavers,0.7,8,890.1,324886.5,clay,90.0,True,False,residential,48000.0,75028.4,0.231,2.52,6252.4,3751.4,Storage Tank
2063.6,254.8,rcc,0.85,6,717.6,261924.0,sandy,108.5,True,False,residential,46000.0,402241.0,1.536,2.348,33520.1,13096.2,Recharge Well
1511.0,227.2,rcc,0.85,3,382.7,139685.5,loamy,108.7,True,False,residential,148000.0,262623.9,1.88,2.09,21885.3,6984.3,Hybrid System
311.4,825.3,pavers,0.7,48,4376.5,1597422.5,loamy,216.4,True,False,industrial,329000.0,161909.0,0.101,3.814,13492.4,8095.5,Hybrid System
352.3,315.4,metal,0.9,32,1680.7,613455.5,rocky,155.8,True,False,commercial,114000.0,90003.5,0.147,2.024,7500.3,4500.2,Storage Tank
1517.0,795.0,rcc,0.85,30,2236.2,816213.0,sandy,137.8,True,True,commercial,154000.0,922601.5,1.13,5.769,76883.5,40810.7,Recharge Well
1878.4,871.8,metal,0.9,13,803.9,293423.5,clay,295.8,True,False,commercial,281000.0,1326447.2,4.521,2.947,110537.3,14671.2,Storage Tank
1154.6,94.5,rcc,0.85,4,629.7,229840.5,silty,77.0,True,False,residential,134000.0,83468.9,0.363,1.227,6955.7,4173.4,Hybrid System
2160.3,298.0,tiles,0.8,5,598.4,218416.0,clay,107.0,True,False,residential,24000.0,463514.0,2.122,2.785,38626.2,10920.8,Storage Tank
547.2,165.1,tiles,0.8,2,303.1,110631.5,sandy,1.9,True,False,residential,55000.0,65046.8,0.588,86.895,5420.6,3252.3,Storage Tank
2145.2,935.5,rcc,0.85,36,2828.9,1032548.5,sandy,312.8,False,False,commercial,143000.0,1535228.5,1.487,2.991,127935.7,51627.4,Hybrid System
919.7,1462.9,rcc,0.85,64,1898.8,693062.0,rocky,341.1,True,False,institutional,381000.0,1029253.3,1.485,4.289,85771.1,34653.1,Storage Tank
2367.0,225.6,tiles,0.8,15,1011.5,369197.5,sandy,36.0,True,True,commercial,252000.0,384476.5,1.041,6.267,32039.7,18459.9,Recharge Well
493.2,309.4,pavers,0.7,3,375.0,136875.0,loamy,63.7,True,False,residential,73000.0,96135.5,0.702,4.857,8011.3,4806.8,Hybrid System
2529.5,238.3,metal,0.9,5,667.6,243674.0,clay,92.3,True,False,residential,34000.0,488251.7,2.004,2.582,40687.6,12183.7,Storage Tank
1670.6,307.8,rcc,0.85,7,1059.2,386608.0,loamy,87.8,False,False,residential,149000.0,393371.2,1.017,3.506,32780.9,19330.4,Hybrid System
1053.8,184.4,tiles,0.8,3,464.7,169615.5,clay,62.3,False,True,residential,81000.0,139910.9,0.825,2.96,11659.2,6995.5,Storage Tank
585.5,305.5,pavers,0.7,5,789.1,288021.5,sandy,44.2,False,False,residential,104000.0,112688.3,0.391,6.912,9390.7,5634.4,Hybrid System
1146.2,281.2,rcc,0.85,4,504.8,184252.0,sandy,81.5,True,False,residential,93000.0,246568.3,1.338,3.45,20547.4,9212.6,Hybrid System
2186.0,333.8,pavers,0.7,23,825.9,301453.5,loamy,241.4,False,False,commercial,201000.0,459702.7,1.525,1.383,38308.6,15072.7,Hybrid System
513.3,271.3,rcc,0.85,8,951.4,347261.0,rocky,90.8,True,False,residential,26000.0,106532.6,0.307,2.988,8877.7,5326.6,Storage Tank
2211.9,198.3,rcc,0.85,2,240.9,87928.5,clay,58.3,True,False,residential,31000.0,335544.1,3.816,3.401,27962.0,4396.4,Storage Tank
2140.4,980.4,metal,0.9,38,1628.7,594475.5,silty,127.4,True,True,commercial,126000.0,1699743.0,2.859,7.695,141645.2,29723.8,Recharge Well
780.7,228.9,pavers,0.7,3,421.1,153701.5,silty,18.4,True,True,residential,47000.0,112582.4,0.732,12.44,9381.9,5629.1,Recharge Pit
1527.1,95.9,pavers,0.7,6,905.8,330617.0,sandy,91.4,True,True,residential,148000.0,92262.8,0.279,1.049,7688.6,4613.1,Recharge Pit
619.0,576.9,rcc,0.85,37,2132.4,778326.0,loamy,71.9,False,True,industrial,159000.0,273182.3,0.351,8.024,22765.2,13659.1,Recharge Well
706.1,108.6,metal,0.9,3,435.4,158921.0,loamy,113.1,False,False,residential,55000.0,62112.8,0.391,0.96,5176.1,3105.6,Storage Tank
519.7,183.4,rcc,0.85,4,548.8,200312.0,loamy,80.5,True,True,residential,23000.0,72914.4,0.364,2.278,6076.2,3645.7,Storage Tank
1428.2,130.9,pavers,0.7,7,1068.3,389929.5,clay,66.5,False,True,residential,113000.0,117779.4,0.302,1.968,9814.9,5889.0,Storage Tank
2224.9,109.6,tiles,0.8,4,604.2,220533.0,loamy,65.5,True,True,residential,64000.0,175571.3,0.796,1.673,14630.9,8778.6,Recharge Pit
1000.1,1450.7,rcc,0.85,35,1565.1,571261.5,loamy,92.3,True,False,institutional,149000.0,1109896.5,1.943,15.717,92491.4,28563.1,Hybrid System
1961.3,310.1,rcc,0.85,7,991.8,362007.0,silty,26.7,True,False,residential,27000.0,465272.3,1.285,11.614,38772.7,18100.4,Recharge Well
616.6,277.4,rcc,0.85,6,663.4,242141.0,silty,55.0,True,True,residential,37000.0,130849.3,0.54,5.044,10904.1,6542.5,Recharge Pit
492.0,44.8,rcc,0.85,3,471.8,172207.0,clay,118.5,True,True,residential,82000.0,16861.8,0.098,0.378,1405.1,843.1,Storage Tank
349.9,1313.3,metal,0.9,46,2674.8,976302.0,sandy,317.3,True,False,institutional,303000.0,372214.2,0.381,4.139,31017.9,18610.7,Hybrid System
893.4,38.0,tiles,0.8,4,492.4,179726.0,loamy,82.7,True,False,residential,140000.0,24443.4,0.136,0.459,2037.0,1222.2,Storage Tank
506.6,873.2,pavers,0.7,21,1097.0,400405.0,rocky,307.6,False,True,commercial,172000.0,278688.8,0.696,2.839,23224.1,13934.4,Storage Tank
601.9,109.4,rcc,0.85,4,570.7,208305.5,clay,2.3,False,True,residential,37000.0,50373.6,0.242,47.565,4197.8,2518.7,Storage Tank
426.3,248.2,rcc,0.85,4,585.8,213817.0,loamy,50.4,False,False,residential,148000.0,80942.9,0.379,4.925,6745.2,4047.1,Hybrid System
579.4,160.5,pavers,0.7,7,1079.0,393835.0,loamy,85.0,True,True,residential,133000.0,58586.0,0.149,1.888,4882.2,2929.3,Recharge Pit
553.6,203.5,rcc,0.85,7,1116.5,407522.5,sandy,48.8,True,False,residential,21000.0,86183.1,0.211,4.17,7181.9,4309.2,Storage Tank
1453.9,424.4,metal,0.9,22,1644.3,600169.5,clay,340.3,True,False,commercial,189000.0,499798.5,0.833,1.247,41649.9,24989.9,Storage Tank
918.8,780.6,tiles,0.8,45,1781.3,650174.5,loamy,73.5,True,False,institutional,135000.0,516395.0,0.794,10.62,43032.9,25819.8,Hybrid System
1066.8,105.4,metal,0.9,7,926.2,338063.0,loamy,83.4,True,False,residential,30000.0,91077.0,0.269,1.264,7589.8,4553.9,Recharge Pit
896.9,67.9,tiles,0.8,2,301.7,110120.5,rocky,60.9,False,False,residential,84000.0,43847.6,0.398,1.115,3654.0,2192.4,Storage Tank
949.8,170.4,rcc,0.85,4,619.2,226008.0,clay,49.8,True,False,residential,22000.0,123812.1,0.548,3.422,10317.7,6190.6,Storage Tank
439.8,1347.4,rcc,0.85,28,1909.3,696894.5,loamy,354.1,True,True,industrial,191000.0,453328.7,0.65,3.805,37777.4,22666.4,Recharge Well
1162.3,698.3,rcc,0.85,15,1103.9,402923.5,rocky,39.3,True,False,commercial,130000.0,620900.1,1.541,17.768,51741.7,20146.2,Storage Tank
513.5,854.6,rcc,0.85,24,1291.2,471288.0,loamy,106.8,False,False,commercial,90000.0,335710.4,0.712,8.002,27975.9,16785.5,Hybrid System
500.8,1878.9,metal,0.9,35,3052.6,1114199.0,sandy,345.8,True,True,industrial,337000.0,762172.0,0.684,5.433,63514.3,38108.6,Recharge Well
2508.4,844.3,metal,0.9,41,2231.2,814388.0,loamy,446.3,True,True,institutional,156000.0,1715452.1,2.106,1.892,142954.3,40719.4,Recharge Well
1120.2,212.0,metal,0.9,8,1201.6,438584.0,loamy,96.0,True,False,residential,142000.0,192360.7,0.439,2.208,16030.1,9618.0,Hybrid System
1912.5,103.2,rcc,0.85,8,1265.5,461907.5,sandy,24.0,False,True,residential,32000.0,150988.1,0.327,4.3,12582.3,7549.4,Recharge Pit
423.5,782.1,rcc,0.85,32,2319.2,846508.0,loamy,60.1,True,True,commercial,297000.0,253382.8,0.299,13.013,21115.2,12669.1,Recharge Well
1169.8,82.3,pavers,0.7,8,1216.8,444132.0,loamy,55.7,True,True,residential,119000.0,60653.0,0.137,1.478,5054.4,3032.7,Recharge Pit
824.3,65.6,rcc,0.85,8,1052.8,384272.0,sandy,97.0,True,True,residential,54000.0,41366.7,0.108,0.676,3447.2,2068.3,Recharge Pit
1476.1,113.1,rcc,0.85,4,620.9,226628.5,loamy,15.3,True,False,residential,143000.0,127714.4,0.564,7.392,10642.9,6385.7,Storage Tank
662.8,177.9,metal,0.9,8,1045.7,381680.5,silty,5.3,True,False,residential,122000.0,95508.8,0.25,33.566,7959.1,4775.4,Storage Tank
811.9,1096.7,tiles,0.8,68,3367.7,1229210.5,sandy,158.5,True,True,institutional,423000.0,641095.7,0.522,6.919,53424.6,32054.8,Recharge Well
2091.3,259.2,pavers,0.7,39,2041.9,745293.5,sandy,318.2,False,True,commercial,137000.0,341500.9,0.458,0.815,28458.4,17075.0,Recharge Well
1521.4,70.5,pavers,0.7,2,247.4,90301.0,sandy,7.8,True,False,residential,26000.0,67573.0,0.748,9.038,5631.1,3378.7,Storage Tank
838.6,294.1,pavers,0.7,8,938.0,342370.0,clay,83.9,True,False,residential,23000.0,155378.3,0.454,3.505,12948.2,7768.9,Storage Tank
1322.7,1634.0,rcc,0.85,65,2238.3,816979.5,loamy,86.1,True,False,institutional,223000.0,1653388.2,2.024,18.978,137782.4,40849.0,Hybrid System
969.2,288.0,rcc,0.85,3,338.2,123443.0,clay,20.2,True,False,residential,79000.0,213534.1,1.73,14.257,17794.5,6172.2,Storage Tank
2113.8,118.6,rcc,0.85,5,758.3,276779.5,loamy,82.6,True,True,residential,23000.0,191783.0,0.693,1.436,15981.9,9589.1,Storage Tank
2236.9,208.9,rcc,0.85,3,384.6,140379.0,sandy,9.6,True,True,residential,135000.0,357475.6,2.547,21.76,29789.6,7019.0,Storage Tank
1318.4,529.9,rcc,0.85,35,1665.4,607871.0,rocky,208.3,True,True,commercial,286000.0,534444.4,0.879,2.544,44537.0,26722.2,Storage Tank
1159.9,763.9,rcc,0.85,21,974.3,355619.5,silty,233.5,False,False,industrial,193000.0,677826.4,1.906,3.272,56485.5,17781.0,Hybrid System
979.5,1349.9,rcc,0.85,67,2575.3,939984.5,sandy,163.6,True,False,institutional,328000.0,1011503.7,1.076,8.251,84292.0,46999.2,Hybrid System
563.6,166.0,rcc,0.85,30,1604.2,585533.0,sandy,83.5,True,False,commercial,279000.0,71571.6,0.122,1.988,5964.3,3578.6,Hybrid System
407.4,235.5,rcc,0.85,3,461.8,168557.0,loamy,100.0,False,False,residential,141000.0,73396.2,0.435,2.355,6116.3,3669.8,Hybrid System
1196.9,288.8,rcc,0.85,8,977.6,356824.0,clay,13.7,True,True,residential,89000.0,264433.5,0.741,21.08,22036.1,13221.7,Storage Tank
929.3,1669.1,tiles,0.8,28,1206.9,440518.5,clay,74.2,True,True,institutional,386000.0,1116788.1,2.535,22.495,93065.7,22025.9,Storage Tank
1906.7,1095.8,pavers,0.7,35,1010.2,368723.0,rocky,150.2,True,True,institutional,177000.0,1316298.0,3.57,7.296,109691.5,18436.2,Storage Tank
1121.9,627.4,rcc,0.85,29,1934.2,705983.0,silty,255.0,True,False,commercial,97000.0,538468.2,0.763,2.46,44872.3,26923.4,Hybrid System
448.1,1412.5,metal,0.9,22,896.2,327113.0,silty,389.2,False,False,institutional,124000.0,512682.4,1.567,3.629,42723.5,16355.7,Hybrid System
802.8,641.3,tiles,0.8,38,2571.4,938561.0,sandy,37.1,False,False,commercial,78000.0,370681.7,0.395,17.286,30890.1,18534.1,Hybrid System
356.6,195.2,rcc,0.85,6,892.0,325580.0,loamy,68.5,True,False,residential,32000.0,53250.4,0.164,2.85,4437.5,2662.5,Recharge Pit
582.1,100.6,rcc,0.85,7,784.8,286452.0,clay,54.5,False,False,residential,124000.0,44797.8,0.156,1.846,3733.2,2239.9,Storage Tank
506.0,600.4,rcc,0.85,27,1257.1,458841.5,loamy,240.0,True,False,institutional,249000.0,232408.8,0.507,2.502,19367.4,11620.4,Hybrid System
639.5,1230.0,pavers,0.7,46,4473.4,1632791.0,loamy,545.3,True,False,industrial,424000.0,495548.5,0.303,2.256,41295.7,24777.4,Hybrid System
994.5,1045.2,metal,0.9,52,2736.5,998822.5,sandy,99.9,True,False,institutional,128000.0,841955.6,0.843,10.462,70163.0,42097.8,Hybrid System
2598.0,269.4,metal,0.9,5,588.6,214839.0,sandy,106.4,True,False,residential,56000.0,566920.0,2.639,2.532,47243.3,10742.0,Recharge Well
465.0,308.0,tiles,0.8,5,624.5,227942.5,silty,67.2,True,True,residential,72000.0,103118.4,0.452,4.583,8593.2,5155.9,Recharge Well
835.3,289.8,rcc,0.85,5,754.5,275392.5,loamy,83.0,True,True,residential,106000.0,185183.5,0.672,3.492,15432.0,9259.2,Recharge Well
3195.5,236.6,rcc,0.85,23,1764.0,643860.0,rocky,219.1,False,False,commercial,127000.0,578382.3,0.898,1.08,48198.5,28919.1,Storage Tank
2197.8,268.7,tiles,0.8,8,1007.2,367628.0,silty,21.2,True,True,residential,33000.0,425195.2,1.157,12.675,35432.9,18381.4,Recharge Well
1793.6,266.5,metal,0.9,8,1056.0,385440.0,loamy,45.5,True,False,residential,120000.0,387175.5,1.005,5.857,32264.6,19272.0,Hybrid System
2477.7,247.9,rcc,0.85,5,756.6,276159.0,loamy,40.1,True,False,residential,55000.0,469879.7,1.701,6.182,39156.6,13808.0,Recharge Well
317.3,869.4,tiles,0.8,14,545.4,199071.0,sandy,252.6,True,True,commercial,171000.0,198619.6,0.998,3.442,16551.6,9931.0,Recharge Well
1144.0,962.1,rcc,0.85,43,1462.9,533958.5,loamy,385.8,True,False,institutional,133000.0,841991.4,1.577,2.494,70165.9,26697.9,Hybrid System
601.2,165.7,pavers,0.7,2,286.4,104536.0,loamy,18.2,True,True,residential,33000.0,62759.9,0.6,9.104,5230.0,3138.0,Recharge Pit
2923.9,39.9,rcc,0.85,4,471.1,171951.5,rocky,115.2,True,False,residential,25000.0,89247.7,0.519,0.346,7437.3,4462.4,Storage Tank
1166.2,53.2,metal,0.9,6,876.0,319740.0,sandy,10.2,False,False,residential,34000.0,50253.9,0.157,5.216,4187.8,2512.7,Storage Tank
1315.3,949.5,tiles,0.8,23,1283.6,468514.0,rocky,155.0,False,True,industrial,235000.0,899191.7,1.919,6.126,74932.6,23425.7,Storage Tank
1875.7,1089.7,rcc,0.85,33,1690.2,616923.0,loamy,300.0,True,True,institutional,257000.0,1563622.0,2.535,3.632,130301.8,30846.2,Recharge Well
1743.9,695.5,rcc,0.85,22,1129.4,412231.0,silty,136.1,True,False,institutional,169000.0,927855.1,2.251,5.11,77321.3,20611.6,Hybrid System
513.6,727.0,pavers,0.7,19,801.7,292620.5,silty,111.7,False,False,commercial,162000.0,235233.9,0.804,6.509,19602.8,11761.7,Hybrid System
1096.0,193.7,rcc,0.85,3,361.9,132093.5,sandy,25.0,True,False,residential,36000.0,162405.8,1.229,7.748,13533.8,6604.7,Recharge Well
958.8,208.0,pavers,0.7,31,1293.0,471945.0,clay,336.1,True,False,commercial,183000.0,125641.2,0.266,0.619,10470.1,6282.1,Storage Tank
567.5,194.0,metal,0.9,27,1189.8,434277.0,sandy,286.5,True,True,commercial,85000.0,89176.9,0.205,0.677,7431.4,4458.8,Recharge Well
1834.2,1423.8,rcc,0.85,38,1409.2,514358.0,sandy,196.4,True,True,institutional,415000.0,1997823.5,3.884,7.249,166485.3,25717.9,Recharge Well
339.5,113.9,metal,0.9,7,874.0,319010.0,sandy,51.2,True,True,residential,44000.0,31321.9,0.098,2.225,2610.2,1566.1,Recharge Pit
2195.6,262.6,rcc,0.85,7,1063.1,388031.5,clay,105.3,True,True,residential,59000.0,441071.9,1.137,2.494,36756.0,19401.6,Storage Tank
774.5,325.9,metal,0.9,39,2441.5,891147.5,sandy,109.9,True,True,commercial,147000.0,204451.7,0.229,2.965,17037.6,10222.6,Recharge Well
1808.0,204.4,tiles,0.8,3,397.8,145197.0,loamy,92.9,True,False,residential,47000.0,266079.7,1.833,2.2,22173.3,7259.9,Recharge Well
1936.7,934.8,rcc,0.85,24,1567.3,572064.5,sandy,216.7,True,True,commercial,152000.0,1384976.8,2.421,4.314,115414.7,28603.2,Recharge Well
431.9,346.5,rcc,0.85,38,2376.6,867459.0,loamy,144.4,True,True,commercial,70000.0,114484.8,0.132,2.4,9540.4,5724.2,Recharge Well
421.6,306.0,tiles,0.8,21,770.9,281378.5,sandy,219.8,True,False,commercial,206000.0,92886.9,0.33,1.392,7740.6,4644.3,Hybrid System
877.4,233.8,metal,0.9,2,302.1,110266.5,sandy,7.1,True,True,residential,138000.0,166160.3,1.507,32.93,13846.7,5513.3,Storage Tank
3052.0,1459.1,tiles,0.8,40,3926.7,1433245.5,silty,321.4,False,False,industrial,203000.0,3206284.7,2.237,4.54,267190.4,71662.3,Hybrid System
2133.8,1391.5,tiles,0.8,26,1113.2,406318.0,silty,496.1,True,False,institutional,444000.0,2137811.5,5.261,2.805,178151.0,20315.9,Hybrid System
1301.6,51.3,rcc,0.85,3,345.0,125925.0,loamy,40.3,True,True,residential,69000.0,51080.6,0.406,1.273,4256.7,2554.0,Recharge Pit
1555.5,123.5,rcc,0.85,2,267.3,97564.5,clay,116.2,True,False,residential,120000.0,146959.8,1.506,1.063,12246.6,4878.2,Storage Tank
318.5,481.3,pavers,0.7,25,697.0,254405.0,clay,323.7,True,True,institutional,103000.0,96575.3,0.38,1.487,8047.9,4828.8,Storage Tank
654.3,635.9,rcc,0.85,13,767.1,279991.5,loamy,291.7,False,True,commercial,345000.0,318293.1,1.137,2.18,26524.4,13999.6,Recharge Well
1571.4,207.1,rcc,0.85,7,1093.4,399091.0,silty,9.3,True,True,residential,141000.0,248959.3,0.624,22.269,20746.6,12448.0,Storage Tank
1801.5,564.6,rcc,0.85,24,1626.9,593818.5,sandy,233.1,True,False,commercial,346000.0,778102.1,1.31,2.422,64841.8,29690.9,Hybrid System
858.8,1255.9,rcc,0.85,51,2113.6,771464.0,loamy,158.0,True,True,institutional,412000.0,825103.7,1.07,7.949,68758.6,38573.2,Recharge Well
1169.3,681.8,rcc,0.85,21,993.9,362773.5,sandy,186.7,True,False,commercial,338000.0,609880.0,1.681,3.652,50823.3,18138.7,Hybrid System
1551.2,92.5,metal,0.9,4,519.9,189763.5,clay,55.3,False,False,residential,138000.0,116223.7,0.612,1.673,9685.3,5811.2,Storage Tank
524.5,197.7,rcc,0.85,8,1244.8,454352.0,rocky,23.4,False,False,residential,100000.0,79325.6,0.175,8.449,6610.5,3966.3,Storage Tank
708.1,260.0,rcc,0.85,8,1269.3,463294.5,rocky,42.0,False,True,residential,130000.0,140841.1,0.304,6.19,11736.8,7042.1,Storage Tank
1320.1,295.7,rcc,0.85,4,611.0,223015.0,loamy,30.3,True,False,residential,63000.0,298620.5,1.339,9.759,24885.0,11150.8,Hybrid System
1345.3,127.8,tiles,0.8,5,631.6,230534.0,sandy,9.3,False,True,residential,85000.0,123789.1,0.537,13.742,10315.8,6189.5,Storage Tank
2154.5,1173.5,pavers,0.7,67,3813.1,1391781.5,silty,385.4,True,False,institutional,122000.0,1592832.6,1.144,3.045,132736.1,69589.1,Hybrid System
965.8,162.3,rcc,0.85,2,221.6,80884.0,silty,98.9,True,False,residential,134000.0,119913.2,1.483,1.641,9992.8,4044.2,Recharge Pit
558.3,199.8,rcc,0.85,2,220.4,80446.0,loamy,31.3,True,True,residential,90000.0,85334.5,1.061,6.383,7111.2,4022.3,Recharge Pit
754.4,228.8,metal,0.9,8,1271.7,464170.5,sandy,78.6,False,True,residential,134000.0,139811.4,0.301,2.911,11650.9,6990.6,Recharge Pit
339.3,461.7,tiles,0.8,34,2262.5,825812.5,loamy,328.8,True,True,commercial,256000.0,112791.5,0.137,1.404,9399.3,5639.6,Recharge Well
934.7,623.7,metal,0.9,40,2241.1,818001.5,rocky,298.6,True,True,institutional,188000.0,472207.6,0.577,2.089,39350.6,23610.4,Storage Tank
385.6,1674.2,metal,0.9,36,1676.5,611922.5,clay,111.4,True,True,institutional,302000.0,522912.9,0.855,15.029,43576.1,26145.6,Storage Tank
1085.1,259.4,metal,0.9,4,469.9,171513.5,loamy,27.2,True,True,residential,81000.0,227994.7,1.329,9.537,18999.6,8575.7,Recharge Well
2190.1,705.0,rcc,0.85,20,595.7,217430.5,silty,293.6,True,True,institutional,312000.0,1181175.7,5.432,2.401,98431.3,10871.5,Recharge Well
1024.8,138.6,rcc,0.85,8,1198.2,437343.0,sandy,46.6,True,True,residential,70000.0,108658.5,0.248,2.974,9054.9,5432.9,Recharge Pit
928.7,819.0,metal,0.9,39,1930.1,704486.5,rocky,83.2,True,False,institutional,317000.0,616090.3,0.875,9.844,51340.9,30804.5,Storage Tank
1711.8,410.1,rcc,0.85,14,902.6,329449.0,silty,144.0,False,True,commercial,345000.0,537037.0,1.63,2.848,44753.1,16472.5,Recharge Well
1521.4,1532.7,rcc,0.85,25,1649.0,601885.0,loamy,302.1,True,True,industrial,495000.0,1783865.1,2.964,5.073,148655.4,30094.2,Recharge Well
1848.2,201.6,rcc,0.85,8,1272.2,464353.0,loamy,38.9,False,True,residential,51000.0,285036.8,0.614,5.183,23753.1,14251.8,Recharge Well
872.0,185.8,rcc,0.85,6,736.6,268859.0,loamy,10.7,False,True,residential,30000.0,123943.5,0.461,17.364,10328.6,6197.2,Storage Tank
705.5,696.5,metal,0.9,29,1972.3,719889.5,sandy,157.8,False,True,commercial,217000.0,398018.4,0.553,4.414,33168.2,19900.9,Recharge Well
969.7,1446.1,rcc,0.85,57,1921.2,701238.0,loamy,352.0,False,False,institutional,416000.0,1072746.6,1.53,4.108,89395.6,35061.9,Hybrid System
503.5,265.3,pavers,0.7,4,540.7,197355.5,sandy,19.4,True,True,residential,68000.0,84154.5,0.426,13.675,7012.9,4207.7,Recharge Pit
329.9,293.0,tiles,0.8,4,492.7,179835.5,rocky,25.0,True,False,residential,119000.0,69595.7,0.387,11.72,5799.6,3479.8,Storage Tank
863.2,39.1,rcc,0.85,7,923.5,337077.5,loamy,66.3,True,False,residential,92000.0,25819.6,0.077,0.59,2151.6,1291.0,Storage Tank
1101.4,289.7,metal,0.9,7,1042.1,380366.5,sandy,18.2,True,False,residential,43000.0,258451.2,0.679,15.918,21537.6,12922.6,Recharge Well
2722.0,1617.4,metal,0.9,63,2992.6,1092299.0,loamy,300.0,True,True,institutional,353000.0,3566075.9,3.265,5.391,297173.0,54615.0,Recharge Well
979.6,123.4,rcc,0.85,6,743.5,271377.5,sandy,11.5,False,True,residential,41000.0,92475.2,0.341,10.73,7706.3,4623.8,Storage Tank
1767.8,816.7,rcc,0.85,28,1700.3,620609.5,sandy,270.2,True,False,industrial,200000.0,1104478.1,1.78,3.023,92039.8,31030.5,Hybrid System
748.9,114.3,rcc,0.85,4,609.0,222285.0,sandy,110.9,True,False,residential,86000.0,65483.4,0.295,1.031,5456.9,3274.2,Hybrid System
1635.1,61.2,pavers,0.7,4,591.7,215970.5,sandy,38.6,True,False,residential,33000.0,63042.9,0.292,1.585,5253.6,3152.1,Recharge Pit
417.9,798.8,rcc,0.85,30,1275.5,465557.5,loamy,93.5,False,True,commercial,106000.0,255371.2,0.549,8.543,21280.9,12768.6,Recharge Well
1115.3,331.9,tiles,0.8,21,1294.0,472310.0,clay,262.2,True,False,commercial,214000.0,266521.0,0.564,1.266,22210.1,13326.1,Storage Tank
592.6,1476.5,rcc,0.85,25,2128.1,776756.5,clay,65.6,True,False,industrial,213000.0,669355.0,0.862,22.508,55779.6,33467.8,Storage Tank
513.5,215.7,rcc,0.85,8,1100.2,401573.0,sandy,14.7,True,False,residential,35000.0,84732.9,0.211,14.673,7061.1,4236.6,Storage Tank
496.1,293.1,pavers,0.7,2,270.7,98805.5,sandy,88.1,True,True,residential,36000.0,91606.4,0.927,3.327,7633.9,4580.3,Recharge Well
957.8,941.2,pavers,0.7,28,1273.6,464864.0,silty,214.3,True,False,commercial,328000.0,567933.3,1.222,4.392,47327.8,23243.2,Hybrid System
752.6,482.4,rcc,0.85,65,2356.6,860159.0,clay,48.9,False,False,institutional,139000.0,277736.5,0.323,9.865,23144.7,13886.8,Storage Tank
1993.3,717.3,metal,0.9,11,546.1,199326.5,loamy,69.7,True,False,commercial,244000.0,1158133.2,5.81,10.291,96511.1,9966.3,Hybrid System
995.2,1218.3,rcc,0.85,21,1579.1,576371.5,loamy,383.3,True,True,industrial,435000.0,927525.9,1.609,3.178,77293.8,28818.6,Recharge Well
1814.1,65.0,rcc,0.85,6,700.9,255828.5,clay,30.0,True,False,residential,91000.0,90206.1,0.353,2.167,7517.2,4510.3,Storage Tank
847.6,259.6,rcc,0.85,6,807.4,294701.0,loamy,23.3,True,True,residential,117000.0,168328.3,0.571,11.142,14027.4,8416.4,Recharge Pit
450.7,251.9,metal,0.9,7,1058.7,386425.5,loamy,28.4,True,True,residential,62000.0,91960.4,0.238,8.87,7663.4,4598.0,Recharge Pit
813.8,59.3,rcc,0.85,6,954.7,348465.5,loamy,45.1,True,True,residential,46000.0,36917.6,0.106,1.315,3076.5,1845.9,Recharge Pit
1120.0,797.7,rcc,0.85,20,1520.5,554982.5,sandy,96.2,True,True,industrial,481000.0,683469.4,1.232,8.292,56955.8,27749.1,Recharge Well
767.3,539.7,pavers,0.7,39,2863.8,1045287.0,sandy,208.6,True,True,commercial,197000.0,260890.4,0.25,2.587,21740.9,13044.5,Recharge Well
3084.1,95.3,rcc,0.85,8,1148.2,419093.0,loamy,15.2,True,True,residential,65000.0,224844.8,0.537,6.27,18737.1,11242.2,Storage Tank
528.8,1760.2,pavers,0.7,45,1756.1,640976.5,loamy,279.9,True,False,institutional,373000.0,586400.1,0.915,6.289,48866.7,29320.0,Hybrid System
1912.7,459.3,rcc,0.85,63,2737.0,999005.0,silty,294.6,True,True,institutional,418000.0,672054.9,0.673,1.559,56004.6,33602.7,Recharge Well
1126.6,454.2,pavers,0.7,29,806.4,294336.0,sandy,385.5,True,True,institutional,149000.0,322372.1,1.095,1.178,26864.3,14716.8,Recharge Well
1687.0,282.8,rcc,0.85,4,617.5,225387.5,loamy,1.3,True,False,residential,135000.0,364969.0,1.619,217.538,30414.1,11269.4,Storage Tank
1796.2,818.4,tiles,0.8,31,1539.6,561954.0,loamy,209.5,False,True,commercial,152000.0,1058407.3,1.883,3.906,88200.6,28097.7,Recharge Well
1575.9,227.6,pavers,0.7,6,724.0,264260.0,loamy,51.2,True,True,residential,142000.0,225965.1,0.855,4.445,18830.4,11298.3,Recharge Well
997.6,1535.3,rcc,0.85,50,2218.3,809679.5,loamy,74.0,True,True,institutional,200000.0,1171685.7,1.447,20.747,97640.5,40484.0,Recharge Well
1145.8,729.4,tiles,0.8,21,985.7,359780.5,sandy,122.3,False,True,commercial,218000.0,601737.5,1.673,5.964,50144.8,17989.0,Recharge Well
1117.2,507.6,rcc,0.85,35,1413.9,516073.5,loamy,259.5,True,False,commercial,230000.0,433824.4,0.841,1.956,36152.0,21691.2,Hybrid System
363.2,651.0,rcc,0.85,12,944.3,344669.5,sandy,311.5,False,True,commercial,335000.0,180879.0,0.525,2.09,15073.2,9044.0,Recharge Well
1046.0,45.2,metal,0.9,2,292.8,106872.0,sandy,22.0,False,True,residential,86000.0,38296.2,0.358,2.055,3191.3,1914.8,Recharge Pit
3144.9,37.2,rcc,0.85,3,411.5,150197.5,rocky,99.9,False,True,residential,35000.0,89497.6,0.596,0.372,7458.1,4474.9,Storage Tank
646.4,208.6,metal,0.9,4,629.5,229767.5,silty,44.2,False,False,residential,21000.0,109219.6,0.475,4.719,9101.6,5461.0,Storage Tank
363.4,778.5,metal,0.9,22,805.8,294117.0,rocky,126.1,True,True,commercial,284000.0,229154.6,0.779,6.174,19096.2,11457.7,Storage Tank
1096.4,686.7,metal,0.9,20,703.2,256668.0,sandy,33.2,True,True,commercial,126000.0,609847.3,2.376,20.684,50820.6,12833.4,Recharge Well
881.3,225.4,rcc,0.85,6,793.2,289518.0,loamy,76.1,True,False,residential,128000.0,151963.4,0.525,2.962,12663.6,7598.2,Hybrid System
1626.0,626.4,rcc,0.85,19,1228.2,448293.0,loamy,69.7,True,True,commercial,328000.0,779172.7,1.738,8.987,64931.1,22414.7,Recharge Well
1037.8,197.4,rcc,0.85,7,1048.8,382812.0,rocky,34.6,True,False,residential,45000.0,156719.2,0.409,5.705,13059.9,7836.0,Storage Tank
958.3,1307.5,metal,0.9,38,3673.3,1340754.5,rocky,96.3,True,False,industrial,238000.0,1014911.6,0.757,13.577,84576.0,50745.6,Storage Tank
846.0,286.0,tiles,0.8,7,849.5,310067.5,rocky,0.5,True,True,residential,65000.0,174208.3,0.562,286.0,14517.4,8710.4,Storage Tank
424.6,293.0,rcc,0.85,3,354.6,129429.0,loamy,6.5,True,True,residential,63000.0,95172.0,0.735,45.077,7931.0,4758.6,Storage Tank
571.0,479.1,metal,0.9,12,853.2,311418.0,sandy,332.5,True,True,commercial,79000.0,221588.5,0.712,1.441,18465.7,11079.4,Recharge Well
1050.8,706.6,rcc,0.85,32,1416.7,517095.5,sandy,236.1,True,True,commercial,82000.0,568008.9,1.098,2.993,47334.1,25854.8,Recharge Well
360.0,322.1,metal,0.9,39,2026.0,739490.0,loamy,209.4,True,False,commercial,78000.0,93924.4,0.127,1.538,7827.0,4696.2,Hybrid System
1094.7,167.0,rcc,0.85,7,903.7,329850.5,silty,11.0,False,False,residential,35000.0,139853.4,0.424,15.182,11654.4,6992.7,Storage Tank
1962.0,30.5,rcc,0.85,8,913.2,333318.0,loamy,12.3,True,False,residential,81000.0,45778.4,0.137,2.48,3814.9,2288.9,Storage Tank
1499.1,612.6,rcc,0.85,22,1301.6,475084.0,loamy,319.6,True,False,commercial,86000.0,702536.7,1.479,1.917,58544.7,23754.2,Hybrid System
1925.9,911.9,rcc,0.85,54,2142.3,781939.5,sandy,176.8,True,True,institutional,265000.0,1343514.6,1.718,5.158,111959.6,39097.0,Recharge Well
476.5,1706.0,rcc,0.85,57,3393.0,1238445.0,loamy,238.3,True,False,institutional,207000.0,621875.4,0.502,7.159,51823.0,31093.8,Hybrid System
410.8,1985.2,rcc,0.85,31,1248.9,455848.5,clay,325.1,True,False,industrial,340000.0,623872.9,1.369,6.106,51989.4,22792.4,Storage Tank
1112.2,225.8,tiles,0.8,2,304.4,111106.0,loamy,75.8,True,True,residential,30000.0,180817.0,1.627,2.979,15068.1,5555.3,Recharge Well
2961.5,250.8,rcc,0.85,27,2035.1,742811.5,loamy,164.8,True,True,commercial,136000.0,568199.3,0.765,1.522,47349.9,28410.0,Recharge Well
675.6,37.2,tiles,0.8,3,395.0,144175.0,loamy,77.6,True,False,residential,55000.0,18095.3,0.126,0.479,1507.9,904.8,Storage Tank
655.5,128.4,rcc,0.85,8,1014.4,370256.0,loamy,20.4,True,True,residential,95000.0,64387.1,0.174,6.294,5365.6,3219.4,Recharge Pit
811.4,57.5,rcc,0.85,7,1101.7,402120.5,loamy,15.4,True,True,residential,24000.0,35691.5,0.089,3.734,2974.3,1784.6,Storage Tank
786.6,611.7,rcc,0.85,23,1697.5,619587.5,sandy,75.4,True,False,commercial,162000.0,368089.9,0.594,8.113,30674.2,18404.5,Hybrid System
946.7,875.9,rcc,0.85,36,1831.7,668570.5,clay,143.9,False,False,commercial,195000.0,634349.1,0.949,6.087,52862.4,31717.5,Storage Tank
497.7,953.2,rcc,0.85,12,716.6,261559.0,sandy,20.4,False,False,commercial,161000.0,362921.8,1.388,46.725,30243.5,13078.0,Hybrid System
701.1,185.6,rcc,0.85,6,730.4,266596.0,sandy,31.5,True,True,residential,112000.0,99545.0,0.373,5.892,8295.4,4977.2,Recharge Pit
537.6,343.6,rcc,0.85,35,1387.7,506510.5,clay,85.2,True,False,commercial,204000.0,141310.3,0.279,4.033,11775.9,7065.5,Storage Tank
964.3,44.7,metal,0.9,4,489.1,178521.5,loamy,78.2,True,False,residential,128000.0,34914.4,0.196,0.572,2909.5,1745.7,Storage Tank
364.2,1481.6,pavers,0.7,60,2324.8,848552.0,sandy,204.0,True,False,institutional,391000.0,339947.2,0.401,7.263,28328.9,16997.4,Hybrid System
890.0,154.9,rcc,0.85,3,430.0,156950.0,clay,53.6,True,True,residential,141000.0,105463.7,0.672,2.89,8788.6,5273.2,Storage Tank
1430.8,683.3,metal,0.9,45,1725.8,629917.0,loamy,203.8,True,True,institutional,230000.0,791909.2,1.257,3.353,65992.4,31495.9,Recharge Well
2012.4,101.7,tiles,0.8,8,1102.3,402339.5,clay,102.9,True,False,residential,50000.0,147356.0,0.366,0.988,12279.7,7367.8,Storage Tank
2535.7,53.0,metal,0.9,4,529.2,193158.0,sandy,37.0,True,True,residential,99000.0,108857.6,0.564,1.432,9071.5,5442.9,Recharge Pit
415.6,45.9,tiles,0.8,4,550.2,200823.0,silty,92.4,True,True,residential,68000.0,13734.7,0.068,0.497,1144.6,686.7,Recharge Pit
1027.8,231.3,metal,0.9,2,308.3,112529.5,sandy,22.1,True,True,residential,129000.0,192561.4,1.711,10.466,16046.8,5626.5,Recharge Well
621.1,308.3,rcc,0.85,3,401.5,146547.5,silty,37.5,True,False,residential,57000.0,146486.1,1.0,8.221,12207.2,7324.3,Storage Tank
1074.0,228.9,rcc,0.85,3,346.2,126363.0,loamy,112.2,True,False,residential,58000.0,188066.5,1.488,2.04,15672.2,6318.2,Recharge Well
1078.2,898.3,rcc,0.85,61,1967.1,717991.5,clay,213.4,True,False,institutional,103000.0,740938.5,1.032,4.209,61744.9,35899.6,Storage Tank
1089.9,365.6,rcc,0.85,20,854.8,312002.0,sandy,158.8,True,False,commercial,303000.0,304827.6,0.977,2.302,25402.3,15241.4,Hybrid System
1186.5,248.3,rcc,0.85,8,1018.8,371862.0,sandy,25.0,True,False,residential,78000.0,225375.1,0.606,9.932,18781.3,11268.8,Hybrid System
1199.8,176.0,rcc,0.85,6,687.6,250974.0,clay,82.3,True,True,residential,76000.0,161541.1,0.644,2.139,13461.8,8077.1,Storage Tank
701.5,1120.2,pavers,0.7,65,2173.3,793254.5,loamy,268.9,True,False,institutional,431000.0,495066.8,0.624,4.166,41255.6,24753.3,Hybrid System
1233.8,266.3,tiles,0.8,8,1163.6,424714.0,sandy,27.1,True,True,residential,105000.0,236563.9,0.557,9.827,19713.7,11828.2,Recharge Well
2751.8,1209.4,rcc,0.85,37,2031.8,741607.0,sandy,129.4,True,True,institutional,157000.0,2545940.6,3.433,9.346,212161.7,37080.3,Recharge Well
3166.3,2392.4,rcc,0.85,24,1146.0,418290.0,clay,520.2,False,True,industrial,341000.0,5794917.9,13.854,4.599,482909.8,20914.5,Storage Tank
695.8,1287.4,rcc,0.85,44,2424.6,884979.0,clay,249.9,True,False,industrial,428000.0,685266.3,0.774,5.152,57105.5,34263.3,Storage Tank
1252.7,1333.9,rcc,0.85,56,1657.3,604914.5,loamy,472.7,True,False,institutional,415000.0,1278297.0,2.113,2.822,106524.8,30245.7,Hybrid System
2096.8,203.5,rcc,0.85,4,458.2,167243.0,loamy,61.8,True,False,residential,28000.0,326424.6,1.952,3.293,27202.0,8362.1,Recharge Well
886.0,306.4,rcc,0.85,4,519.2,189508.0,loamy,86.2,True,False,residential,100000.0,207674.9,1.096,3.555,17306.2,9475.4,Hybrid System
704.8,1776.5,rcc,0.85,43,2063.7,753250.5,loamy,154.4,True,False,industrial,416000.0,957839.1,1.272,11.506,79819.9,37662.5,Hybrid System
303.3,152.4,rcc,0.85,7,790.4,288496.0,silty,18.7,True,True,residential,34000.0,35360.5,0.123,8.15,2946.7,1768.0,Recharge Pit
523.9,922.6,rcc,0.85,28,1003.2,366168.0,silty,68.8,True,True,commercial,176000.0,369762.9,1.01,13.41,30813.6,18308.4,Recharge Well
1138.7,171.9,rcc,0.85,5,756.6,276159.0,loamy,118.8,True,True,residential,69000.0,149743.0,0.542,1.447,12478.6,7487.2,Recharge Pit
1788.7,1326.9,tiles,0.8,43,1135.9,414603.5,sandy,450.7,True,True,institutional,449000.0,1708866.7,4.122,2.944,142405.6,20730.2,Recharge Well
1861.4,1002.1,tiles,0.8,45,1474.5,538192.5,loamy,350.1,True,True,institutional,137000.0,1343022.4,2.495,2.862,111918.5,26909.6,Recharge Well
424.4,225.7,rcc,0.85,5,586.0,213890.0,loamy,104.8,True,False,residential,57000.0,73277.1,0.343,2.154,6106.4,3663.9,Storage Tank
1581.7,93.8,tiles,0.8,7,983.1,358831.5,clay,82.5,True,True,residential,81000.0,106821.7,0.298,1.137,8901.8,5341.1,Storage Tank
2061.6,56.1,rcc,0.85,2,299.8,109427.0,silty,73.9,True,False,residential,37000.0,88476.7,0.809,0.759,7373.1,4423.8,Recharge Pit
1033.6,117.4,rcc,0.85,3,356.9,130268.5,loamy,68.8,False,False,residential,148000.0,92828.6,0.713,1.706,7735.7,4641.4,Hybrid System
567.1,54.8,metal,0.9,7,1053.2,384418.0,clay,40.9,True,False,residential,71000.0,25172.4,0.065,1.34,2097.7,1258.6,Storage Tank
969.7,906.8,rcc,0.85,31,2448.1,893556.5,sandy,282.9,False,True,commercial,186000.0,672682.8,0.753,3.205,56056.9,33634.1,Recharge Well
374.0,417.2,tiles,0.8,27,1069.2,390258.0,loamy,67.1,True,False,commercial,311000.0,112343.6,0.288,6.218,9362.0,5617.2,Hybrid System
770.5,234.7,metal,0.9,34,1676.7,611995.5,silty,335.7,True,False,commercial,291000.0,146477.4,0.239,0.699,12206.4,7323.9,Hybrid System
1363.6,467.3,rcc,0.85,56,2732.9,997508.5,loamy,471.7,True,False,institutional,323000.0,487465.9,0.489,0.991,40622.2,24373.3,Hybrid System
414.0,799.0,metal,0.9,20,873.5,318827.5,clay,209.7,True,False,commercial,162000.0,267936.7,0.84,3.81,22328.1,13396.8,Storage Tank
468.6,259.3,pavers,0.7,7,1071.3,391024.5,silty,58.6,True,False,residential,23000.0,76550.0,0.196,4.425,6379.2,3827.5,Storage Tank
1456.7,128.1,rcc,0.85,5,747.7,272910.5,sandy,83.7,True,True,residential,149000.0,142751.5,0.523,1.53,11896.0,7137.6,Recharge Pit
772.4,780.4,rcc,0.85,36,1344.1,490596.5,rocky,296.3,True,False,commercial,333000.0,461127.4,0.94,2.634,38427.3,23056.4,Storage Tank
391.9,655.6,pavers,0.7,14,497.3,181514.5,clay,338.7,True,True,commercial,203000.0,161865.7,0.892,1.936,13488.8,8093.3,Storage Tank
810.4,32.7,tiles,0.8,4,474.9,173338.5,loamy,70.7,True,False,residential,53000.0,19080.1,0.11,0.463,1590.0,954.0,Recharge Pit
361.4,145.2,pavers,0.7,8,976.6,356459.0,sandy,58.9,True,True,residential,30000.0,33059.4,0.093,2.465,2755.0,1653.0,Recharge Pit
540.7,1749.1,rcc,0.85,41,3685.6,1345244.0,sandy,299.6,True,True,industrial,405000.0,723489.9,0.538,5.838,60290.8,36174.5,Recharge Well
449.2,162.3,metal,0.9,4,469.3,171294.5,rocky,16.8,True,True,residential,96000.0,59053.2,0.345,9.661,4921.1,2952.7,Storage Tank
1272.3,942.0,rcc,0.85,62,3184.0,1162160.0,loamy,460.3,True,False,institutional,392000.0,916857.5,0.789,2.046,76404.8,45842.9,Hybrid System
616.4,195.1,rcc,0.85,6,853.0,311345.0,sandy,105.9,True,True,residential,72000.0,91998.6,0.295,1.842,7666.6,4599.9,Recharge Pit
2151.0,219.8,rcc,0.85,8,1194.4,435956.0,loamy,85.4,True,True,residential,39000.0,361684.2,0.83,2.574,30140.4,18084.2,Recharge Well
789.1,911.1,metal,0.9,25,1658.6,605389.0,rocky,216.9,True,True,commercial,104000.0,582348.7,0.962,4.201,48529.1,29117.4,Storage Tank
1818.6,896.6,rcc,0.85,21,904.5,330142.5,silty,358.1,True,True,institutional,117000.0,1247375.9,3.778,2.504,103948.0,16507.1,Recharge Well
338.0,127.1,tiles,0.8,6,937.6,342224.0,sandy,53.6,True,True,residential,43000.0,30931.1,0.09,2.371,2577.6,1546.6,Recharge Pit
751.7,271.2,rcc,0.85,7,778.4,284116.0,silty,78.0,True,False,residential,47000.0,155953.7,0.549,3.477,12996.1,7797.7,Recharge Well
990.8,256.5,pavers,0.7,6,743.7,271450.5,sandy,11.2,False,True,residential,47000.0,160108.3,0.59,22.902,13342.4,8005.4,Storage Tank
942.8,1442.4,pavers,0.7,52,2732.5,997362.5,sandy,483.1,True,False,institutional,348000.0,856733.7,0.859,2.986,71394.5,42836.7,Hybrid System
800.4,179.7,pavers,0.7,21,1156.5,422122.5,silty,93.5,True,True,commercial,253000.0,90614.1,0.215,1.922,7551.2,4530.7,Recharge Pit
1538.1,703.0,tiles,0.8,19,1177.7,429860.5,sandy,129.6,True,False,commercial,73000.0,778524.7,1.811,5.424,64877.1,21493.0,Hybrid System
806.6,519.2,rcc,0.85,22,1037.5,378687.5,loamy,97.6,True,True,industrial,168000.0,320371.8,0.846,5.32,26697.6,16018.6,Recharge Well
1624.3,1297.7,rcc,0.85,26,2460.3,898009.5,loamy,321.6,True,True,industrial,237000.0,1612508.4,1.796,4.035,134375.7,44900.5,Recharge Well
633.0,983.8,tiles,0.8,22,1672.6,610499.0,loamy,103.9,True,False,commercial,286000.0,448376.7,0.734,9.469,37364.7,22418.8,Hybrid System
637.9,110.0,tiles,0.8,6,837.6,305724.0,loamy,64.8,True,False,residential,84000.0,50521.7,0.165,1.698,4210.1,2526.1,Storage Tank
919.2,85.3,rcc,0.85,2,277.4,101251.0,loamy,92.2,True,True,residential,58000.0,59981.9,0.592,0.925,4998.5,2999.1,Recharge Pit
353.5,311.2,rcc,0.85,24,1848.7,674775.5,silty,56.4,True,True,commercial,248000.0,84157.0,0.125,5.518,7013.1,4207.9,Recharge Well
951.8,193.0,rcc,0.85,6,906.8,330982.0,clay,48.7,False,False,residential,148000.0,140528.5,0.425,3.963,11710.7,7026.4,Storage Tank
1065.5,820.6,pavers,0.7,20,647.5,236337.5,loamy,291.0,False,True,institutional,163000.0,550840.1,2.331,2.82,45903.3,11816.9,Recharge Well
976.1,193.3,rcc,0.85,2,300.1,109536.5,sandy,116.7,True,False,residential,48000.0,144340.3,1.318,1.656,12028.4,5476.8,Recharge Pit
660.9,143.5,pavers,0.7,3,377.5,137787.5,loamy,15.2,True,False,residential,83000.0,59748.7,0.434,9.441,4979.1,2987.4,Storage Tank
873.3,75.3,tiles,0.8,3,447.4,163301.0,sandy,35.6,False,True,residential,93000.0,47346.8,0.29,2.115,3945.6,2367.3,Recharge Pit
1802.7,111.9,rcc,0.85,4,589.9,215313.5,sandy,8.6,True,True,residential,81000.0,154317.4,0.717,13.012,12859.8,7715.9,Storage Tank
933.5,104.8,pavers,0.7,2,231.4,84461.0,sandy,78.8,True,True,residential,56000.0,61633.4,0.73,1.33,5136.1,3081.7,Recharge Pit
1037.7,47.6,rcc,0.85,7,823.4,300541.0,loamy,106.4,True,False,residential,115000.0,37786.8,0.126,0.447,3148.9,1889.3,Storage Tank
974.7,165.0,pavers,0.7,8,883.9,322623.5,clay,29.7,True,False,residential,34000.0,101320.1,0.314,5.556,8443.3,5066.0,Storage Tank
1867.8,722.7,metal,0.9,30,2012.0,734380.0,loamy,43.0,True,False,commercial,209000.0,1093385.8,1.489,16.807,91115.5,36719.0,Hybrid System
423.4,1325.8,rcc,0.85,28,1613.6,588964.0,loamy,443.1,True,True,institutional,212000.0,429427.9,0.729,2.992,35785.7,21471.4,Recharge Well
410.3,1164.8,rcc,0.85,26,1371.4,500561.0,clay,147.2,True,True,institutional,425000.0,365606.8,0.73,7.913,30467.2,18280.3,Storage Tank
903.5,698.1,rcc,0.85,13,902.2,329303.0,loamy,258.9,False,False,commercial,228000.0,482511.0,1.465,2.696,40209.2,16465.2,Hybrid System
2013.3,885.0,rcc,0.85,38,2530.2,923523.0,sandy,32.8,False,False,commercial,338000.0,1363054.4,1.476,26.982,113587.9,46176.2,Hybrid System
725.3,879.1,metal,0.9,33,2196.7,801795.5,loamy,345.5,True,False,commercial,194000.0,516465.1,0.644,2.544,43038.8,25823.3,Hybrid System
654.8,59.5,rcc,0.85,2,279.4,101981.0,clay,37.8,True,True,residential,65000.0,29804.9,0.292,1.574,2483.7,1490.2,Storage Tank
2083.1,304.8,rcc,0.85,7,921.7,336420.5,sandy,91.0,False,True,residential,33000.0,485720.6,1.444,3.349,40476.7,16821.0,Recharge Well
2297.3,1549.4,rcc,0.85,66,3765.9,1374553.5,sandy,177.0,True,True,institutional,432000.0,2722969.0,1.981,8.754,226914.1,68727.7,Recharge Well
1673.4,653.7,metal,0.9,62,3361.9,1227093.5,sandy,205.0,True,False,institutional,259000.0,886060.3,0.722,3.189,73838.4,44303.0,Hybrid System
1898.8,607.6,rcc,0.85,20,1418.1,517606.5,silty,207.8,True,False,commercial,320000.0,882588.8,1.705,2.924,73549.1,25880.3,Hybrid System
1029.1,255.6,tiles,0.8,5,757.8,276597.0,loamy,4.8,True,True,residential,51000.0,189387.3,0.685,53.25,15782.3,9469.4,Storage Tank
486.8,186.5,tiles,0.8,28,1798.7,656525.5,loamy,47.8,True,True,commercial,121000.0,65367.5,0.1,3.902,5447.3,3268.4,Recharge Pit
371.6,144.6,rcc,0.85,3,395.7,144430.5,sandy,93.1,True,False,residential,114000.0,41106.0,0.285,1.553,3425.5,2055.3,Storage Tank
351.9,198.9,metal,0.9,4,612.8,223672.0,loamy,14.8,True,False,residential,130000.0,56694.3,0.253,13.439,4724.5,2834.7,Storage Tank
1940.5,264.8,tiles,0.8,7,972.5,354962.5,loamy,118.5,True,True,residential,68000.0,369968.0,1.042,2.235,30830.7,17748.1,Recharge Well
630.8,800.7,rcc,0.85,48,3135.1,1144311.5,clay,513.4,False,True,industrial,391000.0,386387.4,0.338,1.56,32199.0,19319.4,Storage Tank
580.3,158.7,metal,0.9,4,608.6,222139.0,silty,114.2,False,True,residential,123000.0,74595.8,0.336,1.39,6216.3,3729.8,Recharge Pit
1194.1,812.7,pavers,0.7,39,3011.6,1099234.0,clay,24.1,True,True,commercial,118000.0,611380.4,0.556,33.722,50948.4,30569.0,Storage Tank
1654.6,221.7,rcc,0.85,8,962.7,351385.5,rocky,40.8,False,True,residential,98000.0,280621.0,0.799,5.434,23385.1,14031.1,Storage Tank
1975.5,365.2,metal,0.9,39,1663.1,607031.5,sandy,282.3,False,True,institutional,424000.0,584376.6,0.963,1.294,48698.0,29218.8,Recharge Well
450.4,183.6,tiles,0.8,6,789.7,288240.5,silty,14.6,True,False,residential,30000.0,59539.3,0.207,12.575,4961.6,2977.0,Storage Tank
513.5,188.0,rcc,0.85,6,846.3,308899.5,rocky,116.3,True,False,residential,46000.0,73851.6,0.239,1.617,6154.3,3692.6,Storage Tank
433.2,184.1,metal,0.9,21,909.3,331894.5,loamy,182.4,True,False,commercial,165000.0,64599.2,0.195,1.009,5383.3,3230.0,Hybrid System
359.8,143.6,rcc,0.85,5,630.6,230169.0,clay,50.9,True,True,residential,39000.0,39525.5,0.172,2.821,3293.8,1976.3,Storage Tank
1696.6,287.2,pavers,0.7,6,851.6,310834.0,loamy,20.5,True,False,residential,132000.0,306976.0,0.988,14.01,25581.3,15348.8,Hybrid System
673.5,623.1,rcc,0.85,44,1865.9,681053.5,loamy,591.8,False,False,industrial,263000.0,321038.3,0.471,1.053,26753.2,16051.9,Hybrid System
611.2,2224.5,rcc,0.85,17,1214.6,443329.0,loamy,552.3,True,True,industrial,490000.0,1040105.0,2.346,4.028,86675.4,22166.5,Recharge Well
657.5,147.5,rcc,0.85,6,875.2,319448.0,sandy,12.6,True,True,residential,51000.0,74190.7,0.232,11.706,6182.6,3709.5,Storage Tank
515.9,304.9,metal,0.9,5,636.5,232322.5,rocky,54.1,True,False,residential,117000.0,127411.3,0.548,5.636,10617.6,6370.6,Storage Tank
463.9,1702.1,rcc,0.85,30,1088.6,397339.0,sandy,427.8,True,False,institutional,163000.0,604047.2,1.52,3.979,50337.3,19867.0,Hybrid System
353.9,525.1,pavers,0.7,25,1562.1,570166.5,loamy,302.7,True,False,industrial,294000.0,117074.7,0.205,1.735,9756.2,5853.7,Hybrid System
1918.6,215.8,rcc,0.85,2,283.8,103587.0,silty,70.6,True,False,residential,50000.0,316735.9,3.058,3.057,26394.7,5179.4,Recharge Well
1478.2,127.3,tiles,0.8,4,545.0,198925.0,silty,72.0,True,True,residential,94000.0,135485.9,0.681,1.768,11290.5,6774.3,Recharge Pit
2050.8,174.6,rcc,0.85,8,1143.8,417487.0,sandy,5.0,True,False,residential,114000.0,273923.3,0.656,34.92,22826.9,13696.2,Storage Tank
732.0,2042.6,tiles,0.8,20,1264.1,461396.5,silty,468.7,True,True,industrial,458000.0,1076531.9,2.333,4.358,89711.0,23069.8,Recharge Well
358.8,82.1,rcc,0.85,7,784.9,286488.5,clay,55.5,True,False,residential,74000.0,22535.0,0.079,1.479,1877.9,1126.8,Storage Tank
506.8,318.5,metal,0.9,3,461.4,168411.0,sandy,81.2,True,True,residential,106000.0,130746.8,0.776,3.922,10895.6,6537.3,Recharge Well
335.8,35.0,tiles,0.8,2,296.8,108332.0,silty,102.4,True,False,residential,121000.0,8462.2,0.078,0.342,705.2,423.1,Storage Tank
1112.7,605.5,metal,0.9,22,790.4,288496.0,clay,342.4,True,False,commercial,89000.0,545729.3,1.892,1.768,45477.4,14424.8,Storage Tank
1340.8,46.4,rcc,0.85,2,247.7,90410.5,clay,78.7,False,True,residential,36000.0,47593.0,0.526,0.59,3966.1,2379.7,Storage Tank
1802.6,148.6,rcc,0.85,4,489.0,178485.0,loamy,90.2,True,False,residential,22000.0,204917.8,1.148,1.647,17076.5,8924.2,Storage Tank
2916.5,150.1,metal,0.9,6,725.5,264807.5,silty,65.1,True,False,residential,68000.0,354591.0,1.339,2.306,29549.2,13240.4,Hybrid System
1884.5,274.1,pavers,0.7,2,318.7,116325.5,loamy,32.6,True,True,residential,84000.0,325421.1,2.798,8.408,27118.4,5816.3,Recharge Well
3058.3,90.7,tiles,0.8,6,897.5,327587.5,sandy,20.5,False,True,residential,25000.0,199719.2,0.61,4.424,16643.3,9986.0,Recharge Well
1724.7,62.0,metal,0.9,7,1096.5,400222.5,silty,36.7,False,False,residential,26000.0,86614.4,0.216,1.689,7217.9,4330.7,Recharge Pit
437.2,1256.0,tiles,0.8,33,977.2,356678.0,silty,216.2,False,True,institutional,171000.0,395368.7,1.108,5.809,32947.4,17833.9,Recharge Well
965.5,1587.4,rcc,0.85,25,1403.4,512241.0,sandy,71.4,True,True,industrial,287000.0,1172465.5,2.289,22.232,97705.5,25612.1,Recharge Well
723.9,880.0,tiles,0.8,19,1459.4,532681.0,loamy,93.6,False,False,industrial,268000.0,458663.0,0.861,9.402,38221.9,22933.2,Hybrid System
936.2,2438.7,pavers,0.7,46,4501.1,1642901.5,loamy,361.0,False,False,industrial,194000.0,1438359.9,0.875,6.755,119863.3,71918.0,Hybrid System
336.0,220.2,rcc,0.85,3,394.1,143846.5,loamy,13.6,True,True,residential,76000.0,56600.2,0.393,16.191,4716.7,2830.0,Storage Tank
2444.1,185.8,rcc,0.85,8,943.7,344450.5,clay,16.9,True,True,residential,128000.0,347397.0,1.009,10.994,28949.8,17222.5,Storage Tank
1238.4,981.2,rcc,0.85,12,667.7,243710.5,sandy,343.9,False,False,commercial,126000.0,929565.3,3.814,2.853,77463.8,12185.5,Hybrid System
932.8,734.5,metal,0.9,36,1504.4,549106.0,rocky,435.1,False,False,institutional,414000.0,554964.7,1.011,1.688,46247.1,27455.3,Storage Tank
1076.2,224.2,rcc,0.85,14,684.6,249879.0,loamy,170.0,True,False,commercial,270000.0,184582.3,0.739,1.319,15381.9,9229.1,Hybrid System
641.0,95.4,pavers,0.7,6,902.8,329522.0,sandy,112.8,True,True,residential,38000.0,38525.4,0.117,0.846,3210.5,1926.3,Recharge Pit
1872.0,1471.6,rcc,0.85,33,1442.1,526366.5,rocky,597.8,True,False,industrial,279000.0,2107448.9,4.004,2.462,175620.7,26318.3,Storage Tank
474.4,1501.7,tiles,0.8,68,2636.4,962286.0,silty,100.7,True,False,institutional,278000.0,512932.7,0.533,14.913,42744.4,25646.6,Hybrid System
935.5,1367.3,rcc,0.85,49,2104.4,768106.0,loamy,468.1,False,False,institutional,358000.0,978518.5,1.274,2.921,81543.2,38405.3,Hybrid System
785.5,288.6,metal,0.9,6,724.6,264479.0,silty,71.2,True,True,residential,29000.0,183623.2,0.694,4.053,15301.9,9181.2,Recharge Well
1702.2,504.7,rcc,0.85,37,2697.5,984587.5,sandy,113.9,True,False,commercial,231000.0,657211.8,0.667,4.431,54767.7,32860.6,Hybrid System
536.5,151.8,rcc,0.85,2,261.6,95484.0,clay,46.1,True,True,residential,116000.0,62302.1,0.652,3.293,5191.8,3115.1,Storage Tank
2886.2,88.1,tiles,0.8,5,568.4,207466.0,sandy,113.0,False,True,residential,84000.0,183077.4,0.882,0.78,15256.4,9153.9,Recharge Well
398.3,559.5,rcc,0.85,28,1217.1,444241.5,loamy,129.3,False,True,commercial,181000.0,170479.4,0.384,4.327,14206.6,8524.0,Recharge Well
421.8,38.5,metal,0.9,3,397.9,145233.5,sandy,60.8,True,False,residential,24000.0,13153.8,0.091,0.633,1096.1,657.7,Storage Tank
1805.0,256.4,rcc,0.85,5,734.0,267910.0,rocky,61.6,False,False,residential,116000.0,354043.5,1.322,4.162,29503.6,13395.5,Storage Tank
796.1,755.2,rcc,0.85,30,2164.1,789896.5,loamy,365.9,False,False,industrial,467000.0,459929.3,0.582,2.064,38327.4,22996.5,Hybrid System
3033.5,354.9,rcc,0.85,32,1409.6,514504.0,sandy,61.1,False,True,commercial,167000.0,823590.7,1.601,5.809,68632.6,25725.2,Recharge Well
898.7,73.5,metal,0.9,8,1149.4,419531.0,loamy,50.6,True,False,residential,133000.0,53504.1,0.128,1.453,4458.7,2675.2,Storage Tank
1441.8,302.3,rcc,0.85,2,235.8,86067.0,silty,60.3,False,True,residential,132000.0,333429.9,3.874,5.013,27785.8,4303.4,Recharge Well
1955.6,904.5,rcc,0.85,35,2082.7,760185.5,silty,87.7,True,True,commercial,265000.0,1353162.8,1.78,10.314,112763.6,38009.3,Recharge Well
2574.3,824.3,rcc,0.85,14,1049.8,383177.0,loamy,205.0,True,True,commercial,233000.0,1623326.5,4.236,4.021,135277.2,19158.9,Recharge Well
1198.4,827.0,rcc,0.85,11,509.3,185894.5,loamy,184.9,True,True,commercial,279000.0,758173.8,4.079,4.473,63181.2,9294.7,Recharge Well
390.3,322.7,rcc,0.85,10,621.8,226957.0,sandy,346.9,True,False,commercial,144000.0,96351.6,0.425,0.93,8029.3,4817.6,Hybrid System
1835.1,1241.9,metal,0.9,45,2026.1,739526.5,clay,473.0,True,False,industrial,176000.0,1845998.7,2.496,2.626,153833.2,36976.3,Storage Tank
851.5,185.1,pavers,0.7,13,854.5,311892.5,sandy,318.1,True,False,commercial,135000.0,99296.0,0.318,0.582,8274.7,4964.8,Hybrid System
2502.5,310.3,rcc,0.85,12,734.6,268129.0,loamy,67.3,True,False,commercial,195000.0,594042.2,2.216,4.611,49503.5,13406.5,Hybrid System
1284.0,1428.6,rcc,0.85,62,2529.0,923085.0,sandy,438.2,True,True,institutional,153000.0,1403256.6,1.52,3.26,116938.1,46154.2,Recharge Well
756.2,1359.0,tiles,0.8,28,837.9,305833.5,sandy,474.8,True,True,institutional,427000.0,739926.6,2.419,2.862,61660.5,15291.7,Recharge Well
2723.0,52.3,rcc,0.85,6,924.9,337588.5,loamy,68.7,False,True,residential,133000.0,108945.9,0.323,0.761,9078.8,5447.3,Recharge Pit
719.2,205.6,metal,0.9,8,1135.8,414567.0,loamy,54.8,True,True,residential,72000.0,119772.7,0.289,3.752,9981.1,5988.6,Recharge Pit
1018.2,46.7,rcc,0.85,2,236.3,86249.5,loamy,97.5,True,False,residential,49000.0,36375.7,0.422,0.479,3031.3,1818.8,Recharge Pit
895.3,166.0,rcc,0.85,3,362.5,132312.5,clay,99.3,True,False,residential,107000.0,113694.1,0.859,1.672,9474.5,5684.7,Storage Tank
669.6,85.5,metal,0.9,2,284.2,103733.0,silty,114.1,True,False,residential,47000.0,46373.1,0.447,0.749,3864.4,2318.7,Recharge Pit
2166.4,222.0,metal,0.9,8,989.5,361167.5,silty,32.3,False,False,residential,127000.0,389562.0,1.079,6.873,32463.5,18058.4,Hybrid System
1034.4,2023.4,metal,0.9,32,1997.2,728978.0,silty,83.4,True,False,industrial,355000.0,1695334.0,2.326,24.261,141277.8,36448.9,Hybrid System
886.6,310.7,rcc,0.85,6,792.5,289262.5,loamy,63.5,True,True,residential,78000.0,210732.0,0.729,4.893,17561.0,10536.6,Recharge Well
368.6,293.9,tiles,0.8,13,737.2,269078.0,rocky,285.7,True,True,commercial,295000.0,77998.7,0.29,1.029,6499.9,3899.9,Storage Tank
1762.6,389.0,rcc,0.85,16,930.0,339450.0,loamy,23.5,True,True,commercial,259000.0,524523.3,1.545,16.553,43710.3,16972.5,Recharge Well
1188.5,100.5,rcc,0.85,6,895.5,326857.5,loamy,107.0,True,True,residential,93000.0,91374.9,0.28,0.939,7614.6,4568.7,Recharge Pit
306.0,75.6,rcc,0.85,2,299.6,109354.0,sandy,91.6,False,False,residential,37000.0,17697.2,0.162,0.825,1474.8,884.9,Recharge Pit
1258.2,279.6,rcc,0.85,8,957.0,349305.0,silty,31.7,True,False,residential,129000.0,269121.4,0.77,8.82,22426.8,13456.1,Hybrid System
1183.4,34.0,pavers,0.7,4,524.6,191479.0,loamy,63.0,False,False,residential,92000.0,25348.4,0.132,0.54,2112.4,1267.4,Storage Tank
3179.1,1643.9,pavers,0.7,53,2780.8,1014992.0,loamy,459.6,True,False,institutional,349000.0,3292457.2,3.244,3.577,274371.4,50749.6,Hybrid System
2562.5,199.0,rcc,0.85,6,887.4,323901.0,clay,76.9,True,False,residential,140000.0,390102.2,1.204,2.588,32508.5,16195.1,Storage Tank
1017.9,1025.7,metal,0.9,44,1558.9,568998.5,sandy,124.0,True,True,institutional,316000.0,845688.6,1.486,8.272,70474.1,28449.9,Recharge Well
849.2,563.1,rcc,0.85,37,1551.8,566407.0,loamy,137.7,True,True,commercial,120000.0,365811.2,0.646,4.089,30484.3,18290.6,Recharge Well
946.8,146.5,metal,0.9,8,1269.7,463440.5,loamy,41.3,False,False,residential,104000.0,112352.0,0.242,3.547,9362.7,5617.6,Hybrid System
542.1,131.2,pavers,0.7,4,637.9,232833.5,loamy,57.5,True,True,residential,50000.0,44807.8,0.192,2.282,3734.0,2240.4,Recharge Pit
1162.2,1790.4,rcc,0.85,35,1110.2,405223.0,loamy,287.2,True,True,institutional,198000.0,1591814.2,3.928,6.234,132651.2,20261.2,Recharge Well
874.1,137.2,metal,0.9,5,773.1,282181.5,silty,27.2,True,False,residential,92000.0,97140.5,0.344,5.044,8095.0,4857.0,Hybrid System
681.7,1898.4,metal,0.9,16,1441.3,526074.5,loamy,58.6,True,False,industrial,237000.0,1048252.8,1.993,32.396,87354.4,26303.7,Hybrid System
800.0,271.8,metal,0.9,8,946.8,345582.0,loamy,116.9,True,False,residential,102000.0,176126.4,0.51,2.325,14677.2,8806.3,Hybrid System
534.9,928.2,rcc,0.85,37,2364.4,863006.0,sandy,218.7,True,True,industrial,459000.0,379818.0,0.44,4.244,31651.5,18990.9,Recharge Well
1210.6,355.8,rcc,0.85,60,1809.9,660613.5,loamy,257.8,False,False,institutional,377000.0,329509.6,0.499,1.38,27459.1,16475.5,Hybrid System
882.9,1886.7,rcc,0.85,47,2788.6,1017839.0,rocky,47.5,True,True,industrial,444000.0,1274312.1,1.252,39.72,106192.7,50892.0,Storage Tank
906.6,1547.7,rcc,0.85,59,3144.7,1147815.5,loamy,463.3,False,False,institutional,250000.0,1073405.8,0.935,3.341,89450.5,53670.3,Hybrid System
1822.8,86.8,tiles,0.8,8,972.9,355108.5,sandy,52.4,True,True,residential,131000.0,113917.7,0.321,1.656,9493.1,5695.9,Recharge Pit
317.5,237.9,rcc,0.85,12,501.8,183157.0,loamy,152.2,True,False,commercial,205000.0,57782.9,0.315,1.563,4815.2,2889.1,Hybrid System
548.3,1722.9,metal,0.9,38,3033.9,1107373.5,sandy,550.8,False,True,industrial,306000.0,765179.5,0.691,3.128,63765.0,38259.0,Recharge Well
1591.8,307.6,rcc,0.85,2,267.0,97455.0,silty,83.5,False,True,residential,95000.0,374572.8,3.844,3.684,31214.4,4872.8,Recharge Well
1177.6,902.9,rcc,0.85,24,1669.7,609440.5,clay,360.8,True,True,industrial,200000.0,813390.1,1.335,2.502,67782.5,30472.0,Storage Tank
621.9,470.5,tiles,0.8,21,1012.6,369599.0,clay,293.3,True,False,commercial,249000.0,210674.8,0.57,1.604,17556.2,10533.7,Storage Tank
1254.7,450.8,metal,0.9,68,1896.3,692149.5,rocky,378.5,True,False,institutional,291000.0,458151.2,0.662,1.191,38179.3,22907.6,Storage Tank
514.9,842.8,metal,0.9,18,897.7,327660.5,loamy,197.6,True,True,commercial,327000.0,351505.8,1.073,4.265,29292.1,16383.0,Recharge Well
1820.5,118.0,rcc,0.85,6,677.4,247251.0,silty,102.7,True,False,residential,145000.0,164336.5,0.665,1.149,13694.7,8216.8,Hybrid System
2044.3,556.9,rcc,0.85,18,1332.3,486289.5,silty,54.7,True,False,commercial,170000.0,870930.1,1.791,10.181,72577.5,24314.5,Hybrid System
808.7,1787.6,rcc,0.85,60,3578.4,1306116.0,loamy,207.4,True,False,institutional,397000.0,1105908.6,0.847,8.619,92159.1,55295.4,Hybrid System
1727.4,220.2,rcc,0.85,2,265.6,96944.0,sandy,24.7,True,False,residential,47000.0,290985.7,3.002,8.915,24248.8,4847.2,Recharge Well
2487.3,565.6,metal,0.9,32,2194.4,800956.0,sandy,241.3,True,False,commercial,250000.0,1139521.7,1.423,2.344,94960.1,40047.8,Hybrid System
818.8,131.2,rcc,0.85,5,667.6,243674.0,clay,35.4,True,True,residential,116000.0,82181.3,0.337,3.706,6848.4,4109.1,Storage Tank
752.6,742.4,metal,0.9,17,1008.3,368029.5,clay,126.3,True,False,industrial,303000.0,452571.5,1.23,5.878,37714.3,18401.5,Storage Tank
358.4,711.1,rcc,0.85,23,1322.0,482530.0,loamy,103.2,True,False,commercial,325000.0,194966.6,0.404,6.891,16247.2,9748.3,Hybrid System
2703.8,33.7,rcc,0.85,5,714.2,260683.0,silty,73.2,True,True,residential,112000.0,69705.3,0.267,0.46,5808.8,3485.3,Recharge Pit
595.0,440.1,rcc,0.85,19,761.1,277801.5,loamy,47.9,True,True,commercial,82000.0,200322.5,0.721,9.188,16693.5,10016.1,Recharge Well
912.3,1814.9,metal,0.9,43,3968.8,1448612.0,silty,213.0,False,True,industrial,337000.0,1341143.9,0.926,8.521,111762.0,67057.2,Recharge Well
1113.4,1021.7,metal,0.9,39,1955.5,713757.5,loamy,195.0,True,False,institutional,319000.0,921424.2,1.291,5.239,76785.3,35687.9,Hybrid System
470.4,103.5,tiles,0.8,5,574.0,209510.0,loamy,100.1,True,False,residential,118000.0,35054.2,0.167,1.034,2921.2,1752.7,Storage Tank
787.0,2141.3,tiles,0.8,33,1858.1,678206.5,clay,264.8,False,True,industrial,153000.0,1213346.2,1.789,8.086,101112.2,33910.3,Storage Tank
314.7,1221.4,tiles,0.8,15,698.7,255025.5,silty,314.3,False,False,industrial,276000.0,276749.7,1.085,3.886,23062.5,12751.3,Hybrid System
516.6,228.7,metal,0.9,7,997.8,364197.0,rocky,63.2,True,True,residential,69000.0,95698.6,0.263,3.619,7974.9,4784.9,Storage Tank
1203.4,77.1,metal,0.9,7,1036.5,378322.5,sandy,94.7,True,False,residential,141000.0,75153.5,0.199,0.814,6262.8,3757.7,Hybrid System
538.8,112.7,rcc,0.85,4,561.0,204765.0,sandy,14.6,True,False,residential,91000.0,46452.9,0.227,7.719,3871.1,2322.6,Storage Tank
628.5,61.1,pavers,0.7,7,785.5,286707.5,sandy,70.7,False,True,residential,91000.0,24192.9,0.084,0.864,2016.1,1209.6,Recharge Pit
1200.3,1448.8,rcc,0.85,35,2015.7,735730.5,sandy,355.4,False,False,institutional,347000.0,1330330.9,1.808,4.077,110860.9,36786.5,Hybrid System
1470.9,191.2,metal,0.9,13,899.1,328171.5,loamy,278.8,True,True,commercial,328000.0,227801.2,0.694,0.686,18983.4,11390.1,Recharge Well
1063.1,147.1,rcc,0.85,3,411.0,150015.0,silty,84.6,True,False,residential,108000.0,119632.2,0.797,1.739,9969.4,5981.6,Hybrid System
771.8,209.2,rcc,0.85,4,632.5,230862.5,silty,18.4,True,False,residential,148000.0,123517.3,0.535,11.37,10293.1,6175.9,Hybrid System
1548.7,1363.3,metal,0.9,25,783.4,285941.0,loamy,330.7,True,True,institutional,316000.0,1710187.6,5.981,4.122,142515.6,14297.1,Recharge Well
379.3,1289.1,pavers,0.7,55,2612.3,953489.5,sandy,55.3,True,True,institutional,449000.0,308042.0,0.323,23.311,25670.2,15402.1,Recharge Well
1005.3,127.0,rcc,0.85,3,368.4,134466.0,loamy,105.5,False,False,residential,91000.0,97669.9,0.726,1.204,8139.2,4883.5,Hybrid System
515.1,704.9,metal,0.9,39,1649.3,601994.5,loamy,167.1,True,True,institutional,299000.0,294106.1,0.489,4.218,24508.8,14705.3,Recharge Well
587.4,514.5,rcc,0.85,37,1371.0,500415.0,silty,345.6,True,True,institutional,415000.0,231196.2,0.462,1.489,19266.4,11559.8,Recharge Well
2477.3,218.5,rcc,0.85,5,693.7,253200.5,loamy,10.0,True,True,residential,56000.0,414086.9,1.635,21.85,34507.2,12660.0,Storage Tank
555.8,67.0,rcc,0.85,6,927.6,338574.0,loamy,75.9,False,True,residential,65000.0,28487.5,0.084,0.883,2374.0,1424.4,Recharge Pit
461.9,403.6,rcc,0.85,12,809.8,295577.0,loamy,275.3,True,False,commercial,112000.0,142613.5,0.482,1.466,11884.5,7130.7,Hybrid System
616.5,276.8,rcc,0.85,6,667.2,243528.0,rocky,59.4,True,True,residential,31000.0,130545.1,0.536,4.66,10878.8,6527.3,Storage Tank
692.3,1617.9,pavers,0.7,25,1418.8,517862.0,sandy,441.7,False,True,institutional,260000.0,705645.5,1.363,3.663,58803.8,25893.1,Recharge Well
1025.4,286.7,metal,0.9,4,540.6,197319.0,clay,37.7,True,False,residential,43000.0,238125.6,1.207,7.605,19843.8,9866.0,Storage Tank
931.5,1500.5,rcc,0.85,28,1936.8,706932.0,loamy,453.7,True,False,industrial,405000.0,1069252.5,1.513,3.307,89104.4,35346.6,Hybrid System
725.9,1751.6,rcc,0.85,34,1759.5,642217.5,sandy,113.1,True,True,industrial,476000.0,972687.1,1.515,15.487,81057.3,32110.9,Recharge Well
2955.7,1562.6,rcc,0.85,22,570.7,208305.5,silty,244.4,True,True,institutional,137000.0,3533211.3,16.962,6.394,294434.3,10415.3,Recharge Well
877.5,394.6,rcc,0.85,34,2508.1,915456.5,sandy,128.7,True,False,commercial,173000.0,264890.0,0.289,3.066,22074.2,13244.5,Hybrid System
442.2,80.1,rcc,0.85,2,290.4,105996.0,loamy,89.1,True,True,residential,109000.0,27096.5,0.256,0.899,2258.0,1354.8,Recharge Pit
347.7,297.1,pavers,0.7,6,944.5,344742.5,loamy,13.9,True,False,residential,64000.0,65080.1,0.189,21.374,5423.3,3254.0,Storage Tank
1684.4,191.1,rcc,0.85,8,1050.4,383396.0,loamy,22.8,False,True,residential,49000.0,246245.0,0.642,8.382,20520.4,12312.2,Recharge Well
980.0,142.3,metal,0.9,7,949.0,346385.0,loamy,84.1,False,True,residential,131000.0,112957.7,0.326,1.692,9413.1,5647.9,Recharge Pit
530.1,1283.4,tiles,0.8,32,1435.2,523848.0,silty,180.5,True,False,institutional,177000.0,489837.8,0.935,7.11,40819.8,24491.9,Hybrid System
479.3,504.7,pavers,0.7,42,1891.8,690507.0,rocky,369.9,True,True,institutional,361000.0,152398.7,0.221,1.364,12699.9,7619.9,Storage Tank
666.1,1445.3,rcc,0.85,36,2140.9,781428.5,silty,519.9,True,False,industrial,359000.0,736476.5,0.942,2.78,61373.0,36823.8,Hybrid System
779.6,404.3,metal,0.9,57,2401.6,876584.0,loamy,360.3,False,False,institutional,139000.0,255305.7,0.291,1.122,21275.5,12765.3,Hybrid System
1945.8,163.3,tiles,0.8,8,907.0,331055.0,clay,51.5,False,False,residential,133000.0,228779.4,0.691,3.171,19065.0,11439.0,Storage Tank
820.3,193.0,rcc,0.85,5,765.8,279517.0,rocky,43.2,True,False,residential,103000.0,121113.2,0.433,4.468,10092.8,6055.7,Storage Tank
1957.6,249.7,metal,0.9,2,292.5,106762.5,rocky,2.8,True,False,residential,43000.0,395938.3,3.709,89.179,32994.9,5338.1,Storage Tank
1112.0,1618.7,rcc,0.85,16,711.0,259515.0,sandy,153.8,True,False,industrial,173000.0,1376995.7,5.306,10.525,114749.6,12975.8,Hybrid System
3075.6,734.1,rcc,0.85,57,2252.2,822053.0,sandy,455.5,True,False,institutional,227000.0,1727215.4,2.101,1.612,143934.6,41102.7,Hybrid System
2488.9,235.8,rcc,0.85,3,471.9,172243.5,silty,33.8,True,False,residential,97000.0,448965.2,2.607,6.976,37413.8,8612.2,Hybrid System
2693.8,277.3,rcc,0.85,5,692.2,252653.0,sandy,14.0,True,True,residential,94000.0,571447.9,2.262,19.807,47620.7,12632.7,Storage Tank
1978.3,626.4,metal,0.9,12,602.5,219912.5,clay,349.4,False,True,commercial,301000.0,1003757.8,4.564,1.793,83646.5,10995.6,Storage Tank
778.7,692.4,metal,0.9,23,1020.2,372373.0,sandy,286.9,True,False,institutional,351000.0,436729.2,1.173,2.413,36394.1,18618.7,Hybrid System
1185.7,228.9,rcc,0.85,8,1136.4,414786.0,loamy,113.4,True,False,residential,35000.0,207626.1,0.501,2.019,17302.2,10381.3,Recharge Well
2678.7,232.2,tiles,0.8,4,617.5,225387.5,loamy,117.1,True,False,residential,93000.0,447835.8,1.987,1.983,37319.7,11269.4,Hybrid System
816.2,87.4,rcc,0.85,7,996.6,363759.0,sandy,39.2,False,False,residential,41000.0,54571.9,0.15,2.23,4547.7,2728.6,Recharge Pit
446.5,785.2,rcc,0.85,27,1479.6,540054.0,loamy,473.5,True,False,institutional,449000.0,268202.7,0.497,1.658,22350.2,13410.1,Hybrid System
736.6,1002.0,pavers,0.7,25,1398.3,510379.5,sandy,355.6,True,False,institutional,194000.0,464986.1,0.911,2.818,38748.8,23249.3,Hybrid System
668.8,226.2,pavers,0.7,3,410.6,149869.0,silty,85.2,False,False,residential,27000.0,95308.0,0.636,2.655,7942.3,4765.4,Recharge Pit
1426.3,651.2,pavers,0.7,49,3986.5,1455072.5,sandy,229.3,True,True,industrial,488000.0,585148.1,0.402,2.84,48762.3,29257.4,Recharge Well
1005.0,314.4,metal,0.9,8,1159.4,423181.0,sandy,74.1,True,True,residential,95000.0,255937.3,0.605,4.243,21328.1,12796.9,Recharge Well
2442.3,258.9,pavers,0.7,7,783.3,285904.5,silty,86.3,True,True,residential,56000.0,398356.2,1.393,3.0,33196.3,14295.2,Recharge Well
2652.3,663.7,rcc,0.85,38,2466.3,900199.5,loamy,279.0,True,False,commercial,345000.0,1346653.6,1.496,2.379,112221.1,45010.0,Hybrid System
979.0,242.4,rcc,0.85,3,337.7,123260.5,sandy,119.5,True,False,residential,116000.0,181541.8,1.473,2.028,15128.5,6163.0,Hybrid System
1082.7,874.2,metal,0.9,36,2246.3,819899.5,clay,356.2,False,True,industrial,163000.0,766662.0,0.935,2.454,63888.5,38333.1,Storage Tank
1162.7,54.0,metal,0.9,6,819.6,299154.0,loamy,21.2,False,False,residential,103000.0,50856.5,0.17,2.547,4238.0,2542.8,Storage Tank
749.4,679.2,pavers,0.7,13,868.9,317148.5,silty,64.7,False,True,commercial,299000.0,320665.3,1.011,10.498,26722.1,15857.4,Recharge Well
2297.3,225.4,metal,0.9,8,1046.2,381863.0,loamy,75.7,True,False,residential,70000.0,419427.3,1.098,2.978,34952.3,19093.2,Hybrid System
732.1,212.3,rcc,0.85,5,761.5,277947.5,silty,37.6,True,True,residential,86000.0,118900.0,0.428,5.646,9908.3,5945.0,Recharge Pit
657.1,884.0,tiles,0.8,18,1555.1,567611.5,sandy,547.4,True,False,industrial,224000.0,418231.0,0.737,1.615,34852.6,20911.6,Hybrid System
2386.9,938.5,metal,0.9,18,1116.9,407668.5,clay,119.7,True,True,commercial,319000.0,1814485.6,4.451,7.84,151207.1,20383.4,Storage Tank
517.4,315.8,rcc,0.85,8,1024.0,373760.0,sandy,1.9,True,False,residential,93000.0,124997.1,0.334,166.211,10416.4,6249.9,Storage Tank
635.7,46.8,pavers,0.7,8,987.9,360583.5,clay,11.7,True,True,residential,123000.0,18743.0,0.052,4.0,1561.9,937.2,Storage Tank
2146.4,144.2,tiles,0.8,4,451.3,164724.5,loamy,70.6,True,True,residential,118000.0,222847.8,1.353,2.042,18570.6,8236.2,Recharge Well
354.1,305.2,rcc,0.85,3,348.3,127129.5,loamy,54.8,True,False,residential,37000.0,82674.6,0.65,5.569,6889.6,4133.7,Recharge Well
423.8,266.3,metal,0.9,31,1945.5,710107.5,loamy,77.0,True,False,commercial,186000.0,91414.9,0.129,3.458,7617.9,4570.7,Hybrid System
632.8,515.8,tiles,0.8,37,1798.9,656598.5,loamy,306.5,True,False,commercial,218000.0,235006.7,0.358,1.683,19583.9,11750.3,Hybrid System
386.2,138.2,metal,0.9,3,390.4,142496.0,silty,116.0,True,False,residential,99000.0,43232.0,0.303,1.191,3602.7,2161.6,Storage Tank
784.8,730.8,rcc,0.85,12,454.5,165892.5,loamy,197.3,False,False,commercial,307000.0,438751.9,2.645,3.704,36562.7,8294.6,Hybrid System
975.0,240.4,pavers,0.7,5,720.7,263055.5,loamy,47.1,True,False,residential,71000.0,147665.7,0.561,5.104,12305.5,7383.3,Hybrid System
628.2,1664.7,tiles,0.8,51,2738.7,999625.5,loamy,216.7,True,True,institutional,313000.0,752950.5,0.753,7.682,62745.9,37647.5,Recharge Well
2843.6,73.4,rcc,0.85,6,911.3,332624.5,sandy,20.4,True,False,residential,111000.0,159671.0,0.48,3.598,13305.9,7983.6,Hybrid System
555.3,194.6,rcc,0.85,7,1039.0,379235.0,clay,20.2,True,False,residential,22000.0,82667.0,0.218,9.634,6888.9,4133.4,Storage Tank
1159.6,117.3,metal,0.9,5,645.6,235644.0,loamy,77.7,False,True,residential,146000.0,110177.1,0.468,1.51,9181.4,5508.9,Recharge Pit
358.0,58.1,rcc,0.85,6,855.1,312111.5,loamy,80.8,True,False,residential,43000.0,15911.8,0.051,0.719,1326.0,795.6,Recharge Pit
1660.7,188.0,pavers,0.7,4,510.2,186223.0,clay,25.8,True,False,residential,35000.0,196693.3,1.056,7.287,16391.1,9311.1,Storage Tank
1129.9,298.1,rcc,0.85,7,926.3,338099.5,loamy,14.7,True,True,residential,25000.0,257669.7,0.762,20.279,21472.5,12883.5,Storage Tank
2722.2,933.0,pavers,0.7,35,2406.5,878372.5,sandy,228.3,True,False,commercial,159000.0,1600081.9,1.822,4.087,133340.2,43918.6,Hybrid System
860.5,172.3,tiles,0.8,16,734.4,268056.0,loamy,128.0,True,False,commercial,346000.0,106750.2,0.398,1.346,8895.9,5337.5,Hybrid System
828.4,67.7,rcc,0.85,3,474.6,173229.0,silty,113.6,True,False,residential,64000.0,42903.3,0.248,0.596,3575.3,2145.2,Storage Tank
650.1,583.3,metal,0.9,15,629.9,229913.5,sandy,263.5,True,False,commercial,328000.0,307154.7,1.336,2.214,25596.2,11495.7,Hybrid System
2153.2,74.9,rcc,0.85,4,586.2,213963.0,loamy,102.1,True,False,residential,26000.0,123375.1,0.577,0.734,10281.3,6168.8,Recharge Pit
2017.9,77.2,tiles,0.8,2,305.3,111434.5,rocky,75.0,False,False,residential,103000.0,112163.0,1.007,1.029,9346.9,5571.7,Storage Tank
984.4,234.5,pavers,0.7,6,892.2,325653.0,silty,48.4,False,True,residential,114000.0,145430.3,0.447,4.845,12119.2,7271.5,Recharge Pit
981.0,1546.4,rcc,0.85,38,2719.0,992435.0,loamy,170.0,True,True,industrial,157000.0,1160519.1,1.169,9.096,96709.9,49621.8,Recharge Well
677.1,2129.5,metal,0.9,17,1601.4,584511.0,loamy,310.7,True,False,industrial,347000.0,1167926.4,1.998,6.854,97327.2,29225.6,Hybrid System
730.0,231.6,rcc,0.85,29,1686.8,615682.0,loamy,292.9,False,False,commercial,91000.0,129337.0,0.21,0.791,10778.1,6466.9,Hybrid System
1114.9,313.2,rcc,0.85,5,603.9,220423.5,clay,21.1,False,False,residential,53000.0,267127.8,1.212,14.844,22260.6,11021.2,Storage Tank
983.0,733.4,rcc,0.85,20,894.0,326310.0,sandy,28.2,False,False,commercial,281000.0,551513.1,1.69,26.007,45959.4,16315.5,Hybrid System
355.2,760.6,pavers,0.7,31,2033.9,742373.5,clay,225.1,True,False,commercial,267000.0,170204.0,0.229,3.379,14183.7,8510.2,Storage Tank
1176.1,855.1,rcc,0.85,13,821.4,299811.0,loamy,47.7,True,True,commercial,318000.0,769347.6,2.566,17.927,64112.3,14990.6,Recharge Well
949.6,121.8,metal,0.9,3,365.2,133298.0,sandy,40.9,True,False,residential,45000.0,93685.6,0.703,2.978,7807.1,4684.3,Recharge Pit
809.7,179.1,rcc,0.85,2,293.9,107273.5,rocky,9.2,True,False,residential,140000.0,110938.2,1.034,19.467,9244.9,5363.7,Storage Tank
1528.4,307.1,pavers,0.7,3,398.3,145379.5,silty,31.9,False,True,residential,73000.0,295704.1,2.034,9.627,24642.0,7269.0,Recharge Well
519.3,2106.0,rcc,0.85,39,3430.9,1252278.5,silty,323.1,False,True,industrial,276000.0,836639.0,0.668,6.518,69719.9,41832.0,Recharge Well
776.2,88.2,tiles,0.8,8,1095.0,399675.0,clay,62.0,False,True,residential,138000.0,49291.8,0.123,1.423,4107.7,2464.6,Storage Tank
1113.4,83.1,tiles,0.8,7,856.9,312768.5,loamy,44.7,True,True,residential,117000.0,66616.9,0.213,1.859,5551.4,3330.8,Recharge Pit
2351.0,786.3,rcc,0.85,33,1418.0,517570.0,sandy,194.4,True,True,commercial,295000.0,1414172.3,2.732,4.045,117847.7,25878.5,Recharge Well
1764.3,1290.7,tiles,0.8,29,1710.1,624186.5,sandy,490.2,True,False,institutional,146000.0,1639571.0,2.627,2.633,136630.9,31209.3,Hybrid System
850.1,458.8,rcc,0.85,23,1414.0,516110.0,clay,139.7,False,False,commercial,242000.0,298369.8,0.578,3.284,24864.1,14918.5,Storage Tank
639.2,275.1,rcc,0.85,19,910.6,332369.0,loamy,45.3,True,True,commercial,157000.0,134520.6,0.405,6.073,11210.1,6726.0,Recharge Pit
1688.9,129.2,tiles,0.8,4,584.7,213415.5,silty,8.5,False,True,residential,109000.0,157108.2,0.736,15.2,13092.4,7855.4,Storage Tank
656.7,181.3,rcc,0.85,7,913.5,333427.5,silty,12.0,False,True,residential,123000.0,91080.7,0.273,15.108,7590.1,4554.0,Storage Tank
342.6,1666.3,rcc,0.85,34,884.5,322842.5,silty,303.8,True,False,institutional,393000.0,436718.9,1.353,5.485,36393.2,16142.1,Hybrid System
1237.2,1583.2,pavers,0.7,24,659.5,240717.5,clay,213.2,True,False,institutional,128000.0,1234003.1,5.126,7.426,102833.6,12035.9,Storage Tank
1171.7,231.3,rcc,0.85,2,290.6,106069.0,sandy,119.3,False,True,residential,109000.0,207325.9,1.955,1.939,17277.2,5303.5,Recharge Well
821.7,139.8,rcc,0.85,2,271.0,98915.0,loamy,86.0,True,True,residential,26000.0,87878.3,0.888,1.626,7323.2,4393.9,Recharge Pit
1093.9,838.8,pavers,0.7,34,1851.9,675943.5,loamy,95.0,False,False,commercial,141000.0,578064.9,0.855,8.829,48172.1,28903.2,Hybrid System
946.7,192.5,pavers,0.7,3,475.5,173557.5,clay,41.0,True,True,residential,124000.0,114811.0,0.662,4.695,9567.6,5740.6,Storage Tank
971.4,870.0,metal,0.9,22,1052.7,384235.5,loamy,71.8,True,False,commercial,196000.0,684545.6,1.782,12.117,57045.5,19211.8,Hybrid System
684.2,1731.5,rcc,0.85,43,2433.9,888373.5,sandy,58.0,True,False,institutional,280000.0,906289.6,1.02,29.853,75524.1,44418.7,Hybrid System
1396.9,906.2,tiles,0.8,11,744.9,271888.5,sandy,160.3,True,True,commercial,329000.0,911427.0,3.352,5.653,75952.2,13594.4,Recharge Well
1821.8,41.6,rcc,0.85,3,386.3,140999.5,loamy,44.2,True,True,residential,45000.0,57977.0,0.411,0.941,4831.4,2898.9,Recharge Pit
2643.3,2034.4,rcc,0.85,29,2794.6,1020029.0,rocky,84.1,True,False,industrial,266000.0,4113810.1,4.033,24.19,342817.5,51001.5,Storage Tank
3178.2,88.6,rcc,0.85,7,797.7,291160.5,loamy,59.7,True,True,residential,111000.0,215415.2,0.74,1.484,17951.3,10770.8,Recharge Well
1035.3,201.0,metal,0.9,4,499.0,182135.0,rocky,96.2,True,False,residential,111000.0,168557.2,0.925,2.089,14046.4,8427.9,Storage Tank
616.3,259.4,metal,0.9,5,788.5,287802.5,sandy,102.1,True,True,residential,58000.0,129493.3,0.45,2.541,10791.1,6474.7,Recharge Pit
2167.1,189.0,rcc,0.85,6,686.5,250572.5,rocky,101.5,True,True,residential,105000.0,313330.2,1.25,1.862,26110.9,12528.6,Storage Tank
945.8,155.0,rcc,0.85,21,1553.2,566918.0,rocky,164.7,True,False,commercial,177000.0,112148.2,0.198,0.941,9345.7,5607.4,Storage Tank
1809.3,311.0,rcc,0.85,7,802.6,292949.0,loamy,84.9,True,False,residential,115000.0,430459.6,1.469,3.663,35871.6,14647.5,Hybrid System
576.3,262.8,tiles,0.8,6,713.9,260573.5,loamy,65.6,False,False,residential,129000.0,109045.2,0.418,4.006,9087.1,5452.3,Hybrid System
383.8,285.4,metal,0.9,2,271.0,98915.0,silty,62.8,True,False,residential,48000.0,88724.6,0.897,4.545,7393.7,4436.2,Recharge Well
1152.8,196.1,rcc,0.85,7,841.3,307074.5,sandy,3.7,True,False,residential,87000.0,172939.0,0.563,53.0,14411.6,8647.0,Storage Tank
1277.4,289.5,metal,0.9,3,451.9,164943.5,rocky,67.4,True,False,residential,91000.0,299543.9,1.816,4.295,24962.0,8247.2,Storage Tank
954.9,634.7,rcc,0.85,29,1475.3,538484.5,loamy,291.0,True,True,commercial,221000.0,463647.4,0.861,2.181,38637.3,23182.4,Recharge Well
2819.1,717.6,metal,0.9,13,605.0,220825.0,sandy,194.6,True,False,commercial,339000.0,1638618.8,7.42,3.688,136551.6,11041.2,Hybrid System
1123.8,962.7,metal,0.9,43,1812.4,661526.0,silty,505.6,True,True,industrial,446000.0,876324.6,1.325,1.904,73027.1,33076.3,Recharge Well
1926.5,2157.4,metal,0.9,34,1372.6,500999.0,loamy,316.6,True,True,industrial,270000.0,3366547.2,6.72,6.814,280545.6,25050.0,Recharge Well
397.3,247.7,rcc,0.85,6,710.9,259478.5,loamy,96.0,True,True,residential,83000.0,75284.6,0.29,2.58,6273.7,3764.2,Recharge Pit
1094.5,1243.5,rcc,0.85,67,3992.4,1457226.0,silty,478.0,False,False,institutional,297000.0,1041173.2,0.714,2.601,86764.4,52058.7,Hybrid System
2158.6,871.9,metal,0.9,25,1203.4,439241.0,sandy,120.4,False,False,commercial,78000.0,1524487.5,3.471,7.242,127040.6,21962.1,Hybrid System
858.3,343.6,rcc,0.85,36,2256.4,823586.0,loamy,250.0,True,False,commercial,152000.0,225607.6,0.274,1.374,18800.6,11280.4,Hybrid System
3098.3,2443.8,metal,0.9,21,1527.7,557610.5,loamy,282.7,True,False,industrial,487000.0,6133016.7,10.999,8.644,511084.7,27880.5,Hybrid System
1826.2,557.6,rcc,0.85,28,1788.9,652948.5,sandy,172.3,True,True,commercial,155000.0,778991.2,1.193,3.236,64915.9,32647.4,Recharge Well
2200.9,238.0,rcc,0.85,4,498.6,181989.0,loamy,35.5,True,True,residential,35000.0,400717.9,2.202,6.704,33393.2,9099.5,Recharge Well
2086.0,188.7,rcc,0.85,5,574.6,209729.0,loamy,62.9,True,False,residential,87000.0,301125.6,1.436,3.0,25093.8,10486.5,Hybrid System
1343.9,740.4,rcc,0.85,12,421.1,153701.5,sandy,307.9,True,True,commercial,194000.0,761193.0,4.952,2.405,63432.8,7685.1,Recharge Well
594.4,52.4,metal,0.9,7,1049.3,382994.5,loamy,63.1,True,False,residential,32000.0,25228.7,0.066,0.83,2102.4,1261.4,Recharge Pit
1970.8,493.6,rcc,0.85,20,1201.3,438474.5,sandy,193.6,True,True,commercial,141000.0,744182.0,1.697,2.55,62015.2,21923.7,Recharge Well
1454.5,902.6,rcc,0.85,32,1380.1,503736.5,loamy,216.2,True,False,commercial,189000.0,1004316.3,1.994,4.175,83693.0,25186.8,Hybrid System
639.3,1452.6,tiles,0.8,23,976.8,356532.0,clay,340.1,True,True,institutional,330000.0,668626.0,1.875,4.271,55718.8,17826.6,Storage Tank
1194.1,274.5,metal,0.9,2,256.2,93513.0,loamy,29.7,True,True,residential,73000.0,265502.2,2.839,9.242,22125.2,4675.7,Recharge Well
432.9,260.1,rcc,0.85,7,940.4,343246.0,loamy,55.3,False,True,residential,76000.0,86136.9,0.251,4.703,7178.1,4306.8,Recharge Pit
781.7,191.9,rcc,0.85,6,922.5,336712.5,clay,98.1,True,False,residential,98000.0,114756.3,0.341,1.956,9563.0,5737.8,Storage Tank
331.5,595.6,rcc,0.85,29,726.2,265063.0,loamy,169.9,False,False,institutional,304000.0,151042.7,0.57,3.506,12586.9,7552.1,Hybrid System
1048.9,290.4,metal,0.9,4,469.0,171185.0,sandy,1.8,False,False,residential,101000.0,246726.5,1.441,161.333,20560.5,8559.2,Storage Tank
2864.5,172.4,rcc,0.85,5,702.6,256449.0,sandy,20.4,False,True,residential,138000.0,377787.4,1.473,8.451,31482.3,12822.5,Recharge Well
759.9,231.1,metal,0.9,6,724.3,264369.5,loamy,82.5,True,False,residential,98000.0,142246.4,0.538,2.801,11853.9,7112.3,Hybrid System
1003.0,160.6,rcc,0.85,4,493.6,180164.0,sandy,47.2,False,False,residential,56000.0,123227.6,0.684,3.403,10269.0,6161.4,Storage Tank
774.3,2089.9,rcc,0.85,43,3595.9,1312503.5,sandy,596.0,True,True,industrial,374000.0,1237930.3,0.943,3.507,103160.9,61896.5,Recharge Well
538.6,134.2,tiles,0.8,6,949.7,346640.5,clay,29.1,True,False,residential,114000.0,52041.7,0.15,4.612,4336.8,2602.1,Storage Tank
1074.5,812.5,rcc,0.85,28,1399.7,510890.5,loamy,212.4,True,False,commercial,81000.0,667868.9,1.307,3.825,55655.7,25544.5,Hybrid System
453.0,202.6,rcc,0.85,7,1033.7,377300.5,clay,7.9,True,True,residential,119000.0,70210.0,0.186,25.646,5850.8,3510.5,Storage Tank
710.7,131.2,rcc,0.85,3,388.2,141693.0,loamy,66.7,True,False,residential,38000.0,71331.5,0.503,1.967,5944.3,3566.6,Recharge Pit
1004.5,282.7,rcc,0.85,2,251.7,91870.5,silty,60.5,True,False,residential,38000.0,217238.7,2.365,4.673,18103.2,4593.5,Recharge Well
803.4,718.8,pavers,0.7,25,980.4,357846.0,rocky,318.8,True,False,institutional,254000.0,363814.9,1.017,2.255,30317.9,17892.3,Storage Tank
1346.9,70.5,rcc,0.85,5,662.8,241922.0,sandy,50.3,True,True,residential,29000.0,72641.7,0.3,1.402,6053.5,3632.1,Recharge Pit
1742.7,2480.3,rcc,0.85,24,1169.9,427013.5,sandy,168.8,True,False,industrial,363000.0,3306650.4,7.744,14.694,275554.2,21350.7,Hybrid System
660.5,2057.2,rcc,0.85,24,1410.1,514686.5,sandy,535.9,True,True,industrial,328000.0,1039467.2,2.02,3.839,86622.3,25734.3,Recharge Well
832.8,892.8,metal,0.9,31,1292.4,471726.0,loamy,306.4,True,False,commercial,154000.0,602254.3,1.277,2.914,50187.9,23586.3,Hybrid System
3129.7,45.8,pavers,0.7,4,516.1,188376.5,silty,97.1,True,False,residential,96000.0,90304.4,0.479,0.472,7525.4,4515.2,Hybrid System
2049.7,1211.1,rcc,0.85,34,1676.1,611776.5,sandy,119.5,True,True,institutional,398000.0,1899029.6,3.104,10.135,158252.5,30588.8,Recharge Well
1018.4,1582.2,metal,0.9,39,2679.5,978017.5,loamy,354.3,False,True,industrial,355000.0,1305163.1,1.334,4.466,108763.6,48900.9,Recharge Well
1047.2,1517.5,tiles,0.8,18,1489.3,543594.5,silty,171.7,True,False,industrial,368000.0,1144170.7,2.105,8.838,95347.6,27179.7,Hybrid System
2152.1,204.5,rcc,0.85,7,1117.7,407960.5,clay,54.7,True,False,residential,113000.0,336679.9,0.825,3.739,28056.7,16834.0,Storage Tank
876.4,242.8,rcc,0.85,3,331.9,121143.5,clay,92.5,True,False,residential,25000.0,162784.3,1.344,2.625,13565.4,6057.2,Storage Tank
2059.6,801.3,rcc,0.85,38,3028.2,1105293.0,clay,543.3,False,False,industrial,422000.0,1262523.5,1.142,1.475,105210.3,55264.7,Storage Tank
709.9,38.0,tiles,0.8,3,439.2,160308.0,sandy,116.3,False,False,residential,94000.0,19422.9,0.121,0.327,1618.6,971.1,Storage Tank
1815.1,1700.8,rcc,0.85,44,2087.9,762083.5,sandy,164.8,True,False,institutional,378000.0,2361648.4,3.099,10.32,196804.0,38104.2,Hybrid System
1382.6,255.2,tiles,0.8,8,947.7,345910.5,clay,84.7,True,False,residential,39000.0,254044.5,0.734,3.013,21170.4,12702.2,Storage Tank
1192.4,462.9,metal,0.9,12,828.5,302402.5,loamy,141.7,True,False,commercial,270000.0,447089.2,1.478,3.267,37257.4,15120.1,Hybrid System
2308.9,305.2,metal,0.9,6,720.2,262873.0,rocky,31.7,True,True,residential,111000.0,570787.8,2.171,9.628,47565.7,13143.7,Storage Tank
461.4,583.7,rcc,0.85,25,1390.0,507350.0,loamy,25.4,False,True,commercial,119000.0,206029.2,0.406,22.98,17169.1,10301.5,Recharge Well
839.7,277.9,pavers,0.7,4,615.4,224621.0,clay,1.4,True,False,residential,28000.0,147012.2,0.654,198.5,12251.0,7350.6,Storage Tank
383.0,212.4,pavers,0.7,13,502.4,183376.0,loamy,321.7,False,False,commercial,207000.0,51250.0,0.279,0.66,4270.8,2562.5,Storage Tank
1327.1,179.2,rcc,0.85,5,720.2,262873.0,silty,65.2,False,True,residential,125000.0,181929.5,0.692,2.748,15160.8,9096.5,Recharge Well
1128.8,308.6,rcc,0.85,2,297.3,108514.5,loamy,84.7,False,True,residential,35000.0,266486.0,2.456,3.643,22207.2,5425.7,Recharge Well
1902.5,767.4,rcc,0.85,48,2675.2,976448.0,rocky,412.2,False,False,institutional,299000.0,1116883.6,1.144,1.862,93073.6,48822.4,Storage Tank
733.7,145.6,rcc,0.85,6,785.2,286598.0,sandy,116.7,False,True,residential,116000.0,81722.4,0.285,1.248,6810.2,4086.1,Recharge Pit
557.1,769.1,rcc,0.85,23,812.4,296526.0,loamy,396.0,True,True,institutional,408000.0,327776.2,1.105,1.942,27314.7,14826.3,Recharge Well
1635.8,179.1,rcc,0.85,7,820.5,299482.5,loamy,65.0,True,True,residential,100000.0,224123.4,0.748,2.755,18677.0,11206.2,Recharge Well
1012.0,160.8,metal,0.9,5,750.6,273969.0,silty,75.5,True,True,residential,122000.0,131811.0,0.481,2.13,10984.2,6590.6,Recharge Pit
3145.7,379.6,metal,0.9,21,1432.9,523008.5,loamy,117.0,True,True,commercial,231000.0,967227.3,1.849,3.244,80602.3,26150.4,Recharge Well
1812.0,215.8,rcc,0.85,6,909.1,331821.5,clay,101.0,True,False,residential,94000.0,299137.6,0.902,2.137,24928.1,14956.9,Storage Tank
620.5,157.3,rcc,0.85,3,357.8,130597.0,clay,116.6,True,True,residential,113000.0,74667.6,0.572,1.349,6222.3,3733.4,Storage Tank
1278.0,165.0,rcc,0.85,30,2163.0,789495.0,sandy,259.3,True,False,commercial,309000.0,161315.6,0.204,0.636,13443.0,8065.8,Hybrid System
1397.6,850.2,rcc,0.85,17,1137.2,415078.0,clay,382.0,False,False,industrial,255000.0,909003.2,2.19,2.226,75750.3,20753.9,Storage Tank
774.5,916.6,rcc,0.85,24,1192.4,435226.0,rocky,416.0,False,False,industrial,431000.0,543078.6,1.248,2.203,45256.5,21761.3,Storage Tank
832.1,218.9,rcc,0.85,2,243.0,88695.0,silty,98.1,True,True,residential,51000.0,139342.2,1.571,2.231,11611.9,4434.8,Recharge Pit
1417.8,219.5,rcc,0.85,8,953.5,348027.5,loamy,1.2,True,True,residential,81000.0,238073.4,0.684,182.917,19839.5,11903.7,Storage Tank
1083.5,158.1,tiles,0.8,11,878.4,320616.0,sandy,303.5,True,False,commercial,72000.0,123337.0,0.385,0.521,10278.1,6166.9,Hybrid System
1829.1,264.6,rcc,0.85,6,687.0,250755.0,silty,119.6,True,False,residential,92000.0,370244.6,1.477,2.212,30853.7,12537.8,Hybrid System
2366.4,259.7,rcc,0.85,5,771.7,281670.5,loamy,69.1,True,True,residential,103000.0,470133.9,1.669,3.758,39177.8,14083.5,Recharge Well
706.6,85.8,rcc,0.85,6,738.7,269625.5,loamy,58.9,False,False,residential,75000.0,46379.1,0.172,1.457,3864.9,2319.0,Storage Tank
1389.3,182.7,rcc,0.85,3,378.6,138189.0,loamy,10.5,True,False,residential,100000.0,194176.2,1.405,17.4,16181.4,6909.5,Storage Tank
1158.1,289.2,metal,0.9,4,451.4,164761.0,sandy,45.7,True,False,residential,137000.0,271287.2,1.647,6.328,22607.3,8238.1,Hybrid System
885.5,293.3,rcc,0.85,16,773.0,282145.0,loamy,99.8,True,True,commercial,80000.0,198683.6,0.704,2.939,16557.0,9934.2,Recharge Well
1154.5,277.1,rcc,0.85,2,285.9,104353.5,sandy,44.1,True,True,residential,122000.0,244732.6,2.345,6.283,20394.4,5217.7,Recharge Well
1954.9,67.7,metal,0.9,4,597.4,218051.0,rocky,78.8,False,False,residential,81000.0,107200.9,0.492,0.859,8933.4,5360.0,Storage Tank
989.9,410.7,rcc,0.85,26,1852.5,676162.5,rocky,347.1,True,False,commercial,108000.0,311012.2,0.46,1.183,25917.7,15550.6,Storage Tank
1770.0,935.6,rcc,0.85,30,1153.4,420991.0,sandy,337.2,True,True,commercial,139000.0,1266849.2,3.009,2.775,105570.8,21049.6,Recharge Well
1088.2,973.3,rcc,0.85,40,1427.0,520855.0,silty,56.5,True,False,institutional,152000.0,810246.0,1.556,17.227,67520.5,26042.8,Hybrid System
538.7,188.2,rcc,0.85,27,1125.7,410880.5,silty,258.9,True,False,commercial,122000.0,77558.3,0.189,0.727,6463.2,3877.9,Hybrid System
1908.6,282.6,rcc,0.85,4,581.0,212065.0,rocky,89.0,True,True,residential,111000.0,412618.3,1.946,3.175,34384.9,10603.2,Storage Tank
977.2,191.0,rcc,0.85,5,769.1,280721.5,rocky,32.7,True,True,residential,64000.0,142783.6,0.509,5.841,11898.6,7139.2,Storage Tank
2190.8,651.7,metal,0.9,68,2439.5,890417.5,clay,494.1,True,True,institutional,203000.0,1156472.9,1.299,1.319,96372.7,44520.9,Storage Tank
395.5,2363.4,metal,0.9,35,3020.4,1102446.0,loamy,512.1,True,False,industrial,396000.0,757127.0,0.687,4.615,63093.9,37856.3,Hybrid System
1095.3,1902.1,rcc,0.85,43,3145.0,1147925.0,loamy,153.1,False,False,industrial,426000.0,1593778.1,1.388,12.424,132814.8,57396.2,Hybrid System
2284.9,263.3,pavers,0.7,8,939.1,342771.5,silty,97.2,True,False,residential,127000.0,379016.9,1.106,2.709,31584.7,17138.6,Hybrid System
1625.5,53.9,rcc,0.85,2,239.3,87344.5,silty,26.4,True,False,residential,140000.0,67025.1,0.767,2.042,5585.4,3351.3,Recharge Pit
1072.0,1333.5,metal,0.9,17,1566.1,571626.5,silty,75.7,True,True,industrial,445000.0,1157904.7,2.026,17.616,96492.1,28581.3,Recharge Well
1528.2,294.4,metal,0.9,5,655.0,239075.0,clay,109.4,True,False,residential,65000.0,364420.7,1.524,2.691,30368.4,11953.8,Storage Tank
2587.8,1776.6,pavers,0.7,52,1364.6,498079.0,sandy,477.4,True,False,institutional,196000.0,2896415.9,5.815,3.721,241368.0,24904.0,Hybrid System
314.6,62.4,metal,0.9,2,261.8,95557.0,sandy,19.1,True,False,residential,86000.0,15901.1,0.166,3.267,1325.1,795.1,Storage Tank
333.4,240.0,pavers,0.7,2,227.9,83183.5,sandy,69.9,False,True,residential,103000.0,50410.1,0.606,3.433,4200.8,2520.5,Recharge Pit
757.1,648.0,tiles,0.8,10,544.4,198706.0,loamy,155.4,True,False,commercial,211000.0,353232.6,1.778,4.17,29436.0,9935.3,Hybrid System
1427.7,798.5,rcc,0.85,23,1246.6,455009.0,loamy,268.3,True,True,institutional,317000.0,872114.1,1.917,2.976,72676.2,22750.5,Recharge Well
306.2,118.5,pavers,0.7,7,881.6,321784.0,sandy,51.9,True,False,residential,113000.0,22859.4,0.071,2.283,1905.0,1143.0,Storage Tank
1931.7,1339.2,tiles,0.8,52,3054.1,1114746.5,loamy,484.6,True,True,institutional,232000.0,1862591.5,1.671,2.764,155216.0,55737.3,Recharge Well
1029.4,845.4,rcc,0.85,18,935.6,341494.0,clay,237.9,True,True,commercial,162000.0,665744.9,1.95,3.554,55478.7,17074.7,Storage Tank
400.1,249.1,rcc,0.85,5,659.8,240827.0,sandy,15.3,True,False,residential,80000.0,76243.7,0.317,16.281,6353.6,3812.2,Storage Tank
997.8,311.5,rcc,0.85,3,463.6,169214.0,clay,74.7,True,True,residential,149000.0,237773.2,1.405,4.17,19814.4,8460.7,Storage Tank
1046.8,390.3,tiles,0.8,27,1757.0,641305.0,sandy,283.9,True,True,commercial,134000.0,294167.5,0.459,1.375,24514.0,14708.4,Recharge Well
420.9,141.3,metal,0.9,5,763.2,278568.0,silty,20.7,False,False,residential,83000.0,48173.3,0.173,6.826,4014.4,2408.7,Storage Tank
367.4,421.3,metal,0.9,13,609.4,222431.0,clay,41.9,True,False,commercial,74000.0,125376.4,0.564,10.055,10448.0,6268.8,Storage Tank
753.2,1532.7,pavers,0.7,37,1052.6,384199.0,sandy,297.9,True,True,institutional,142000.0,727290.7,1.893,5.145,60607.6,19210.0,Recharge Well
1663.4,559.9,rcc,0.85,31,1241.4,453111.0,rocky,370.9,True,True,institutional,296000.0,712473.3,1.572,1.51,59372.8,22655.6,Storage Tank
779.4,957.5,rcc,0.85,19,1214.5,443292.5,silty,71.3,False,False,commercial,186000.0,570900.8,1.288,13.429,47575.1,22164.6,Hybrid System
1349.0,238.6,rcc,0.85,3,350.6,127969.0,sandy,61.3,True,True,residential,27000.0,246231.6,1.924,3.892,20519.3,6398.5,Recharge Well
1777.1,190.5,rcc,0.85,2,257.2,93878.0,silty,55.3,True,False,residential,128000.0,258981.2,2.759,3.445,21581.8,4693.9,Recharge Well
560.9,295.1,rcc,0.85,15,688.9,251448.5,clay,48.1,True,False,commercial,220000.0,126624.0,0.504,6.135,10552.0,6331.2,Storage Tank
896.5,150.9,rcc,0.85,5,749.2,273458.0,silty,6.7,True,True,residential,150000.0,103490.6,0.378,22.522,8624.2,5174.5,Storage Tank
1979.8,119.1,rcc,0.85,7,850.7,310505.5,silty,10.2,True,False,residential,61000.0,180382.5,0.581,11.676,15031.9,9019.1,Storage Tank
1608.5,2456.5,rcc,0.85,16,1008.8,368212.0,loamy,344.6,False,False,industrial,361000.0,3022729.4,8.209,7.129,251894.1,18410.6,Hybrid System
1119.9,962.9,tiles,0.8,12,655.6,239294.0,loamy,104.6,True,False,commercial,87000.0,776413.2,3.245,9.206,64701.1,11964.7,Hybrid System
1171.0,169.7,rcc,0.85,6,808.6,295139.0,sandy,109.5,True,False,residential,99000.0,152019.8,0.515,1.55,12668.3,7601.0,Hybrid System
1353.5,214.4,metal,0.9,8,1258.5,459352.5,clay,24.8,True,False,residential,149000.0,235054.2,0.512,8.645,19587.9,11752.7,Storage Tank
682.1,185.0,pavers,0.7,6,663.1,242031.5,loamy,24.6,True,True,residential,121000.0,79498.8,0.328,7.52,6624.9,3974.9,Recharge Pit
2736.6,184.3,rcc,0.85,25,1297.4,473551.0,sandy,136.5,False,False,commercial,302000.0,385831.9,0.815,1.35,32152.7,19291.6,Hybrid System
2789.4,286.1,rcc,0.85,4,509.2,185858.0,rocky,74.2,False,False,residential,84000.0,610506.2,3.285,3.856,50875.5,9292.9,Storage Tank
2109.6,235.6,tiles,0.8,7,1037.4,378651.0,clay,84.8,True,False,residential,100000.0,357855.7,0.945,2.778,29821.3,17892.8,Storage Tank
2634.3,127.7,metal,0.9,5,737.6,269224.0,silty,0.1,True,True,residential,120000.0,272484.1,1.012,127.7,22707.0,13461.2,Storage Tank
899.0,573.1,rcc,0.85,49,2380.5,868882.5,rocky,461.1,True,True,institutional,213000.0,394140.9,0.454,1.243,32845.1,19707.0,Storage Tank
1232.0,261.1,metal,0.9,7,797.8,291197.0,rocky,114.0,True,False,residential,111000.0,260556.9,0.895,2.29,21713.1,13027.8,Storage Tank
1580.5,1131.2,rcc,0.85,35,2593.5,946627.5,sandy,100.8,True,False,industrial,274000.0,1367714.1,1.445,11.222,113976.2,47331.4,Hybrid System
888.3,1632.4,metal,0.9,46,3573.9,1304473.5,silty,302.4,False,False,industrial,309000.0,1174549.3,0.9,5.398,97879.1,58727.5,Hybrid System
1227.6,533.7,rcc,0.85,65,3171.7,1157670.5,loamy,498.9,True,False,institutional,333000.0,501205.1,0.433,1.07,41767.1,25060.3,Hybrid System
439.8,511.8,pavers,0.7,16,828.3,302329.5,silty,262.0,False,False,commercial,184000.0,141806.5,0.469,1.953,11817.2,7090.3,Hybrid System
698.5,164.0,rcc,0.85,7,941.0,343465.0,rocky,96.7,True,True,residential,75000.0,87633.8,0.255,1.696,7302.8,4381.7,Storage Tank
1058.4,1212.0,rcc,0.85,52,1870.4,682696.0,sandy,455.1,True,False,institutional,180000.0,981327.3,1.437,2.663,81777.3,34134.8,Hybrid System
377.4,236.7,rcc,0.85,8,1217.5,444387.5,loamy,98.2,True,False,residential,148000.0,68337.9,0.154,2.41,5694.8,3416.9,Hybrid System
491.8,947.7,rcc,0.85,15,820.4,299446.0,clay,302.3,False,False,commercial,84000.0,356550.3,1.191,3.135,29712.5,14972.3,Storage Tank
849.0,1680.4,rcc,0.85,45,2459.7,897790.5,silty,546.9,False,False,industrial,401000.0,1091394.6,1.216,3.073,90949.6,44889.5,Hybrid System
2036.2,287.7,rcc,0.85,4,470.0,171550.0,silty,39.6,True,False,residential,38000.0,448148.3,2.612,7.265,37345.7,8577.5,Recharge Well
1659.3,122.8,rcc,0.85,3,374.3,136619.5,loamy,77.0,True,True,residential,27000.0,155878.0,1.141,1.595,12989.8,6831.0,Recharge Pit
683.2,116.7,pavers,0.7,6,898.1,327806.5,sandy,88.6,True,False,residential,140000.0,50229.5,0.153,1.317,4185.8,2511.5,Storage Tank
833.7,216.4,rcc,0.85,8,1079.3,393944.5,loamy,54.6,True,False,residential,21000.0,138015.7,0.35,3.963,11501.3,6900.8,Storage Tank
1870.4,164.6,rcc,0.85,6,808.4,295066.0,sandy,109.6,True,False,residential,69000.0,235518.9,0.798,1.502,19626.6,11775.9,Hybrid System
917.6,721.2,metal,0.9,22,1081.6,394784.0,clay,243.7,True,True,industrial,176000.0,536036.2,1.358,2.959,44669.7,19739.2,Storage Tank
820.5,590.1,metal,0.9,23,1334.6,487129.0,loamy,29.4,True,False,commercial,88000.0,392183.4,0.805,20.071,32682.0,19609.2,Hybrid System
428.8,275.3,tiles,0.8,7,1018.8,371862.0,loamy,87.8,True,True,residential,43000.0,84995.0,0.229,3.136,7082.9,4249.8,Recharge Pit
735.2,182.2,tiles,0.8,3,409.3,149394.5,silty,14.7,False,False,residential,90000.0,96446.5,0.646,12.395,8037.2,4822.3,Storage Tank
2548.4,2203.7,rcc,0.85,31,2658.7,970425.5,loamy,107.5,False,False,industrial,415000.0,4296170.4,4.427,20.5,358014.2,48521.3,Hybrid System
1146.9,252.5,pavers,0.7,6,877.3,320214.5,loamy,17.0,True,False,residential,81000.0,182443.1,0.57,14.853,15203.6,9122.2,Storage Tank
1715.5,280.0,rcc,0.85,5,688.7,251375.5,loamy,28.6,True,False,residential,117000.0,367460.1,1.462,9.79,30621.7,12568.8,Hybrid System
834.8,907.8,rcc,0.85,31,2250.5,821432.5,loamy,50.2,False,False,commercial,86000.0,579741.1,0.706,18.084,48311.8,28987.1,Hybrid System
352.0,250.3,rcc,0.85,7,1043.0,380695.0,clay,89.8,True,True,residential,95000.0,67400.8,0.177,2.787,5616.7,3370.0,Storage Tank
1444.8,210.7,pavers,0.7,3,469.2,171258.0,loamy,60.0,True,False,residential,136000.0,191784.2,1.12,3.512,15982.0,8562.9,Hybrid System
926.9,318.6,metal,0.9,6,828.6,302439.0,silty,109.4,True,True,residential,78000.0,239201.4,0.791,2.912,19933.5,11960.1,Recharge Well
633.3,878.8,rcc,0.85,21,946.4,345436.0,silty,110.8,True,True,commercial,234000.0,425756.2,1.233,7.931,35479.7,17271.8,Recharge Well
832.6,1257.5,tiles,0.8,36,1782.8,650722.0,clay,428.1,True,False,institutional,308000.0,753836.0,1.158,2.937,62819.7,32536.1,Storage Tank
1060.2,263.3,tiles,0.8,8,1209.1,441321.5,sandy,19.2,True,True,residential,63000.0,200988.5,0.455,13.714,16749.0,10049.4,Recharge Well
1973.7,142.9,rcc,0.85,5,744.3,271669.5,sandy,88.4,True,False,residential,146000.0,215761.9,0.794,1.617,17980.2,10788.1,Hybrid System
2074.1,2161.5,rcc,0.85,28,1255.8,458367.0,silty,145.7,True,True,industrial,454000.0,3429622.9,7.482,14.835,285801.9,22918.4,Recharge Well
313.3,290.1,metal,0.9,7,942.4,343976.0,sandy,10.3,True,True,residential,54000.0,73619.5,0.214,28.165,6135.0,3681.0,Storage Tank
2478.6,226.4,tiles,0.8,6,798.0,291270.0,sandy,44.5,True,True,residential,54000.0,404031.6,1.387,5.088,33669.3,14563.5,Recharge Well
1923.5,105.0,metal,0.9,6,779.3,284444.5,rocky,113.7,False,False,residential,52000.0,163593.7,0.575,0.923,13632.8,8179.7,Storage Tank
1005.8,1263.6,tiles,0.8,40,1043.4,380841.0,silty,164.8,True,False,institutional,356000.0,915068.8,2.403,7.667,76255.7,19042.0,Hybrid System
1233.4,955.7,rcc,0.85,22,1042.0,380330.0,sandy,211.2,True,True,commercial,86000.0,901751.7,2.371,4.525,75146.0,19016.5,Recharge Well
577.5,36.7,rcc,0.85,3,358.5,130852.5,loamy,92.7,True,False,residential,84000.0,16213.6,0.124,0.396,1351.1,810.7,Storage Tank
1869.6,292.6,metal,0.9,6,759.7,277290.5,loamy,100.4,True,False,residential,113000.0,443106.4,1.598,2.914,36925.5,13864.5,Hybrid System
407.1,187.2,rcc,0.85,2,257.1,93841.5,clay,80.4,False,False,residential,76000.0,58300.0,0.621,2.328,4858.3,2915.0,Storage Tank
1080.2,63.7,rcc,0.85,2,302.1,110266.5,sandy,93.6,True,False,residential,87000.0,52638.7,0.477,0.681,4386.6,2631.9,Storage Tank
2844.2,451.3,rcc,0.85,22,1201.6,438584.0,rocky,48.6,True,False,commercial,156000.0,981944.4,2.239,9.286,81828.7,21929.2,Storage Tank
756.8,267.6,tiles,0.8,12,753.1,274881.5,loamy,155.8,True,True,commercial,328000.0,145814.2,0.53,1.718,12151.2,7290.7,Recharge Well
1921.0,1395.0,rcc,0.85,39,2627.9,959183.5,rocky,40.2,True,False,industrial,322000.0,2050043.2,2.137,34.701,170836.9,47959.2,Storage Tank
738.2,84.6,rcc,0.85,6,867.4,316601.0,loamy,31.1,False,True,residential,137000.0,47775.6,0.151,2.72,3981.3,2388.8,Recharge Pit
1836.6,85.5,metal,0.9,7,849.7,310140.5,rocky,48.8,True,False,residential,23000.0,127193.7,0.41,1.752,10599.5,6359.7,Storage Tank
1280.5,357.2,rcc,0.85,31,1983.4,723941.0,sandy,255.3,False,False,commercial,148000.0,349906.9,0.483,1.399,29158.9,17495.3,Hybrid System
430.9,881.3,metal,0.9,11,862.9,314958.5,sandy,61.1,True,False,commercial,204000.0,307599.3,0.977,14.424,25633.3,15380.0,Hybrid System
1894.2,1288.5,tiles,0.8,59,3132.9,1143508.5,sandy,217.8,True,False,institutional,172000.0,1757287.2,1.537,5.916,146440.6,57175.4,Hybrid System
1049.4,271.5,rcc,0.85,14,599.9,218963.5,loamy,227.9,False,True,commercial,250000.0,217957.8,0.995,1.191,18163.1,10897.9,Recharge Well
913.7,243.8,rcc,0.85,5,696.4,254186.0,silty,112.1,True,False,residential,65000.0,170411.4,0.67,2.175,14200.9,8520.6,Hybrid System
300.7,2353.9,metal,0.9,20,1575.3,574984.5,silty,304.8,True,True,industrial,158000.0,573332.4,0.997,7.723,47777.7,28666.6,Recharge Well
2973.5,2171.6,rcc,0.85,30,1446.6,528009.0,loamy,153.1,True,True,industrial,287000.0,4939798.2,9.356,14.184,411649.9,26400.5,Recharge Well
639.6,2490.1,rcc,0.85,31,1711.2,624588.0,sandy,166.1,True,False,industrial,162000.0,1218391.0,1.951,14.992,101532.6,31229.4,Hybrid System
639.4,381.8,rcc,0.85,13,524.1,191296.5,loamy,75.0,True,True,commercial,195000.0,186754.0,0.976,5.091,15562.8,9337.7,Recharge Well
1165.5,277.3,rcc,0.85,4,473.0,172645.0,loamy,118.9,False,False,residential,80000.0,247242.8,1.432,2.332,20603.6,8632.2,Hybrid System
2046.2,49.9,rcc,0.85,2,233.8,85337.0,loamy,26.7,True,False,residential,95000.0,78110.6,0.915,1.869,6509.2,3905.5,Recharge Pit
529.6,1694.1,rcc,0.85,25,1521.6,555384.0,sandy,584.1,True,False,industrial,293000.0,686354.5,1.236,2.9,57196.2,27769.2,Hybrid System
1608.7,810.2,rcc,0.85,45,1559.7,569290.5,clay,122.8,True,True,institutional,295000.0,997077.1,1.751,6.598,83089.8,28464.5,Storage Tank
642.9,1697.4,metal,0.9,26,1544.8,563852.0,silty,176.3,True,False,institutional,184000.0,883919.4,1.568,9.628,73659.9,28192.6,Hybrid System
989.9,294.5,rcc,0.85,7,963.6,351714.0,loamy,113.0,True,False,residential,104000.0,223017.0,0.634,2.606,18584.8,11150.9,Hybrid System
1166.2,236.5,metal,0.9,7,1014.6,370329.0,clay,63.2,True,False,residential,107000.0,223403.1,0.603,3.742,18616.9,11170.2,Storage Tank
335.7,656.1,rcc,0.85,10,405.1,147861.5,sandy,284.7,True,True,commercial,290000.0,168493.4,1.14,2.305,14041.1,7393.1,Recharge Well
1937.3,1412.6,rcc,0.85,41,2553.2,931918.0,silty,332.5,True,False,industrial,159000.0,2093521.9,2.246,4.248,174460.2,46595.9,Hybrid System
1146.8,2055.8,pavers,0.7,48,1977.0,721605.0,loamy,425.0,True,False,industrial,302000.0,1485282.6,2.058,4.837,123773.6,36080.2,Hybrid System
1846.3,267.2,rcc,0.85,22,1306.5,476872.5,loamy,76.2,False,True,commercial,76000.0,377398.5,0.791,3.507,31449.9,18869.9,Recharge Well
1069.2,1343.9,pavers,0.7,29,2410.1,879686.5,loamy,108.2,False,False,industrial,390000.0,905245.7,1.029,12.421,75437.1,43984.3,Hybrid System
832.6,938.3,rcc,0.85,44,2627.6,959074.0,loamy,386.4,True,False,institutional,437000.0,597639.9,0.623,2.428,49803.3,29882.0,Hybrid System
746.2,308.4,rcc,0.85,11,854.9,312038.5,clay,30.7,True,False,commercial,343000.0,176048.0,0.564,10.046,14670.7,8802.4,Storage Tank
1993.1,37.5,metal,0.9,7,1118.1,408106.5,sandy,119.5,False,False,residential,131000.0,60540.4,0.148,0.314,5045.0,3027.0,Hybrid System
1607.2,72.6,rcc,0.85,8,1235.7,451030.5,silty,37.4,True,False,residential,26000.0,89262.3,0.198,1.941,7438.5,4463.1,Recharge Pit
1723.8,463.1,rcc,0.85,13,894.7,326565.5,loamy,236.3,False,True,commercial,285000.0,610693.2,1.87,1.96,50891.1,16328.3,Recharge Well
438.8,192.4,pavers,0.7,3,391.2,142788.0,loamy,50.0,True,False,residential,146000.0,53187.8,0.372,3.848,4432.3,2659.4,Storage Tank
1835.1,242.3,tiles,0.8,6,954.0,348210.0,loamy,43.6,True,True,residential,42000.0,320144.2,0.919,5.557,26678.7,16007.2,Recharge Well
1121.9,146.0,metal,0.9,2,319.7,116690.5,loamy,31.1,True,True,residential,116000.0,132675.9,1.137,4.695,11056.3,5834.5,Recharge Pit
1795.5,669.0,rcc,0.85,46,2411.3,880124.5,clay,307.1,True,True,institutional,109000.0,918910.0,1.044,2.178,76575.8,44006.2,Storage Tank
1766.3,54.8,rcc,0.85,8,1258.1,459206.5,sandy,1.7,True,True,residential,91000.0,74046.8,0.161,32.235,6170.6,3702.3,Storage Tank
1791.1,2442.1,metal,0.9,19,1193.1,435481.5,silty,114.9,True,True,industrial,295000.0,3542976.7,8.136,21.254,295248.1,21774.1,Recharge Well
1173.6,184.9,rcc,0.85,4,575.5,210057.5,sandy,119.7,True,True,residential,24000.0,166004.0,0.79,1.545,13833.7,8300.2,Storage Tank
2044.1,424.4,tiles,0.8,32,1212.4,442526.0,clay,116.7,True,True,commercial,233000.0,624611.5,1.411,3.637,52051.0,22126.3,Storage Tank
658.2,670.8,tiles,0.8,22,1121.8,409457.0,silty,192.2,True,False,institutional,353000.0,317894.8,0.776,3.49,26491.2,15894.7,Hybrid System
807.7,160.8,metal,0.9,32,1126.9,411318.5,rocky,267.2,True,True,commercial,84000.0,105201.3,0.256,0.602,8766.8,5260.1,Storage Tank
1123.8,2117.5,tiles,0.8,22,2194.6,801029.0,clay,373.5,True,True,industrial,423000.0,1713345.5,2.139,5.669,142778.8,40051.5,Storage Tank
1700.0,810.9,metal,0.9,39,1676.8,612032.0,clay,309.1,True,True,commercial,217000.0,1116609.3,1.824,2.623,93050.8,30601.6,Storage Tank
332.9,290.1,rcc,0.85,7,1086.4,396536.0,rocky,22.2,True,False,residential,109000.0,73879.3,0.186,13.068,6156.6,3694.0,Storage Tank
472.8,158.5,rcc,0.85,3,399.9,145963.5,rocky,55.1,True,True,residential,149000.0,57328.2,0.393,2.877,4777.3,2866.4,Storage Tank
850.1,668.6,rcc,0.85,35,2010.5,733832.5,loamy,271.8,True,True,institutional,326000.0,434808.3,0.593,2.46,36234.0,21740.4,Recharge Well
2093.5,264.3,rcc,0.85,3,396.0,144540.0,sandy,47.1,True,True,residential,93000.0,423283.7,2.928,5.611,35273.6,7227.0,Recharge Well
700.4,237.7,tiles,0.8,8,1081.2,394638.0,clay,102.4,True,True,residential,112000.0,119869.3,0.304,2.321,9989.1,5993.5,Storage Tank
1181.6,159.3,rcc,0.85,6,682.4,249076.0,loamy,18.3,False,True,residential,26000.0,143995.1,0.578,8.705,11999.6,7199.8,Recharge Pit
526.0,1059.1,rcc,0.85,19,963.8,351787.0,rocky,326.3,False,False,industrial,226000.0,426171.2,1.211,3.246,35514.3,17589.4,Storage Tank
871.9,295.2,tiles,0.8,6,843.8,307987.0,loamy,119.9,True,False,residential,105000.0,185317.1,0.602,2.462,15443.1,9265.9,Hybrid System
1672.4,121.2,metal,0.9,3,412.3,150489.5,loamy,32.3,True,False,residential,150000.0,164182.9,1.091,3.752,13681.9,7524.5,Hybrid System
1209.7,289.6,metal,0.9,7,846.9,309118.5,sandy,83.0,True,False,residential,46000.0,283766.6,0.918,3.489,23647.2,14188.3,Recharge Well
1972.6,578.0,rcc,0.85,32,2959.2,1080108.0,loamy,68.1,False,True,industrial,324000.0,872224.5,0.808,8.488,72685.4,43611.2,Recharge Well
624.1,314.1,rcc,0.85,17,882.0,321930.0,sandy,37.6,True,False,commercial,107000.0,149962.8,0.466,8.354,12496.9,7498.1,Hybrid System
558.3,413.4,metal,0.9,31,1528.2,557793.0,loamy,71.9,True,True,institutional,361000.0,186949.0,0.335,5.75,15579.1,9347.5,Recharge Well
365.0,136.8,tiles,0.8,4,584.6,213379.0,sandy,116.4,True,True,residential,132000.0,35951.0,0.168,1.175,2995.9,1797.6,Recharge Pit
1865.8,60.1,rcc,0.85,2,242.6,88549.0,clay,86.3,True,True,residential,84000.0,85783.0,0.969,0.696,7148.6,4289.2,Storage Tank
2033.2,2007.2,metal,0.9,26,1432.6,522899.0,loamy,542.2,True,False,industrial,342000.0,3305641.6,6.322,3.702,275470.1,26145.0,Hybrid System
735.5,256.1,rcc,0.85,5,686.5,250572.5,loamy,84.0,False,True,residential,150000.0,144096.6,0.575,3.049,12008.1,7204.8,Recharge Pit
1798.3,36.0,rcc,0.85,8,999.7,364890.5,rocky,36.6,True,True,residential,83000.0,49525.2,0.136,0.984,4127.1,2476.3,Storage Tank
460.0,1093.2,rcc,0.85,47,1651.7,602870.5,silty,124.6,True,True,institutional,336000.0,384697.1,0.638,8.774,32058.1,19234.9,Recharge Well
618.9,200.8,rcc,0.85,8,990.3,361459.5,loamy,117.7,True,True,residential,133000.0,95070.5,0.263,1.706,7922.5,4753.5,Recharge Pit
1571.8,496.9,pavers,0.7,29,1777.1,648641.5,loamy,68.2,True,True,commercial,153000.0,492047.3,0.759,7.286,41003.9,24602.4,Recharge Well
1026.6,282.1,tiles,0.8,5,641.0,233965.0,loamy,44.8,False,False,residential,121000.0,208514.8,0.891,6.297,17376.2,10425.7,Hybrid System
498.9,90.3,rcc,0.85,5,716.1,261376.5,loamy,71.7,True,False,residential,46000.0,34463.8,0.132,1.259,2872.0,1723.2,Recharge Pit
633.7,1243.9,rcc,0.85,36,1510.0,551150.0,loamy,458.1,False,False,institutional,110000.0,603018.5,1.094,2.715,50251.5,27557.5,Hybrid System
3144.5,304.2,pavers,0.7,7,841.3,307074.5,loamy,77.6,True,False,residential,109000.0,602630.8,1.962,3.92,50219.2,15353.7,Hybrid System
835.2,512.8,pavers,0.7,23,1427.3,520964.5,silty,293.6,True,True,commercial,238000.0,269823.1,0.518,1.747,22485.3,13491.2,Recharge Well
1194.2,538.7,rcc,0.85,16,1219.7,445190.5,loamy,88.5,True,True,commercial,221000.0,492136.4,1.105,6.087,41011.4,22259.5,Recharge Well
1035.2,252.6,rcc,0.85,5,749.4,273531.0,sandy,87.8,True,True,residential,43000.0,200041.0,0.731,2.877,16670.1,10002.1,Recharge Well
917.6,288.7,rcc,0.85,22,1140.0,416100.0,clay,197.1,True,False,commercial,197000.0,202657.0,0.487,1.465,16888.1,10132.9,Storage Tank
2171.0,284.4,pavers,0.7,25,978.1,357006.5,loamy,213.3,True,True,commercial,234000.0,388982.4,1.09,1.333,32415.2,17850.3,Recharge Well
884.4,115.8,metal,0.9,3,379.0,138335.0,sandy,44.6,False,True,residential,71000.0,82955.0,0.6,2.596,6912.9,4147.8,Recharge Pit
2126.9,235.9,pavers,0.7,3,366.2,133663.0,rocky,70.7,True,False,residential,109000.0,316093.5,2.365,3.337,26341.1,6683.2,Storage Tank
761.1,623.7,rcc,0.85,25,956.3,349049.5,sandy,314.8,True,False,commercial,241000.0,363144.0,1.04,1.981,30262.0,17452.5,Hybrid System
512.4,644.3,metal,0.9,46,1452.9,530308.5,silty,140.7,True,True,institutional,124000.0,267412.8,0.504,4.579,22284.4,13370.6,Recharge Well
844.8,393.2,rcc,0.85,24,662.4,241776.0,sandy,360.1,True,True,institutional,253000.0,254114.2,1.051,1.092,21176.2,12088.8,Recharge Well
1450.6,30.3,metal,0.9,5,773.6,282364.0,silty,81.6,False,True,residential,70000.0,35602.1,0.126,0.371,2966.8,1780.1,Recharge Pit
779.1,1511.6,metal,0.9,30,1084.6,395879.0,loamy,113.8,True,False,institutional,279000.0,953926.9,2.41,13.283,79493.9,19794.0,Hybrid System
2768.6,1366.4,tiles,0.8,48,2189.9,799313.5,loamy,240.6,False,False,institutional,432000.0,2723770.8,3.408,5.679,226980.9,39965.7,Hybrid System
329.5,125.5,rcc,0.85,6,912.8,333172.0,silty,114.6,False,True,residential,113000.0,31634.5,0.095,1.095,2636.2,1581.7,Recharge Pit
2973.5,613.9,rcc,0.85,29,2112.3,770989.5,clay,160.9,True,True,commercial,196000.0,1396455.2,1.811,3.815,116371.3,38549.5,Storage Tank
302.2,957.5,rcc,0.85,18,713.6,260464.0,rocky,73.3,True,False,commercial,210000.0,221357.7,0.85,13.063,18446.5,11067.9,Storage Tank
798.4,1821.5,rcc,0.85,32,1468.8,536112.0,loamy,104.6,True,False,industrial,408000.0,1112528.5,2.075,17.414,92710.7,26805.6,Hybrid System
769.4,48.0,rcc,0.85,8,1265.2,461798.0,sandy,47.5,True,True,residential,64000.0,28252.4,0.061,1.011,2354.4,1412.6,Recharge Pit
2292.3,109.4,rcc,0.85,6,761.5,277947.5,rocky,26.2,True,True,residential,133000.0,191844.9,0.69,4.176,15987.1,9592.2,Storage Tank
1053.4,306.3,metal,0.9,2,260.2,94973.0,sandy,98.5,False,True,residential,139000.0,261351.7,2.752,3.11,21779.3,4748.7,Recharge Well
1094.5,709.7,metal,0.9,41,3055.4,1115221.0,loamy,587.7,True,True,industrial,436000.0,629181.0,0.564,1.208,52431.8,31459.1,Recharge Well
468.7,306.3,rcc,0.85,2,233.5,85227.5,loamy,71.7,True,False,residential,124000.0,109825.5,1.289,4.272,9152.1,4261.4,Recharge Well
2381.3,186.4,rcc,0.85,29,1228.6,448439.0,loamy,48.5,True,False,commercial,277000.0,339563.9,0.757,3.843,28297.0,16978.2,Hybrid System
1098.3,251.4,tiles,0.8,4,625.6,228344.0,loamy,108.1,True,False,residential,29000.0,198801.1,0.871,2.326,16566.8,9940.1,Recharge Well
1495.5,769.0,metal,0.9,13,917.0,334705.0,loamy,98.1,False,True,commercial,336000.0,931532.0,2.783,7.839,77627.7,16735.2,Recharge Well
1145.6,790.4,rcc,0.85,31,825.5,301307.5,clay,498.7,True,True,institutional,361000.0,692693.9,2.299,1.585,57724.5,15065.4,Storage Tank
1074.7,793.5,metal,0.9,10,536.5,195822.5,loamy,30.8,True,False,commercial,108000.0,690747.3,3.527,25.763,57562.3,9791.1,Hybrid System
2172.2,428.5,rcc,0.85,32,2498.1,911806.5,sandy,305.1,True,True,commercial,165000.0,712052.6,0.781,1.404,59337.7,35602.6,Recharge Well
381.7,407.1,rcc,0.85,38,1989.5,726167.5,loamy,44.2,True,False,commercial,298000.0,118873.4,0.164,9.21,9906.1,5943.7,Hybrid System
370.6,395.9,metal,0.9,10,732.2,267253.0,clay,119.2,True,False,commercial,143000.0,118843.6,0.445,3.321,9903.6,5942.2,Storage Tank
1988.6,1814.0,tiles,0.8,40,2150.1,784786.5,silty,120.4,True,False,industrial,469000.0,2597270.7,3.31,15.066,216439.2,39239.3,Hybrid System
1973.0,1086.8,rcc,0.85,30,2228.4,813366.0,silty,100.2,False,True,industrial,342000.0,1640356.1,2.017,10.846,136696.3,40668.3,Recharge Well
1030.8,93.4,rcc,0.85,6,783.9,286123.5,sandy,83.6,False,True,residential,86000.0,73651.7,0.257,1.117,6137.6,3682.6,Recharge Pit
764.9,174.9,rcc,0.85,5,786.0,286890.0,silty,113.7,True,False,residential,29000.0,102342.5,0.357,1.538,8528.5,5117.1,Recharge Pit
631.2,1484.1,rcc,0.85,42,1503.3,548704.5,sandy,172.5,False,False,institutional,319000.0,716624.4,1.306,8.603,59718.7,27435.2,Hybrid System
1658.4,1498.6,tiles,0.8,38,3751.2,1369188.0,sandy,105.4,False,False,industrial,295000.0,1789400.3,1.307,14.218,149116.7,68459.4,Hybrid System
875.2,2283.2,rcc,0.85,43,3083.0,1125295.0,rocky,384.9,False,True,industrial,479000.0,1528666.3,1.358,5.932,127388.9,56264.8,Storage Tank
918.3,2454.9,rcc,0.85,19,1642.7,599585.5,sandy,220.1,True,False,industrial,430000.0,1724566.0,2.876,11.154,143713.8,29979.3,Hybrid System
1801.1,1487.4,rcc,0.85,48,3762.2,1373203.0,rocky,176.4,False,True,industrial,279000.0,2049401.4,1.492,8.432,170783.4,68660.2,Storage Tank
2568.5,924.9,metal,0.9,15,1163.4,424641.0,loamy,242.7,True,False,commercial,289000.0,1924240.6,4.531,3.811,160353.4,21232.1,Hybrid System
1656.3,454.4,pavers,0.7,52,3079.4,1123981.0,loamy,66.3,True,True,institutional,306000.0,474152.3,0.422,6.854,39512.7,23707.6,Recharge Well
2744.5,287.6,rcc,0.85,6,809.1,295321.5,sandy,28.1,True,True,residential,45000.0,603828.4,2.045,10.235,50319.0,14766.1,Recharge Well
512.9,466.1,metal,0.9,36,2647.4,966301.0,rocky,274.0,False,False,commercial,138000.0,193640.8,0.2,1.701,16136.7,9682.0,Storage Tank
1145.7,786.8,rcc,0.85,24,1564.7,571115.5,sandy,217.4,True,True,commercial,124000.0,689599.1,1.207,3.619,57466.6,28555.8,Recharge Well
1108.2,157.4,tiles,0.8,3,422.3,154139.5,rocky,14.6,True,False,residential,20000.0,125590.1,0.815,10.781,10465.8,6279.5,Storage Tank
1009.2,82.3,tiles,0.8,5,734.5,268092.5,clay,39.3,True,True,residential,128000.0,59801.2,0.223,2.094,4983.4,2990.1,Storage Tank
607.1,763.5,rcc,0.85,29,1676.8,612032.0,sandy,398.4,True,True,institutional,312000.0,354593.5,0.579,1.916,29549.5,17729.7,Recharge Well
1587.0,1545.0,rcc,0.85,55,3017.8,1101497.0,clay,330.8,True,True,institutional,189000.0,1875715.0,1.703,4.67,156309.6,55074.9,Storage Tank
1035.3,683.8,pavers,0.7,33,1323.1,482931.5,loamy,216.9,True,True,commercial,169000.0,446001.0,0.924,3.153,37166.8,22300.1,Recharge Well
1793.5,1047.3,tiles,0.8,33,2615.4,954621.0,loamy,379.9,True,False,industrial,310000.0,1352399.4,1.417,2.757,112699.9,47731.1,Hybrid System
1938.8,234.2,rcc,0.85,29,2104.1,767996.5,loamy,274.4,False,True,commercial,298000.0,347361.2,0.452,0.853,28946.8,17368.1,Recharge Well
548.1,53.5,tiles,0.8,8,997.3,364014.5,silty,78.6,True,True,residential,25000.0,21112.8,0.058,0.681,1759.4,1055.6,Recharge Pit
488.2,716.1,rcc,0.85,47,2736.3,998749.5,clay,205.3,True,True,institutional,101000.0,267444.0,0.268,3.488,22287.0,13372.2,Storage Tank
2808.1,290.6,rcc,0.85,4,478.2,174543.0,loamy,62.5,True,True,residential,66000.0,624265.9,3.577,4.65,52022.2,8727.1,Recharge Well
1934.1,151.6,rcc,0.85,30,2073.5,756827.5,rocky,31.1,False,True,commercial,224000.0,224305.3,0.296,4.875,18692.1,11215.3,Storage Tank
684.6,908.4,metal,0.9,20,602.0,219730.0,clay,41.9,True,False,institutional,429000.0,503731.4,2.293,21.68,41977.6,10986.5,Storage Tank
392.4,1222.2,rcc,0.85,25,845.8,308717.0,loamy,492.4,False,True,institutional,206000.0,366887.3,1.188,2.482,30573.9,15435.9,Recharge Well
2135.8,138.8,rcc,0.85,7,1005.6,367044.0,loamy,32.7,True,False,residential,21000.0,226783.5,0.618,4.245,18898.6,11339.2,Storage Tank
1261.8,304.9,rcc,0.85,4,499.0,182135.0,sandy,43.3,False,False,residential,101000.0,294313.0,1.616,7.042,24526.1,9106.8,Hybrid System
2246.4,109.0,rcc,0.85,5,607.3,221664.5,sandy,106.0,True,False,residential,127000.0,187316.1,0.845,1.028,15609.7,9365.8,Hybrid System
1068.0,257.2,pavers,0.7,7,919.3,335544.5,silty,110.2,True,True,residential,95000.0,173054.4,0.516,2.334,14421.2,8652.7,Recharge Pit
1807.8,90.4,metal,0.9,7,896.7,327295.5,loamy,55.7,True,False,residential,75000.0,132374.3,0.404,1.623,11031.2,6618.7,Hybrid System
569.0,688.5,rcc,0.85,31,1181.8,431357.0,loamy,22.4,True,False,commercial,326000.0,299693.7,0.695,30.737,24974.5,14984.7,Hybrid System
985.2,78.1,tiles,0.8,5,676.4,246886.0,clay,38.8,False,True,residential,47000.0,55399.8,0.224,2.013,4616.7,2770.0,Storage Tank
781.5,458.1,tiles,0.8,53,3122.0,1139530.0,silty,339.2,True,True,institutional,337000.0,257763.7,0.226,1.351,21480.3,12888.2,Recharge Well
862.3,67.2,rcc,0.85,6,924.5,337442.5,silty,108.4,True,False,residential,106000.0,44329.1,0.131,0.62,3694.1,2216.5,Storage Tank
1220.4,695.0,pavers,0.7,23,927.8,338647.0,silty,411.1,True,True,institutional,305000.0,534352.1,1.578,1.691,44529.3,16932.4,Recharge Well
1287.9,1563.9,rcc,0.85,47,1732.4,632326.0,sandy,385.7,False,True,institutional,375000.0,1540822.3,2.437,4.055,128401.9,31616.3,Recharge Well
508.4,494.2,pavers,0.7,38,2103.8,767887.0,rocky,317.0,True,True,commercial,265000.0,158288.3,0.206,1.559,13190.7,7914.4,Storage Tank
2280.2,285.2,metal,0.9,5,612.8,223672.0,rocky,21.5,True,False,residential,105000.0,526753.6,2.355,13.265,43896.1,11183.6,Storage Tank
821.9,1493.6,pavers,0.7,25,2493.7,910200.5,sandy,335.9,True,False,industrial,442000.0,773381.6,0.85,4.447,64448.5,38669.1,Hybrid System
808.8,132.9,rcc,0.85,5,601.5,219547.5,sandy,50.8,True,True,residential,106000.0,82229.5,0.375,2.616,6852.5,4111.5,Recharge Pit
1840.7,36.6,pavers,0.7,8,1111.8,405807.0,sandy,97.9,True,False,residential,25000.0,42442.9,0.105,0.374,3536.9,2122.1,Recharge Pit
1013.9,991.9,rcc,0.85,41,3421.0,1248665.0,silty,237.8,True,True,industrial,496000.0,769350.9,0.616,4.171,64112.6,38467.5,Recharge Well
812.2,1085.3,rcc,0.85,46,2707.4,988201.0,sandy,438.8,True,False,industrial,198000.0,674332.7,0.682,2.473,56194.4,33716.6,Hybrid System
1080.6,760.6,rcc,0.85,22,907.9,331383.5,loamy,247.8,False,True,commercial,183000.0,628756.8,1.897,3.069,52396.4,16569.2,Recharge Well
1270.3,85.8,metal,0.9,4,538.1,196406.5,sandy,81.8,True,False,residential,31000.0,88283.3,0.449,1.049,7356.9,4414.2,Recharge Pit
3170.7,1747.8,rcc,0.85,28,1360.9,496728.5,loamy,130.0,True,True,institutional,153000.0,4239438.3,8.535,13.445,353286.5,24836.4,Recharge Well
1557.0,2317.6,tiles,0.8,15,1116.4,407486.0,silty,220.0,False,True,industrial,233000.0,2598122.3,6.376,10.535,216510.2,20374.3,Recharge Well
762.8,465.9,pavers,0.7,23,1339.0,488735.0,clay,476.6,True,False,institutional,430000.0,223894.8,0.458,0.978,18657.9,11194.7,Storage Tank
723.9,131.8,pavers,0.7,6,922.8,336822.0,clay,99.7,True,True,residential,28000.0,60108.3,0.178,1.322,5009.0,3005.4,Storage Tank
1281.5,241.7,rcc,0.85,7,987.1,360291.5,sandy,77.4,True,False,residential,69000.0,236950.0,0.658,3.123,19745.8,11847.5,Hybrid System
470.4,243.0,rcc,0.85,5,580.7,211955.5,loamy,16.7,False,False,residential,44000.0,87445.0,0.413,14.551,7287.1,4372.2,Storage Tank
1020.3,217.6,tiles,0.8,5,621.8,226957.0,loamy,101.8,True,True,residential,40000.0,159852.4,0.704,2.138,13321.0,7992.6,Recharge Pit
395.4,187.7,rcc,0.85,4,572.1,208816.5,silty,69.9,True,True,residential,130000.0,56775.7,0.272,2.685,4731.3,2838.8,Recharge Pit
1938.4,2299.1,metal,0.9,18,1331.5,485997.5,sandy,555.1,True,False,industrial,243000.0,3609826.1,7.428,4.142,300818.8,24299.9,Hybrid System
510.1,310.1,rcc,0.85,8,1092.4,398726.0,loamy,108.1,True,False,residential,92000.0,121009.2,0.303,2.869,10084.1,6050.5,Hybrid System
560.3,263.3,rcc,0.85,3,422.4,154176.0,silty,119.7,True,False,residential,58000.0,112858.1,0.732,2.2,9404.8,5642.9,Storage Tank
941.7,253.3,rcc,0.85,8,1082.0,394930.0,loamy,56.6,True,False,residential,78000.0,182477.4,0.462,4.475,15206.4,9123.9,Hybrid System
391.2,203.7,tiles,0.8,8,1231.2,449388.0,silty,108.2,True,False,residential,92000.0,57375.0,0.128,1.883,4781.2,2868.8,Hybrid System
1220.2,82.6,pavers,0.7,3,354.3,129319.5,clay,69.2,True,True,residential,138000.0,63496.8,0.491,1.194,5291.4,3174.8,Storage Tank
464.4,350.1,rcc,0.85,33,2381.4,869211.0,silty,198.5,True,True,commercial,203000.0,124378.6,0.143,1.764,10364.9,6218.9,Recharge Well
1191.2,32.5,rcc,0.85,8,1164.7,425115.5,sandy,112.5,True,False,residential,136000.0,29616.2,0.07,0.289,2468.0,1480.8,Storage Tank
1333.2,93.4,tiles,0.8,7,1086.0,396390.0,loamy,31.7,True,False,residential,42000.0,89655.0,0.226,2.946,7471.2,4482.8,Recharge Pit
710.5,1592.0,metal,0.9,37,3456.7,1261695.5,loamy,41.8,True,False,industrial,242000.0,916204.0,0.726,38.086,76350.3,45810.2,Hybrid System
912.8,1160.0,rcc,0.85,49,1864.7,680615.5,silty,173.9,True,False,institutional,403000.0,810018.7,1.19,6.671,67501.6,34030.8,Hybrid System
1481.7,102.5,rcc,0.85,6,845.7,308680.5,loamy,36.3,True,False,residential,146000.0,116183.8,0.376,2.824,9682.0,5809.2,Hybrid System
1736.3,917.4,metal,0.9,24,1441.7,526220.5,loamy,232.6,True,False,industrial,414000.0,1290234.1,2.452,3.944,107519.5,26311.0,Hybrid System
1198.4,2122.3,pavers,0.7,45,2191.7,799970.5,silty,466.7,True,False,industrial,484000.0,1602319.5,2.003,4.547,133526.6,39998.5,Hybrid System
649.3,154.9,pavers,0.7,5,722.2,263603.0,loamy,33.4,False,True,residential,78000.0,63363.2,0.24,4.638,5280.3,3168.2,Recharge Pit
608.2,1090.9,tiles,0.8,34,1115.4,407121.0,sandy,170.1,False,False,institutional,250000.0,477709.5,1.173,6.413,39809.1,20356.1,Hybrid System
814.8,344.9,rcc,0.85,23,1593.3,581554.5,sandy,185.5,False,True,commercial,317000.0,214983.8,0.37,1.859,17915.3,10749.2,Recharge Well
1600.9,605.1,metal,0.9,55,1423.9,519723.5,silty,194.5,False,False,institutional,116000.0,784650.7,1.51,3.111,65387.6,25986.2,Hybrid System
1170.6,115.0,rcc,0.85,2,313.6,114464.0,loamy,94.2,True,False,residential,105000.0,102983.5,0.9,1.221,8582.0,5149.2,Hybrid System
2936.8,208.2,rcc,0.85,2,292.0,106580.0,rocky,67.0,True,True,residential,49000.0,467752.9,4.389,3.107,38979.4,5329.0,Storage Tank
1157.1,405.5,rcc,0.85,51,2465.5,899907.5,silty,474.6,True,False,institutional,420000.0,358941.1,0.399,0.854,29911.8,17947.1,Hybrid System
2029.6,315.1,rcc,0.85,4,552.9,201808.5,loamy,119.2,True,False,residential,120000.0,489238.1,2.424,2.643,40769.8,10090.4,Hybrid System
1196.6,266.0,tiles,0.8,5,748.7,273275.5,rocky,75.5,True,False,residential,88000.0,229172.8,0.839,3.523,19097.7,11458.6,Storage Tank
833.6,1721.6,rcc,0.85,50,2827.1,1031891.5,loamy,486.7,False,True,institutional,418000.0,1097871.2,1.064,3.537,91489.3,51594.6,Recharge Well
606.9,224.9,pavers,0.7,7,900.1,328536.5,loamy,12.3,True,False,residential,137000.0,85989.8,0.262,18.285,7165.8,4299.5,Storage Tank
1341.1,216.7,pavers,0.7,31,2100.0,766500.0,silty,225.9,True,False,commercial,137000.0,183088.3,0.239,0.959,15257.4,9154.4,Hybrid System
853.4,130.1,rcc,0.85,6,916.9,334668.5,clay,45.0,True,False,residential,112000.0,84935.9,0.254,2.891,7078.0,4246.8,Storage Tank
615.6,205.5,rcc,0.85,5,710.3,259259.5,sandy,47.9,True,True,residential,127000.0,96776.9,0.373,4.29,8064.7,4838.8,Recharge Pit
1026.8,128.9,pavers,0.7,7,953.5,348027.5,clay,26.7,True,False,residential,130000.0,83383.3,0.24,4.828,6948.6,4169.2,Storage Tank
1029.4,93.0,tiles,0.8,4,595.5,217357.5,sandy,41.1,False,False,residential,106000.0,68928.6,0.317,2.263,5744.1,3446.4,Hybrid System
1131.9,134.2,pavers,0.7,7,1036.0,378140.0,rocky,46.4,True,False,residential,118000.0,95697.6,0.253,2.892,7974.8,4784.9,Storage Tank
495.3,189.8,metal,0.9,5,658.5,240352.5,loamy,116.9,True,False,residential,50000.0,76146.4,0.317,1.624,6345.5,3807.3,Recharge Pit
1212.1,972.4,rcc,0.85,26,1279.5,467017.5,loamy,221.8,True,True,commercial,107000.0,901664.2,1.931,4.384,75138.7,23350.9,Recharge Well
306.8,47.7,metal,0.9,2,282.8,103222.0,silty,95.7,True,False,residential,142000.0,11853.8,0.115,0.498,987.8,592.7,Storage Tank
307.8,639.3,metal,0.9,38,1976.1,721276.5,sandy,303.0,False,True,industrial,468000.0,159389.0,0.221,2.11,13282.4,7969.5,Recharge Well
1000.8,505.8,rcc,0.85,35,2211.5,807197.5,loamy,337.4,True,True,commercial,196000.0,387246.5,0.48,1.499,32270.5,19362.3,Recharge Well
1926.6,319.7,rcc,0.85,5,587.7,214510.5,loamy,50.7,True,True,residential,124000.0,471189.5,2.197,6.306,39265.8,10725.5,Recharge Well
480.0,1577.5,tiles,0.8,32,1245.5,454607.5,loamy,166.0,False,True,institutional,161000.0,545184.0,1.199,9.503,45432.0,22730.4,Recharge Well
831.1,146.6,tiles,0.8,5,591.1,215751.5,sandy,2.5,True,False,residential,122000.0,87724.3,0.407,58.64,7310.4,4386.2,Storage Tank
1027.8,312.6,tiles,0.8,8,1013.0,369745.0,sandy,75.7,True,False,residential,26000.0,231329.0,0.626,4.129,19277.4,11566.5,Recharge Well
1216.7,152.7,rcc,0.85,5,569.5,207867.5,silty,89.2,True,False,residential,38000.0,142129.4,0.684,1.712,11844.1,7106.5,Recharge Pit
603.1,638.4,pavers,0.7,14,709.0,258785.0,loamy,156.0,False,False,commercial,331000.0,242562.0,0.937,4.092,20213.5,12128.1,Hybrid System
1902.0,864.3,rcc,0.85,11,834.1,304446.5,rocky,230.1,False,False,commercial,193000.0,1257582.4,4.131,3.756,104798.5,15222.3,Storage Tank
1185.6,933.5,metal,0.9,23,1707.3,623164.5,sandy,270.0,True,False,commercial,272000.0,896473.7,1.439,3.457,74706.1,31158.2,Hybrid System
1784.4,232.9,rcc,0.85,8,1183.8,432087.0,loamy,104.9,True,True,residential,33000.0,317923.9,0.736,2.22,26493.7,15896.2,Recharge Well
2552.1,308.4,rcc,0.85,5,767.9,280283.5,clay,36.3,True,True,residential,118000.0,602106.7,2.148,8.496,50175.6,14014.2,Storage Tank
2650.8,217.8,rcc,0.85,3,369.9,135013.5,clay,7.1,False,False,residential,120000.0,441668.3,3.271,30.676,36805.7,6750.7,Storage Tank
783.3,261.5,tiles,0.8,2,221.1,80701.5,rocky,42.3,False,True,residential,85000.0,147479.7,1.827,6.182,12290.0,4035.1,Storage Tank
357.2,534.4,rcc,0.85,59,2538.4,926516.0,sandy,112.0,False,False,institutional,447000.0,146029.1,0.158,4.771,12169.1,7301.5,Hybrid System
626.6,216.2,metal,0.9,2,289.9,105813.5,rocky,10.5,True,False,residential,113000.0,109731.4,1.037,20.59,9144.3,5290.7,Storage Tank
521.8,172.2,metal,0.9,14,1061.1,387301.5,clay,20.7,True,True,commercial,145000.0,72781.7,0.188,8.319,6065.1,3639.1,Storage Tank
1084.1,873.5,tiles,0.8,67,1898.4,692916.0,loamy,158.2,True,True,institutional,435000.0,681812.2,0.984,5.521,56817.7,34090.6,Recharge Well
1475.6,155.8,rcc,0.85,8,1009.3,368394.5,clay,34.5,True,True,residential,37000.0,175872.3,0.477,4.516,14656.0,8793.6,Storage Tank
588.9,42.9,metal,0.9,7,1076.2,392813.0,silty,118.7,False,True,residential,99000.0,20463.7,0.052,0.361,1705.3,1023.2,Recharge Pit
565.9,121.3,rcc,0.85,6,834.9,304738.5,clay,55.4,True,True,residential,106000.0,52512.4,0.172,2.19,4376.0,2625.6,Storage Tank
2156.2,361.0,rcc,0.85,38,2186.8,798182.0,sandy,237.5,True,False,commercial,262000.0,595467.0,0.746,1.52,49622.2,29773.4,Hybrid System
521.4,407.1,metal,0.9,13,857.6,313024.0,loamy,40.4,False,True,commercial,81000.0,171932.2,0.549,10.077,14327.7,8596.6,Recharge Well
561.9,276.9,metal,0.9,14,746.1,272326.5,loamy,40.7,True,True,commercial,315000.0,126028.0,0.463,6.803,10502.3,6301.4,Recharge Pit
900.5,254.3,rcc,0.85,2,228.8,83512.0,loamy,16.7,False,True,residential,55000.0,175182.8,2.098,15.228,14598.6,4175.6,Storage Tank
2662.9,282.6,rcc,0.85,35,1491.1,544251.5,loamy,268.0,True,True,commercial,93000.0,575689.7,1.058,1.054,47974.1,27212.6,Recharge Well
1204.4,245.6,rcc,0.85,3,346.4,126436.0,rocky,114.7,True,False,residential,88000.0,226287.5,1.79,2.141,18857.3,6321.8,Storage Tank
887.5,707.4,pavers,0.7,39,1915.1,699011.5,rocky,477.7,False,True,institutional,297000.0,395525.0,0.566,1.481,32960.4,19776.2,Storage Tank
783.7,795.5,tiles,0.8,15,768.7,280575.5,sandy,26.4,True,False,commercial,349000.0,448872.0,1.6,30.133,37406.0,14028.8,Hybrid System
469.8,811.8,rcc,0.85,24,1046.8,382082.0,clay,304.4,True,False,commercial,102000.0,291758.5,0.764,2.667,24313.2,14587.9,Storage Tank
1796.4,1925.1,metal,0.9,18,1055.6,385294.0,sandy,146.5,True,False,industrial,311000.0,2801182.2,7.27,13.141,233431.9,19264.7,Hybrid System
815.2,2239.6,rcc,0.85,39,2482.1,905966.5,loamy,341.0,True,False,industrial,209000.0,1396677.3,1.542,6.568,116389.8,45298.3,Hybrid System
771.1,297.8,rcc,0.85,6,857.9,313133.5,loamy,91.9,False,True,residential,95000.0,175669.7,0.561,3.24,14639.1,8783.5,Recharge Well
1050.9,49.1,rcc,0.85,4,636.3,232249.5,rocky,43.2,False,True,residential,68000.0,39473.4,0.17,1.137,3289.5,1973.7,Storage Tank
749.7,1618.7,rcc,0.85,36,3463.4,1264141.0,silty,386.1,True,False,industrial,159000.0,928357.6,0.734,4.192,77363.1,46417.9,Hybrid System
1925.9,1886.4,metal,0.9,44,1810.1,660686.5,sandy,272.0,False,False,industrial,236000.0,2942744.4,4.454,6.935,245228.7,33034.3,Hybrid System
473.1,261.9,rcc,0.85,4,513.1,187281.5,sandy,7.1,True,False,residential,128000.0,94787.2,0.506,36.887,7898.9,4739.4,Storage Tank
759.3,280.3,rcc,0.85,6,951.5,347297.5,sandy,17.7,True,False,residential,120000.0,162816.3,0.469,15.836,13568.0,8140.8,Storage Tank
525.1,894.5,tiles,0.8,21,901.4,329011.0,clay,323.2,True,True,commercial,101000.0,338185.4,1.028,2.768,28182.1,16450.5,Storage Tank
1099.6,881.0,rcc,0.85,33,2428.2,886293.0,loamy,284.1,True,False,commercial,319000.0,741091.9,0.836,3.101,61757.7,37054.6,Hybrid System
854.4,1758.2,tiles,0.8,53,1845.8,673717.0,clay,96.5,True,False,institutional,213000.0,1081588.4,1.605,18.22,90132.4,33685.8,Storage Tank
448.5,209.1,rcc,0.85,8,965.3,352334.5,sandy,56.9,True,False,residential,132000.0,71742.7,0.204,3.675,5978.6,3587.1,Hybrid System
643.0,515.5,rcc,0.85,37,2576.4,940386.0,rocky,349.3,False,False,commercial,90000.0,253571.9,0.27,1.476,21131.0,12678.6,Storage Tank
1129.0,83.7,tiles,0.8,4,560.7,204655.5,loamy,6.8,True,False,residential,99000.0,68038.1,0.332,12.309,5669.8,3401.9,Storage Tank
2180.7,2412.8,tiles,0.8,24,1960.9,715728.5,loamy,240.2,False,False,industrial,279000.0,3788346.9,5.293,10.045,315695.6,35786.4,Hybrid System
835.4,32.5,tiles,0.8,6,918.4,335216.0,loamy,95.2,True,True,residential,61000.0,19548.4,0.058,0.341,1629.0,977.4,Recharge Pit
702.5,195.6,tiles,0.8,6,695.1,253711.5,sandy,99.7,True,False,residential,108000.0,98934.5,0.39,1.962,8244.5,4946.7,Hybrid System
883.6,694.0,metal,0.9,18,637.0,232505.0,sandy,72.2,False,False,commercial,317000.0,496706.9,2.136,9.612,41392.2,11625.2,Hybrid System
474.0,275.7,pavers,0.7,4,563.2,205568.0,loamy,71.6,True,False,residential,77000.0,82329.5,0.4,3.851,6860.8,4116.5,Hybrid System
1136.3,421.9,rcc,0.85,32,1348.7,492275.5,clay,132.8,True,False,commercial,115000.0,366744.8,0.745,3.177,30562.1,18337.2,Storage Tank
2876.6,168.4,rcc,0.85,3,362.6,132349.0,loamy,85.4,True,True,residential,139000.0,370580.9,2.8,1.972,30881.7,6617.5,Recharge Well
944.7,1250.7,rcc,0.85,49,1247.2,455228.0,sandy,122.9,False,False,institutional,220000.0,903875.3,1.986,10.177,75322.9,22761.4,Hybrid System
1161.3,472.0,rcc,0.85,24,1119.9,408763.5,clay,273.1,True,True,commercial,177000.0,419322.2,1.026,1.728,34943.5,20438.2,Storage Tank
709.9,880.8,rcc,0.85,38,1699.8,620427.0,silty,179.7,True,True,commercial,197000.0,478339.1,0.771,4.902,39861.6,23917.0,Recharge Well
906.4,862.8,tiles,0.8,45,4329.4,1580231.0,loamy,44.9,True,False,industrial,400000.0,563070.2,0.356,19.216,46922.5,28153.5,Hybrid System
2488.8,981.6,rcc,0.85,41,2228.3,813329.5,rocky,495.1,True,False,institutional,265000.0,1868899.7,2.298,1.983,155741.6,40666.5,Storage Tank
1011.7,37.9,rcc,0.85,8,1056.4,385586.0,loamy,108.3,True,False,residential,131000.0,29332.7,0.076,0.35,2444.4,1466.6,Storage Tank
1494.2,197.1,pavers,0.7,6,718.7,262325.5,clay,44.1,False,True,residential,22000.0,185539.3,0.707,4.469,15461.6,9277.0,Storage Tank
1175.4,133.0,rcc,0.85,8,1081.6,394784.0,sandy,57.1,False,False,residential,110000.0,119591.1,0.303,2.329,9965.9,5979.6,Hybrid System
980.1,38.2,metal,0.9,6,955.2,348648.0,sandy,62.8,True,False,residential,44000.0,30326.3,0.087,0.608,2527.2,1516.3,Recharge Pit
3145.4,652.1,metal,0.9,13,964.2,351933.0,sandy,115.9,False,True,commercial,296000.0,1661403.4,4.721,5.626,138450.3,17596.7,Recharge Well
741.7,200.4,metal,0.9,6,784.2,286233.0,loamy,71.8,False,True,residential,76000.0,120395.7,0.421,2.791,10033.0,6019.8,Recharge Pit
301.0,93.8,rcc,0.85,5,729.6,266304.0,silty,44.6,True,False,residential,99000.0,21598.9,0.081,2.103,1799.9,1079.9,Storage Tank
1676.3,221.8,rcc,0.85,6,895.6,326894.0,sandy,37.2,False,True,residential,81000.0,284429.6,0.87,5.962,23702.5,14221.5,Recharge Well
1024.6,786.5,rcc,0.85,38,1772.4,646926.0,loamy,72.2,False,True,institutional,332000.0,616473.6,0.953,10.893,51372.8,30823.7,Recharge Well
577.7,814.6,tiles,0.8,22,1045.8,381717.0,loamy,105.8,True,True,commercial,332000.0,338828.0,0.888,7.699,28235.7,16941.4,Recharge Well
2047.1,1782.7,rcc,0.85,48,2440.8,890892.0,silty,52.3,False,True,industrial,220000.0,2791764.4,3.134,34.086,232647.0,44544.6,Recharge Well
2545.4,148.5,rcc,0.85,4,559.4,204181.0,sandy,83.2,True,True,residential,81000.0,289163.8,1.416,1.785,24097.0,10209.1,Recharge Well
1990.4,1564.8,rcc,0.85,26,1080.1,394236.5,sandy,318.5,True,False,industrial,330000.0,2382652.1,6.044,4.913,198554.3,19711.8,Hybrid System
752.7,179.6,rcc,0.85,8,1223.1,446431.5,sandy,79.2,True,True,residential,116000.0,103416.5,0.232,2.268,8618.0,5170.8,Recharge Pit
491.6,159.3,tiles,0.8,3,472.6,172499.0,sandy,25.3,True,False,residential,43000.0,56384.6,0.327,6.296,4698.7,2819.2,Recharge Pit
783.9,43.5,rcc,0.85,2,293.1,106981.5,loamy,111.3,True,False,residential,118000.0,26086.2,0.244,0.391,2173.8,1304.3,Storage Tank
691.4,191.6,rcc,0.85,23,990.8,361642.0,sandy,341.8,True,False,commercial,130000.0,101341.3,0.28,0.561,8445.1,5067.1,Hybrid System
1156.3,173.6,rcc,0.85,7,1066.6,389309.0,clay,13.0,True,False,residential,126000.0,153561.3,0.394,13.354,12796.8,7678.1,Storage Tank
626.1,715.0,metal,0.9,33,1245.1,454461.5,loamy,157.9,True,False,commercial,257000.0,362605.8,0.798,4.528,30217.1,18130.3,Hybrid System
744.7,221.2,rcc,0.85,5,609.8,222577.0,rocky,75.7,True,False,residential,125000.0,126016.6,0.566,2.922,10501.4,6300.8,Storage Tank
2883.3,311.3,metal,0.9,3,426.4,155636.0,sandy,106.4,False,True,residential,46000.0,727032.7,4.671,2.926,60586.1,7781.8,Recharge Well
447.2,398.2,metal,0.9,37,2540.6,927319.0,loamy,182.4,False,False,commercial,155000.0,144240.8,0.156,2.183,12020.1,7212.0,Hybrid System
1476.2,82.6,tiles,0.8,7,1029.7,375840.5,clay,93.5,True,False,residential,69000.0,87792.6,0.234,0.883,7316.1,4389.6,Storage Tank
1830.0,293.0,metal,0.9,5,664.6,242579.0,sandy,60.4,True,False,residential,63000.0,434313.9,1.79,4.851,36192.8,12129.0,Hybrid System
1206.5,1105.1,rcc,0.85,43,2195.6,801394.0,clay,232.8,True,True,institutional,270000.0,1019976.9,1.273,4.747,84998.1,40069.7,Storage Tank
940.8,430.2,pavers,0.7,45,2459.5,897717.5,rocky,258.1,False,True,institutional,295000.0,254981.3,0.284,1.667,21248.4,12749.1,Storage Tank
1590.4,313.3,metal,0.9,3,349.0,127385.0,loamy,92.5,True,False,residential,124000.0,403600.6,3.168,3.387,33633.4,6369.2,Hybrid System
566.4,85.1,rcc,0.85,7,843.5,307877.5,loamy,34.1,True,False,residential,140000.0,36873.5,0.12,2.496,3072.8,1843.7,Storage Tank
772.8,383.7,metal,0.9,32,2159.9,788363.5,rocky,46.6,True,False,commercial,250000.0,240183.9,0.305,8.234,20015.3,12009.2,Storage Tank
2919.3,54.9,rcc,0.85,8,1219.3,445044.5,silty,40.5,True,True,residential,136000.0,122606.2,0.275,1.356,10217.2,6130.3,Recharge Pit
518.4,172.6,pavers,0.7,6,936.5,341822.5,rocky,119.9,True,True,residential,53000.0,56369.8,0.165,1.44,4697.5,2818.5,Storage Tank
1986.2,690.8,tiles,0.8,41,2188.2,798693.0,sandy,99.3,True,True,institutional,353000.0,987888.2,1.237,6.957,82324.0,39934.7,Recharge Well
1009.2,299.8,rcc,0.85,5,750.6,273969.0,clay,111.3,True,False,residential,147000.0,231457.0,0.845,2.694,19288.1,11572.9,Storage Tank
2037.2,255.6,pavers,0.7,2,275.9,100703.5,loamy,19.3,True,True,residential,44000.0,328046.2,3.258,13.244,27337.2,5035.2,Recharge Well
630.7,118.4,rcc,0.85,4,482.0,175930.0,rocky,20.7,True,True,residential,103000.0,57126.3,0.325,5.72,4760.5,2856.3,Storage Tank
590.6,1081.9,rcc,0.85,19,1643.9,600023.5,silty,295.0,False,True,industrial,367000.0,488812.2,0.815,3.667,40734.3,24440.6,Recharge Well
2592.2,563.7,metal,0.9,12,940.5,343282.5,sandy,226.0,True,True,commercial,118000.0,1183590.7,3.448,2.494,98632.6,17164.1,Recharge Well
907.5,1542.5,metal,0.9,20,1387.1,506291.5,clay,165.8,True,True,industrial,159000.0,1133853.2,2.24,9.303,94487.8,25314.6,Storage Tank
603.0,168.8,pavers,0.7,2,304.5,111142.5,loamy,85.3,False,True,residential,138000.0,64125.4,0.577,1.979,5343.8,3206.3,Recharge Pit
1635.7,143.0,rcc,0.85,3,364.5,133042.5,loamy,79.0,True,True,residential,35000.0,178937.4,1.345,1.81,14911.4,6652.1,Recharge Pit
328.6,220.8,tiles,0.8,7,917.9,335033.5,loamy,54.1,True,True,residential,144000.0,52239.5,0.156,4.081,4353.3,2612.0,Recharge Pit
1522.7,298.6,rcc,0.85,2,294.0,107310.0,loamy,87.2,True,True,residential,143000.0,347828.8,3.241,3.424,28985.7,5365.5,Recharge Well
843.0,460.1,tiles,0.8,22,998.2,364343.0,sandy,187.8,True,False,commercial,255000.0,279262.3,0.766,2.45,23271.9,13963.1,Hybrid System
358.8,108.9,tiles,0.8,6,905.2,330398.0,silty,33.2,False,True,residential,140000.0,28132.8,0.085,3.28,2344.4,1406.6,Recharge Pit
1101.6,1711.8,rcc,0.85,20,722.8,263822.0,sandy,499.8,True,True,institutional,303000.0,1442574.9,5.468,3.425,120214.6,13191.1,Recharge Well
895.3,314.8,pavers,0.7,6,664.6,242579.0,silty,84.1,False,True,residential,92000.0,177559.5,0.732,3.743,14796.6,8878.0,Recharge Well
629.0,300.7,metal,0.9,7,1047.2,382228.0,loamy,37.9,False,False,residential,53000.0,153203.6,0.401,7.934,12767.0,7660.2,Recharge Well
1652.0,194.6,tiles,0.8,7,1058.5,386352.5,loamy,86.7,True,False,residential,131000.0,231465.0,0.599,2.245,19288.8,11573.2,Hybrid System
720.1,247.8,rcc,0.85,8,1138.5,415552.5,loamy,21.4,True,True,residential,146000.0,136507.2,0.328,11.579,11375.6,6825.4,Recharge Pit
518.7,144.3,tiles,0.8,2,284.6,103879.0,rocky,91.4,True,True,residential,50000.0,53890.9,0.519,1.579,4490.9,2694.5,Storage Tank
890.2,830.3,rcc,0.85,49,2905.9,1060653.5,loamy,129.8,True,False,institutional,323000.0,565436.8,0.533,6.397,47119.7,28271.8,Hybrid System
659.3,848.3,tiles,0.8,27,2556.0,932940.0,loamy,320.8,True,False,industrial,237000.0,402684.6,0.432,2.644,33557.0,20134.2,Hybrid System
436.3,653.0,rcc,0.85,37,1729.3,631194.5,loamy,27.6,True,False,commercial,110000.0,217951.5,0.345,23.659,18162.6,10897.6,Hybrid System
621.1,1422.4,pavers,0.7,59,1616.6,590059.0,loamy,215.1,True,False,institutional,258000.0,556575.2,0.943,6.613,46381.3,27828.8,Hybrid System
2385.0,51.6,metal,0.9,4,458.8,167462.0,sandy,106.1,False,False,residential,91000.0,99683.5,0.595,0.486,8307.0,4984.2,Hybrid System
2056.9,708.2,rcc,0.85,32,1021.2,372738.0,sandy,56.4,False,False,institutional,441000.0,1114372.9,2.99,12.557,92864.4,18636.9,Hybrid System
2587.2,245.0,metal,0.9,7,772.0,281780.0,sandy,60.6,True,True,residential,83000.0,513429.8,1.822,4.043,42785.8,14089.0,Recharge Well
1209.3,803.7,metal,0.9,30,2667.0,973455.0,sandy,552.8,True,False,industrial,286000.0,787250.7,0.809,1.454,65604.2,39362.5,Hybrid System
2167.2,176.7,tiles,0.8,7,972.4,354926.0,rocky,114.1,True,False,residential,39000.0,275719.9,0.777,1.549,22976.7,13786.0,Storage Tank
663.0,683.3,metal,0.9,44,3591.1,1310751.5,rocky,419.6,True,False,industrial,435000.0,366952.6,0.28,1.628,30579.4,18347.6,Storage Tank
848.2,231.4,rcc,0.85,2,240.2,87673.0,loamy,116.4,True,False,residential,76000.0,150149.2,1.713,1.988,12512.4,4383.7,Recharge Well
1088.7,109.3,metal,0.9,6,953.1,347881.5,loamy,90.0,True,False,residential,57000.0,96385.9,0.277,1.214,8032.2,4819.3,Storage Tank
1789.0,219.5,pavers,0.7,2,276.2,100813.0,silty,17.9,True,True,residential,56000.0,247391.9,2.454,12.263,20616.0,5040.7,Storage Tank
2863.6,200.0,rcc,0.85,6,888.5,324302.5,clay,103.9,True,True,residential,98000.0,438130.8,1.351,1.925,36510.9,16215.1,Storage Tank
1022.8,144.3,metal,0.9,7,1020.2,372373.0,silty,81.7,False,True,residential,149000.0,119547.9,0.321,1.766,9962.3,5977.4,Recharge Pit
1154.4,365.9,metal,0.9,21,1136.1,414676.5,rocky,254.5,False,True,commercial,313000.0,342139.9,0.825,1.438,28511.7,17107.0,Storage Tank
710.2,134.6,tiles,0.8,4,628.2,229293.0,silty,25.8,True,True,residential,149000.0,68826.9,0.3,5.217,5735.6,3441.3,Recharge Pit
756.6,400.8,rcc,0.85,35,2462.7,898885.5,loamy,93.8,True,True,commercial,286000.0,231982.6,0.258,4.273,19331.9,11599.1,Recharge Well
1062.1,237.6,metal,0.9,6,828.6,302439.0,loamy,71.2,True,False,residential,130000.0,204407.5,0.676,3.337,17034.0,10220.4,Hybrid System
965.5,1348.1,pavers,0.7,44,4057.1,1480841.5,clay,162.4,False,False,industrial,304000.0,820002.0,0.554,8.301,68333.5,41000.1,Storage Tank
2647.2,448.1,rcc,0.85,24,1299.7,474390.5,rocky,198.7,False,False,commercial,296000.0,907450.9,1.913,2.255,75620.9,23719.5,Storage Tank
804.5,240.8,pavers,0.7,6,873.8,318937.0,sandy,66.3,True,True,residential,118000.0,122045.9,0.383,3.632,10170.5,6102.3,Recharge Pit
779.5,1824.8,rcc,0.85,17,1022.2,373103.0,loamy,431.3,True,False,industrial,311000.0,1088160.2,2.917,4.231,90680.0,18655.2,Hybrid System
571.9,428.4,metal,0.9,39,1559.1,569071.5,clay,54.7,True,True,commercial,261000.0,198451.6,0.349,7.832,16537.6,9922.6,Storage Tank
1067.0,973.8,rcc,0.85,35,2185.5,797707.5,loamy,211.3,False,False,commercial,349000.0,794869.1,0.996,4.609,66239.1,39743.5,Hybrid System
3027.8,909.1,metal,0.9,48,3515.5,1283157.5,loamy,470.0,True,False,industrial,387000.0,2229584.1,1.738,1.934,185798.7,64157.9,Hybrid System
814.6,488.7,metal,0.9,34,1557.9,568633.5,loamy,51.4,True,True,commercial,89000.0,322457.0,0.567,9.508,26871.4,16122.9,Recharge Well
1261.0,1779.0,tiles,0.8,42,2222.1,811066.5,rocky,68.2,True,False,institutional,411000.0,1615189.7,1.991,26.085,134599.1,40553.3,Storage Tank
542.4,178.0,rcc,0.85,8,888.0,324120.0,silty,116.8,True,True,residential,49000.0,73858.6,0.228,1.524,6154.9,3692.9,Recharge Pit
934.2,465.0,metal,0.9,21,637.2,232578.0,sandy,208.6,True,False,institutional,170000.0,351866.4,1.513,2.229,29322.2,11628.9,Hybrid System
500.4,569.2,tiles,0.8,57,1767.2,645028.0,clay,199.5,True,False,institutional,440000.0,205075.9,0.318,2.853,17089.7,10253.8,Storage Tank
919.5,225.7,rcc,0.85,5,646.1,235826.5,clay,36.5,True,True,residential,131000.0,158761.3,0.673,6.184,13230.1,7938.1,Storage Tank
2011.1,961.2,rcc,0.85,20,1408.7,514175.5,clay,309.4,True,False,commercial,279000.0,1478798.0,2.876,3.107,123233.2,25708.8,Storage Tank
1156.9,243.3,metal,0.9,7,973.0,355145.0,loamy,71.1,True,True,residential,96000.0,227993.8,0.642,3.422,18999.5,11399.7,Recharge Well
1702.4,182.9,metal,0.9,33,1273.7,464900.5,sandy,100.9,True,False,commercial,141000.0,252208.9,0.543,1.813,21017.4,12610.4,Hybrid System
948.9,269.7,metal,0.9,7,879.0,320835.0,silty,70.7,True,False,residential,25000.0,207293.8,0.646,3.815,17274.5,10364.7,Recharge Well
1289.2,589.2,metal,0.9,32,1121.4,409311.0,sandy,306.8,True,False,commercial,258000.0,615273.3,1.503,1.92,51272.8,20465.6,Hybrid System
880.6,927.5,rcc,0.85,48,2827.1,1031891.5,rocky,476.3,True,False,institutional,168000.0,624818.7,0.606,1.947,52068.2,31240.9,Storage Tank
904.4,1554.8,rcc,0.85,25,2376.7,867495.5,rocky,535.0,True,True,industrial,443000.0,1075713.3,1.24,2.906,89642.8,43374.8,Storage Tank
490.6,146.1,rcc,0.85,6,667.0,243455.0,loamy,59.9,True,False,residential,121000.0,54832.6,0.225,2.439,4569.4,2741.6,Storage Tank
784.3,1315.7,rcc,0.85,20,1307.6,477274.0,loamy,417.2,True,True,industrial,296000.0,789406.2,1.654,3.154,65783.8,23863.7,Recharge Well
543.8,627.1,rcc,0.85,22,897.9,327733.5,loamy,44.2,True,False,institutional,377000.0,260878.0,0.796,14.188,21739.8,13043.9,Hybrid System
1026.9,1506.4,rcc,0.85,17,991.3,361824.5,sandy,486.1,True,False,industrial,302000.0,1183395.5,3.271,3.099,98616.3,18091.2,Hybrid System
1009.4,177.3,rcc,0.85,4,552.8,201772.0,loamy,2.0,True,False,residential,123000.0,136909.5,0.679,88.65,11409.1,6845.5,Storage Tank
2299.2,208.6,rcc,0.85,18,951.9,347443.5,sandy,146.7,True,True,commercial,254000.0,366904.0,1.056,1.422,30575.3,17372.2,Recharge Well
532.5,281.8,pavers,0.7,3,344.5,125742.5,sandy,96.2,True,True,residential,90000.0,94536.9,0.752,2.929,7878.1,4726.8,Recharge Well
837.2,130.3,rcc,0.85,6,712.1,259916.5,loamy,13.2,True,True,residential,87000.0,83451.7,0.321,9.871,6954.3,4172.6,Storage Tank
752.4,218.9,rcc,0.85,5,740.9,270428.5,sandy,69.1,True,False,residential,127000.0,125995.8,0.466,3.168,10499.6,6299.8,Hybrid System
1895.8,230.1,metal,0.9,10,491.0,179215.0,rocky,180.4,True,True,commercial,238000.0,353341.1,1.972,1.275,29445.1,8960.8,Storage Tank
2141.8,170.8,rcc,0.85,3,436.3,159249.5,silty,93.1,True,False,residential,36000.0,279851.9,1.757,1.835,23321.0,7962.5,Recharge Well
539.4,213.7,rcc,0.85,4,638.8,233162.0,sandy,68.1,False,False,residential,43000.0,88181.4,0.378,3.138,7348.4,4409.1,Recharge Pit
906.2,407.5,tiles,0.8,37,2602.3,949839.5,silty,155.4,False,False,commercial,262000.0,265879.1,0.28,2.622,22156.6,13294.0,Hybrid System
1048.0,448.8,tiles,0.8,23,667.9,243783.5,loamy,286.6,False,True,institutional,279000.0,338646.5,1.389,1.566,28220.5,12189.2,Recharge Well
955.5,928.0,rcc,0.85,46,2569.0,937685.0,sandy,100.5,True,True,institutional,379000.0,678328.6,0.723,9.234,56527.4,33916.4,Recharge Well
815.8,881.7,rcc,0.85,20,1465.2,534798.0,sandy,121.9,False,True,commercial,165000.0,550257.5,1.029,7.233,45854.8,26739.9,Recharge Well
630.4,2229.5,rcc,0.85,30,1311.7,478770.5,rocky,210.2,True,False,industrial,255000.0,1075189.8,2.246,10.607,89599.2,23938.5,Storage Tank
337.3,626.9,metal,0.9,53,2585.7,943780.5,loamy,78.5,False,True,institutional,305000.0,171277.2,0.181,7.986,14273.1,8563.9,Recharge Well
1112.4,188.8,rcc,0.85,3,453.0,165345.0,sandy,108.4,False,True,residential,33000.0,160666.2,0.972,1.742,13388.9,8033.3,Recharge Pit
440.4,1324.2,rcc,0.85,24,1231.5,449497.5,sandy,427.0,False,False,institutional,197000.0,446130.9,0.993,3.101,37177.6,22306.5,Hybrid System
374.3,578.5,rcc,0.85,12,816.9,298168.5,rocky,51.2,True,False,commercial,153000.0,165647.4,0.556,11.299,13803.9,8282.4,Storage Tank
2726.7,76.2,tiles,0.8,3,458.2,167243.0,sandy,24.7,True,True,residential,121000.0,149597.7,0.894,3.085,12466.5,7479.9,Recharge Pit
757.1,127.9,rcc,0.85,2,286.3,104499.5,sandy,0.8,True,True,residential,38000.0,74077.3,0.709,127.9,6173.1,3703.9,Storage Tank
691.3,638.1,tiles,0.8,16,1126.7,411245.5,loamy,266.7,True,True,commercial,71000.0,317605.3,0.772,2.393,26467.1,15880.3,Recharge Well
589.9,268.8,tiles,0.8,7,1030.4,376096.0,silty,29.0,True,True,residential,96000.0,114166.9,0.304,9.269,9513.9,5708.3,Recharge Pit
2767.2,180.3,rcc,0.85,4,520.6,190019.0,loamy,104.5,False,True,residential,24000.0,381678.5,2.009,1.725,31806.5,9501.0,Storage Tank
2212.4,542.4,rcc,0.85,43,2226.2,812563.0,loamy,269.8,True,False,institutional,354000.0,918004.4,1.13,2.01,76500.4,40628.2,Hybrid System
988.6,896.2,pavers,0.7,60,1958.6,714889.0,sandy,337.9,False,False,institutional,423000.0,558169.5,0.781,2.652,46514.1,27908.5,Hybrid System
576.6,57.1,rcc,0.85,3,404.7,147715.5,clay,41.7,False,False,residential,42000.0,25186.8,0.171,1.369,2098.9,1259.3,Storage Tank
333.6,369.1,rcc,0.85,42,1577.9,575933.5,clay,96.3,False,False,institutional,176000.0,94195.8,0.164,3.833,7849.7,4709.8,Storage Tank
487.9,697.3,metal,0.9,33,1580.9,577028.5,loamy,102.5,True,False,commercial,71000.0,275572.3,0.478,6.803,22964.4,13778.6,Hybrid System
623.4,44.0,rcc,0.85,2,233.4,85191.0,loamy,23.2,True,False,residential,146000.0,20983.6,0.246,1.897,1748.6,1049.2,Recharge Pit
1144.6,176.4,rcc,0.85,5,579.8,211627.0,sandy,78.4,True,True,residential,98000.0,154459.2,0.73,2.25,12871.6,7723.0,Recharge Pit
313.5,134.4,tiles,0.8,3,457.7,167060.5,loamy,60.9,True,False,residential,83000.0,30336.8,0.182,2.207,2528.1,1516.8,Storage Tank
1090.4,946.3,tiles,0.8,24,989.6,361204.0,sandy,332.0,True,True,commercial,258000.0,742928.8,2.057,2.85,61910.7,18060.2,Recharge Well
406.6,2344.4,metal,0.9,32,2168.9,791648.5,sandy,374.6,True,True,industrial,290000.0,772118.8,0.975,6.258,64343.2,38605.9,Recharge Well
1116.8,162.7,rcc,0.85,6,692.1,252616.5,sandy,91.4,False,True,residential,139000.0,139003.1,0.55,1.78,11583.6,6950.2,Recharge Pit
839.0,136.0,rcc,0.85,6,940.4,343246.0,silty,34.7,True,False,residential,114000.0,87289.6,0.254,3.919,7274.1,4364.5,Hybrid System
1023.4,200.0,rcc,0.85,2,233.1,85081.5,sandy,27.4,False,True,residential,36000.0,156580.2,1.84,7.299,13048.4,4254.1,Recharge Pit
2527.1,875.8,rcc,0.85,30,2883.7,1052550.5,sandy,282.2,True,False,industrial,155000.0,1693124.1,1.609,3.103,141093.7,52627.5,Hybrid System
474.5,122.9,tiles,0.8,3,460.2,167973.0,sandy,68.6,False,False,residential,75000.0,41987.6,0.25,1.792,3499.0,2099.4,Storage Tank
424.9,635.0,rcc,0.85,45,2459.5,897717.5,sandy,459.5,True,False,institutional,150000.0,206405.8,0.23,1.382,17200.5,10320.3,Hybrid System
1136.1,811.5,rcc,0.85,48,4736.1,1728676.5,sandy,102.4,True,True,industrial,306000.0,705288.0,0.408,7.925,58774.0,35264.4,Recharge Well
368.7,584.4,tiles,0.8,27,2040.8,744892.0,loamy,100.9,False,True,commercial,227000.0,155137.2,0.208,5.792,12928.1,7756.9,Recharge Well
514.1,312.0,metal,0.9,8,972.4,354926.0,loamy,20.5,True,False,residential,93000.0,129923.4,0.366,15.22,10826.9,6496.2,Hybrid System
711.5,379.0,rcc,0.85,23,966.1,352626.5,loamy,334.3,True,True,institutional,101000.0,206288.8,0.585,1.134,17190.7,10314.4,Recharge Well
826.6,1352.0,metal,0.9,33,3012.5,1099562.5,loamy,531.7,True,False,industrial,378000.0,905226.2,0.823,2.543,75435.5,45261.3,Hybrid System
558.6,191.6,rcc,0.85,7,964.4,352006.0,loamy,35.1,True,False,residential,101000.0,81876.2,0.233,5.459,6823.0,4093.8,Hybrid System
366.7,1264.9,metal,0.9,63,2804.8,1023752.0,sandy,412.0,False,False,institutional,145000.0,375709.5,0.367,3.07,31309.1,18785.5,Hybrid System
710.3,180.4,rcc,0.85,6,832.2,303753.0,clay,108.1,True,True,residential,121000.0,98025.7,0.323,1.669,8168.8,4901.3,Storage Tank
410.6,626.6,rcc,0.85,11,517.9,189033.5,loamy,41.3,True,True,commercial,121000.0,196820.7,1.041,15.172,16401.7,9451.7,Recharge Well
529.6,305.8,tiles,0.8,30,2141.6,781684.0,sandy,207.0,True,False,commercial,136000.0,116605.2,0.149,1.477,9717.1,5830.3,Hybrid System
647.8,75.0,metal,0.9,2,308.7,112675.5,loamy,118.7,False,True,residential,23000.0,39353.8,0.349,0.632,3279.5,1967.7,Storage Tank
1195.7,866.5,rcc,0.85,31,2462.8,898922.0,clay,180.9,True,False,commercial,137000.0,792596.6,0.882,4.79,66049.7,39629.8,Storage Tank
1984.3,149.8,rcc,0.85,7,1083.6,395514.0,loamy,103.5,True,False,residential,40000.0,227394.8,0.575,1.447,18949.6,11369.7,Recharge Well
558.5,538.4,pavers,0.7,27,1123.5,410077.5,rocky,132.8,True,False,commercial,325000.0,189438.7,0.462,4.054,15786.6,9471.9,Storage Tank
2158.6,150.5,metal,0.9,2,224.9,82088.5,clay,55.5,False,True,residential,44000.0,263144.1,3.206,2.712,21928.7,4104.4,Storage Tank
1036.4,997.2,metal,0.9,36,1364.3,497969.5,sandy,157.6,True,True,commercial,259000.0,837133.4,1.681,6.327,69761.1,24898.5,Recharge Well
2170.9,1576.1,pavers,0.7,30,858.0,313170.0,silty,415.4,True,True,institutional,369000.0,2155580.0,6.883,3.794,179631.7,15658.5,Recharge Well
796.3,131.4,rcc,0.85,4,579.6,211554.0,clay,98.1,False,True,residential,52000.0,80044.9,0.378,1.339,6670.4,4002.2,Storage Tank
371.4,240.5,rcc,0.85,2,225.8,82417.0,loamy,8.4,True,False,residential,133000.0,68331.1,0.829,28.631,5694.3,3416.6,Storage Tank
1143.4,1528.1,rcc,0.85,33,2874.5,1049192.5,loamy,57.2,False,True,industrial,351000.0,1336630.6,1.274,26.715,111385.9,52459.6,Recharge Well
892.3,216.1,metal,0.9,7,923.7,337150.5,sandy,9.6,True,True,residential,101000.0,156189.1,0.463,22.51,13015.8,7809.5,Storage Tank
2499.8,1118.2,rcc,0.85,55,2784.7,1016415.5,sandy,397.0,False,False,institutional,124000.0,2138386.4,2.104,2.817,178198.9,50820.8,Hybrid System
851.8,174.7,rcc,0.85,6,934.2,340983.0,loamy,91.0,False,False,residential,72000.0,113839.2,0.334,1.92,9486.6,5692.0,Hybrid System
1003.1,698.0,rcc,0.85,13,733.5,267727.5,loamy,214.1,True,True,commercial,189000.0,535625.3,2.001,3.26,44635.4,13386.4,Recharge Well
2432.1,976.2,rcc,0.85,37,2649.8,967177.0,sandy,343.8,False,True,industrial,426000.0,1816275.3,1.878,2.839,151356.3,48358.9,Recharge Well
2583.1,724.5,rcc,0.85,11,871.4,318061.0,loamy,168.4,True,True,commercial,307000.0,1431663.8,4.501,4.302,119305.3,15903.1,Recharge Well
529.9,146.8,rcc,0.85,8,924.0,337260.0,clay,44.4,False,False,residential,68000.0,59508.8,0.176,3.306,4959.1,2975.4,Storage Tank
829.2,198.8,rcc,0.85,4,635.9,232103.5,rocky,54.4,True,True,residential,142000.0,126106.4,0.543,3.654,10508.9,6305.3,Storage Tank
934.9,248.3,pavers,0.7,6,770.9,281378.5,silty,30.9,False,False,residential,94000.0,146245.5,0.52,8.036,12187.1,7312.3,Hybrid System
877.9,101.6,rcc,0.85,5,700.4,255646.0,sandy,0.7,True,False,residential,32000.0,68233.9,0.267,101.6,5686.2,3411.7,Storage Tank
801.9,1068.4,rcc,0.85,49,2407.3,878664.5,sandy,162.5,True,True,institutional,107000.0,655413.7,0.746,6.575,54617.8,32770.7,Recharge Well
911.0,315.4,rcc,0.85,12,669.0,244185.0,clay,287.6,True,True,commercial,301000.0,219807.0,0.9,1.097,18317.2,10990.4,Storage Tank
1023.9,535.6,pavers,0.7,21,780.9,285028.5,rocky,226.8,True,True,commercial,331000.0,345492.5,1.212,2.362,28791.0,14251.4,Storage Tank
591.9,1167.5,pavers,0.7,34,1389.0,506985.0,rocky,50.1,True,False,institutional,256000.0,435357.2,0.859,23.303,36279.8,21767.9,Storage Tank
465.6,82.6,tiles,0.8,4,557.6,203524.0,sandy,61.7,True,False,residential,128000.0,27690.2,0.136,1.339,2307.5,1384.5,Storage Tank
871.2,311.9,tiles,0.8,7,1069.8,390477.0,sandy,62.0,True,False,residential,50000.0,195643.6,0.501,5.031,16303.6,9782.2,Recharge Well
1894.7,1354.3,rcc,0.85,30,2058.4,751316.0,rocky,528.8,False,False,industrial,155000.0,1962984.0,2.613,2.561,163582.0,37565.8,Storage Tank
772.7,167.8,rcc,0.85,6,778.4,284116.0,loamy,88.1,True,False,residential,85000.0,99189.2,0.349,1.905,8265.8,4959.5,Hybrid System
640.2,192.5,rcc,0.85,2,305.9,111653.5,loamy,36.1,False,False,residential,142000.0,94277.5,0.844,5.332,7856.5,4713.9,Hybrid System
641.1,158.8,rcc,0.85,8,1269.0,463185.0,rocky,85.5,True,True,residential,141000.0,77882.1,0.168,1.857,6490.2,3894.1,Storage Tank
411.4,117.5,rcc,0.85,6,926.4,338136.0,loamy,39.2,True,True,residential,94000.0,36979.7,0.109,2.997,3081.6,1849.0,Recharge Pit
1142.6,257.0,rcc,0.85,3,386.4,141036.0,rocky,15.3,False,False,residential,120000.0,224640.9,1.593,16.797,18720.1,7051.8,Storage Tank
913.1,468.4,tiles,0.8,38,1438.0,524870.0,loamy,313.2,False,True,commercial,331000.0,307941.1,0.587,1.496,25661.8,15397.1,Recharge Well
2706.4,119.6,rcc,0.85,5,668.1,243856.5,rocky,58.0,True,False,residential,94000.0,247619.4,1.015,2.062,20635.0,12192.8,Storage Tank
1059.7,679.1,rcc,0.85,46,2778.8,1014262.0,silty,150.3,True,False,industrial,259000.0,550526.3,0.543,4.518,45877.2,27526.3,Hybrid System
545.3,191.7,rcc,0.85,6,731.6,267034.0,sandy,100.3,False,False,residential,114000.0,79968.5,0.299,1.911,6664.0,3998.4,Hybrid System
736.6,154.6,rcc,0.85,4,481.4,175711.0,rocky,43.4,False,False,residential,84000.0,87116.9,0.496,3.562,7259.7,4355.8,Storage Tank
3198.0,967.8,rcc,0.85,23,842.8,307622.0,sandy,373.8,True,True,institutional,303000.0,2367693.7,7.697,2.589,197307.8,15381.1,Recharge Well
933.8,84.9,tiles,0.8,4,592.4,216226.0,sandy,36.2,False,True,residential,29000.0,57081.3,0.264,2.345,4756.8,2854.1,Recharge Pit
364.6,576.2,metal,0.9,20,1302.4,475376.0,loamy,270.8,True,False,commercial,344000.0,170166.8,0.358,2.128,14180.6,8508.3,Hybrid System
403.0,732.6,rcc,0.85,12,608.5,222102.5,rocky,153.7,True,True,commercial,269000.0,225856.9,1.017,4.766,18821.4,11105.1,Storage Tank
557.2,201.2,metal,0.9,3,418.9,152898.5,rocky,16.7,True,False,residential,81000.0,90808.0,0.594,12.048,7567.3,4540.4,Storage Tank
2172.2,34.9,rcc,0.85,4,601.4,219511.0,clay,44.4,True,False,residential,94000.0,57994.5,0.264,0.786,4832.9,2899.7,Storage Tank
1572.4,49.7,metal,0.9,6,792.8,289372.0,loamy,86.9,True,False,residential,94000.0,63300.1,0.219,0.572,5275.0,3165.0,Hybrid System
989.9,888.7,rcc,0.85,21,979.9,357663.5,loamy,247.1,True,False,commercial,156000.0,672989.0,1.882,3.597,56082.4,17883.2,Hybrid System
1112.7,291.0,pavers,0.7,2,280.7,102455.5,rocky,78.8,True,False,residential,95000.0,203991.3,1.991,3.693,16999.3,5122.8,Storage Tank
321.5,182.5,rcc,0.85,7,1022.9,373358.5,loamy,20.8,True,False,residential,21000.0,44885.4,0.12,8.774,3740.5,2244.3,Storage Tank
367.2,37.0,rcc,0.85,7,1019.2,372008.0,loamy,87.9,False,False,residential,23000.0,10393.6,0.028,0.421,866.1,519.7,Storage Tank
789.5,267.0,rcc,0.85,3,340.0,124100.0,sandy,45.6,True,False,residential,131000.0,161259.3,1.299,5.855,13438.3,6205.0,Hybrid System
790.3,114.8,rcc,0.85,8,1019.2,372008.0,clay,4.7,True,False,residential,25000.0,69405.7,0.187,24.426,5783.8,3470.3,Storage Tank
2107.5,1039.0,tiles,0.8,37,1398.2,510343.0,silty,245.1,True,False,institutional,250000.0,1576578.6,3.089,4.239,131381.6,25517.2,Hybrid System
890.7,1353.3,metal,0.9,39,3474.1,1268046.5,loamy,286.7,False,False,industrial,326000.0,976361.3,0.77,4.72,81363.4,48818.1,Hybrid System
1134.4,630.7,tiles,0.8,38,2899.7,1058390.5,loamy,512.9,True,False,industrial,166000.0,515135.6,0.487,1.23,42928.0,25756.8,Hybrid System
424.7,129.9,metal,0.9,8,956.0,348940.0,loamy,44.6,True,True,residential,132000.0,44686.5,0.128,2.913,3723.9,2234.3,Recharge Pit
1943.7,1452.6,rcc,0.85,29,960.8,350692.0,rocky,488.0,False,True,institutional,300000.0,2159915.2,6.159,2.977,179992.9,17534.6,Storage Tank
887.3,817.1,metal,0.9,11,673.1,245681.5,sandy,310.7,False,True,commercial,131000.0,587260.4,2.39,2.63,48938.4,12284.1,Recharge Well
432.3,209.3,tiles,0.8,4,546.9,199618.5,sandy,114.5,False,False,residential,35000.0,65145.9,0.326,1.828,5428.8,3257.3,Recharge Pit
350.8,219.9,rcc,0.85,3,473.5,172827.5,sandy,84.6,False,True,residential,50000.0,59012.8,0.341,2.599,4917.7,2950.6,Recharge Pit
2482.3,206.8,metal,0.9,5,659.7,240790.5,loamy,32.5,True,True,residential,41000.0,415805.1,1.727,6.363,34650.4,12039.5,Recharge Well
631.7,231.0,rcc,0.85,4,601.2,219438.0,clay,3.8,True,True,residential,97000.0,111630.9,0.509,60.789,9302.6,5581.5,Storage Tank
1044.6,52.7,rcc,0.85,3,390.0,142350.0,loamy,94.2,False,True,residential,104000.0,42113.6,0.296,0.559,3509.5,2105.7,Recharge Pit
518.5,315.4,metal,0.9,8,1038.0,378870.0,sandy,117.5,False,True,residential,34000.0,132463.3,0.35,2.684,11038.6,6623.2,Recharge Well
1400.0,160.9,rcc,0.85,4,515.6,188194.0,silty,110.9,False,False,residential,100000.0,172323.9,0.916,1.451,14360.3,8616.2,Hybrid System
840.1,122.9,metal,0.9,3,451.2,164688.0,silty,66.3,True,True,residential,20000.0,83631.1,0.508,1.854,6969.3,4181.6,Storage Tank
1181.1,91.1,rcc,0.85,5,647.9,236483.5,sandy,98.6,False,False,residential,46000.0,82312.6,0.348,0.924,6859.4,4115.6,Recharge Pit
799.7,281.5,rcc,0.85,6,956.8,349232.0,sandy,42.0,True,True,residential,146000.0,172213.4,0.493,6.702,14351.1,8610.7,Recharge Well
964.0,673.0,tiles,0.8,38,2919.2,1065508.0,sandy,174.9,True,False,commercial,309000.0,467115.8,0.438,3.848,38926.3,23355.8,Hybrid System
1138.7,277.7,rcc,0.85,4,473.3,172754.5,loamy,71.1,True,True,residential,119000.0,241906.0,1.4,3.906,20158.8,8637.7,Recharge Well
2536.9,2057.6,pavers,0.7,27,1960.4,715546.0,clay,88.6,False,False,industrial,462000.0,3288553.0,4.596,23.223,274046.1,35777.3,Storage Tank
935.4,214.3,rcc,0.85,4,485.8,177317.0,loamy,3.8,False,False,residential,73000.0,153349.0,0.865,56.395,12779.1,7667.5,Storage Tank
579.5,272.8,rcc,0.85,4,579.3,211444.5,loamy,100.9,True,True,residential,104000.0,120937.0,0.572,2.704,10078.1,6046.9,Recharge Pit
636.8,184.1,metal,0.9,7,946.3,345399.5,silty,17.4,False,False,residential,130000.0,94960.3,0.275,10.58,7913.4,4748.0,Storage Tank
2158.7,1956.3,metal,0.9,38,2780.1,1014736.5,sandy,529.7,False,False,industrial,401000.0,3420682.5,3.371,3.693,285056.9,50736.8,Hybrid System
742.9,1473.7,pavers,0.7,32,1701.0,620865.0,clay,180.7,True,False,institutional,210000.0,689731.4,1.111,8.156,57477.6,31043.2,Storage Tank
839.2,74.7,rcc,0.85,5,598.5,218452.5,clay,47.0,True,False,residential,145000.0,47956.5,0.22,1.589,3996.4,2397.8,Storage Tank
900.5,97.6,rcc,0.85,4,545.6,199144.0,loamy,63.4,True,False,residential,119000.0,67234.9,0.338,1.539,5602.9,3361.7,Hybrid System
2585.3,1775.3,tiles,0.8,19,1523.0,555895.0,loamy,543.0,True,False,industrial,375000.0,3304571.8,5.945,3.269,275381.0,27794.8,Hybrid System
2578.7,259.6,metal,0.9,2,236.1,86176.5,sandy,22.8,True,True,residential,113000.0,542238.7,6.292,11.386,45186.6,4308.8,Recharge Well
1062.5,103.1,rcc,0.85,6,680.9,248528.5,sandy,70.1,True,True,residential,99000.0,83801.0,0.337,1.471,6983.4,4190.1,Recharge Pit
956.8,261.3,rcc,0.85,3,386.0,140890.0,sandy,93.0,True,True,residential,135000.0,191259.1,1.358,2.81,15938.3,7044.5,Recharge Well
916.1,192.2,rcc,0.85,6,660.3,241009.5,sandy,63.6,True,False,residential,48000.0,134696.9,0.559,3.022,11224.7,6734.8,Recharge Pit
1018.6,114.2,rcc,0.85,5,616.0,224840.0,rocky,99.5,False,False,residential,111000.0,88988.0,0.396,1.148,7415.7,4449.4,Storage Tank
1770.2,151.9,rcc,0.85,32,2131.7,778070.5,sandy,39.8,True,True,commercial,258000.0,205703.4,0.264,3.817,17142.0,10285.2,Recharge Well
1848.6,351.3,metal,0.9,35,1317.4,480851.0,rocky,268.8,True,True,commercial,83000.0,526024.7,1.094,1.307,43835.4,24042.6,Storage Tank
1295.8,1218.4,metal,0.9,65,2936.6,1071859.0,clay,119.5,True,True,institutional,123000.0,1278830.2,1.193,10.196,106569.2,53593.0,Storage Tank
2917.3,184.9,metal,0.9,6,756.7,276195.5,silty,90.9,True,False,residential,123000.0,436921.1,1.582,2.034,36410.1,13809.8,Hybrid System
757.9,925.9,rcc,0.85,10,370.2,135123.0,silty,255.6,True,True,commercial,330000.0,536830.8,3.973,3.622,44735.9,6756.2,Recharge Well
543.1,165.2,tiles,0.8,8,984.8,359452.0,silty,3.3,True,True,residential,61000.0,64598.5,0.18,50.061,5383.2,3229.9,Storage Tank
552.6,387.5,metal,0.9,48,1936.6,706859.0,rocky,310.3,False,True,institutional,274000.0,173447.3,0.245,1.249,14453.9,8672.4,Storage Tank
425.3,254.2,metal,0.9,8,1270.5,463732.5,clay,49.2,True,False,residential,53000.0,87570.1,0.189,5.167,7297.5,4378.5,Storage Tank
1086.7,193.6,rcc,0.85,4,461.6,168484.0,rocky,6.3,True,False,residential,62000.0,160944.6,0.955,30.73,13412.1,8047.2,Storage Tank
459.1,58.9,rcc,0.85,2,281.5,102747.5,loamy,53.7,True,True,residential,41000.0,20686.4,0.201,1.097,1723.9,1034.3,Recharge Pit
974.6,104.7,rcc,0.85,4,569.3,207794.5,sandy,108.4,True,False,residential,138000.0,78061.1,0.376,0.966,6505.1,3903.1,Hybrid System
1226.4,243.9,tiles,0.8,2,260.4,95046.0,silty,66.6,True,True,residential,24000.0,215365.7,2.266,3.662,17947.1,4752.3,Storage Tank
1912.4,600.2,rcc,0.85,34,2253.2,822418.0,sandy,287.1,True,False,commercial,267000.0,878084.2,1.068,2.091,73173.7,41120.9,Hybrid System
1054.3,155.3,tiles,0.8,7,1023.3,373504.5,loamy,97.7,False,True,residential,86000.0,117887.6,0.316,1.59,9824.0,5894.4,Recharge Pit
848.9,669.1,pavers,0.7,45,1915.8,699267.0,rocky,308.1,True,True,institutional,395000.0,357839.4,0.512,2.172,29820.0,17892.0,Storage Tank
691.9,450.3,tiles,0.8,39,2580.4,941846.0,silty,91.9,False,False,commercial,320000.0,224325.1,0.238,4.9,18693.8,11216.3,Hybrid System
333.8,1196.5,tiles,0.8,31,1837.7,670760.5,rocky,203.1,True,True,institutional,446000.0,287562.0,0.429,5.891,23963.5,14378.1,Storage Tank
1471.2,684.3,rcc,0.85,30,2295.9,838003.5,sandy,332.5,True,True,commercial,261000.0,770157.8,0.919,2.058,64179.8,38507.9,Recharge Well
2662.1,1308.2,rcc,0.85,47,1598.6,583489.0,loamy,462.6,True,False,institutional,297000.0,2664157.8,4.566,2.828,222013.1,29174.5,Hybrid System
1823.6,524.9,tiles,0.8,31,1646.0,600790.0,sandy,239.6,True,False,commercial,332000.0,689189.5,1.147,2.191,57432.5,30039.5,Hybrid System
811.1,85.8,rcc,0.85,6,940.0,343100.0,sandy,71.6,False,False,residential,82000.0,53238.2,0.155,1.198,4436.5,2661.9,Storage Tank
1951.8,149.1,rcc,0.85,3,363.5,132677.5,loamy,8.0,True,False,residential,55000.0,222625.2,1.678,18.637,18552.1,6633.9,Storage Tank
1530.3,410.7,rcc,0.85,69,2420.9,883628.5,loamy,68.9,True,False,institutional,235000.0,480798.1,0.544,5.961,40066.5,24039.9,Hybrid System
2956.2,269.0,metal,0.9,8,1240.0,452600.0,silty,94.8,True,False,residential,45000.0,644126.4,1.423,2.838,53677.2,22630.0,Recharge Well
720.4,590.2,rcc,0.85,26,1450.5,529432.5,sandy,131.9,True,True,commercial,79000.0,325262.8,0.614,4.475,27105.2,16263.1,Recharge Well
402.7,101.3,rcc,0.85,4,557.1,203341.5,loamy,21.3,True,True,residential,24000.0,31207.0,0.153,4.756,2600.6,1560.4,Storage Tank
1544.1,613.9,rcc,0.85,49,4567.5,1667137.5,loamy,598.3,True,True,industrial,403000.0,725161.1,0.435,1.026,60430.1,36258.1,Recharge Well
318.8,180.7,tiles,0.8,25,1293.2,472018.0,loamy,314.5,False,True,commercial,111000.0,41477.2,0.088,0.575,3456.4,2073.9,Recharge Well
2082.5,264.7,pavers,0.7,4,475.6,173594.0,loamy,20.8,True,False,residential,100000.0,347279.8,2.001,12.726,28940.0,8679.7,Hybrid System
703.4,313.9,metal,0.9,8,1034.6,377629.0,silty,92.3,False,True,residential,41000.0,178845.8,0.474,3.401,14903.8,8942.3,Recharge Well
1757.1,761.6,rcc,0.85,40,3621.7,1321920.5,silty,303.9,False,False,industrial,487000.0,1023728.6,0.774,2.506,85310.7,51186.4,Hybrid System
455.5,2414.0,rcc,0.85,39,2618.5,955752.5,clay,516.4,True,False,industrial,420000.0,841176.4,0.88,4.675,70098.0,42058.8,Storage Tank
710.0,717.5,rcc,0.85,34,2459.1,897571.5,loamy,127.6,False,False,commercial,338000.0,389710.1,0.434,5.623,32475.8,19485.5,Hybrid System
1667.4,612.4,tiles,0.8,33,2337.5,853187.5,loamy,168.1,True,True,commercial,104000.0,735203.3,0.862,3.643,61266.9,36760.2,Recharge Well
434.0,364.2,rcc,0.85,39,1067.0,389455.0,silty,485.7,True,False,institutional,440000.0,120918.0,0.31,0.75,10076.5,6045.9,Hybrid System
1423.2,144.7,metal,0.9,5,674.8,246302.0,sandy,15.1,True,False,residential,129000.0,166809.0,0.677,9.583,13900.8,8340.5,Storage Tank
2855.0,67.2,rcc,0.85,8,1064.2,388433.0,loamy,119.2,True,True,residential,70000.0,146769.8,0.378,0.564,12230.8,7338.5,Recharge Pit
2948.8,310.1,metal,0.9,2,290.8,106142.0,sandy,24.1,False,True,residential,41000.0,740682.5,6.978,12.867,61723.5,5307.1,Recharge Well
804.3,282.5,metal,0.9,5,721.6,263384.0,loamy,42.3,True,False,residential,147000.0,184043.9,0.699,6.678,15337.0,9202.2,Hybrid System
315.6,541.6,metal,0.9,27,1157.8,422597.0,loamy,305.0,True,True,commercial,286000.0,138452.5,0.328,1.776,11537.7,6922.6,Recharge Well
415.7,673.9,rcc,0.85,62,2095.7,764930.5,loamy,138.8,True,True,institutional,356000.0,214307.3,0.28,4.855,17858.9,10715.4,Recharge Well
2183.5,581.7,tiles,0.8,20,1360.4,496546.0,loamy,265.0,True,True,commercial,233000.0,914502.2,1.842,2.195,76208.5,24827.3,Recharge Well
1265.3,546.6,rcc,0.85,25,1310.0,478150.0,loamy,311.9,True,False,commercial,309000.0,529083.9,1.107,1.752,44090.3,23907.5,Hybrid System
844.5,117.5,rcc,0.85,3,441.6,161184.0,loamy,4.2,True,True,residential,78000.0,75910.0,0.471,27.976,6325.8,3795.5,Storage Tank
1542.9,228.3,rcc,0.85,7,1038.2,378943.0,loamy,68.7,True,False,residential,136000.0,269466.7,0.711,3.323,22455.6,13473.3,Hybrid System
650.8,37.9,tiles,0.8,5,688.0,251120.0,clay,114.4,True,False,residential,67000.0,17759.0,0.071,0.331,1479.9,888.0,Storage Tank
2207.7,143.2,metal,0.9,3,345.6,126144.0,silty,62.4,True,True,residential,95000.0,256075.5,2.03,2.295,21339.6,6307.2,Recharge Well
1190.7,237.2,pavers,0.7,6,818.2,298643.0,loamy,42.9,True,False,residential,20000.0,177933.4,0.596,5.529,14827.8,8896.7,Storage Tank
348.6,73.0,rcc,0.85,3,380.6,138919.0,sandy,92.5,True,False,residential,34000.0,19467.6,0.14,0.789,1622.3,973.4,Recharge Pit
1045.9,655.7,rcc,0.85,22,1367.6,499174.0,loamy,99.8,True,False,commercial,188000.0,524634.4,1.051,6.57,43719.5,24958.7,Hybrid System
369.2,179.8,rcc,0.85,8,1278.5,466652.5,sandy,30.5,True,True,residential,83000.0,50782.4,0.109,5.895,4231.9,2539.1,Recharge Pit
325.2,675.1,rcc,0.85,33,2196.4,801686.0,loamy,85.2,True,False,commercial,82000.0,167950.0,0.209,7.924,13995.8,8397.5,Hybrid System
1733.9,215.3,rcc,0.85,8,976.0,356240.0,loamy,66.8,True,True,residential,118000.0,285581.1,0.802,3.223,23798.4,14279.1,Recharge Well
1925.0,456.7,rcc,0.85,44,2098.8,766062.0,sandy,407.1,False,True,institutional,293000.0,672547.8,0.878,1.122,56045.7,33627.4,Recharge Well
2408.1,297.2,rcc,0.85,5,600.2,219073.0,loamy,36.3,True,False,residential,84000.0,547500.8,2.499,8.187,45625.1,10953.7,Hybrid System
1046.8,161.6,metal,0.9,4,556.5,203122.5,sandy,93.4,True,True,residential,84000.0,137021.9,0.675,1.73,11418.5,6851.1,Recharge Pit
303.6,905.6,metal,0.9,65,1910.4,697296.0,loamy,70.0,True,False,institutional,297000.0,222701.5,0.319,12.937,18558.5,11135.1,Hybrid System
1014.6,269.7,rcc,0.85,6,710.0,259150.0,loamy,97.6,True,False,residential,65000.0,209332.8,0.808,2.763,17444.4,10466.6,Hybrid System
711.3,54.9,rcc,0.85,4,630.4,230096.0,silty,11.1,False,False,residential,28000.0,29873.5,0.13,4.946,2489.5,1493.7,Storage Tank
377.4,42.6,rcc,0.85,2,254.5,92892.5,loamy,35.9,True,False,residential,108000.0,12299.1,0.132,1.187,1024.9,615.0,Recharge Pit
901.7,2079.2,rcc,0.85,25,1665.3,607834.5,loamy,202.8,False,True,industrial,291000.0,1434233.2,2.36,10.252,119519.4,30391.7,Recharge Well
945.7,950.4,metal,0.9,20,1201.4,438511.0,silty,90.8,False,False,commercial,196000.0,728022.6,1.66,10.467,60668.5,21925.6,Hybrid System
939.8,75.3,rcc,0.85,8,1040.3,379709.5,loamy,40.4,True,False,residential,103000.0,54136.7,0.143,1.864,4511.4,2706.8,Storage Tank
1174.1,120.3,pavers,0.7,8,1052.2,384053.0,sandy,33.6,True,True,residential,129000.0,88983.9,0.232,3.58,7415.3,4449.2,Recharge Pit
2811.4,49.2,rcc,0.85,3,365.7,133480.5,sandy,23.2,False,True,residential,144000.0,105815.5,0.793,2.121,8818.0,5290.8,Recharge Pit
2568.2,308.8,metal,0.9,3,381.3,139174.5,sandy,24.8,True,False,residential,141000.0,642378.7,4.616,12.452,53531.6,6958.7,Hybrid System
506.5,109.6,tiles,0.8,3,361.2,131838.0,loamy,54.8,False,False,residential,47000.0,39968.9,0.303,2.0,3330.7,1998.4,Recharge Pit
1366.2,563.5,metal,0.9,38,3689.2,1346558.0,rocky,84.3,True,False,industrial,350000.0,623581.5,0.463,6.684,51965.1,31179.1,Storage Tank
840.8,790.1,rcc,0.85,18,804.0,293460.0,clay,77.4,True,False,commercial,170000.0,508201.8,1.732,10.208,42350.2,14673.0,Storage Tank
472.5,467.7,tiles,0.8,69,2386.3,870999.5,silty,346.2,True,False,institutional,151000.0,159111.5,0.183,1.351,13259.3,7955.6,Hybrid System
784.5,2283.4,rcc,0.85,30,2310.6,843369.0,sandy,376.3,True,True,industrial,450000.0,1370365.4,1.625,6.068,114197.1,42168.5,Recharge Well
2353.7,183.3,rcc,0.85,7,775.9,283203.5,sandy,52.5,True,True,residential,107000.0,330046.4,1.165,3.491,27503.9,14160.2,Recharge Well
1021.9,307.5,rcc,0.85,2,291.9,106543.5,sandy,98.9,False,True,residential,115000.0,240389.2,2.256,3.109,20032.4,5327.2,Recharge Well
793.1,210.7,rcc,0.85,4,475.4,173521.0,loamy,15.9,False,True,residential,60000.0,127836.2,0.737,13.252,10653.0,6391.8,Storage Tank
1691.2,2437.9,tiles,0.8,36,3010.1,1098686.5,rocky,239.8,False,True,industrial,346000.0,2968543.1,2.702,10.166,247378.6,54934.3,Storage Tank
536.8,130.6,rcc,0.85,4,549.0,200385.0,silty,101.0,True,True,residential,117000.0,53631.2,0.268,1.293,4469.3,2681.6,Recharge Pit
422.3,901.3,pavers,0.7,19,1194.2,435883.0,silty,44.1,True,True,industrial,231000.0,239790.0,0.55,20.438,19982.5,11989.5,Recharge Well
1065.7,304.3,rcc,0.85,4,568.1,207356.5,loamy,89.1,True,True,residential,58000.0,248083.8,1.196,3.415,20673.6,10367.8,Recharge Well
1529.3,161.3,rcc,0.85,4,525.0,191625.0,silty,113.2,True,True,residential,85000.0,188707.2,0.985,1.425,15725.6,9435.4,Recharge Well
1038.8,1320.9,rcc,0.85,47,2942.5,1074012.5,sandy,342.8,False,False,industrial,223000.0,1049695.5,0.977,3.853,87474.6,52484.8,Hybrid System
1028.4,225.1,pavers,0.7,7,787.3,287364.5,loamy,71.8,True,False,residential,89000.0,145840.5,0.508,3.135,12153.4,7292.0,Hybrid System
1233.2,269.3,rcc,0.85,10,784.1,286196.5,loamy,295.9,False,False,commercial,129000.0,254057.1,0.888,0.91,21171.4,12702.9,Hybrid System
822.5,89.5,tiles,0.8,7,885.2,323098.0,sandy,56.6,True,False,residential,56000.0,53001.9,0.164,1.581,4416.8,2650.1,Storage Tank
1480.2,98.7,rcc,0.85,2,302.8,110522.0,silty,47.3,False,False,residential,143000.0,111763.2,1.011,2.087,9313.6,5526.1,Hybrid System
1370.9,166.6,tiles,0.8,22,1504.0,548960.0,clay,72.5,True,False,commercial,242000.0,164442.2,0.3,2.298,13703.5,8222.1,Storage Tank
1336.0,639.9,pavers,0.7,32,2258.9,824498.5,clay,78.2,False,True,commercial,332000.0,538591.0,0.653,8.183,44882.6,26929.6,Storage Tank
406.9,71.5,rcc,0.85,4,456.1,166476.5,sandy,7.3,True,True,residential,75000.0,22256.4,0.134,9.795,1854.7,1112.8,Storage Tank
2686.4,236.8,tiles,0.8,6,861.0,314265.0,loamy,31.2,True,False,residential,103000.0,458020.5,1.457,7.59,38168.4,15713.2,Hybrid System
405.4,442.6,rcc,0.85,10,655.5,239257.5,clay,313.5,True,True,commercial,259000.0,137264.0,0.574,1.412,11438.7,6863.2,Storage Tank
494.0,165.2,rcc,0.85,6,775.5,283057.5,silty,96.3,False,True,residential,116000.0,62430.7,0.221,1.715,5202.6,3121.5,Recharge Pit
1120.5,502.3,tiles,0.8,25,1794.6,655029.0,rocky,273.5,True,False,commercial,179000.0,405235.5,0.619,1.837,33769.6,20261.8,Storage Tank
1244.7,76.7,tiles,0.8,3,393.1,143481.5,silty,78.2,False,True,residential,83000.0,68737.3,0.479,0.981,5728.1,3436.9,Recharge Pit
890.2,1262.2,rcc,0.85,36,2821.7,1029920.5,silty,577.3,False,True,industrial,427000.0,859562.0,0.835,2.186,71630.2,42978.1,Recharge Well
1606.8,39.8,rcc,0.85,4,570.7,208305.5,clay,4.0,True,False,residential,74000.0,48922.2,0.235,9.95,4076.8,2446.1,Storage Tank
445.8,2303.9,metal,0.9,46,4571.4,1668561.0,silty,414.7,True,False,industrial,243000.0,831933.7,0.499,5.556,69327.8,41596.7,Hybrid System
1468.3,1991.5,tiles,0.8,16,1097.4,400551.0,loamy,287.6,True,True,industrial,412000.0,2105366.0,5.256,6.925,175447.2,20027.6,Recharge Well
979.5,138.6,rcc,0.85,7,1094.8,399602.0,rocky,30.7,True,False,residential,68000.0,103855.4,0.26,4.515,8654.6,5192.8,Storage Tank
1032.9,845.3,rcc,0.85,43,1811.5,661197.5,sandy,508.2,False,False,industrial,463000.0,667929.4,1.01,1.663,55660.8,33059.9,Hybrid System
447.6,272.9,tiles,0.8,3,399.6,145854.0,loamy,77.1,True,True,residential,93000.0,87948.0,0.603,3.54,7329.0,4397.4,Recharge Pit
536.3,87.8,tiles,0.8,5,627.8,229147.0,sandy,0.2,True,False,residential,50000.0,33902.7,0.148,87.8,2825.2,1695.1,Storage Tank
627.2,155.9,rcc,0.85,2,263.8,96287.0,loamy,53.4,True,True,residential,102000.0,74802.1,0.777,2.919,6233.5,3740.1,Recharge Pit
499.5,124.1,rcc,0.85,5,655.2,239148.0,loamy,115.4,True,False,residential,56000.0,47420.8,0.198,1.075,3951.7,2371.0,Storage Tank
316.1,844.7,rcc,0.85,67,2003.6,731314.0,rocky,140.6,True,False,institutional,325000.0,204262.4,0.279,6.008,17021.9,10213.1,Storage Tank
434.1,36.0,rcc,0.85,8,1224.0,446760.0,clay,7.4,True,False,residential,48000.0,11955.1,0.027,4.865,996.3,597.8,Storage Tank
512.1,198.9,rcc,0.85,3,426.1,155526.5,loamy,40.6,True,True,residential,26000.0,77920.4,0.501,4.899,6493.4,3896.0,Recharge Pit
653.3,110.0,rcc,0.85,6,935.9,341603.5,loamy,91.1,True,False,residential,92000.0,54975.2,0.161,1.207,4581.3,2748.8,Storage Tank
1310.7,819.8,rcc,0.85,38,1767.1,644991.5,loamy,398.8,True,True,institutional,126000.0,822001.6,1.274,2.056,68500.1,32249.6,Recharge Well
805.7,243.2,rcc,0.85,8,1136.7,414895.5,sandy,43.1,True,False,residential,126000.0,149898.9,0.361,5.643,12491.6,7494.9,Hybrid System
2139.6,982.7,rcc,0.85,27,1089.4,397631.0,rocky,241.1,True,True,commercial,250000.0,1608477.5,4.045,4.076,134039.8,19881.6,Storage Tank
442.6,1945.8,tiles,0.8,33,2635.1,961811.5,sandy,71.7,True,True,industrial,150000.0,620072.0,0.645,27.138,51672.7,31003.6,Recharge Well
341.3,672.9,pavers,0.7,29,2506.1,914726.5,clay,555.5,False,True,industrial,351000.0,144686.3,0.158,1.211,12057.2,7234.3,Storage Tank
913.2,167.4,rcc,0.85,4,495.8,180967.0,clay,91.0,True,True,residential,46000.0,116945.3,0.646,1.84,9745.4,5847.3,Storage Tank
1097.3,190.5,rcc,0.85,2,299.0,109135.0,loamy,84.5,True,True,residential,45000.0,159912.3,1.465,2.254,13326.0,5456.8,Recharge Pit
1190.1,393.0,pavers,0.7,27,964.8,352152.0,loamy,450.5,True,False,institutional,254000.0,294656.9,0.837,0.872,24554.7,14732.8,Hybrid System
457.5,787.3,rcc,0.85,12,843.9,308023.5,silty,50.7,False,False,commercial,317000.0,275545.2,0.895,15.529,22962.1,13777.3,Hybrid System
701.3,60.0,rcc,0.85,7,926.7,338245.5,silty,57.8,True,False,residential,143000.0,32189.7,0.095,1.038,2682.5,1609.5,Storage Tank
1087.3,1540.7,rcc,0.85,49,2581.5,942247.5,sandy,415.1,True,False,institutional,181000.0,1281530.4,1.36,3.712,106794.2,47112.4,Hybrid System
792.8,125.1,rcc,0.85,4,571.1,208451.5,loamy,32.8,False,False,residential,27000.0,75872.1,0.364,3.814,6322.7,3793.6,Recharge Pit
2703.6,231.4,rcc,0.85,8,1087.5,396937.5,silty,115.7,True,False,residential,22000.0,478594.0,1.206,2.0,39882.8,19846.9,Storage Tank
674.3,97.5,pavers,0.7,4,507.1,185091.5,sandy,42.0,True,True,residential,32000.0,41418.9,0.224,2.321,3451.6,2070.9,Recharge Pit
1406.0,258.3,rcc,0.85,2,305.9,111653.5,sandy,0.3,True,False,residential,51000.0,277824.9,2.488,258.3,23152.1,5582.7,Storage Tank
363.5,166.0,metal,0.9,4,506.3,184799.5,loamy,66.4,True,True,residential,53000.0,48876.2,0.264,2.5,4073.0,2443.8,Recharge Pit
1118.7,53.0,tiles,0.8,3,438.0,159870.0,silty,25.7,True,True,residential,35000.0,42689.6,0.267,2.062,3557.5,2134.5,Recharge Pit
310.9,108.7,rcc,0.85,4,452.0,164980.0,loamy,106.0,True,False,residential,108000.0,25853.0,0.157,1.025,2154.4,1292.7,Storage Tank
848.2,128.3,tiles,0.8,7,913.7,333500.5,sandy,86.4,True,False,residential,110000.0,78353.3,0.235,1.485,6529.4,3917.7,Hybrid System
2022.4,720.0,rcc,0.85,39,2519.7,919690.5,loamy,142.9,True,False,commercial,265000.0,1113937.9,1.211,5.038,92828.2,45984.5,Hybrid System
588.4,268.5,rcc,0.85,5,634.3,231519.5,clay,111.1,True,False,residential,137000.0,120858.8,0.522,2.417,10071.6,6042.9,Storage Tank
990.9,125.0,metal,0.9,6,809.3,295394.5,loamy,63.2,True,False,residential,110000.0,100328.6,0.34,1.978,8360.7,5016.4,Hybrid System
507.5,1627.3,metal,0.9,28,713.2,260318.0,rocky,180.6,True,False,institutional,338000.0,668942.3,2.57,9.011,55745.2,13015.9,Storage Tank
3063.5,31.2,rcc,0.85,8,1135.0,414275.0,clay,65.0,True,True,residential,49000.0,73119.6,0.177,0.48,6093.3,3656.0,Storage Tank
1021.9,1292.9,rcc,0.85,24,2265.6,826944.0,loamy,543.1,True,False,industrial,213000.0,1010729.1,1.222,2.381,84227.4,41347.2,Hybrid System
1182.5,1410.7,pavers,0.7,43,1109.9,405113.5,sandy,487.3,True,False,institutional,204000.0,1050936.2,2.594,2.895,87578.0,20255.7,Hybrid System
1593.3,144.4,rcc,0.85,5,630.9,230278.5,rocky,110.1,True,True,residential,105000.0,176005.5,0.764,1.312,14667.1,8800.3,Storage Tank
1622.7,283.2,pavers,0.7,5,607.9,221883.5,clay,58.3,True,True,residential,147000.0,289515.6,1.305,4.858,24126.3,11094.2,Storage Tank
1547.6,206.7,metal,0.9,4,587.8,214547.0,silty,58.5,True,False,residential,31000.0,259110.0,1.208,3.533,21592.5,10727.4,Recharge Well
783.2,153.7,tiles,0.8,5,658.2,240243.0,loamy,3.9,True,True,residential,136000.0,86672.0,0.361,39.41,7222.7,4333.6,Storage Tank
2793.1,105.0,rcc,0.85,5,582.8,212722.0,loamy,98.8,True,False,residential,121000.0,224355.8,1.055,1.063,18696.3,10636.1,Hybrid System
366.5,907.4,pavers,0.7,12,424.5,154942.5,loamy,201.0,True,False,commercial,144000.0,209514.1,1.352,4.514,17459.5,7747.1,Hybrid System
593.5,860.9,rcc,0.85,30,1526.4,557136.0,loamy,79.3,True,False,commercial,304000.0,390872.3,0.702,10.856,32572.7,19543.6,Hybrid System
1164.9,222.6,tiles,0.8,8,1270.4,463696.0,clay,104.6,True,True,residential,72000.0,186700.9,0.403,2.128,15558.4,9335.0,Storage Tank
2666.0,204.9,rcc,0.85,6,712.5,260062.5,loamy,40.9,True,False,residential,61000.0,417891.5,1.607,5.01,34824.3,13003.1,Hybrid System
1942.0,953.4,tiles,0.8,32,864.5,315542.5,silty,468.0,True,False,institutional,123000.0,1333082.0,4.225,2.037,111090.2,15777.1,Hybrid System
1099.1,202.7,rcc,0.85,2,288.0,105120.0,loamy,2.0,True,True,residential,135000.0,170432.5,1.621,101.35,14202.7,5256.0,Storage Tank
669.6,1743.8,pavers,0.7,28,1539.7,561990.5,silty,320.9,True,True,institutional,260000.0,735618.5,1.309,5.434,61301.5,28099.5,Recharge Well
2158.2,604.2,rcc,0.85,22,1207.8,440847.0,sandy,332.5,False,True,commercial,204000.0,997548.1,2.263,1.817,83129.0,22042.4,Recharge Well
1779.6,178.8,rcc,0.85,39,2840.9,1036928.5,silty,67.8,True,False,commercial,225000.0,243417.2,0.235,2.637,20284.8,12170.9,Hybrid System
2712.2,201.7,metal,0.9,5,704.7,257215.5,loamy,37.1,True,False,residential,56000.0,443111.1,1.723,5.437,36925.9,12860.8,Recharge Well
3067.8,249.6,rcc,0.85,4,532.7,194435.5,sandy,98.6,True,True,residential,45000.0,585778.0,3.013,2.531,48814.8,9721.8,Recharge Well
724.4,141.9,metal,0.9,5,626.1,228526.5,rocky,103.0,False,False,residential,38000.0,83261.8,0.364,1.378,6938.5,4163.1,Storage Tank
415.3,1372.5,tiles,0.8,52,1867.1,681491.5,sandy,483.0,True,False,institutional,149000.0,410399.5,0.602,2.842,34200.0,20520.0,Hybrid System
488.5,244.8,rcc,0.85,5,771.8,281707.0,sandy,74.9,True,False,residential,147000.0,91482.4,0.325,3.268,7623.5,4574.1,Hybrid System
1056.8,301.0,metal,0.9,6,686.9,250718.5,loamy,102.4,True,True,residential,90000.0,257658.4,1.028,2.939,21471.5,12535.9,Recharge Well
2941.2,191.1,rcc,0.85,3,408.8,149212.0,silty,114.8,True,False,residential,83000.0,429978.4,2.882,1.665,35831.5,7460.6,Hybrid System
776.4,174.4,tiles,0.8,8,1005.9,367153.5,silty,68.2,False,True,residential,100000.0,97491.0,0.266,2.557,8124.2,4874.6,Recharge Pit
3043.6,475.1,tiles,0.8,27,1014.9,370438.5,sandy,61.2,True,False,commercial,196000.0,1041130.3,2.811,7.763,86760.9,18521.9,Hybrid System
956.6,51.5,rcc,0.85,2,278.3,101579.5,loamy,110.4,True,True,residential,120000.0,37687.6,0.371,0.466,3140.6,1884.4,Recharge Pit
412.8,149.1,rcc,0.85,5,728.5,265902.5,sandy,6.8,False,False,residential,76000.0,47084.6,0.177,21.926,3923.7,2354.2,Storage Tank
702.4,123.5,rcc,0.85,5,648.8,236812.0,silty,59.5,True,True,residential,42000.0,66361.0,0.28,2.076,5530.1,3318.1,Recharge Pit
1141.9,1624.3,rcc,0.85,22,825.3,301234.5,loamy,357.5,True,False,institutional,265000.0,1418913.0,4.71,4.543,118242.8,15061.7,Hybrid System
890.0,83.9,rcc,0.85,8,1157.5,422487.5,silty,48.8,True,False,residential,122000.0,57123.3,0.135,1.719,4760.3,2856.2,Hybrid System
1833.0,198.3,metal,0.9,24,1902.9,694558.5,clay,332.7,True,False,commercial,268000.0,294422.0,0.424,0.596,24535.2,14721.1,Storage Tank
1921.0,115.3,rcc,0.85,5,704.6,257179.0,sandy,73.1,True,False,residential,140000.0,169440.8,0.659,1.577,14120.1,8472.0,Hybrid System
1647.2,668.8,rcc,0.85,27,1038.4,379016.0,silty,55.1,True,True,commercial,332000.0,842760.2,2.224,12.138,70230.0,18950.8,Recharge Well
691.3,834.4,rcc,0.85,19,1265.6,461944.0,silty,274.7,True,True,commercial,180000.0,441267.9,0.955,3.037,36772.3,22063.4,Recharge Well
613.1,200.1,metal,0.9,23,1395.6,509394.0,clay,269.1,True,True,commercial,98000.0,99371.9,0.195,0.744,8281.0,4968.6,Storage Tank
934.5,300.7,tiles,0.8,4,538.8,196662.0,loamy,15.4,True,False,residential,141000.0,202323.0,1.029,19.526,16860.2,9833.1,Storage Tank
388.5,62.5,rcc,0.85,6,727.3,265464.5,sandy,42.6,True,True,residential,147000.0,18575.2,0.07,1.467,1547.9,928.8,Recharge Pit
2067.4,189.2,metal,0.9,7,1060.3,387009.5,clay,84.5,True,False,residential,145000.0,316833.2,0.819,2.239,26402.8,15841.7,Storage Tank
1846.0,305.9,rcc,0.85,4,630.6,230169.0,rocky,90.4,True,False,residential,43000.0,431988.9,1.877,3.384,35999.1,11508.5,Storage Tank
804.3,1189.0,rcc,0.85,50,1842.2,672403.0,sandy,115.8,True,True,institutional,136000.0,731579.2,1.088,10.268,60964.9,33620.2,Recharge Well
408.1,240.1,rcc,0.85,6,665.8,243017.0,loamy,27.2,False,False,residential,112000.0,74958.4,0.308,8.827,6246.5,3747.9,Hybrid System
934.0,359.3,rcc,0.85,32,2537.7,926260.5,rocky,116.3,True,True,commercial,307000.0,256723.4,0.277,3.089,21393.6,12836.2,Storage Tank
2044.8,122.6,rcc,0.85,6,894.2,326383.0,sandy,99.7,True,False,residential,124000.0,191779.7,0.588,1.23,15981.6,9589.0,Hybrid System
2561.6,925.4,rcc,0.85,20,1071.6,391134.0,loamy,431.6,False,True,institutional,182000.0,1813436.0,4.636,2.144,151119.7,19556.7,Recharge Well
3103.0,82.3,rcc,0.85,6,932.4,340326.0,loamy,111.7,True,True,residential,27000.0,195363.3,0.574,0.737,16280.3,9768.2,Recharge Well
1171.1,39.7,rcc,0.85,5,787.3,287364.5,clay,12.2,True,True,residential,114000.0,35566.9,0.124,3.254,2963.9,1778.3,Storage Tank
972.6,61.9,tiles,0.8,4,455.9,166403.5,sandy,39.1,True,True,residential,78000.0,43346.8,0.26,1.583,3612.2,2167.3,Recharge Pit
2040.2,933.4,rcc,0.85,26,1635.6,596994.0,sandy,88.5,True,False,industrial,418000.0,1456806.9,2.44,10.547,121400.6,29849.7,Hybrid System
326.7,205.6,rcc,0.85,18,1229.3,448694.5,loamy,241.6,True,False,commercial,130000.0,51384.7,0.115,0.851,4282.1,2569.2,Storage Tank
910.1,156.0,rcc,0.85,8,922.5,336712.5,sandy,40.3,True,True,residential,99000.0,108611.3,0.323,3.871,9050.9,5430.6,Recharge Pit
2768.4,1638.8,tiles,0.8,50,1419.6,518154.0,clay,405.0,True,True,institutional,249000.0,3266534.8,6.304,4.046,272211.2,25907.7,Storage Tank
988.9,899.9,rcc,0.85,60,3163.6,1154714.0,sandy,246.2,False,True,institutional,434000.0,680782.0,0.59,3.655,56731.8,34039.1,Recharge Well
2427.1,685.3,rcc,0.85,17,1107.7,404310.5,silty,229.8,True,True,commercial,329000.0,1272418.1,3.147,2.982,106034.8,20215.5,Recharge Well
1316.4,1110.0,rcc,0.85,26,1499.8,547427.0,silty,88.1,True,True,institutional,355000.0,1117821.1,2.042,12.599,93151.8,27371.4,Recharge Well
511.6,313.0,rcc,0.85,6,737.5,269187.5,rocky,26.7,True,True,residential,41000.0,122500.1,0.455,11.723,10208.3,6125.0,Storage Tank
1841.9,247.4,tiles,0.8,2,253.2,92418.0,sandy,33.6,False,True,residential,118000.0,328094.0,3.55,7.363,27341.2,4620.9,Recharge Well
759.8,168.2,tiles,0.8,6,781.6,285284.0,loamy,54.9,True,True,residential,111000.0,92014.8,0.323,3.064,7667.9,4600.7,Recharge Pit
1127.2,258.6,rcc,0.85,31,2097.7,765660.5,sandy,193.7,True,True,commercial,257000.0,222992.8,0.291,1.335,18582.7,11149.6,Recharge Well
1019.3,970.5,metal,0.9,13,470.9,171878.5,silty,216.0,True,False,commercial,149000.0,801276.8,4.662,4.493,66773.1,8593.9,Hybrid System
1184.2,554.6,rcc,0.85,36,2742.2,1000903.0,loamy,55.4,False,False,industrial,184000.0,502419.3,0.502,10.011,41868.3,25121.0,Hybrid System
434.6,248.4,rcc,0.85,3,405.2,147898.0,loamy,60.3,True,False,residential,140000.0,82585.3,0.558,4.119,6882.1,4129.3,Hybrid System
1899.3,1601.1,metal,0.9,38,1255.0,458075.0,silty,289.2,True,True,institutional,350000.0,2463185.1,5.377,5.536,205265.4,22903.8,Recharge Well
1191.2,215.1,rcc,0.85,2,293.4,107091.0,sandy,2.6,True,False,residential,109000.0,196013.7,1.83,82.731,16334.5,5354.6,Storage Tank
1656.1,951.1,tiles,0.8,69,2471.3,902024.5,sandy,291.6,False,False,institutional,145000.0,1134084.0,1.257,3.262,94507.0,45101.2,Hybrid System
492.4,195.0,rcc,0.85,3,440.5,160782.5,sandy,18.7,False,True,residential,55000.0,73453.8,0.457,10.428,6121.2,3672.7,Recharge Pit
2020.2,2286.0,rcc,0.85,37,3115.9,1137303.5,sandy,448.2,True,True,industrial,143000.0,3532905.6,3.106,5.1,294408.8,56865.2,Recharge Well
2559.7,2428.7,rcc,0.85,38,2980.7,1087955.5,sandy,417.4,True,True,industrial,304000.0,4755808.7,4.371,5.819,396317.4,54397.8,Recharge Well
368.6,225.7,tiles,0.8,3,476.8,174032.0,clay,29.2,False,True,residential,99000.0,59899.0,0.344,7.729,4991.6,2995.0,Storage Tank
1457.9,259.3,rcc,0.85,2,222.5,81212.5,sandy,1.1,True,False,residential,58000.0,289195.6,3.561,235.727,24099.6,4060.6,Storage Tank
3152.0,455.1,rcc,0.85,26,969.1,353721.5,silty,278.1,False,False,commercial,211000.0,1097373.5,3.102,1.636,91447.8,17686.1,Hybrid System
1381.5,199.0,pavers,0.7,6,802.1,292766.5,silty,24.2,True,False,residential,136000.0,173198.7,0.592,8.223,14433.2,8659.9,Hybrid System
2086.9,74.5,pavers,0.7,5,714.3,260719.5,clay,50.3,True,False,residential,82000.0,97948.7,0.376,1.481,8162.4,4897.4,Storage Tank
302.6,251.6,pavers,0.7,6,717.0,261705.0,loamy,106.4,True,False,residential,39000.0,47964.5,0.183,2.365,3997.0,2398.2,Recharge Pit
530.6,276.2,pavers,0.7,5,798.2,291343.0,loamy,6.2,True,True,residential,123000.0,92327.6,0.317,44.548,7694.0,4616.4,Storage Tank
696.6,766.1,rcc,0.85,15,562.1,205166.5,sandy,166.0,True,True,commercial,141000.0,408253.9,1.99,4.615,34021.2,10258.3,Recharge Well
446.4,159.1,rcc,0.85,4,548.2,200093.0,silty,102.1,True,False,residential,125000.0,54332.0,0.272,1.558,4527.7,2716.6,Storage Tank
1112.5,353.9,rcc,0.85,18,1396.7,509795.5,clay,75.4,True,False,commercial,143000.0,301191.0,0.591,4.694,25099.2,15059.6,Storage Tank
1801.9,1431.9,metal,0.9,31,2743.9,1001523.5,rocky,383.1,True,True,industrial,373000.0,2089913.9,2.087,3.738,174159.5,50076.2,Storage Tank
1859.5,245.4,rcc,0.85,2,298.0,108770.0,loamy,54.1,True,True,residential,148000.0,349085.8,3.209,4.536,29090.5,5438.5,Recharge Well
842.0,139.4,metal,0.9,4,541.3,197574.5,rocky,93.7,True,True,residential,111000.0,95073.6,0.481,1.488,7922.8,4753.7,Storage Tank
990.7,77.7,tiles,0.8,8,1105.7,403580.5,silty,78.8,False,False,residential,63000.0,55423.7,0.137,0.986,4618.6,2771.2,Hybrid System
502.9,131.6,tiles,0.8,2,304.9,111288.5,loamy,32.9,True,False,residential,130000.0,47650.8,0.428,4.0,3970.9,2382.5,Storage Tank
587.4,167.1,rcc,0.85,8,1140.3,416209.5,sandy,10.9,True,False,residential,95000.0,75088.2,0.18,15.33,6257.3,3754.4,Storage Tank
647.8,270.7,tiles,0.8,3,422.6,154249.0,rocky,0.0,True,False,residential,92000.0,126258.8,0.819,270.7,10521.6,6312.9,Storage Tank
1808.9,164.5,rcc,0.85,4,601.2,219438.0,sandy,3.2,True,False,residential,105000.0,227636.5,1.037,51.406,18969.7,10971.9,Storage Tank
931.1,2122.2,rcc,0.85,41,2083.3,760404.5,loamy,542.2,True,False,industrial,497000.0,1511625.0,1.988,3.914,125968.8,38020.2,Hybrid System
739.0,256.4,tiles,0.8,7,1085.4,396171.0,rocky,79.7,False,False,residential,140000.0,136425.3,0.344,3.217,11368.8,6821.3,Storage Tank
350.2,132.5,rcc,0.85,8,1046.9,382118.5,loamy,79.8,False,False,residential,47000.0,35497.1,0.093,1.66,2958.1,1774.9,Recharge Pit
1015.4,353.6,metal,0.9,24,1202.0,438730.0,sandy,42.0,True,False,commercial,286000.0,290826.8,0.663,8.419,24235.6,14541.3,Hybrid System
509.5,275.5,metal,0.9,36,2227.1,812891.5,silty,232.2,True,True,commercial,239000.0,113697.5,0.14,1.186,9474.8,5684.9,Recharge Well
516.6,223.0,metal,0.9,5,765.9,279553.5,loamy,54.2,False,False,residential,85000.0,93313.5,0.334,4.114,7776.1,4665.7,Hybrid System
2614.8,1606.9,rcc,0.85,51,2411.8,880307.0,loamy,352.2,True,True,institutional,330000.0,3214317.4,3.651,4.562,267859.8,44015.4,Recharge Well
954.8,53.5,tiles,0.8,4,605.5,221007.5,silty,103.8,True,False,residential,94000.0,36778.9,0.166,0.515,3064.9,1838.9,Storage Tank
711.1,1539.4,tiles,0.8,67,3833.4,1399191.0,sandy,362.7,True,True,institutional,401000.0,788160.5,0.563,4.244,65680.0,39408.0,Recharge Well
1091.3,138.0,rcc,0.85,5,559.0,204035.0,silty,10.2,False,False,residential,112000.0,115208.5,0.565,13.529,9600.7,5760.4,Storage Tank
1366.8,261.3,rcc,0.85,4,608.0,221920.0,loamy,81.8,True,True,residential,121000.0,273215.8,1.231,3.194,22768.0,11096.0,Recharge Well
3138.0,241.8,rcc,0.85,3,405.3,147934.5,sandy,83.8,False,False,residential,79000.0,580457.8,3.924,2.885,48371.5,7396.7,Hybrid System
442.1,300.7,rcc,0.85,5,635.1,231811.5,clay,62.0,True,False,residential,97000.0,101698.7,0.439,4.85,8474.9,5084.9,Storage Tank
2931.8,594.6,rcc,0.85,31,2310.6,843369.0,sandy,27.2,True,True,commercial,151000.0,1333584.9,1.581,21.86,111132.1,42168.5,Recharge Well
1846.6,280.0,metal,0.9,3,417.2,152278.0,sandy,109.4,True,False,residential,98000.0,418808.9,2.75,2.559,34900.7,7613.9,Hybrid System
1175.6,182.2,rcc,0.85,6,933.3,340654.5,sandy,36.7,False,False,residential,86000.0,163858.7,0.481,4.965,13654.9,8192.9,Hybrid System
2883.2,171.2,rcc,0.85,5,708.2,258493.0,loamy,91.6,True,False,residential,72000.0,377606.9,1.461,1.869,31467.2,12924.7,Hybrid System
3124.0,969.0,pavers,0.7,39,2080.7,759455.5,silty,179.5,False,True,commercial,331000.0,1907108.3,2.511,5.398,158925.7,37972.8,Recharge Well
420.4,92.9,pavers,0.7,3,362.4,132276.0,loamy,36.0,True,False,residential,146000.0,24604.8,0.186,2.581,2050.4,1230.2,Storage Tank
1925.1,484.7,rcc,0.85,31,1134.8,414202.0,sandy,112.3,False,False,commercial,169000.0,713818.4,1.723,4.316,59484.9,20710.1,Hybrid System
1091.4,1360.7,rcc,0.85,51,2102.2,767303.0,loamy,368.1,True,True,institutional,229000.0,1136077.0,1.481,3.697,94673.1,38365.2,Recharge Well
919.8,833.0,metal,0.9,28,2145.1,782961.5,loamy,293.9,True,True,commercial,147000.0,620616.7,0.793,2.834,51718.1,31030.8,Recharge Well
662.8,812.1,rcc,0.85,47,2009.4,733431.0,clay,66.0,True,True,institutional,184000.0,411768.8,0.561,12.305,34314.1,20588.4,Storage Tank
3023.9,1436.9,tiles,0.8,64,3740.3,1365209.5,clay,322.2,False,True,institutional,355000.0,3128430.2,2.292,4.46,260702.5,68260.5,Storage Tank
623.8,2276.8,metal,0.9,35,1633.2,596118.0,silty,319.9,True,True,industrial,432000.0,1150417.0,1.93,7.117,95868.1,29805.9,Recharge Well
1166.7,250.2,metal,0.9,7,1086.4,396536.0,sandy,99.7,True,False,residential,73000.0,236445.8,0.596,2.51,19703.8,11822.3,Hybrid System
467.4,945.4,metal,0.9,25,1198.9,437598.5,loamy,225.6,True,True,commercial,301000.0,357922.8,0.818,4.191,29826.9,17896.1,Recharge Well
999.9,113.0,rcc,0.85,3,348.1,127056.5,loamy,54.6,True,False,residential,79000.0,86436.4,0.68,2.07,7203.0,4321.8,Hybrid System
2083.7,209.4,metal,0.9,26,1039.1,379271.5,sandy,284.3,True,False,commercial,167000.0,353424.7,0.932,0.737,29452.1,17671.2,Hybrid System
1319.9,1335.1,rcc,0.85,30,1583.3,577904.5,loamy,360.7,True,False,institutional,114000.0,1348081.8,2.333,3.701,112340.2,28895.2,Hybrid System
881.1,204.3,rcc,0.85,2,315.0,114975.0,clay,34.1,False,False,residential,31000.0,137706.7,1.198,5.991,11475.6,5748.8,Storage Tank
573.2,110.5,rcc,0.85,5,687.6,250974.0,clay,2.3,False,False,residential,62000.0,48454.0,0.193,48.043,4037.8,2422.7,Storage Tank
377.0,300.7,rcc,0.85,20,1329.0,485085.0,silty,154.3,True,True,commercial,86000.0,86723.4,0.179,1.949,7226.9,4336.2,Recharge Well
1155.9,241.3,metal,0.9,6,722.5,263712.5,loamy,49.5,True,False,residential,94000.0,225924.1,0.857,4.875,18827.0,11296.2,Hybrid System
1194.1,535.5,pavers,0.7,21,1325.1,483661.5,sandy,65.5,True,True,commercial,82000.0,402847.5,0.833,8.176,33570.6,20142.4,Recharge Well
2197.3,37.5,rcc,0.85,3,469.5,171367.5,clay,53.4,True,False,residential,108000.0,63035.0,0.368,0.702,5252.9,3151.8,Storage Tank
2039.6,224.4,rcc,0.85,8,1122.0,409530.0,loamy,119.9,False,True,residential,38000.0,350130.0,0.855,1.872,29177.5,17506.5,Recharge Well
1280.4,293.1,rcc,0.85,2,272.9,99608.5,loamy,52.1,True,True,residential,82000.0,287093.2,2.882,5.626,23924.4,4980.4,Recharge Well
718.9,61.6,rcc,0.85,6,753.7,275100.5,silty,3.1,False,True,residential,48000.0,33877.4,0.123,19.871,2823.1,1693.9,Storage Tank
684.1,297.1,rcc,0.85,2,266.2,97163.0,loamy,114.5,False,True,residential,148000.0,155483.3,1.6,2.595,12956.9,4858.2,Recharge Well
307.8,374.7,rcc,0.85,35,1884.8,687952.0,loamy,493.7,True,False,institutional,354000.0,88229.5,0.128,0.759,7352.5,4411.5,Hybrid System
2054.3,215.8,rcc,0.85,8,1080.2,394273.0,sandy,87.6,True,False,residential,74000.0,339138.2,0.86,2.463,28261.5,16956.9,Hybrid System
798.5,1305.6,rcc,0.85,32,826.4,301636.0,silty,93.7,True,False,institutional,422000.0,797529.0,2.644,13.934,66460.8,15081.8,Hybrid System
728.2,1363.3,rcc,0.85,54,3225.5,1177307.5,sandy,87.6,False,False,institutional,245000.0,759457.6,0.645,15.563,63288.1,37972.9,Hybrid System
1198.6,188.1,metal,0.9,22,1730.4,631596.0,sandy,336.9,True,True,commercial,132000.0,182619.9,0.289,0.558,15218.3,9131.0,Recharge Well
982.9,448.4,pavers,0.7,54,1879.6,686054.0,silty,289.3,True,False,institutional,348000.0,277661.4,0.405,1.55,23138.5,13883.1,Hybrid System
1212.0,141.3,metal,0.9,2,307.5,112237.5,clay,36.3,True,False,residential,37000.0,138717.0,1.236,3.893,11559.8,5611.9,Storage Tank
1526.7,285.1,tiles,0.8,7,911.6,332734.0,sandy,4.0,True,False,residential,48000.0,313388.8,0.942,71.275,26115.7,15669.4,Storage Tank
1107.4,351.4,rcc,0.85,35,2237.6,816724.0,rocky,158.1,True,False,commercial,77000.0,297692.4,0.364,2.223,24807.7,14884.6,Storage Tank
399.5,287.3,metal,0.9,3,332.8,121472.0,loamy,113.2,False,False,residential,63000.0,92968.8,0.765,2.538,7747.4,4648.4,Hybrid System
746.9,192.0,pavers,0.7,5,759.4,277181.0,loamy,88.9,True,True,residential,144000.0,90345.0,0.326,2.16,7528.8,4517.2,Recharge Pit
1906.2,1291.1,rcc,0.85,56,3043.3,1110804.5,loamy,313.1,True,False,institutional,140000.0,1882737.5,1.695,4.124,156894.8,55540.2,Hybrid System
1112.2,260.3,rcc,0.85,3,350.5,127932.5,loamy,81.3,False,False,residential,28000.0,221471.8,1.731,3.202,18456.0,6396.6,Recharge Well
1128.8,982.8,rcc,0.85,10,492.3,179689.5,loamy,74.7,False,False,commercial,276000.0,848679.2,4.723,13.157,70723.3,8984.5,Hybrid System
3144.8,230.1,metal,0.9,18,1268.9,463148.5,loamy,186.4,False,True,commercial,214000.0,586131.0,1.266,1.234,48844.2,23157.4,Recharge Well
406.0,309.8,metal,0.9,22,1415.4,516621.0,loamy,219.9,False,False,commercial,113000.0,101880.8,0.197,1.409,8490.1,5094.0,Hybrid System
2121.9,39.7,pavers,0.7,2,295.2,107748.0,sandy,97.3,True,False,residential,34000.0,53070.8,0.493,0.408,4422.6,2653.5,Recharge Pit
1746.1,599.5,tiles,0.8,32,1314.6,479829.0,loamy,193.5,True,False,commercial,261000.0,753686.6,1.571,3.098,62807.2,23991.5,Hybrid System
859.7,72.4,rcc,0.85,4,448.3,163629.5,rocky,52.4,True,False,residential,98000.0,47615.3,0.291,1.382,3967.9,2380.8,Storage Tank
723.3,240.0,metal,0.9,4,624.6,227979.0,loamy,5.9,False,True,residential,78000.0,140609.5,0.617,40.678,11717.5,7030.5,Storage Tank
873.7,1285.1,rcc,0.85,51,3024.6,1103979.0,loamy,459.1,True,True,institutional,276000.0,858935.8,0.778,2.799,71578.0,42946.8,Recharge Well
320.7,204.2,rcc,0.85,31,1984.0,724160.0,sandy,257.6,True,False,commercial,238000.0,50097.5,0.069,0.793,4174.8,2504.9,Storage Tank
489.9,190.2,pavers,0.7,4,551.7,201370.5,sandy,85.2,False,True,residential,113000.0,58702.8,0.292,2.232,4891.9,2935.1,Recharge Pit
1302.1,521.7,rcc,0.85,15,956.8,349232.0,loamy,241.4,True,True,commercial,179000.0,519668.8,1.488,2.161,43305.7,17461.6,Recharge Well
3042.4,302.6,rcc,0.85,6,670.7,244805.5,silty,26.8,True,False,residential,79000.0,704282.1,2.877,11.291,58690.2,12240.3,Hybrid System
942.9,258.8,tiles,0.8,2,313.3,114354.5,clay,37.9,True,False,residential,110000.0,175696.2,1.536,6.828,14641.4,5717.7,Storage Tank
2194.6,214.5,rcc,0.85,7,1052.5,384162.5,sandy,96.0,False,True,residential,42000.0,360117.4,0.937,2.234,30009.8,18005.9,Recharge Well
820.6,169.9,metal,0.9,4,550.7,201005.5,loamy,83.5,True,False,residential,56000.0,112930.2,0.562,2.035,9410.9,5646.5,Storage Tank
1061.3,84.3,rcc,0.85,4,581.4,212211.0,silty,44.5,True,False,residential,84000.0,68442.7,0.323,1.894,5703.6,3422.1,Hybrid System
551.3,121.1,pavers,0.7,5,619.1,225971.5,rocky,17.1,True,False,residential,37000.0,42060.3,0.186,7.082,3505.0,2103.0,Storage Tank
1247.4,280.0,tiles,0.8,3,363.6,132714.0,loamy,26.4,True,True,residential,43000.0,251475.8,1.895,10.606,20956.3,6635.7,Recharge Well
1712.8,48.3,rcc,0.85,4,528.0,192720.0,sandy,85.1,True,True,residential,28000.0,63287.1,0.328,0.568,5273.9,3164.4,Recharge Pit
2781.3,138.7,metal,0.9,4,564.4,206006.0,sandy,107.8,True,True,residential,46000.0,312470.7,1.517,1.287,26039.2,10300.3,Recharge Well
1034.6,129.5,metal,0.9,8,1133.2,413618.0,loamy,33.4,True,True,residential,103000.0,108524.4,0.262,3.877,9043.7,5426.2,Recharge Pit
1082.7,291.2,metal,0.9,5,622.8,227322.0,silty,29.4,False,False,residential,62000.0,255378.6,1.123,9.905,21281.5,11366.1,Hybrid System
820.8,215.1,pavers,0.7,3,358.6,130889.0,sandy,74.1,True,True,residential,106000.0,111229.1,0.85,2.903,9269.1,5561.5,Recharge Pit
1105.8,795.5,tiles,0.8,36,2811.6,1026234.0,loamy,120.7,True,False,industrial,266000.0,633358.0,0.617,6.591,52779.8,31667.9,Hybrid System
336.0,209.8,rcc,0.85,7,912.6,333099.0,loamy,91.0,False,True,residential,70000.0,53927.0,0.162,2.305,4493.9,2696.4,Recharge Pit
949.7,111.7,rcc,0.85,4,596.0,217540.0,loamy,81.0,True,True,residential,62000.0,81152.3,0.373,1.379,6762.7,4057.6,Recharge Pit
2769.6,465.7,tiles,0.8,45,1353.8,494137.0,loamy,422.2,True,True,institutional,402000.0,928658.0,1.879,1.103,77388.2,24706.9,Recharge Well
2129.2,126.0,rcc,0.85,5,757.0,276305.0,loamy,59.0,True,True,residential,103000.0,205233.6,0.743,2.136,17102.8,10261.7,Recharge Well
1895.5,30.4,rcc,0.85,3,405.6,148044.0,sandy,61.7,True,True,residential,149000.0,44081.7,0.298,0.493,3673.5,2204.1,Recharge Pit
2790.4,1157.8,tiles,0.8,31,1236.2,451213.0,silty,413.2,True,True,institutional,422000.0,2326122.1,5.155,2.802,193843.5,22560.7,Recharge Well
1065.4,290.7,metal,0.9,6,802.7,292985.5,loamy,3.3,False,False,residential,100000.0,250866.5,0.856,88.091,20905.5,12543.3,Storage Tank
2983.1,37.6,rcc,0.85,4,518.9,189398.5,sandy,37.7,True,True,residential,62000.0,85805.9,0.453,0.997,7150.5,4290.3,Recharge Pit
1072.7,953.9,tiles,0.8,48,2498.4,911916.0,loamy,321.2,True,True,institutional,398000.0,736738.9,0.808,2.97,61394.9,36836.9,Recharge Well
895.4,1677.1,rcc,0.85,57,2019.2,737008.0,sandy,74.3,True,False,institutional,162000.0,1148781.6,1.559,22.572,95731.8,36850.4,Hybrid System
3072.0,440.2,rcc,0.85,15,867.3,316564.5,loamy,145.4,True,True,commercial,114000.0,1034505.2,3.268,3.028,86208.8,15828.2,Recharge Well
2465.0,926.2,rcc,0.85,32,2043.3,745804.5,clay,177.5,False,False,commercial,259000.0,1746558.5,2.342,5.218,145546.5,37290.2,Storage Tank
1894.8,290.7,rcc,0.85,16,1249.8,456177.0,loamy,333.3,True,False,commercial,348000.0,421376.0,0.924,0.872,35114.7,21068.8,Hybrid System
354.5,61.1,metal,0.9,5,797.5,291087.5,rocky,103.4,True,True,residential,77000.0,17544.6,0.06,0.591,1462.0,877.2,Storage Tank
774.4,818.3,pavers,0.7,16,1208.1,440956.5,loamy,79.4,True,True,commercial,125000.0,399225.7,0.905,10.306,33268.8,19961.3,Recharge Well
1097.0,256.1,rcc,0.85,7,1056.5,385622.5,silty,119.2,True,True,residential,147000.0,214920.4,0.557,2.148,17910.0,10746.0,Recharge Well
2178.0,271.2,rcc,0.85,8,1101.0,401865.0,loamy,118.6,True,False,residential,123000.0,451865.3,1.124,2.287,37655.4,20093.2,Hybrid System
1936.5,784.0,metal,0.9,31,1243.4,453841.0,clay,211.9,True,False,commercial,292000.0,1229755.0,2.71,3.7,102479.6,22692.1,Storage Tank
613.3,710.5,rcc,0.85,54,1703.9,621923.5,loamy,279.8,False,False,institutional,400000.0,333348.5,0.536,2.539,27779.0,16667.4,Hybrid System
564.7,204.3,rcc,0.85,5,555.3,202684.5,silty,73.0,False,False,residential,145000.0,88256.7,0.435,2.799,7354.7,4412.8,Hybrid System
1324.2,171.8,rcc,0.85,7,874.6,319229.0,loamy,69.6,True,False,residential,55000.0,174035.6,0.545,2.468,14503.0,8701.8,Storage Tank
658.9,83.1,rcc,0.85,5,671.6,245134.0,loamy,64.5,True,True,residential,83000.0,41887.3,0.171,1.288,3490.6,2094.4,Recharge Pit
1042.1,1597.9,rcc,0.85,42,2003.6,731314.0,rocky,394.9,True,True,institutional,242000.0,1273856.3,1.742,4.046,106154.7,36565.7,Storage Tank
989.8,95.2,tiles,0.8,5,627.8,229147.0,loamy,69.0,False,True,residential,47000.0,67844.9,0.296,1.38,5653.7,3392.2,Recharge Pit
1482.9,246.3,rcc,0.85,3,379.5,138517.5,sandy,20.6,True,False,residential,39000.0,279407.3,2.017,11.956,23283.9,6925.9,Recharge Well
2581.0,69.0,metal,0.9,7,1093.4,399091.0,loamy,105.8,True,False,residential,57000.0,144252.1,0.361,0.652,12021.0,7212.6,Storage Tank
894.4,1046.7,rcc,0.85,43,2280.3,832309.5,silty,50.1,True,True,institutional,338000.0,716168.9,0.86,20.892,59680.7,35808.4,Recharge Well
1143.6,1027.4,metal,0.9,19,1481.6,540784.0,rocky,379.7,True,False,industrial,313000.0,951697.1,1.76,2.706,79308.1,27039.2,Storage Tank
1042.6,392.5,rcc,0.85,23,1080.4,394346.0,clay,316.7,True,False,commercial,194000.0,313053.7,0.794,1.239,26087.8,15652.7,Storage Tank
653.0,248.0,rcc,0.85,2,291.1,106251.5,loamy,38.8,True,False,residential,36000.0,123887.2,1.166,6.392,10323.9,5312.6,Recharge Pit
334.5,241.7,metal,0.9,4,621.1,226701.5,loamy,61.3,False,False,residential,60000.0,65487.4,0.289,3.943,5457.3,3274.4,Hybrid System
1528.4,635.9,metal,0.9,34,1625.0,593125.0,clay,235.6,True,False,commercial,129000.0,787246.7,1.327,2.699,65603.9,29656.2,Storage Tank
1878.8,279.2,rcc,0.85,4,529.2,193158.0,sandy,82.6,False,False,residential,38000.0,401289.1,2.078,3.38,33440.8,9657.9,Recharge Well
647.3,210.1,rcc,0.85,6,846.2,308863.0,sandy,52.4,True,False,residential,73000.0,104038.3,0.337,4.01,8669.9,5201.9,Hybrid System
1024.6,1294.3,metal,0.9,19,1395.9,509503.5,sandy,432.9,True,True,industrial,443000.0,1074173.2,2.108,2.99,89514.4,25475.2,Recharge Well
840.3,227.8,rcc,0.85,6,696.8,254332.0,loamy,61.2,True,False,residential,64000.0,146436.6,0.576,3.722,12203.1,7321.8,Hybrid System
750.3,239.7,rcc,0.85,34,1769.8,645977.0,silty,222.2,True,True,commercial,207000.0,137582.9,0.213,1.079,11465.2,6879.1,Recharge Well
3195.4,960.4,rcc,0.85,17,939.2,342808.0,loamy,113.8,True,True,commercial,274000.0,2347679.6,6.848,8.439,195640.0,17140.4,Recharge Well
1437.1,262.8,rcc,0.85,4,591.3,215824.5,sandy,104.4,True,False,residential,43000.0,288917.5,1.339,2.517,24076.5,10791.2,Recharge Well
778.5,237.5,rcc,0.85,2,243.5,88877.5,sandy,80.4,True,True,residential,129000.0,141443.7,1.591,2.954,11787.0,4443.9,Recharge Pit
1144.7,908.7,rcc,0.85,47,4081.4,1489711.0,loamy,382.6,True,False,industrial,325000.0,795744.5,0.534,2.375,66312.0,39787.2,Hybrid System
2288.4,186.6,rcc,0.85,3,368.3,134429.5,loamy,44.1,True,False,residential,143000.0,326666.8,2.43,4.231,27222.2,6721.5,Hybrid System
1727.9,162.5,rcc,0.85,2,291.2,106288.0,clay,77.1,False,False,residential,134000.0,214799.6,2.021,2.108,17900.0,5314.4,Storage Tank
320.2,216.5,metal,0.9,3,339.3,123844.5,sandy,47.8,True,False,residential,59000.0,56151.9,0.453,4.529,4679.3,2807.6,Storage Tank
737.4,186.7,rcc,0.85,8,1012.1,369416.5,rocky,94.3,True,False,residential,32000.0,105319.5,0.285,1.98,8776.6,5266.0,Storage Tank
1125.9,127.3,rcc,0.85,7,846.2,308863.0,clay,111.2,False,True,residential,33000.0,109645.2,0.355,1.145,9137.1,5482.3,Storage Tank
2616.6,319.0,metal,0.9,6,813.3,296854.5,sandy,40.3,True,True,residential,79000.0,676103.3,2.278,7.916,56341.9,14842.7,Recharge Well
1398.8,553.2,rcc,0.85,38,2991.1,1091751.5,clay,50.8,False,True,commercial,234000.0,591969.4,0.542,10.89,49330.8,29598.5,Storage Tank
993.3,139.8,metal,0.9,5,712.3,259989.5,loamy,53.6,True,True,residential,48000.0,112479.3,0.433,2.608,9373.3,5624.0,Recharge Pit
2865.6,123.5,tiles,0.8,2,308.9,112748.5,rocky,63.4,True,False,residential,102000.0,254809.2,2.26,1.948,21234.1,5637.4,Storage Tank
1039.5,767.0,metal,0.9,14,699.5,255317.5,clay,97.1,True,True,commercial,303000.0,645810.2,2.529,7.899,53817.5,12765.9,Storage Tank
1984.0,200.6,metal,0.9,3,343.2,125268.0,silty,0.5,True,False,residential,107000.0,322372.2,2.573,200.6,26864.4,6263.4,Storage Tank
2122.1,1022.1,rcc,0.85,42,1842.9,672658.5,clay,113.1,True,False,institutional,306000.0,1659283.8,2.467,9.037,138273.6,33632.9,Storage Tank
857.4,614.2,rcc,0.85,24,1590.4,580496.0,sandy,120.7,True,True,commercial,183000.0,402860.5,0.694,5.089,33571.7,20143.0,Recharge Well
2841.8,292.5,rcc,0.85,6,748.1,273056.5,sandy,73.1,True,True,residential,125000.0,635888.3,2.329,4.001,52990.7,13652.8,Recharge Well
1440.9,1064.1,rcc,0.85,21,1598.6,583489.0,sandy,397.2,True,False,industrial,484000.0,1172945.2,2.01,2.679,97745.4,29174.5,Hybrid System
912.7,113.4,rcc,0.85,2,236.6,86359.0,sandy,52.9,True,False,residential,142000.0,79177.6,0.917,2.144,6598.1,3958.9,Recharge Pit
394.9,83.2,pavers,0.7,4,631.8,230607.0,silty,73.0,True,True,residential,48000.0,20699.1,0.09,1.14,1724.9,1035.0,Recharge Pit
385.7,115.8,tiles,0.8,5,794.2,289883.0,loamy,114.6,True,True,residential,123000.0,32158.1,0.111,1.01,2679.8,1607.9,Recharge Pit
300.7,1835.1,pavers,0.7,40,3796.8,1385832.0,clay,63.5,False,True,industrial,224000.0,347643.2,0.251,28.899,28970.3,17382.2,Storage Tank
2893.4,116.2,rcc,0.85,2,272.5,99462.5,clay,35.3,True,True,residential,135000.0,257203.0,2.586,3.292,21433.6,4973.1,Storage Tank
1396.9,41.2,rcc,0.85,7,1020.7,372555.5,loamy,19.8,False,False,residential,53000.0,44027.5,0.118,2.081,3669.0,2201.4,Recharge Pit
2303.3,204.1,rcc,0.85,8,1278.9,466798.5,sandy,26.9,False,True,residential,111000.0,359629.2,0.77,7.587,29969.1,17981.5,Recharge Well
976.6,637.3,metal,0.9,38,2332.9,851508.5,clay,84.8,True,True,commercial,198000.0,504133.6,0.592,7.515,42011.1,25206.7,Storage Tank
832.1,55.1,rcc,0.85,6,929.5,339267.5,rocky,26.1,False,True,residential,75000.0,35074.3,0.103,2.111,2922.9,1753.7,Storage Tank
1051.5,538.8,tiles,0.8,22,1639.0,598235.0,sandy,96.8,False,True,commercial,234000.0,407914.7,0.682,5.566,33992.9,20395.7,Recharge Well
395.7,1161.3,rcc,0.85,23,2026.3,739599.5,loamy,276.1,True,True,industrial,360000.0,351537.7,0.475,4.206,29294.8,17576.9,Recharge Well
1120.3,819.7,pavers,0.7,30,1188.6,433839.0,sandy,192.7,False,True,commercial,259000.0,578535.2,1.334,4.254,48211.3,21692.0,Recharge Well
370.9,261.4,rcc,0.85,8,985.7,359780.5,clay,68.6,False,True,residential,89000.0,74169.2,0.206,3.81,6180.8,3708.5,Storage Tank
441.0,279.9,rcc,0.85,3,436.5,159322.5,loamy,24.7,True,True,residential,35000.0,94428.5,0.593,11.332,7869.0,4721.4,Recharge Pit
829.7,981.9,rcc,0.85,34,1750.5,638932.5,loamy,56.0,True,True,commercial,84000.0,623232.1,0.975,17.534,51936.0,31161.6,Recharge Well
926.6,151.4,metal,0.9,7,828.5,302402.5,clay,102.9,False,False,residential,96000.0,113632.7,0.376,1.471,9469.4,5681.6,Storage Tank
747.4,136.3,metal,0.9,7,789.0,287985.0,loamy,85.4,True,True,residential,28000.0,82515.2,0.287,1.596,6876.3,4125.8,Recharge Pit
2000.5,543.1,rcc,0.85,37,1975.0,720875.0,sandy,301.6,True,True,industrial,434000.0,831150.7,1.153,1.801,69262.6,36043.8,Recharge Well
903.7,271.4,rcc,0.85,4,448.1,163556.5,clay,27.9,True,False,residential,136000.0,187627.1,1.147,9.728,15635.6,8177.8,Storage Tank
906.4,862.7,rcc,0.85,26,1967.0,717955.0,sandy,67.2,True,True,commercial,254000.0,598192.7,0.833,12.838,49849.4,29909.6,Recharge Well
2986.3,250.2,metal,0.9,2,254.5,92892.5,sandy,102.6,False,False,residential,145000.0,605209.5,6.515,2.439,50434.1,4644.6,Recharge Well
490.0,1651.2,rcc,0.85,25,727.0,265355.0,loamy,376.2,False,False,institutional,229000.0,618952.3,2.333,4.389,51579.4,13267.8,Hybrid System
2086.6,52.3,pavers,0.7,3,435.4,158921.0,silty,107.9,True,True,residential,49000.0,68751.4,0.433,0.485,5729.3,3437.6,Recharge Pit
347.0,904.4,metal,0.9,35,1649.9,602213.5,loamy,420.1,True,True,institutional,330000.0,254199.7,0.422,2.153,21183.3,12710.0,Recharge Well
806.2,469.3,rcc,0.85,10,615.5,224657.5,silty,201.6,False,False,commercial,241000.0,289437.5,1.288,2.328,24119.8,11232.9,Hybrid System
589.1,286.0,metal,0.9,8,1027.0,374855.0,sandy,51.1,True,False,residential,83000.0,136470.9,0.364,5.597,11372.6,6823.5,Hybrid System
555.4,169.1,rcc,0.85,37,1798.8,656562.0,loamy,345.3,True,False,commercial,210000.0,71847.4,0.109,0.49,5987.3,3592.4,Hybrid System
488.4,216.6,rcc,0.85,6,706.3,257799.5,loamy,60.0,True,True,residential,123000.0,80927.4,0.314,3.61,6743.9,4046.4,Recharge Pit
344.0,51.1,rcc,0.85,8,933.5,340727.5,clay,25.0,True,False,residential,135000.0,13447.5,0.039,2.044,1120.6,672.4,Storage Tank
1166.9,777.9,metal,0.9,21,1753.7,640100.5,clay,573.0,True,True,industrial,271000.0,735262.5,1.149,1.358,61271.9,32005.0,Storage Tank
750.9,977.1,metal,0.9,25,1014.1,370146.5,clay,162.1,True,False,commercial,151000.0,594300.6,1.606,6.028,49525.0,18507.3,Storage Tank
1562.0,256.2,tiles,0.8,4,547.1,199691.5,sandy,117.0,True,True,residential,113000.0,288132.8,1.443,2.19,24011.1,9984.6,Recharge Well
842.6,372.1,rcc,0.85,13,977.8,356897.0,silty,83.5,True,True,commercial,94000.0,239851.6,0.672,4.456,19987.6,11992.6,Recharge Well
495.6,147.7,pavers,0.7,8,1005.3,366934.5,sandy,10.9,False,False,residential,65000.0,46116.1,0.126,13.55,3843.0,2305.8,Storage Tank
1151.6,2249.5,rcc,0.85,33,2438.9,890198.5,sandy,191.0,True,False,industrial,495000.0,1981751.0,2.226,11.777,165145.9,44509.9,Hybrid System
1056.3,349.1,tiles,0.8,27,1860.7,679155.5,loamy,299.7,True,True,commercial,244000.0,265503.1,0.391,1.165,22125.3,13275.2,Recharge Well
1139.2,453.4,pavers,0.7,14,691.1,252251.5,loamy,332.2,False,True,commercial,161000.0,325403.4,1.29,1.365,27117.0,12612.6,Recharge Well
398.9,667.3,rcc,0.85,10,685.4,250171.0,loamy,318.7,False,False,commercial,181000.0,203632.3,0.814,2.094,16969.4,10181.6,Hybrid System
2917.8,269.3,rcc,0.85,4,621.4,226811.0,loamy,45.0,True,False,residential,60000.0,601109.1,2.65,5.984,50092.4,11340.6,Hybrid System
530.5,1853.8,rcc,0.85,21,992.9,362408.5,sandy,104.8,True,False,industrial,190000.0,752332.3,2.076,17.689,62694.4,18120.4,Hybrid System
604.5,967.7,metal,0.9,25,1080.2,394273.0,silty,56.3,True,False,institutional,199000.0,473829.5,1.202,17.188,39485.8,19713.7,Hybrid System
1671.4,970.1,rcc,0.85,24,2327.0,849355.0,silty,339.9,False,True,industrial,349000.0,1240390.2,1.46,2.854,103365.8,42467.8,Recharge Well
1439.7,313.3,metal,0.9,6,685.7,250280.5,loamy,32.2,False,True,residential,62000.0,365357.0,1.46,9.73,30446.4,12514.0,Recharge Well
3027.3,1733.5,tiles,0.8,46,2573.7,939400.5,clay,291.8,True,False,industrial,462000.0,3778433.7,4.022,5.941,314869.5,46970.0,Storage Tank
1023.6,264.0,rcc,0.85,8,1194.4,435956.0,loamy,1.7,False,True,residential,139000.0,206726.3,0.474,155.294,17227.2,10336.3,Storage Tank
1062.2,726.8,rcc,0.85,27,975.6,356094.0,clay,219.2,False,False,commercial,270000.0,590585.3,1.659,3.316,49215.4,17804.7,Storage Tank
2944.9,597.9,metal,0.9,37,2003.8,731387.0,loamy,369.9,True,True,institutional,268000.0,1426212.1,1.95,1.616,118851.0,36569.3,Recharge Well
1584.0,109.5,rcc,0.85,3,422.1,154066.5,loamy,53.8,False,False,residential,99000.0,132687.7,0.861,2.035,11057.3,6634.4,Hybrid System
1699.2,45.7,pavers,0.7,7,834.4,304556.0,silty,98.7,True,True,residential,48000.0,48921.7,0.161,0.463,4076.8,2446.1,Recharge Pit
625.8,219.3,metal,0.9,7,1018.3,371679.5,loamy,70.6,True,True,residential,82000.0,111162.7,0.299,3.106,9263.6,5558.1,Recharge Pit
613.9,544.4,metal,0.9,13,796.9,290868.5,loamy,37.8,True,True,commercial,319000.0,270707.8,0.931,14.402,22559.0,13535.4,Recharge Well
1904.0,446.6,pavers,0.7,21,1614.0,589110.0,clay,236.3,False,True,commercial,251000.0,535705.6,0.909,1.89,44642.1,26785.3,Storage Tank
971.2,50.2,rcc,0.85,3,418.9,152898.5,loamy,72.4,True,True,residential,138000.0,37297.0,0.244,0.693,3108.1,1864.9,Recharge Pit
571.9,947.7,pavers,0.7,29,827.0,301855.0,loamy,218.2,False,False,institutional,102000.0,341453.5,1.131,4.343,28454.5,15092.8,Hybrid System
666.8,1763.5,rcc,0.85,22,704.8,257252.0,sandy,77.4,True,False,institutional,219000.0,899564.9,3.497,22.784,74963.7,12862.6,Hybrid System
1013.3,312.5,rcc,0.85,8,1228.8,448512.0,clay,91.3,False,True,residential,67000.0,242242.0,0.54,3.423,20186.8,12112.1,Storage Tank
449.3,1634.4,rcc,0.85,67,3405.3,1242934.5,clay,378.6,True,True,institutional,197000.0,561767.0,0.452,4.317,46813.9,28088.4,Storage Tank
1049.7,219.5,rcc,0.85,3,386.0,140890.0,clay,55.8,True,False,residential,109000.0,176263.0,1.251,3.934,14688.6,7044.5,Storage Tank
2242.5,32.4,metal,0.9,3,381.2,139138.0,sandy,27.4,True,True,residential,101000.0,58852.2,0.423,1.182,4904.3,2942.6,Recharge Pit
2075.9,1169.8,rcc,0.85,64,2152.6,785699.0,loamy,246.2,True,False,institutional,361000.0,1857716.7,2.364,4.751,154809.7,39285.0,Hybrid System
728.9,242.8,metal,0.9,8,1217.2,444278.0,loamy,91.3,True,False,residential,106000.0,143351.3,0.323,2.659,11945.9,7167.6,Hybrid System
714.8,308.9,metal,0.9,6,816.0,297840.0,loamy,10.2,True,False,residential,34000.0,178849.4,0.6,30.284,14904.1,8942.5,Storage Tank
1132.1,662.8,tiles,0.8,62,2474.0,903010.0,sandy,468.7,False,False,institutional,157000.0,540256.2,0.598,1.414,45021.3,27012.8,Hybrid System
470.8,1602.8,tiles,0.8,48,2119.5,773617.5,clay,199.7,True,True,institutional,393000.0,543310.7,0.702,8.026,45275.9,27165.5,Storage Tank
593.8,133.6,metal,0.9,6,812.9,296708.5,loamy,38.9,False,False,residential,62000.0,64258.7,0.217,3.434,5354.9,3212.9,Hybrid System
919.6,107.1,tiles,0.8,7,846.3,308899.5,clay,25.7,False,False,residential,31000.0,70912.2,0.23,4.167,5909.3,3545.6,Storage Tank
2046.9,327.1,tiles,0.8,25,1902.2,694303.0,silty,121.0,False,True,commercial,287000.0,482069.5,0.694,2.703,40172.5,24103.5,Recharge Well
2515.3,107.9,rcc,0.85,3,461.7,168520.5,loamy,49.2,True,False,residential,74000.0,207621.7,1.232,2.193,17301.8,8426.0,Hybrid System
1160.4,304.8,rcc,0.85,4,469.1,171221.5,loamy,56.6,False,False,residential,68000.0,270572.8,1.58,5.385,22547.7,8561.1,Hybrid System
1615.9,286.8,rcc,0.85,5,750.5,273932.5,sandy,25.3,True,False,residential,72000.0,354531.7,1.294,11.336,29544.3,13696.6,Hybrid System
320.9,545.2,rcc,0.85,59,2387.4,871401.0,clay,61.7,True,False,institutional,281000.0,133840.3,0.154,8.836,11153.4,6692.0,Storage Tank
1427.8,875.6,rcc,0.85,68,1942.2,708903.0,loamy,468.8,True,True,institutional,166000.0,956389.0,1.349,1.868,79699.1,35445.2,Recharge Well
2100.7,90.9,rcc,0.85,3,330.1,120486.5,rocky,7.2,False,False,residential,76000.0,146079.5,1.212,12.625,12173.3,6024.3,Storage Tank
675.6,69.2,metal,0.9,7,873.7,318900.5,silty,119.5,False,False,residential,120000.0,37868.7,0.119,0.579,3155.7,1893.4,Storage Tank
1612.5,111.4,rcc,0.85,4,528.6,192939.0,loamy,70.5,True,False,residential,144000.0,137418.9,0.712,1.58,11451.6,6870.9,Hybrid System
913.6,73.5,rcc,0.85,7,1058.6,386389.0,silty,107.1,True,False,residential,66000.0,51369.4,0.133,0.686,4280.8,2568.5,Storage Tank
540.6,164.7,pavers,0.7,4,629.9,229913.5,silty,115.8,True,False,residential,24000.0,56093.2,0.244,1.422,4674.4,2804.7,Storage Tank
1300.8,42.7,rcc,0.85,6,900.2,328573.0,clay,35.8,True,True,residential,84000.0,42491.3,0.129,1.193,3540.9,2124.6,Storage Tank
498.8,104.7,tiles,0.8,2,272.5,99462.5,rocky,82.2,True,False,residential,64000.0,37601.5,0.378,1.274,3133.5,1880.1,Storage Tank
455.0,33.8,pavers,0.7,8,1102.9,402558.5,clay,7.7,False,True,residential,101000.0,9688.8,0.024,4.39,807.4,484.4,Storage Tank
1614.5,65.5,metal,0.9,3,409.3,149394.5,loamy,39.3,True,False,residential,58000.0,85657.3,0.573,1.667,7138.1,4282.9,Storage Tank
608.8,162.8,pavers,0.7,13,785.3,286634.5,sandy,140.7,True,False,commercial,250000.0,62441.0,0.218,1.157,5203.4,3122.1,Hybrid System
477.7,246.4,tiles,0.8,33,2557.7,933560.5,rocky,237.9,True,True,commercial,257000.0,84747.8,0.091,1.036,7062.3,4237.4,Storage Tank
1638.8,177.0,rcc,0.85,4,511.8,186807.0,clay,22.9,True,True,residential,68000.0,221901.7,1.188,7.729,18491.8,9340.4,Storage Tank
2274.8,63.8,rcc,0.85,7,1001.5,365547.5,silty,72.1,False,True,residential,104000.0,111026.2,0.304,0.885,9252.2,5551.3,Recharge Pit
969.0,617.4,rcc,0.85,21,2029.3,740694.5,loamy,307.8,True,True,industrial,296000.0,457669.4,0.618,2.006,38139.1,22883.5,Recharge Well
1589.1,47.5,rcc,0.85,3,369.0,134685.0,loamy,75.5,True,True,residential,26000.0,57743.9,0.429,0.629,4812.0,2887.2,Recharge Pit
721.6,1380.6,metal,0.9,47,1184.5,432342.5,loamy,381.3,True,False,institutional,292000.0,806955.2,1.866,3.621,67246.3,21617.1,Hybrid System
2910.5,740.9,metal,0.9,39,1538.8,561662.0,sandy,170.4,True,False,commercial,190000.0,1746675.5,3.11,4.348,145556.3,28083.1,Hybrid System
478.5,1563.4,pavers,0.7,15,1497.4,546551.0,sandy,193.6,True,True,industrial,303000.0,471294.7,0.862,8.075,39274.6,23564.7,Recharge Well
1761.0,842.7,rcc,0.85,32,1359.6,496254.0,sandy,127.4,True,False,commercial,292000.0,1135255.9,2.288,6.615,94604.7,24812.7,Hybrid System
541.1,119.5,rcc,0.85,5,745.6,272144.0,sandy,20.2,True,False,residential,126000.0,49466.0,0.182,5.916,4122.2,2473.3,Storage Tank
781.8,50.7,rcc,0.85,8,1049.1,382921.5,loamy,79.7,False,False,residential,120000.0,30322.5,0.079,0.636,2526.9,1516.1,Storage Tank
305.2,110.6,metal,0.9,2,248.3,90629.5,clay,53.9,True,True,residential,22000.0,27341.6,0.302,2.052,2278.5,1367.1,Storage Tank
1032.4,180.4,rcc,0.85,2,253.8,92637.0,silty,18.1,True,True,residential,102000.0,142477.4,1.538,9.967,11873.1,4631.9,Recharge Pit
1202.1,267.4,rcc,0.85,6,907.2,331128.0,sandy,78.8,True,False,residential,54000.0,245902.8,0.743,3.393,20491.9,12295.1,Recharge Well
2294.1,305.1,rcc,0.85,4,540.3,197209.5,loamy,19.9,True,True,residential,63000.0,535446.4,2.715,15.332,44620.5,9860.5,Recharge Well
708.2,241.8,tiles,0.8,7,1052.2,384053.0,silty,17.5,True,True,residential,83000.0,123294.8,0.321,13.817,10274.6,6164.7,Storage Tank
1116.8,2086.9,metal,0.9,23,1662.4,606776.0,loamy,520.7,False,True,industrial,204000.0,1887826.4,3.111,4.008,157318.9,30338.8,Recharge Well
1692.2,276.8,rcc,0.85,8,1172.8,428072.0,rocky,25.3,True,False,residential,81000.0,358326.7,0.837,10.941,29860.6,17916.3,Storage Tank
1866.0,216.6,rcc,0.85,7,1108.5,404602.5,clay,58.3,True,False,residential,127000.0,309194.3,0.764,3.715,25766.2,15459.7,Storage Tank
1101.4,173.2,tiles,0.8,8,965.8,352517.0,clay,65.4,True,False,residential,39000.0,137349.0,0.39,2.648,11445.8,6867.5,Storage Tank
642.5,252.9,tiles,0.8,2,247.7,90410.5,loamy,28.8,True,True,residential,59000.0,116991.5,1.294,8.781,9749.3,4520.5,Recharge Pit
2711.3,241.6,rcc,0.85,5,574.5,209692.5,loamy,46.2,True,False,residential,149000.0,501113.3,2.39,5.229,41759.4,10484.6,Hybrid System
2156.7,569.0,rcc,0.85,13,668.5,244002.5,sandy,343.1,False,True,commercial,171000.0,938779.2,3.847,1.658,78231.6,12200.1,Recharge Well
1158.4,696.4,metal,0.9,33,1662.2,606703.0,loamy,300.3,True,True,commercial,348000.0,653434.9,1.077,2.319,54452.9,30335.2,Recharge Well
1344.9,133.1,rcc,0.85,3,443.4,161841.0,loamy,56.4,False,True,residential,113000.0,136939.7,0.846,2.36,11411.6,6847.0,Recharge Pit
2742.3,128.8,metal,0.9,4,506.1,184726.5,loamy,32.4,True,True,residential,91000.0,286098.7,1.549,3.975,23841.6,9236.3,Recharge Well
1273.1,476.2,metal,0.9,14,1062.5,387812.5,sandy,138.6,False,False,commercial,266000.0,491062.7,1.266,3.436,40921.9,19390.6,Hybrid System
1001.4,504.5,tiles,0.8,58,2033.6,742264.0,rocky,322.7,True,False,institutional,165000.0,363748.5,0.49,1.563,30312.4,18187.4,Storage Tank
409.6,172.2,rcc,0.85,3,401.1,146401.5,sandy,68.2,False,True,residential,21000.0,53957.8,0.369,2.525,4496.5,2697.9,Storage Tank
2313.3,261.8,rcc,0.85,5,586.3,213999.5,loamy,82.4,True,True,residential,142000.0,463300.8,2.165,3.177,38608.4,10700.0,Recharge Well
1826.1,624.8,rcc,0.85,33,2082.1,759966.5,loamy,599.8,True,True,industrial,286000.0,872824.7,1.149,1.042,72735.4,37998.3,Recharge Well
973.7,216.6,rcc,0.85,6,886.1,323426.5,silty,109.1,False,False,residential,86000.0,161341.1,0.499,1.985,13445.1,8067.1,Hybrid System
1921.4,274.2,metal,0.9,7,1040.9,379928.5,sandy,10.1,True,False,residential,123000.0,426746.8,1.123,27.149,35562.2,18996.4,Storage Tank
1193.9,915.1,rcc,0.85,18,749.0,273385.0,clay,263.1,True,False,commercial,109000.0,835791.5,3.057,3.478,69649.3,13669.2,Storage Tank
1274.9,180.3,metal,0.9,6,915.3,334084.5,sandy,85.7,True,False,residential,94000.0,186190.2,0.557,2.104,15515.9,9309.5,Hybrid System
555.6,212.2,metal,0.9,4,527.7,192610.5,rocky,75.9,True,True,residential,83000.0,95497.6,0.496,2.796,7958.1,4774.9,Storage Tank
1748.5,728.4,rcc,0.85,21,1152.4,420626.0,sandy,454.3,False,True,institutional,236000.0,974309.7,2.316,1.603,81192.5,21031.3,Recharge Well
2222.9,2049.5,metal,0.9,27,1508.2,550493.0,loamy,68.8,True,False,industrial,479000.0,3690225.2,6.703,29.789,307518.8,27524.7,Hybrid System
1864.9,788.3,metal,0.9,25,1456.8,531732.0,sandy,286.6,True,False,commercial,254000.0,1190781.5,2.239,2.751,99231.8,26586.6,Hybrid System
1023.0,694.3,rcc,0.85,18,1413.4,515891.0,sandy,61.0,True,False,commercial,212000.0,543355.7,1.053,11.382,45279.6,25794.6,Hybrid System
1930.3,117.8,pavers,0.7,4,494.0,180310.0,loamy,114.1,False,False,residential,58000.0,143255.3,0.794,1.032,11937.9,7162.8,Storage Tank
3043.9,1596.7,rcc,0.85,17,1601.6,584584.0,silty,568.8,True,True,industrial,456000.0,3718049.3,6.36,2.807,309837.4,29229.2,Recharge Well
354.2,100.5,rcc,0.85,5,628.0,229220.0,clay,19.2,True,True,residential,113000.0,27231.8,0.119,5.234,2269.3,1361.6,Storage Tank
437.6,268.4,metal,0.9,7,914.1,333646.5,loamy,38.0,True,True,residential,142000.0,95136.0,0.285,7.063,7928.0,4756.8,Recharge Pit
376.1,252.5,tiles,0.8,8,1103.9,402923.5,rocky,16.1,True,True,residential,46000.0,68375.0,0.17,15.683,5697.9,3418.8,Storage Tank
2088.6,243.7,rcc,0.85,2,231.8,84607.0,sandy,27.1,True,True,residential,54000.0,389378.7,4.602,8.993,32448.2,4230.4,Recharge Well
1586.0,95.7,rcc,0.85,6,791.3,288824.5,sandy,40.4,False,False,residential,124000.0,116111.9,0.402,2.369,9676.0,5805.6,Hybrid System
329.1,561.1,rcc,0.85,28,1658.1,605206.5,loamy,401.4,True,False,institutional,371000.0,141263.4,0.233,1.398,11771.9,7063.2,Hybrid System
2605.9,1093.0,rcc,0.85,36,3355.7,1224830.5,loamy,312.4,False,True,industrial,489000.0,2178910.3,1.779,3.499,181575.9,61241.5,Recharge Well
976.7,554.8,metal,0.9,39,2417.0,882205.0,silty,317.6,False,True,commercial,232000.0,438917.3,0.498,1.747,36576.4,21945.9,Recharge Well
1618.0,101.4,rcc,0.85,5,661.0,241265.0,clay,65.8,False,False,residential,134000.0,125509.9,0.52,1.541,10459.2,6275.5,Storage Tank
902.6,239.9,rcc,0.85,23,1140.0,416100.0,silty,280.9,True,True,commercial,320000.0,165648.3,0.398,0.854,13804.0,8282.4,Recharge Well
2637.2,2403.5,rcc,0.85,28,2229.7,813840.5,rocky,44.9,False,True,industrial,284000.0,4848960.3,5.958,53.53,404080.0,40692.0,Storage Tank
1109.5,852.6,tiles,0.8,13,556.8,203232.0,silty,27.4,False,False,commercial,170000.0,681091.0,3.351,31.117,56757.6,10161.6,Hybrid System
1199.7,164.5,rcc,0.85,4,444.4,162206.0,silty,109.3,True,True,residential,48000.0,150973.2,0.931,1.505,12581.1,7548.7,Recharge Pit
498.1,396.9,rcc,0.85,26,2040.9,744928.5,clay,291.4,True,True,commercial,191000.0,151237.4,0.203,1.362,12603.1,7561.9,Storage Tank
1604.6,2186.7,rcc,0.85,21,1328.7,484975.5,sandy,519.7,True,False,industrial,406000.0,2684215.8,5.535,4.208,223684.6,24248.8,Hybrid System
463.0,255.4,rcc,0.85,6,825.6,301344.0,loamy,39.2,True,False,residential,31000.0,90461.4,0.3,6.515,7538.4,4523.1,Recharge Pit
2144.0,223.3,metal,0.9,6,836.4,305286.0,loamy,84.0,True,True,residential,127000.0,387791.7,1.27,2.658,32316.0,15264.3,Recharge Well
1142.6,1248.7,metal,0.9,24,997.2,363978.0,loamy,97.5,False,True,industrial,378000.0,1155679.3,3.175,12.807,96306.6,18198.9,Recharge Well
1022.9,331.9,rcc,0.85,10,381.2,139138.0,sandy,110.9,True,True,commercial,239000.0,259717.9,1.867,2.993,21643.2,6956.9,Recharge Well
602.2,80.1,rcc,0.85,4,446.6,163009.0,loamy,55.8,True,True,residential,31000.0,36900.7,0.226,1.435,3075.1,1845.0,Recharge Pit
739.7,927.7,metal,0.9,33,2091.6,763434.0,rocky,187.2,True,True,commercial,199000.0,555837.9,0.728,4.956,46319.8,27791.9,Storage Tank
1050.4,378.2,metal,0.9,49,2414.3,881219.5,sandy,67.9,True,True,institutional,386000.0,321781.6,0.365,5.57,26815.1,16089.1,Recharge Well
1187.0,137.0,rcc,0.85,7,1042.9,380658.5,loamy,111.5,True,True,residential,29000.0,124403.5,0.327,1.229,10367.0,6220.2,Recharge Pit
661.0,980.3,tiles,0.8,37,1347.9,491983.5,rocky,235.1,False,False,commercial,209000.0,466544.4,0.948,4.17,38878.7,23327.2,Storage Tank
1746.9,641.4,pavers,0.7,30,1114.9,406938.5,loamy,307.8,True,True,commercial,254000.0,705890.8,1.735,2.084,58824.2,20346.9,Recharge Well
563.9,145.2,rcc,0.85,4,614.8,224402.0,silty,12.0,False,False,residential,98000.0,62636.9,0.279,12.1,5219.7,3131.8,Storage Tank
429.1,183.7,rcc,0.85,3,382.3,139539.5,sandy,39.6,False,False,residential,117000.0,60301.6,0.432,4.639,5025.1,3015.1,Hybrid System
1509.4,530.4,rcc,0.85,24,1389.7,507240.5,sandy,412.4,False,True,institutional,411000.0,612448.1,1.207,1.286,51037.3,25362.0,Recharge Well
1369.4,158.6,rcc,0.85,6,785.7,286780.5,clay,86.3,True,False,residential,59000.0,166147.9,0.579,1.838,13845.7,8307.4,Storage Tank
402.7,86.1,tiles,0.8,2,225.0,82125.0,loamy,90.0,True,False,residential,53000.0,24964.2,0.304,0.957,2080.3,1248.2,Recharge Pit
2255.0,225.2,rcc,0.85,3,459.1,167571.5,loamy,102.0,False,False,residential,127000.0,388486.9,2.318,2.208,32373.9,8378.6,Hybrid System
845.0,91.6,rcc,0.85,7,966.8,352882.0,sandy,102.2,True,True,residential,51000.0,59212.5,0.168,0.896,4934.4,2960.6,Recharge Pit
329.2,248.0,metal,0.9,5,703.8,256887.0,silty,43.5,False,False,residential,45000.0,66129.7,0.257,5.701,5510.8,3306.5,Recharge Pit
1721.5,807.2,tiles,0.8,23,1257.2,458878.0,sandy,299.5,True,False,commercial,141000.0,1000508.3,2.18,2.695,83375.7,22943.9,Hybrid System
470.7,159.1,metal,0.9,3,390.8,142642.0,sandy,68.3,True,True,residential,87000.0,60659.6,0.425,2.329,5055.0,3033.0,Recharge Pit
785.2,799.4,metal,0.9,28,1007.5,367737.5,sandy,200.4,True,False,commercial,247000.0,508428.0,1.383,3.989,42369.0,18386.9,Hybrid System
1258.7,101.1,rcc,0.85,8,900.7,328755.5,sandy,80.2,True,False,residential,56000.0,97349.7,0.296,1.261,8112.5,4867.5,Storage Tank
1127.4,2263.5,pavers,0.7,17,1542.1,562866.5,silty,87.7,True,True,industrial,331000.0,1607678.0,2.856,25.81,133973.2,28143.3,Recharge Well
435.3,351.1,pavers,0.7,38,2121.4,774311.0,loamy,334.9,True,True,commercial,109000.0,96285.3,0.124,1.048,8023.8,4814.3,Recharge Well
808.0,282.8,rcc,0.85,4,494.8,180602.0,loamy,31.2,True,False,residential,61000.0,174804.3,0.968,9.064,14567.0,8740.2,Hybrid System
488.7,125.6,rcc,0.85,3,376.7,137495.5,sandy,53.2,True,False,residential,126000.0,46956.3,0.342,2.361,3913.0,2347.8,Storage Tank
1105.2,78.5,rcc,0.85,4,546.3,199399.5,sandy,110.1,True,True,residential,92000.0,66370.0,0.333,0.713,5530.8,3318.5,Recharge Pit
1117.3,135.4,rcc,0.85,5,643.2,234768.0,loamy,43.0,True,False,residential,150000.0,115731.1,0.493,3.149,9644.3,5786.6,Hybrid System
1269.6,597.4,rcc,0.85,14,995.7,363430.5,rocky,340.7,True,True,commercial,82000.0,580221.2,1.597,1.753,48351.8,18171.5,Storage Tank
1865.3,1678.3,rcc,0.85,43,1309.7,478040.5,loamy,176.5,True,True,institutional,227000.0,2394857.7,5.01,9.509,199571.5,23902.0,Recharge Well
821.2,163.1,metal,0.9,4,599.1,218671.5,sandy,64.1,False,True,residential,49000.0,108489.6,0.496,2.544,9040.8,5424.5,Recharge Pit
916.9,224.5,rcc,0.85,2,297.9,108733.5,rocky,81.2,True,True,residential,83000.0,157470.7,1.448,2.765,13122.6,5436.7,Storage Tank
1412.2,164.3,rcc,0.85,19,1125.1,410661.5,loamy,130.9,False,False,commercial,320000.0,177498.7,0.432,1.255,14791.6,8874.9,Hybrid System
1059.6,156.4,rcc,0.85,3,437.8,159797.0,loamy,25.7,True,True,residential,123000.0,126776.9,0.793,6.086,10564.7,6338.8,Recharge Pit
611.7,1084.3,rcc,0.85,28,2621.9,956993.5,silty,518.4,True,False,industrial,490000.0,507398.7,0.53,2.092,42283.2,25369.9,Hybrid System
3077.5,352.3,metal,0.9,30,1414.1,516146.5,silty,464.1,True,True,institutional,425000.0,878204.6,1.701,0.759,73183.7,25807.3,Recharge Well
1284.7,204.1,rcc,0.85,6,666.7,243345.5,sandy,52.4,False,True,residential,123000.0,200588.6,0.824,3.895,16715.7,10029.4,Recharge Well
498.6,1873.3,rcc,0.85,29,1538.2,561443.0,clay,100.1,True,False,industrial,362000.0,714530.9,1.273,18.714,59544.2,28072.2,Storage Tank
1900.8,257.6,rcc,0.85,2,317.4,115851.0,loamy,98.4,False,True,residential,149000.0,374579.3,3.233,2.618,31214.9,5792.6,Recharge Well
517.5,172.7,pavers,0.7,5,603.6,220314.0,loamy,119.9,True,False,residential,107000.0,56304.5,0.256,1.44,4692.0,2815.2,Hybrid System
1099.0,157.4,pavers,0.7,7,898.2,327843.0,clay,111.9,True,False,residential,89000.0,108979.0,0.332,1.407,9081.6,5449.0,Storage Tank
681.4,1114.9,metal,0.9,68,1938.2,707443.0,loamy,216.9,True,True,institutional,421000.0,615351.2,0.87,5.14,51279.3,30767.6,Recharge Well
465.6,1077.3,pavers,0.7,25,705.6,257544.0,loamy,499.2,True,False,institutional,308000.0,316002.3,1.227,2.158,26333.5,12877.2,Hybrid System
1368.7,152.8,tiles,0.8,7,1116.9,407668.5,sandy,112.3,True,True,residential,142000.0,150578.9,0.369,1.361,12548.2,7528.9,Recharge Pit
1936.8,1482.1,pavers,0.7,39,1002.6,365949.0,sandy,480.4,True,True,institutional,371000.0,1808434.7,4.942,3.085,150702.9,18297.5,Recharge Well
989.1,91.4,rcc,0.85,2,240.8,87892.0,silty,69.7,True,False,residential,108000.0,69158.9,0.787,1.311,5763.2,3457.9,Recharge Pit
715.7,129.3,tiles,0.8,6,766.2,279663.0,silty,37.2,True,False,residential,69000.0,66628.8,0.238,3.476,5552.4,3331.4,Hybrid System
798.0,35.9,pavers,0.7,5,686.6,250609.0,silty,9.6,False,False,residential,140000.0,18048.4,0.072,3.74,1504.0,902.4,Storage Tank
1587.9,700.6,pavers,0.7,12,469.8,171477.0,rocky,331.2,True,False,commercial,198000.0,700864.1,4.087,2.115,58405.3,8573.9,Storage Tank
473.8,284.3,tiles,0.8,36,1354.6,494429.0,loamy,48.8,True,False,commercial,307000.0,96985.0,0.196,5.826,8082.1,4849.2,Hybrid System
876.0,803.2,metal,0.9,33,2737.6,999224.0,loamy,446.8,False,True,industrial,161000.0,569918.6,0.57,1.798,47493.2,28495.9,Recharge Well
585.1,949.3,rcc,0.85,26,1557.3,568414.5,clay,218.8,True,False,commercial,275000.0,424908.1,0.748,4.339,35409.0,21245.4,Storage Tank
1047.1,1142.6,rcc,0.85,53,2245.5,819607.5,silty,437.6,False,True,institutional,165000.0,915258.6,1.117,2.611,76271.6,40980.4,Recharge Well
695.1,274.6,rcc,0.85,2,303.4,110741.0,sandy,79.8,False,True,residential,75000.0,146019.0,1.319,3.441,12168.2,5537.1,Recharge Pit
585.6,1749.6,metal,0.9,37,1525.3,556734.5,sandy,147.4,False,True,industrial,350000.0,829898.3,1.491,11.87,69158.2,27836.7,Recharge Well
931.6,892.5,rcc,0.85,17,1134.7,414165.5,loamy,214.4,True,True,commercial,341000.0,636061.5,1.536,4.163,53005.1,20708.3,Recharge Well
1997.3,446.6,metal,0.9,38,1366.9,498918.5,silty,242.1,True,True,commercial,240000.0,722515.3,1.448,1.845,60209.6,24945.9,Recharge Well
702.7,196.2,rcc,0.85,3,384.5,140342.5,loamy,24.3,True,False,residential,97000.0,105470.4,0.752,8.074,8789.2,5273.5,Hybrid System
1473.7,183.1,rcc,0.85,6,864.2,315433.0,sandy,109.5,True,True,residential,38000.0,206423.4,0.654,1.672,17202.0,10321.2,Recharge Well
966.6,101.5,rcc,0.85,8,1257.0,458805.0,silty,37.1,False,False,residential,142000.0,75054.1,0.164,2.736,6254.5,3752.7,Hybrid System
598.3,175.1,metal,0.9,3,426.3,155599.5,loamy,2.2,True,True,residential,117000.0,84857.5,0.545,79.591,7071.5,4242.9,Storage Tank
1059.5,86.5,pavers,0.7,3,451.0,164615.0,clay,10.4,True,False,residential,90000.0,57737.5,0.351,8.317,4811.5,2886.9,Storage Tank
2522.3,806.9,rcc,0.85,25,1982.3,723539.5,sandy,39.7,True,False,commercial,246000.0,1556961.6,2.152,20.325,129746.8,36177.0,Hybrid System
437.7,1645.4,tiles,0.8,48,3429.9,1251913.5,sandy,362.3,True,False,industrial,381000.0,518537.9,0.414,4.542,43211.5,25926.9,Hybrid System
445.6,316.2,rcc,0.85,8,1198.5,437452.5,loamy,79.7,True,False,residential,115000.0,107787.5,0.246,3.967,8982.3,5389.4,Hybrid System
585.4,211.3,rcc,0.85,4,488.3,178229.5,sandy,82.1,True,False,residential,58000.0,94626.7,0.531,2.574,7885.6,4731.3,Storage Tank
481.4,100.9,metal,0.9,5,796.0,290540.0,rocky,57.2,True,False,residential,31000.0,39344.3,0.135,1.764,3278.7,1967.2,Storage Tank
566.4,981.9,rcc,0.85,21,1459.6,532754.0,loamy,135.7,True,False,industrial,382000.0,425453.3,0.799,7.236,35454.4,21272.7,Hybrid System
728.1,386.3,tiles,0.8,29,2314.0,844610.0,clay,54.1,True,True,commercial,114000.0,202510.8,0.24,7.14,16875.9,10125.5,Storage Tank
1991.5,2189.1,tiles,0.8,46,3225.6,1177344.0,clay,84.0,True,False,industrial,404000.0,3138906.7,2.666,26.061,261575.6,58867.2,Storage Tank
1064.6,301.9,rcc,0.85,19,983.5,358977.5,loamy,227.3,False,False,commercial,119000.0,245873.1,0.685,1.328,20489.4,12293.7,Hybrid System
479.9,100.9,pavers,0.7,8,942.5,344012.5,silty,86.5,True,True,residential,114000.0,30505.8,0.089,1.166,2542.2,1525.3,Recharge Pit
1386.3,478.6,rcc,0.85,39,2778.8,1014262.0,sandy,51.6,False,True,commercial,169000.0,507564.6,0.5,9.275,42297.0,25378.2,Recharge Well
1447.7,621.6,rcc,0.85,21,724.5,264442.5,sandy,228.1,False,True,institutional,354000.0,688416.1,2.603,2.725,57368.0,13222.1,Recharge Well
2476.3,379.1,rcc,0.85,17,710.5,259332.5,loamy,235.6,True,True,commercial,177000.0,718155.5,2.769,1.609,59846.3,12966.6,Recharge Well
1027.8,104.8,rcc,0.85,7,853.3,311454.5,sandy,8.0,True,False,residential,29000.0,82400.8,0.265,13.1,6866.7,4120.0,Storage Tank
838.5,129.2,metal,0.9,6,889.4,324631.0,sandy,37.5,True,True,residential,58000.0,87750.7,0.27,3.445,7312.6,4387.5,Recharge Pit
731.2,857.0,rcc,0.85,13,510.8,186442.0,clay,199.4,True,True,commercial,311000.0,479378.4,2.571,4.298,39948.2,9322.1,Storage Tank
1962.1,227.4,rcc,0.85,6,670.9,244878.5,loamy,93.4,False,False,residential,113000.0,341328.9,1.394,2.435,28444.1,12243.9,Hybrid System
390.8,195.6,rcc,0.85,5,732.6,267399.0,sandy,12.1,True,False,residential,136000.0,58477.0,0.219,16.165,4873.1,2923.9,Storage Tank
1751.6,141.1,metal,0.9,7,831.6,303534.0,loamy,88.3,True,True,residential,46000.0,200192.1,0.66,1.598,16682.7,10009.6,Recharge Well
1810.6,1103.4,rcc,0.85,43,1640.9,598928.5,sandy,250.3,True,False,institutional,439000.0,1528329.3,2.552,4.408,127360.8,29946.4,Hybrid System
614.7,267.9,rcc,0.85,4,510.3,186259.5,rocky,52.2,True,True,residential,88000.0,125978.8,0.676,5.132,10498.2,6298.9,Storage Tank
768.3,2479.9,rcc,0.85,34,3017.9,1101533.5,silty,403.0,True,False,industrial,476000.0,1457560.0,1.323,6.154,121463.3,55076.7,Hybrid System
2098.8,40.0,rcc,0.85,8,1218.5,444752.5,silty,8.4,False,False,residential,90000.0,64223.3,0.144,4.762,5351.9,3211.2,Storage Tank
637.6,55.1,tiles,0.8,4,596.9,217868.5,silty,28.8,False,True,residential,110000.0,25294.9,0.116,1.913,2107.9,1264.7,Recharge Pit
392.1,126.9,rcc,0.85,7,923.3,337004.5,rocky,38.3,True,True,residential,74000.0,38064.5,0.113,3.313,3172.0,1903.2,Storage Tank
714.0,1445.2,rcc,0.85,57,1527.1,557391.5,sandy,427.7,True,True,institutional,324000.0,789382.7,1.416,3.379,65781.9,27869.6,Recharge Well
924.1,126.2,rcc,0.85,8,890.0,324850.0,silty,28.2,True,True,residential,63000.0,89215.4,0.275,4.475,7434.6,4460.8,Recharge Pit
599.4,213.1,rcc,0.85,4,584.4,213306.0,loamy,13.6,True,True,residential,59000.0,97715.1,0.458,15.669,8142.9,4885.8,Storage Tank
1029.5,63.9,metal,0.9,3,394.1,143846.5,clay,65.6,True,False,residential,66000.0,53285.9,0.37,0.974,4440.5,2664.3,Storage Tank
639.4,787.9,rcc,0.85,25,1160.8,423692.0,loamy,274.4,True,True,commercial,134000.0,385394.2,0.91,2.871,32116.2,19269.7,Recharge Well
399.2,366.6,pavers,0.7,19,863.0,314995.0,rocky,201.5,True,False,commercial,178000.0,92198.4,0.293,1.819,7683.2,4609.9,Storage Tank
3189.2,140.8,tiles,0.8,2,269.6,98404.0,loamy,5.8,True,True,residential,122000.0,323308.3,3.286,24.276,26942.4,4920.2,Storage Tank
1613.7,864.6,metal,0.9,35,1579.8,576627.0,sandy,102.1,False,False,institutional,292000.0,1130116.1,1.96,8.468,94176.3,28831.4,Hybrid System
889.2,260.3,rcc,0.85,8,1017.0,371205.0,loamy,52.3,True,False,residential,87000.0,177066.0,0.477,4.977,14755.5,8853.3,Hybrid System
409.5,636.4,rcc,0.85,23,1400.3,511109.5,loamy,326.4,True,False,commercial,345000.0,199363.4,0.39,1.95,16613.6,9968.2,Hybrid System
601.6,217.9,metal,0.9,16,628.2,229293.0,clay,93.9,True,False,commercial,269000.0,106181.8,0.463,2.321,8848.5,5309.1,Storage Tank
1556.6,841.4,rcc,0.85,27,991.6,361934.0,loamy,116.3,False,True,commercial,325000.0,1001938.3,2.768,7.235,83494.9,18096.7,Recharge Well
2897.6,1665.2,rcc,0.85,68,2354.4,859356.0,loamy,178.8,True,False,institutional,371000.0,3691188.9,4.295,9.313,307599.1,42967.8,Hybrid System
1361.7,281.9,rcc,0.85,5,714.6,260829.0,loamy,3.6,True,True,residential,83000.0,293655.4,1.126,78.306,24471.3,13041.5,Storage Tank
305.6,348.2,metal,0.9,29,1782.7,650685.5,silty,53.5,True,True,commercial,161000.0,86192.0,0.132,6.508,7182.7,4309.6,Recharge Well
2088.2,1671.3,rcc,0.85,69,2625.3,958234.5,loamy,84.6,True,False,institutional,163000.0,2669856.6,2.786,19.755,222488.1,47911.7,Hybrid System
1401.3,488.8,rcc,0.85,31,1562.7,570385.5,sandy,253.5,False,False,commercial,303000.0,523990.9,0.919,1.928,43665.9,26199.5,Hybrid System
429.9,79.1,metal,0.9,6,900.0,328500.0,clay,102.1,True,True,residential,55000.0,27544.1,0.084,0.775,2295.3,1377.2,Storage Tank
3150.2,372.3,tiles,0.8,26,1435.4,523921.0,sandy,265.3,True,False,commercial,76000.0,844430.0,1.612,1.403,70369.2,26196.1,Hybrid System
1599.6,249.6,metal,0.9,7,888.6,324339.0,rocky,19.6,True,False,residential,72000.0,323400.7,0.997,12.735,26950.1,16170.0,Storage Tank
423.9,154.1,pavers,0.7,5,608.9,222248.5,silty,51.0,True,False,residential,57000.0,41153.5,0.185,3.022,3429.5,2057.7,Storage Tank
1328.1,267.7,tiles,0.8,6,662.0,241630.0,silty,117.8,True,True,residential,42000.0,255983.3,1.059,2.272,21331.9,12081.5,Recharge Well
353.4,225.5,rcc,0.85,2,267.1,97491.5,sandy,114.4,True,False,residential,52000.0,60964.2,0.625,1.971,5080.3,3048.2,Recharge Pit
1938.5,111.4,tiles,0.8,5,788.1,287656.5,sandy,60.9,True,False,residential,78000.0,155483.2,0.541,1.829,12956.9,7774.2,Hybrid System
938.2,319.9,tiles,0.8,3,424.1,154796.5,clay,81.4,True,True,residential,124000.0,216093.7,1.396,3.93,18007.8,7739.8,Storage Tank
1066.3,253.9,rcc,0.85,8,1048.4,382666.0,clay,26.0,False,False,residential,91000.0,207111.2,0.541,9.765,17259.3,10355.6,Storage Tank
347.1,141.1,rcc,0.85,3,428.9,156548.5,sandy,107.2,False,False,residential,79000.0,37466.5,0.239,1.316,3122.2,1873.3,Storage Tank
385.0,1035.3,rcc,0.85,57,3220.8,1175592.0,rocky,256.1,True,False,institutional,184000.0,304921.7,0.259,4.043,25410.1,15246.1,Storage Tank
1276.0,72.8,rcc,0.85,4,514.2,187683.0,silty,36.3,True,False,residential,84000.0,71063.0,0.379,2.006,5921.9,3553.2,Hybrid System
2617.3,154.5,tiles,0.8,3,334.3,122019.5,loamy,58.8,True,False,residential,144000.0,291148.5,2.386,2.628,24262.4,6101.0,Hybrid System
2398.7,2486.1,metal,0.9,20,1136.6,414859.0,rocky,452.3,True,False,industrial,393000.0,4830360.5,11.643,5.497,402530.0,20743.0,Storage Tank
2083.0,245.0,rcc,0.85,7,1081.6,394784.0,rocky,101.7,True,True,residential,35000.0,390406.3,0.989,2.409,32533.9,19520.3,Storage Tank
432.2,853.4,rcc,0.85,37,2712.7,990135.5,sandy,81.0,True,False,commercial,99000.0,282162.2,0.285,10.536,23513.5,14108.1,Hybrid System
374.3,836.3,tiles,0.8,39,3083.0,1125295.0,loamy,138.8,True,False,commercial,282000.0,225379.5,0.2,6.025,18781.6,11269.0,Hybrid System
2020.6,93.8,metal,0.9,5,724.3,264369.5,sandy,96.4,True,False,residential,75000.0,153521.1,0.581,0.973,12793.4,7676.1,Hybrid System
656.6,2172.5,rcc,0.85,48,2212.9,807708.5,sandy,384.7,False,True,industrial,499000.0,1091244.6,1.351,5.647,90937.1,40385.4,Recharge Well
855.0,998.4,rcc,0.85,66,2932.1,1070216.5,sandy,246.7,True,False,institutional,164000.0,653028.5,0.61,4.047,54419.0,32651.4,Hybrid System
963.6,33.3,rcc,0.85,7,857.6,313024.0,sandy,20.1,True,False,residential,84000.0,24547.2,0.078,1.657,2045.6,1227.4,Storage Tank
303.3,144.3,rcc,0.85,7,1106.5,403872.5,loamy,44.4,True,False,residential,45000.0,33481.1,0.083,3.25,2790.1,1674.1,Recharge Pit
2286.7,1690.0,pavers,0.7,29,1479.2,539908.0,clay,184.0,True,False,institutional,203000.0,2434649.5,4.509,9.185,202887.5,26995.4,Storage Tank
1596.4,291.5,rcc,0.85,5,600.7,219255.5,loamy,50.5,True,False,residential,25000.0,355993.2,1.624,5.772,29666.1,10962.8,Recharge Well
1005.3,235.3,rcc,0.85,5,633.6,231264.0,loamy,82.4,False,False,residential,52000.0,180958.5,0.782,2.856,15079.9,9047.9,Recharge Well
2922.4,270.9,metal,0.9,15,749.0,273385.0,sandy,143.4,False,False,commercial,143000.0,641259.3,2.346,1.889,53438.3,13669.2,Hybrid System
1703.2,1043.6,pavers,0.7,23,1991.7,726970.5,loamy,550.0,True,True,industrial,375000.0,1119799.5,1.54,1.897,93316.6,36348.5,Recharge Well
2180.0,180.8,metal,0.9,3,410.2,149723.0,loamy,48.2,True,False,residential,103000.0,319256.6,2.132,3.751,26604.7,7486.2,Hybrid System
462.4,499.2,metal,0.9,10,693.4,253091.0,loamy,331.4,True,True,commercial,311000.0,186972.4,0.739,1.506,15581.0,9348.6,Recharge Well
1120.9,661.6,rcc,0.85,32,2411.9,880343.5,clay,30.9,True,False,commercial,227000.0,567314.4,0.644,21.411,47276.2,28365.7,Storage Tank
758.1,460.5,pavers,0.7,17,965.4,352371.0,sandy,178.9,False,True,commercial,328000.0,219936.2,0.624,2.574,18328.0,10996.8,Recharge Well
2741.3,670.1,rcc,0.85,29,1084.0,395660.0,loamy,116.7,True,True,commercial,199000.0,1405263.0,3.552,5.742,117105.2,19783.0,Recharge Well
2111.4,219.2,rcc,0.85,4,499.9,182463.5,rocky,102.6,True,False,residential,86000.0,354056.4,1.94,2.136,29504.7,9123.2,Storage Tank
1174.1,263.4,rcc,0.85,7,965.1,352261.5,loamy,111.3,True,True,residential,70000.0,236582.3,0.672,2.367,19715.2,11829.1,Recharge Well
1078.3,1480.7,rcc,0.85,49,2164.2,789933.0,sandy,332.7,True,False,institutional,272000.0,1221428.7,1.546,4.451,101785.7,39496.7,Hybrid System
743.0,40.7,rcc,0.85,8,1231.0,449315.0,loamy,109.5,True,True,residential,69000.0,23133.7,0.051,0.372,1927.8,1156.7,Recharge Pit
1558.3,95.0,rcc,0.85,2,278.4,101616.0,clay,24.0,True,False,residential,21000.0,113249.5,1.114,3.958,9437.5,5080.8,Storage Tank
697.8,128.1,metal,0.9,5,620.7,226555.5,sandy,48.3,False,True,residential,104000.0,72404.4,0.32,2.652,6033.7,3620.2,Recharge Pit
3149.4,783.7,tiles,0.8,36,1721.2,628238.0,sandy,420.5,True,False,industrial,434000.0,1777093.0,2.829,1.864,148091.1,31411.9,Hybrid System
738.6,185.5,metal,0.9,5,770.0,281050.0,silty,14.5,True,True,residential,88000.0,110978.3,0.395,12.793,9248.2,5548.9,Storage Tank
321.2,64.1,rcc,0.85,7,770.1,281086.5,clay,12.2,True,False,residential,120000.0,15750.5,0.056,5.254,1312.5,787.5,Storage Tank
387.2,86.3,rcc,0.85,5,555.7,202830.5,loamy,116.7,False,True,residential,145000.0,25562.8,0.126,0.74,2130.2,1278.1,Recharge Pit
1391.9,139.4,tiles,0.8,6,730.8,266742.0,loamy,17.5,True,False,residential,25000.0,139702.2,0.524,7.966,11641.9,6985.1,Storage Tank
603.3,221.4,metal,0.9,6,760.3,277509.5,clay,106.1,True,True,residential,30000.0,108192.2,0.39,2.087,9016.0,5409.6,Storage Tank
335.9,40.0,pavers,0.7,5,640.5,233782.5,clay,50.5,True,False,residential,63000.0,8464.7,0.036,0.792,705.4,423.2,Storage Tank
2795.2,729.0,metal,0.9,34,1364.9,498188.5,sandy,118.4,True,True,commercial,300000.0,1650537.6,3.313,6.157,137544.8,24909.4,Recharge Well
1628.3,81.2,pavers,0.7,6,892.1,325616.5,sandy,80.5,True,True,residential,70000.0,83297.3,0.256,1.009,6941.4,4164.9,Recharge Pit
1101.2,915.7,rcc,0.85,17,1172.9,428108.5,clay,558.4,True,True,industrial,202000.0,771402.2,1.802,1.64,64283.5,21405.4,Storage Tank
2169.6,143.3,rcc,0.85,5,753.4,274991.0,clay,57.4,True,True,residential,91000.0,237841.3,0.865,2.497,19820.1,11892.1,Storage Tank
968.6,94.9,rcc,0.85,3,353.1,128881.5,silty,73.2,True,False,residential,23000.0,70318.9,0.546,1.296,5859.9,3515.9,Storage Tank
519.9,225.8,pavers,0.7,5,734.7,268165.5,rocky,116.9,False,False,residential,149000.0,73957.9,0.276,1.932,6163.2,3697.9,Storage Tank
544.8,232.2,rcc,0.85,4,637.8,232797.0,loamy,18.8,True,True,residential,113000.0,96774.5,0.416,12.351,8064.5,4838.7,Recharge Pit
600.4,500.3,rcc,0.85,60,2522.7,920785.5,loamy,241.8,True,False,institutional,243000.0,229790.8,0.25,2.069,19149.2,11489.5,Hybrid System
1143.2,117.0,metal,0.9,5,695.5,253857.5,rocky,111.9,True,False,residential,101000.0,108341.1,0.427,1.046,9028.4,5417.1,Storage Tank
1372.2,66.2,rcc,0.85,8,1169.4,426831.0,clay,93.3,True,False,residential,85000.0,69492.3,0.163,0.71,5791.0,3474.6,Storage Tank
1368.1,220.1,metal,0.9,5,748.9,273348.5,silty,57.8,True,True,residential,135000.0,243906.2,0.892,3.808,20325.5,12195.3,Recharge Well
2094.5,64.4,rcc,0.85,2,222.5,81212.5,rocky,59.4,True,True,residential,37000.0,103187.6,1.271,1.084,8599.0,4060.6,Storage Tank
1439.8,639.6,rcc,0.85,16,641.0,233965.0,loamy,365.4,True,False,industrial,260000.0,704485.5,3.011,1.75,58707.1,11698.2,Hybrid System
347.2,461.5,rcc,0.85,21,1131.1,412851.5,rocky,185.9,False,True,institutional,102000.0,122578.1,0.297,2.483,10214.8,6128.9,Storage Tank
1220.0,57.9,rcc,0.85,5,568.8,207612.0,loamy,54.8,True,True,residential,80000.0,54038.1,0.26,1.057,4503.2,2701.9,Recharge Pit
300.6,292.7,rcc,0.85,32,1934.3,706019.5,sandy,232.6,False,False,commercial,109000.0,67309.0,0.095,1.258,5609.1,3365.5,Hybrid System
499.6,871.6,rcc,0.85,28,1767.3,645064.5,silty,411.6,True,True,industrial,171000.0,333120.3,0.516,2.118,27760.0,16656.0,Recharge Well
2074.4,205.0,rcc,0.85,8,919.6,335654.0,loamy,114.9,True,False,residential,26000.0,325317.8,0.969,1.784,27109.8,16265.9,Recharge Well
491.4,1362.9,pavers,0.7,52,1461.1,533301.5,loamy,376.5,False,False,institutional,175000.0,421929.3,0.791,3.62,35160.8,21096.5,Hybrid System
2060.8,455.1,metal,0.9,12,452.8,165272.0,silty,122.1,False,False,commercial,119000.0,759674.8,4.597,3.727,63306.2,8263.6,Hybrid System
1212.8,1018.4,rcc,0.85,56,2991.5,1091897.5,loamy,185.0,False,False,institutional,255000.0,944863.4,0.865,5.505,78738.6,47243.2,Hybrid System
602.8,1025.8,tiles,0.8,27,890.8,325142.0,silty,475.1,True,True,institutional,159000.0,445213.6,1.369,2.159,37101.1,16257.1,Recharge Well
2300.6,1362.4,pavers,0.7,25,1038.2,378943.0,clay,83.4,True,True,institutional,311000.0,1974632.6,5.211,16.336,164552.7,18947.2,Storage Tank
2862.9,1784.7,metal,0.9,42,1813.6,661964.0,loamy,208.8,True,True,institutional,339000.0,4138628.3,6.252,8.547,344885.7,33098.2,Recharge Well
957.0,522.1,tiles,0.8,56,2455.2,896148.0,silty,166.1,True,True,institutional,221000.0,359747.8,0.401,3.143,29979.0,17987.4,Recharge Well
2249.3,235.3,metal,0.9,7,856.9,312768.5,silty,5.9,True,False,residential,100000.0,428700.8,1.371,39.881,35725.1,15638.4,Storage Tank
1199.1,117.5,rcc,0.85,3,456.6,166659.0,silty,65.1,True,True,residential,81000.0,107784.1,0.647,1.805,8982.0,5389.2,Recharge Pit
1704.1,1126.8,rcc,0.85,28,2468.7,901075.5,silty,205.4,True,True,industrial,236000.0,1468937.6,1.63,5.486,122411.5,45053.8,Recharge Well
575.7,911.8,rcc,0.85,31,2265.6,826944.0,clay,148.3,False,True,commercial,274000.0,401566.3,0.486,6.148,33463.9,20078.3,Storage Tank
1233.3,265.8,tiles,0.8,8,1115.4,407121.0,sandy,103.7,True,False,residential,23000.0,236024.0,0.58,2.563,19668.7,11801.2,Storage Tank
319.8,40.2,tiles,0.8,5,764.9,279188.5,loamy,32.7,True,False,residential,22000.0,9256.3,0.033,1.229,771.4,462.8,Storage Tank
1097.7,663.9,rcc,0.85,27,1474.6,538229.0,loamy,494.5,True,True,institutional,345000.0,557503.7,1.036,1.343,46458.6,26911.5,Recharge Well
1056.7,1389.2,rcc,0.85,51,2425.4,885271.0,loamy,406.7,True,False,institutional,167000.0,1122995.2,1.269,3.416,93582.9,44263.6,Hybrid System
578.6,153.1,rcc,0.85,6,670.9,244878.5,sandy,6.9,False,True,residential,35000.0,67766.5,0.277,22.188,5647.2,3388.3,Storage Tank
678.7,299.1,metal,0.9,28,1113.7,406500.5,sandy,53.9,True,True,commercial,187000.0,164429.3,0.404,5.549,13702.4,8221.5,Recharge Well
656.1,750.7,tiles,0.8,37,1658.2,605243.0,sandy,54.0,True,True,commercial,243000.0,354624.7,0.586,13.902,29552.1,17731.2,Recharge Well
426.4,192.5,rcc,0.85,4,576.7,210495.5,silty,72.4,True,False,residential,36000.0,62792.7,0.298,2.659,5232.7,3139.6,Recharge Pit
1175.2,359.2,metal,0.9,68,3556.4,1298086.0,clay,129.3,False,False,institutional,344000.0,341926.8,0.263,2.778,28493.9,17096.3,Storage Tank
2611.6,218.4,rcc,0.85,5,746.9,272618.5,sandy,32.1,False,False,residential,32000.0,436335.7,1.601,6.804,36361.3,13630.9,Recharge Well
533.5,1732.8,rcc,0.85,21,1471.3,537024.5,loamy,335.8,True,True,industrial,418000.0,707203.3,1.317,5.16,58933.6,26851.2,Recharge Well
539.0,93.2,rcc,0.85,5,717.6,261924.0,rocky,47.0,True,False,residential,80000.0,38429.6,0.147,1.983,3202.5,1921.5,Storage Tank
702.1,148.2,metal,0.9,7,1019.9,372263.5,loamy,28.2,False,True,residential,69000.0,84281.5,0.226,5.255,7023.5,4214.1,Recharge Pit
2181.3,35.3,pavers,0.7,8,969.1,353721.5,loamy,7.1,False,False,residential,32000.0,48509.9,0.137,4.972,4042.5,2425.5,Storage Tank
971.3,1357.3,rcc,0.85,63,2045.4,746571.0,sandy,425.4,True,False,institutional,344000.0,1008534.3,1.351,3.191,84044.5,37328.6,Hybrid System
940.4,107.3,metal,0.9,7,911.6,332734.0,silty,6.3,False,True,residential,102000.0,81733.0,0.246,17.032,6811.1,4086.7,Storage Tank
872.0,1385.5,rcc,0.85,20,862.9,314958.5,silty,577.0,False,False,industrial,201000.0,924239.3,2.934,2.401,77019.9,15747.9,Hybrid System
410.5,207.8,metal,0.9,6,868.5,317002.5,loamy,115.6,True,False,residential,105000.0,69094.5,0.218,1.798,5757.9,3454.7,Hybrid System
707.2,997.9,tiles,0.8,24,1025.9,374453.5,silty,294.2,True,False,commercial,241000.0,508114.7,1.357,3.392,42342.9,18722.7,Hybrid System
1182.3,46.6,rcc,0.85,8,1019.4,372081.0,silty,10.3,True,True,residential,47000.0,42147.8,0.113,4.524,3512.3,2107.4,Storage Tank
679.8,119.1,pavers,0.7,2,266.9,97418.5,loamy,119.3,False,False,residential,115000.0,51007.4,0.524,0.998,4250.6,2550.4,Storage Tank
485.6,302.3,rcc,0.85,27,1697.1,619441.5,rocky,223.5,True,True,commercial,308000.0,112299.6,0.181,1.353,9358.3,5615.0,Storage Tank
1757.2,500.6,rcc,0.85,23,1689.2,616558.0,sandy,303.1,True,True,commercial,323000.0,672935.6,1.091,1.652,56078.0,30827.9,Recharge Well
922.5,108.2,metal,0.9,5,637.3,232614.5,sandy,90.0,False,True,residential,138000.0,80849.7,0.348,1.202,6737.5,4042.5,Recharge Pit
496.5,115.5,rcc,0.85,3,457.3,166914.5,clay,115.0,True,True,residential,131000.0,43869.5,0.263,1.004,3655.8,2193.5,Storage Tank
2922.5,229.0,rcc,0.85,8,1090.5,398032.5,sandy,38.7,True,False,residential,138000.0,511978.2,1.286,5.917,42664.8,19901.6,Hybrid System
480.7,222.5,pavers,0.7,6,704.7,257215.5,rocky,44.6,True,True,residential,133000.0,67382.1,0.262,4.989,5615.2,3369.1,Storage Tank
778.1,199.1,rcc,0.85,8,1140.3,416209.5,loamy,69.5,True,False,residential,147000.0,118513.6,0.285,2.865,9876.1,5925.7,Hybrid System
899.9,483.4,metal,0.9,36,2393.4,873591.0,loamy,29.8,True,False,commercial,263000.0,352359.4,0.403,16.221,29363.3,17618.0,Hybrid System
2534.7,1867.5,rcc,0.85,21,1094.4,399456.0,loamy,527.0,False,False,industrial,381000.0,3621167.5,9.065,3.544,301764.0,19972.8,Hybrid System
1453.7,1574.4,metal,0.9,34,1618.7,590825.5,silty,492.6,True,False,institutional,310000.0,1853851.3,3.138,3.196,154487.6,29541.3,Hybrid System
2744.1,311.2,tiles,0.8,6,761.0,277765.0,sandy,45.8,True,False,residential,115000.0,614854.0,2.214,6.795,51237.8,13888.2,Hybrid System
560.9,735.2,rcc,0.85,29,1866.2,681163.0,silty,297.4,True,False,commercial,150000.0,315465.9,0.463,2.472,26288.8,15773.3,Hybrid System
397.0,312.0,metal,0.9,7,797.4,291051.0,sandy,75.3,True,True,residential,139000.0,100329.8,0.345,4.143,8360.8,5016.5,Recharge Well
1367.6,147.3,metal,0.9,4,629.5,229767.5,sandy,40.5,False,True,residential,78000.0,163172.5,0.71,3.637,13597.7,8158.6,Recharge Pit
410.7,562.4,rcc,0.85,20,926.7,338245.5,clay,286.7,True,True,industrial,311000.0,176697.9,0.522,1.962,14724.8,8834.9,Storage Tank
400.0,241.3,rcc,0.85,7,1068.8,390112.0,sandy,107.0,False,False,residential,65000.0,73837.8,0.189,2.255,6153.2,3691.9,Hybrid System
1057.9,288.1,metal,0.9,2,297.1,108441.5,sandy,64.2,True,False,residential,86000.0,246872.6,2.277,4.488,20572.7,5422.1,Hybrid System
1729.1,227.8,rcc,0.85,3,398.3,145379.5,sandy,100.2,True,False,residential,54000.0,301325.1,2.073,2.273,25110.4,7269.0,Recharge Well
1014.6,91.4,metal,0.9,5,681.1,248601.5,sandy,36.8,True,True,residential,73000.0,75114.9,0.302,2.484,6259.6,3755.7,Recharge Pit
1828.2,686.5,tiles,0.8,33,2458.1,897206.5,sandy,158.8,False,True,commercial,260000.0,903642.7,1.007,4.323,75303.6,44860.3,Recharge Well
674.9,139.8,tiles,0.8,3,343.5,125377.5,silty,55.1,True,False,residential,149000.0,67932.7,0.542,2.537,5661.1,3396.6,Hybrid System
635.1,698.0,metal,0.9,30,1313.0,479245.0,loamy,481.3,True,True,industrial,466000.0,359072.8,0.749,1.45,29922.7,17953.6,Recharge Well
1214.8,237.7,pavers,0.7,20,1589.0,579985.0,sandy,222.0,True,True,commercial,188000.0,181917.5,0.314,1.071,15159.8,9095.9,Recharge Well
3150.5,239.8,pavers,0.7,38,2567.2,937028.0,sandy,301.4,True,True,commercial,184000.0,475958.6,0.508,0.796,39663.2,23797.9,Recharge Well
478.6,268.9,rcc,0.85,2,265.8,97017.0,loamy,70.2,True,False,residential,120000.0,98452.1,1.015,3.83,8204.3,4850.9,Hybrid System
807.8,927.7,pavers,0.7,22,898.1,327806.5,clay,80.5,False,False,commercial,205000.0,472119.5,1.44,11.524,39343.3,16390.3,Storage Tank
953.6,615.1,metal,0.9,25,1125.9,410953.5,clay,101.0,True,False,institutional,160000.0,475113.1,1.156,6.09,39592.8,20547.7,Storage Tank
942.9,1849.6,rcc,0.85,22,1040.7,379855.5,silty,478.8,True,True,industrial,444000.0,1334150.7,3.512,3.863,111179.2,18992.8,Recharge Well
2488.7,1712.2,rcc,0.85,47,1707.9,623383.5,loamy,440.4,True,False,institutional,428000.0,3259781.4,5.229,3.888,271648.5,31169.2,Hybrid System
1263.3,93.8,tiles,0.8,3,407.6,148774.0,clay,82.8,True,True,residential,104000.0,85318.2,0.573,1.133,7109.8,4265.9,Storage Tank
1021.3,123.8,metal,0.9,7,896.6,327259.0,loamy,109.2,False,False,residential,81000.0,102413.9,0.313,1.134,8534.5,5120.7,Hybrid System
1141.3,1684.0,rcc,0.85,44,1971.7,719670.5,sandy,416.4,True,False,industrial,254000.0,1470291.1,2.043,4.044,122524.3,35983.5,Hybrid System
1845.2,1273.3,rcc,0.85,67,3644.4,1330206.0,rocky,118.5,False,True,institutional,110000.0,1797362.3,1.351,10.745,149780.2,66510.3,Storage Tank
526.1,403.7,pavers,0.7,32,1413.4,515891.0,clay,92.0,True,True,commercial,282000.0,133803.5,0.259,4.388,11150.3,6690.2,Storage Tank
1106.0,319.0,pavers,0.7,7,822.4,300176.0,sandy,53.2,True,False,residential,50000.0,222272.8,0.74,5.996,18522.7,11113.6,Recharge Well
882.8,116.8,rcc,0.85,2,266.1,97126.5,sandy,114.1,True,False,residential,124000.0,78879.9,0.812,1.024,6573.3,3944.0,Hybrid System
388.9,149.1,metal,0.9,5,649.4,237031.0,loamy,40.0,False,True,residential,133000.0,46967.8,0.198,3.728,3914.0,2348.4,Recharge Pit
1271.9,114.0,metal,0.9,3,332.3,121289.5,silty,15.0,True,False,residential,51000.0,117447.2,0.968,7.6,9787.3,5872.4,Storage Tank
2053.2,271.0,rcc,0.85,5,561.2,204838.0,sandy,25.3,False,False,residential,86000.0,425659.2,2.078,10.711,35471.6,10241.9,Hybrid System
606.8,1129.2,rcc,0.85,40,1809.8,660577.0,loamy,315.3,True,False,industrial,158000.0,524176.9,0.794,3.581,43681.4,26208.8,Hybrid System
817.8,271.8,rcc,0.85,2,289.6,105704.0,rocky,49.1,False,False,residential,40000.0,170042.7,1.609,5.536,14170.2,5285.2,Storage Tank
1892.0,915.5,rcc,0.85,35,1899.6,693354.0,sandy,155.6,True,True,commercial,335000.0,1325076.4,1.911,5.884,110423.0,34667.7,Recharge Well
865.0,258.8,rcc,0.85,15,872.3,318389.5,rocky,119.0,True,True,commercial,250000.0,171254.4,0.538,2.175,14271.2,8562.7,Storage Tank
623.1,645.4,pavers,0.7,20,1059.6,386754.0,loamy,158.8,True,False,commercial,204000.0,253353.7,0.655,4.064,21112.8,12667.7,Hybrid System
1053.7,732.7,metal,0.9,39,1973.4,720291.0,silty,41.4,False,False,commercial,226000.0,625357.3,0.868,17.698,52113.1,31267.9,Hybrid System
725.3,225.2,pavers,0.7,4,523.6,191114.0,rocky,102.0,True,True,residential,20000.0,102902.7,0.538,2.208,8575.2,5145.1,Storage Tank
481.8,1779.5,tiles,0.8,30,2765.3,1009334.5,clay,462.7,False,False,industrial,236000.0,617301.4,0.612,3.846,51441.8,30865.1,Storage Tank
644.5,62.1,metal,0.9,6,928.5,338902.5,silty,62.4,True,True,residential,89000.0,32419.0,0.096,0.995,2701.6,1621.0,Recharge Pit
383.3,263.4,pavers,0.7,2,293.9,107273.5,silty,41.3,True,True,residential,70000.0,63605.6,0.593,6.378,5300.5,3180.3,Recharge Pit
343.4,64.9,pavers,0.7,2,308.7,112675.5,sandy,7.1,False,False,residential,146000.0,14040.6,0.125,9.141,1170.0,702.0,Storage Tank
1387.1,268.6,tiles,0.8,36,1697.2,619478.0,loamy,128.3,False,True,commercial,307000.0,268254.0,0.433,2.094,22354.5,13412.7,Recharge Well
958.2,267.9,pavers,0.7,6,763.0,278495.0,silty,38.2,True,False,residential,141000.0,161722.1,0.581,7.013,13476.8,8086.1,Hybrid System
1187.9,1204.2,rcc,0.85,49,1997.6,729124.0,loamy,307.4,True,True,industrial,463000.0,1094308.9,1.501,3.917,91192.4,36456.2,Recharge Well
326.8,476.4,rcc,0.85,39,1568.8,572612.0,sandy,80.1,True,True,commercial,139000.0,119101.0,0.208,5.948,9925.1,5955.1,Recharge Well
587.0,360.3,rcc,0.85,39,2402.6,876949.0,silty,135.0,True,True,commercial,142000.0,161794.5,0.184,2.669,13482.9,8089.7,Recharge Well
1105.7,960.3,tiles,0.8,40,2162.0,789130.0,silty,477.9,True,False,institutional,275000.0,764498.7,0.969,2.009,63708.2,38224.9,Hybrid System
1227.2,745.4,tiles,0.8,39,2905.6,1060544.0,silty,248.5,True,False,commercial,321000.0,658623.5,0.621,3.0,54885.3,32931.2,Hybrid System
2514.2,268.4,rcc,0.85,7,1040.6,379819.0,loamy,86.7,False,False,residential,120000.0,516230.6,1.359,3.096,43019.2,18991.0,Hybrid System
1163.8,1627.4,tiles,0.8,37,2036.9,743468.5,sandy,326.9,False,False,industrial,348000.0,1363657.0,1.834,4.978,113638.1,37173.4,Hybrid System
889.6,121.9,tiles,0.8,2,262.2,95703.0,loamy,23.5,True,True,residential,117000.0,78078.4,0.816,5.187,6506.5,3903.9,Recharge Pit
2667.3,287.4,tiles,0.8,3,393.5,143627.5,sandy,15.0,True,True,residential,108000.0,551939.1,3.843,19.16,45994.9,7181.4,Storage Tank
2428.3,122.4,pavers,0.7,4,604.7,220715.5,clay,24.3,True,True,residential,52000.0,187251.1,0.848,5.037,15604.3,9362.6,Storage Tank
1810.1,524.0,tiles,0.8,23,931.1,339851.5,silty,437.4,True,True,institutional,222000.0,682914.5,2.009,1.198,56909.5,16992.6,Recharge Well
1069.3,294.0,rcc,0.85,8,1032.2,376753.0,loamy,61.7,False,False,residential,145000.0,240496.3,0.638,4.765,20041.4,12024.8,Hybrid System
721.9,41.2,rcc,0.85,5,724.9,264588.5,loamy,87.6,True,True,residential,130000.0,22752.8,0.086,0.47,1896.1,1137.6,Recharge Pit
1543.4,1131.5,rcc,0.85,37,2775.4,1013021.0,sandy,66.9,True,False,industrial,362000.0,1335963.2,1.319,16.913,111330.3,50651.1,Hybrid System
474.0,318.8,pavers,0.7,2,246.1,89826.5,loamy,75.3,True,True,residential,99000.0,95200.1,1.06,4.234,7933.3,4491.3,Recharge Well
467.1,160.5,rcc,0.85,2,233.1,85081.5,silty,15.7,False,True,residential,104000.0,57351.7,0.674,10.223,4779.3,2867.6,Storage Tank
318.1,147.0,metal,0.9,2,246.4,89936.0,loamy,14.3,False,True,residential,81000.0,37876.2,0.421,10.28,3156.3,1893.8,Storage Tank
3155.1,166.5,tiles,0.8,7,823.3,300504.5,rocky,38.4,True,False,residential,100000.0,378233.4,1.259,4.336,31519.5,15025.2,Storage Tank
594.0,186.2,pavers,0.7,3,479.8,175127.0,loamy,105.1,False,True,residential,71000.0,69679.8,0.398,1.772,5806.7,3484.0,Recharge Pit
696.2,1172.4,metal,0.9,32,2351.9,858443.5,clay,94.4,True,False,industrial,346000.0,661142.2,0.77,12.419,55095.2,33057.1,Storage Tank
1476.5,486.6,rcc,0.85,37,2855.3,1042184.5,silty,153.8,False,False,commercial,253000.0,549625.6,0.527,3.164,45802.1,27481.3,Hybrid System
1027.3,30.2,metal,0.9,5,659.7,240790.5,sandy,31.2,False,False,residential,130000.0,25129.8,0.104,0.968,2094.2,1256.5,Storage Tank
1793.8,628.1,tiles,0.8,15,765.8,279517.0,loamy,320.4,True,False,commercial,176000.0,811213.8,2.902,1.96,67601.2,13975.9,Hybrid System
781.5,262.5,pavers,0.7,7,891.8,325507.0,loamy,91.4,True,False,residential,28000.0,129240.6,0.397,2.872,10770.1,6462.0,Recharge Pit
461.6,58.1,rcc,0.85,3,370.2,135123.0,loamy,18.9,False,False,residential,83000.0,20516.5,0.152,3.074,1709.7,1025.8,Storage Tank
771.5,251.1,rcc,0.85,7,988.7,360875.5,loamy,83.0,True,False,residential,100000.0,148198.6,0.411,3.025,12349.9,7409.9,Hybrid System
1606.1,309.3,rcc,0.85,5,551.6,201334.0,clay,20.0,True,False,residential,126000.0,380026.5,1.888,15.465,31668.9,10066.7,Storage Tank
491.0,824.5,metal,0.9,39,2991.6,1091934.0,loamy,79.9,True,True,commercial,342000.0,327911.9,0.3,10.319,27326.0,16395.6,Recharge Well
765.9,202.0,rcc,0.85,7,1032.1,376716.5,sandy,52.6,True,True,residential,42000.0,118354.5,0.314,3.84,9862.9,5917.7,Recharge Pit
2740.3,68.1,rcc,0.85,5,695.5,253857.5,loamy,96.0,True,True,residential,46000.0,142760.0,0.562,0.709,11896.7,7138.0,Recharge Pit
1180.2,426.7,tiles,0.8,34,1805.0,658825.0,loamy,130.8,True,False,commercial,292000.0,362585.8,0.55,3.262,30215.5,18129.3,Hybrid System
1189.3,112.5,rcc,0.85,5,599.9,218963.5,loamy,88.4,True,False,residential,65000.0,102354.1,0.467,1.273,8529.5,5117.7,Hybrid System
319.1,229.4,rcc,0.85,3,458.2,167243.0,silty,89.3,False,True,residential,139000.0,55999.2,0.335,2.569,4666.6,2800.0,Recharge Pit
1196.7,175.8,tiles,0.8,37,2147.3,783764.5,silty,66.1,False,False,commercial,180000.0,151473.5,0.193,2.66,12622.8,7573.7,Hybrid System
350.1,199.5,metal,0.9,3,479.1,174871.5,sandy,40.1,True,False,residential,41000.0,56574.4,0.324,4.975,4714.5,2828.7,Recharge Pit
997.8,2176.6,rcc,0.85,21,1891.1,690251.5,sandy,70.9,True,True,industrial,154000.0,1661435.8,2.407,30.7,138453.0,34512.6,Recharge Well
407.1,45.6,tiles,0.8,7,960.8,350692.0,loamy,4.8,False,False,residential,38000.0,13365.9,0.038,9.5,1113.8,668.3,Storage Tank
948.7,734.6,metal,0.9,20,722.5,263712.5,loamy,331.4,False,False,commercial,90000.0,564501.2,2.141,2.217,47041.8,13185.6,Hybrid System
380.2,510.1,rcc,0.85,15,854.6,311929.0,silty,236.1,True,False,commercial,222000.0,148364.1,0.476,2.161,12363.7,7418.2,Hybrid System
827.1,228.6,rcc,0.85,8,905.4,330471.0,sandy,72.4,True,False,residential,97000.0,144642.4,0.438,3.157,12053.5,7232.1,Hybrid System
1163.3,216.1,rcc,0.85,33,2044.3,746169.5,loamy,299.0,True,False,commercial,220000.0,192312.7,0.258,0.723,16026.1,9615.6,Hybrid System
582.0,53.4,rcc,0.85,3,354.3,129319.5,sandy,23.6,False,False,residential,44000.0,23775.3,0.184,2.263,1981.3,1188.8,Recharge Pit
1116.8,1284.0,rcc,0.85,21,1120.8,409092.0,sandy,163.2,True,False,institutional,444000.0,1096988.0,2.682,7.868,91415.7,20454.6,Hybrid System
356.4,302.5,metal,0.9,3,392.4,143226.0,sandy,45.4,False,False,residential,94000.0,87326.9,0.61,6.663,7277.2,4366.3,Hybrid System
3079.3,192.1,rcc,0.85,31,2002.3,730839.5,loamy,119.5,True,True,commercial,311000.0,452523.2,0.619,1.608,37710.3,22626.2,Recharge Well
1137.3,194.4,tiles,0.8,35,2210.1,806686.5,silty,179.6,True,False,commercial,232000.0,159185.6,0.197,1.082,13265.5,7959.3,Hybrid System
2767.0,468.6,tiles,0.8,31,2194.4,800956.0,sandy,247.5,True,True,commercial,341000.0,933563.7,1.166,1.893,77797.0,40047.8,Recharge Well
342.1,522.6,metal,0.9,23,1827.9,667183.5,sandy,311.9,False,True,commercial,312000.0,144813.0,0.217,1.676,12067.8,7240.7,Recharge Well
338.5,550.3,rcc,0.85,42,1973.8,720437.0,clay,253.1,False,False,institutional,346000.0,142501.6,0.198,2.174,11875.1,7125.1,Storage Tank
958.8,38.3,tiles,0.8,3,477.2,174178.0,clay,14.4,True,True,residential,22000.0,26439.9,0.152,2.66,2203.3,1322.0,Storage Tank
1154.1,162.6,rcc,0.85,36,2283.5,833477.5,loamy,25.7,False,True,commercial,118000.0,143557.3,0.172,6.327,11963.1,7177.9,Recharge Pit
1233.1,129.7,tiles,0.8,5,672.6,245499.0,loamy,111.9,True,False,residential,33000.0,115151.8,0.469,1.159,9596.0,5757.6,Recharge Pit
1034.8,148.8,pavers,0.7,8,1174.7,428765.5,loamy,85.9,False,False,residential,89000.0,97006.3,0.226,1.732,8083.9,4850.3,Hybrid System
1395.2,1788.4,metal,0.9,60,1966.3,717699.5,sandy,450.8,True,False,institutional,342000.0,2021092.3,2.816,3.967,168424.4,35885.0,Hybrid System
990.2,422.4,tiles,0.8,26,1739.1,634771.5,loamy,32.9,True,True,commercial,323000.0,301147.5,0.474,12.839,25095.6,15057.4,Recharge Well
385.3,258.3,tiles,0.8,6,717.8,261997.0,loamy,8.5,True,False,residential,68000.0,71656.6,0.274,30.388,5971.4,3582.8,Storage Tank
785.2,318.6,rcc,0.85,33,1903.0,694595.0,loamy,80.0,True,False,commercial,115000.0,191376.0,0.276,3.983,15948.0,9568.8,Hybrid System
1120.0,191.0,rcc,0.85,6,830.8,303242.0,sandy,59.6,False,False,residential,125000.0,163648.8,0.54,3.205,13637.4,8182.4,Hybrid System
1210.4,1395.8,rcc,0.85,59,1509.7,551040.5,loamy,470.9,True,True,institutional,220000.0,1292449.4,2.345,2.964,107704.1,27552.0,Recharge Well
2107.9,767.2,metal,0.9,45,2626.0,958490.0,sandy,279.3,True,True,institutional,164000.0,1309916.5,1.367,2.747,109159.7,47924.5,Recharge Well
310.7,270.5,metal,0.9,19,1427.1,520891.5,loamy,104.1,True,True,commercial,94000.0,68075.9,0.131,2.598,5673.0,3403.8,Recharge Pit
1457.8,874.0,rcc,0.85,35,1231.7,449570.5,clay,392.5,False,False,institutional,243000.0,974699.7,2.168,2.227,81225.0,22478.5,Storage Tank
930.4,306.3,metal,0.9,2,220.3,80409.5,clay,68.4,True,True,residential,70000.0,230835.0,2.871,4.478,19236.2,4020.5,Storage Tank
1326.6,268.9,rcc,0.85,5,655.4,239221.0,sandy,67.1,False,False,residential,143000.0,272892.9,1.141,4.007,22741.1,11961.1,Hybrid System
583.6,237.6,metal,0.9,3,412.2,150453.0,clay,83.8,True,True,residential,103000.0,112317.3,0.747,2.835,9359.8,5615.9,Storage Tank
450.4,753.0,metal,0.9,35,1500.3,547609.5,loamy,24.0,True,True,commercial,219000.0,274712.5,0.502,31.375,22892.7,13735.6,Recharge Well
1071.4,223.4,rcc,0.85,4,570.8,208342.0,loamy,111.9,False,True,residential,36000.0,183103.3,0.879,1.996,15258.6,9155.2,Recharge Well
1125.9,549.9,rcc,0.85,44,3123.2,1139968.0,loamy,334.5,True,False,industrial,411000.0,473636.3,0.415,1.644,39469.7,23681.8,Hybrid System
2991.6,599.1,metal,0.9,21,1670.3,609659.5,loamy,305.3,True,False,commercial,216000.0,1451736.7,2.381,1.962,120978.1,30483.0,Hybrid System
1074.0,39.3,tiles,0.8,5,622.8,227322.0,clay,113.4,False,False,residential,41000.0,30389.9,0.134,0.347,2532.5,1519.5,Storage Tank
944.2,2027.3,tiles,0.8,18,1256.6,458659.0,sandy,369.8,True,False,industrial,422000.0,1378207.2,3.005,5.482,114850.6,22933.0,Hybrid System
542.8,203.9,metal,0.9,26,1810.9,660978.5,clay,59.6,True,True,commercial,221000.0,89648.3,0.136,3.421,7470.7,4482.4,Storage Tank
831.7,200.8,rcc,0.85,4,443.7,161950.5,sandy,2.6,False,True,residential,135000.0,127759.1,0.789,77.231,10646.6,6388.0,Storage Tank
2149.0,131.7,metal,0.9,3,451.9,164943.5,clay,55.7,True,True,residential,25000.0,229248.9,1.39,2.364,19104.1,8247.2,Storage Tank
2547.4,179.0,rcc,0.85,4,502.4,183376.0,silty,28.1,True,True,residential,75000.0,348828.2,1.902,6.37,29069.0,9168.8,Recharge Well
784.7,665.7,rcc,0.85,16,564.9,206188.5,loamy,22.3,True,False,commercial,221000.0,399616.7,1.938,29.852,33301.4,10309.4,Hybrid System
3190.2,269.8,rcc,0.85,21,1427.7,521110.5,rocky,35.2,True,False,commercial,288000.0,658447.7,1.264,7.665,54870.6,26055.5,Storage Tank
729.3,181.4,rcc,0.85,5,576.8,210532.0,loamy,35.5,True,False,residential,93000.0,101205.7,0.481,5.11,8433.8,5060.3,Hybrid System
470.7,182.3,rcc,0.85,7,959.2,350108.0,loamy,50.8,False,False,residential,107000.0,65643.6,0.187,3.589,5470.3,3282.2,Hybrid System
1132.4,449.2,rcc,0.85,28,1139.5,415917.5,sandy,497.7,True,False,institutional,116000.0,389135.7,0.936,0.903,32428.0,19456.8,Hybrid System
1052.8,217.9,rcc,0.85,7,813.7,297000.5,loamy,23.0,True,True,residential,93000.0,175494.9,0.591,9.474,14624.6,8774.7,Recharge Pit
313.0,280.5,metal,0.9,4,571.4,208561.0,sandy,100.1,True,True,residential,103000.0,71115.2,0.341,2.802,5926.3,3555.8,Recharge Well
542.3,556.7,metal,0.9,33,1800.1,657036.5,sandy,316.3,True,True,commercial,127000.0,244537.7,0.372,1.76,20378.1,12226.9,Recharge Well
1019.2,116.8,metal,0.9,3,448.9,163848.5,loamy,37.8,False,False,residential,94000.0,96424.5,0.588,3.09,8035.4,4821.2,Hybrid System
765.8,161.4,tiles,0.8,6,926.7,338245.5,loamy,5.2,True,True,residential,74000.0,88992.1,0.263,31.038,7416.0,4449.6,Storage Tank
321.6,285.8,metal,0.9,24,971.6,354634.0,loamy,137.2,True,True,commercial,73000.0,74449.8,0.21,2.083,6204.2,3722.5,Recharge Well
1581.5,200.7,pavers,0.7,3,336.5,122822.5,clay,83.4,False,False,residential,143000.0,199966.4,1.628,2.406,16663.9,6141.1,Storage Tank
1022.8,954.7,metal,0.9,22,1377.9,502933.5,sandy,276.3,True,False,commercial,82000.0,790938.4,1.573,3.455,65911.5,25146.7,Hybrid System
2124.1,190.9,metal,0.9,6,863.1,315031.5,rocky,59.0,True,False,residential,109000.0,328447.5,1.043,3.236,27370.6,15751.6,Storage Tank
940.6,46.0,pavers,0.7,8,1146.8,418582.0,sandy,10.5,True,False,residential,148000.0,27258.6,0.065,4.381,2271.5,1362.9,Storage Tank
359.5,487.4,rcc,0.85,41,1398.0,510270.0,loamy,173.2,True,True,institutional,165000.0,134043.5,0.263,2.814,11170.3,6702.2,Recharge Well
2187.0,77.6,rcc,0.85,2,274.4,100156.0,clay,21.8,True,True,residential,56000.0,129829.1,1.296,3.56,10819.1,5007.8,Storage Tank
453.8,241.1,rcc,0.85,8,1088.8,397412.0,sandy,61.9,True,False,residential,37000.0,83699.6,0.211,3.895,6975.0,4185.0,Recharge Pit
2315.7,284.5,rcc,0.85,7,780.1,284736.5,sandy,87.1,True,True,residential,138000.0,503994.7,1.77,3.266,41999.6,14236.8,Recharge Well
515.9,176.0,rcc,0.85,5,727.2,265428.0,clay,111.5,False,True,residential,113000.0,69460.8,0.262,1.578,5788.4,3473.0,Storage Tank
1984.5,250.3,rcc,0.85,3,335.0,122275.0,rocky,14.6,True,True,residential,110000.0,379991.1,3.108,17.144,31665.9,6113.8,Storage Tank
488.2,638.5,metal,0.9,34,1964.9,717188.5,clay,304.1,False,False,commercial,306000.0,252489.7,0.352,2.1,21040.8,12624.5,Storage Tank
406.3,74.6,metal,0.9,7,771.0,281415.0,clay,96.9,True,True,residential,42000.0,24551.1,0.087,0.77,2045.9,1227.6,Storage Tank
1470.8,84.4,metal,0.9,4,516.6,188559.0,silty,5.6,False,False,residential,112000.0,100549.8,0.533,15.071,8379.1,5027.5,Storage Tank
3114.1,152.6,rcc,0.85,14,912.4,333026.0,clay,335.8,True,False,commercial,100000.0,363536.9,1.092,0.454,30294.7,16651.3,Storage Tank
1041.6,2341.4,metal,0.9,47,4036.6,1473359.0,loamy,365.9,False,False,industrial,179000.0,1975429.8,1.341,6.399,164619.1,73667.9,Hybrid System
1228.9,574.6,pavers,0.7,25,1155.5,421757.5,clay,210.1,True,True,commercial,222000.0,444859.3,1.055,2.735,37071.6,21087.9,Storage Tank
1950.1,1587.7,metal,0.9,48,2845.6,1038644.0,loamy,417.5,True,False,industrial,413000.0,2507900.8,2.415,3.803,208991.7,51932.2,Hybrid System
796.6,2213.0,rcc,0.85,24,2312.8,844172.0,loamy,484.9,True,False,industrial,431000.0,1348600.0,1.598,4.564,112383.3,42208.6,Hybrid System
2049.1,301.9,pavers,0.7,7,900.4,328646.0,sandy,1.6,True,False,residential,73000.0,389732.7,1.186,188.687,32477.7,16432.3,Storage Tank
2163.2,97.6,metal,0.9,6,929.1,339121.5,loamy,17.8,True,False,residential,109000.0,171013.9,0.504,5.483,14251.2,8550.7,Storage Tank
1186.2,154.8,rcc,0.85,7,1034.5,377592.5,clay,54.1,True,True,residential,147000.0,140472.2,0.372,2.861,11706.0,7023.6,Storage Tank
842.5,698.9,tiles,0.8,50,1984.9,724488.5,sandy,327.0,False,False,institutional,320000.0,423952.7,0.585,2.137,35329.4,21197.6,Hybrid System
2560.0,844.5,rcc,0.85,13,645.7,235680.5,loamy,182.0,True,True,commercial,236000.0,1653868.8,7.017,4.64,137822.4,11784.0,Recharge Well
3072.4,244.9,metal,0.9,39,2592.8,946372.0,sandy,104.1,True,False,commercial,210000.0,609468.9,0.644,2.353,50789.1,30473.4,Hybrid System
585.4,2018.9,rcc,0.85,22,1284.8,468952.0,clay,522.9,False,True,industrial,265000.0,904126.0,1.928,3.861,75343.8,23447.6,Storage Tank
572.9,303.5,pavers,0.7,5,713.2,260318.0,loamy,104.7,True,False,residential,32000.0,109541.3,0.421,2.899,9128.4,5477.1,Recharge Well
1150.5,116.0,rcc,0.85,4,585.8,213817.0,clay,12.1,True,True,residential,51000.0,102095.4,0.477,9.587,8507.9,5104.8,Storage Tank
973.8,648.4,rcc,0.85,64,3735.9,1363603.5,sandy,378.3,True,False,institutional,354000.0,483030.1,0.354,1.714,40252.5,24151.5,Hybrid System
1024.9,559.6,rcc,0.85,29,1625.2,593198.0,sandy,105.2,True,False,institutional,273000.0,438753.5,0.74,5.319,36562.8,21937.7,Hybrid System
3113.3,268.6,pavers,0.7,6,773.4,282291.0,loamy,35.1,True,True,residential,70000.0,526826.4,1.866,7.652,43902.2,14114.6,Recharge Well
807.3,1785.9,rcc,0.85,27,2440.0,890600.0,clay,552.0,True,True,industrial,285000.0,1102944.2,1.238,3.235,91912.0,44530.0,Storage Tank
837.9,149.2,rcc,0.85,6,733.7,267800.5,loamy,2.2,True,True,residential,84000.0,95636.2,0.357,67.818,7969.7,4781.8,Storage Tank
779.1,379.2,rcc,0.85,32,1094.3,399419.5,clay,105.9,True,False,institutional,213000.0,226007.6,0.566,3.581,18834.0,11300.4,Storage Tank
1851.4,54.7,rcc,0.85,2,278.5,101652.5,silty,101.1,True,True,residential,54000.0,77472.8,0.762,0.541,6456.1,3873.6,Recharge Pit
2025.6,226.5,tiles,0.8,7,1053.6,384564.0,silty,33.0,True,False,residential,112000.0,330334.8,0.859,6.864,27527.9,16516.7,Hybrid System
301.4,210.6,rcc,0.85,25,1635.0,596775.0,sandy,46.0,True,True,commercial,189000.0,48558.3,0.081,4.578,4046.5,2427.9,Recharge Pit
1020.3,59.4,rcc,0.85,3,355.0,129575.0,loamy,70.4,True,True,residential,45000.0,46363.5,0.358,0.844,3863.6,2318.2,Recharge Pit
1160.9,1216.5,rcc,0.85,42,2383.0,869795.0,loamy,80.2,True,False,institutional,244000.0,1080359.7,1.242,15.168,90030.0,43489.8,Hybrid System
603.3,152.2,pavers,0.7,27,1277.3,466214.5,loamy,53.2,True,False,commercial,205000.0,57848.0,0.124,2.861,4820.7,2892.4,Hybrid System
517.9,713.4,rcc,0.85,22,883.5,322477.5,silty,368.6,False,True,industrial,358000.0,282644.4,0.876,1.935,23553.7,14132.2,Recharge Well
706.3,262.8,rcc,0.85,4,569.2,207758.0,loamy,47.8,True,False,residential,86000.0,141996.0,0.683,5.498,11833.0,7099.8,Hybrid System
361.4,137.6,rcc,0.85,7,860.7,314155.5,sandy,6.8,True,False,residential,27000.0,38042.4,0.121,20.235,3170.2,1902.1,Storage Tank
2195.9,231.9,tiles,0.8,7,873.2,318718.0,clay,103.2,True,False,residential,109000.0,366645.0,1.15,2.247,30553.8,15935.9,Storage Tank
552.4,570.6,tiles,0.8,46,3949.5,1441567.5,loamy,106.8,True,True,industrial,155000.0,226943.6,0.157,5.343,18912.0,11347.2,Recharge Well
1695.8,633.1,rcc,0.85,29,2154.8,786502.0,loamy,126.2,True,True,industrial,447000.0,821312.4,1.044,5.017,68442.7,39325.1,Recharge Well
956.6,292.3,rcc,0.85,3,445.3,162534.5,clay,73.2,True,True,residential,48000.0,213904.8,1.316,3.993,17825.4,8126.7,Storage Tank
1198.5,36.3,rcc,0.85,8,1077.3,393214.5,silty,97.5,True,False,residential,38000.0,33281.7,0.085,0.372,2773.5,1664.1,Recharge Pit
507.5,725.3,tiles,0.8,16,977.3,356714.5,sandy,134.1,True,True,commercial,309000.0,265024.6,0.743,5.409,22085.4,13251.2,Recharge Well
711.5,51.6,metal,0.9,4,560.1,204436.5,sandy,103.1,False,False,residential,31000.0,29737.9,0.145,0.5,2478.2,1486.9,Recharge Pit
1056.0,1498.3,metal,0.9,62,3167.2,1156028.0,loamy,335.5,True,False,institutional,426000.0,1281585.9,1.109,4.466,106798.8,57801.4,Hybrid System
349.7,219.2,pavers,0.7,3,352.4,128626.0,silty,26.7,True,True,residential,134000.0,48292.2,0.375,8.21,4024.3,2414.6,Recharge Pit
965.9,148.6,rcc,0.85,6,939.8,343027.0,silty,71.8,True,True,residential,28000.0,109802.5,0.32,2.07,9150.2,5490.1,Recharge Pit
427.2,534.4,rcc,0.85,17,1038.7,379125.5,clay,324.8,False,False,commercial,291000.0,174646.2,0.461,1.645,14553.9,8732.3,Storage Tank
768.3,478.6,metal,0.9,19,812.8,296672.0,sandy,244.6,False,False,commercial,265000.0,297843.8,1.004,1.957,24820.3,14833.6,Hybrid System
530.2,891.5,rcc,0.85,32,2032.7,741935.5,loamy,229.3,False,True,commercial,122000.0,361595.1,0.487,3.888,30132.9,18079.8,Recharge Well
467.9,59.0,tiles,0.8,3,438.4,160016.0,sandy,94.5,True,False,residential,69000.0,19876.4,0.124,0.624,1656.4,993.8,Storage Tank
2089.1,88.7,pavers,0.7,6,666.4,243236.0,rocky,4.3,True,True,residential,149000.0,116741.0,0.48,20.628,9728.4,5837.1,Storage Tank
415.2,281.2,metal,0.9,2,238.9,87198.5,clay,33.3,False,True,residential,66000.0,94570.9,1.085,8.444,7880.9,4359.9,Storage Tank
804.1,291.5,rcc,0.85,7,1048.1,382556.5,rocky,102.4,True,True,residential,102000.0,179312.3,0.469,2.847,14942.7,8965.6,Storage Tank
494.5,1708.8,rcc,0.85,45,3383.9,1235123.5,clay,527.3,True,False,industrial,448000.0,646426.2,0.523,3.241,53868.8,32321.3,Storage Tank
1291.7,178.3,rcc,0.85,7,1105.2,403398.0,clay,46.7,True,True,residential,134000.0,176187.2,0.437,3.818,14682.3,8809.4,Storage Tank
1336.5,227.2,rcc,0.85,8,1183.9,432123.5,silty,117.4,True,True,residential,122000.0,232294.4,0.538,1.935,19357.9,11614.7,Recharge Well
830.6,1727.0,tiles,0.8,23,838.5,306052.5,clay,258.5,True,True,institutional,347000.0,1032801.3,3.375,6.681,86066.8,15302.6,Storage Tank
952.7,40.7,rcc,0.85,4,513.8,187537.0,loamy,29.7,False,False,residential,145000.0,29662.8,0.158,1.37,2471.9,1483.1,Storage Tank
1298.1,274.6,tiles,0.8,5,747.2,272728.0,clay,113.3,True,False,residential,48000.0,256649.9,0.941,2.424,21387.5,12832.5,Storage Tank
362.4,284.3,rcc,0.85,21,984.2,359233.0,clay,334.9,True,True,commercial,311000.0,78818.2,0.219,0.849,6568.2,3940.9,Storage Tank
1384.7,139.6,rcc,0.85,6,766.5,279772.5,rocky,87.5,True,True,residential,98000.0,147877.7,0.529,1.595,12323.1,7393.9,Storage Tank
650.6,1057.7,rcc,0.85,50,2428.6,886439.0,clay,199.8,True,False,institutional,366000.0,526426.8,0.594,5.294,43868.9,26321.3,Storage Tank
1169.0,278.8,tiles,0.8,4,447.1,163191.5,loamy,17.0,False,False,residential,62000.0,234660.4,1.438,16.4,19555.0,8159.6,Storage Tank
343.4,969.2,tiles,0.8,29,2186.3,797999.5,silty,187.5,True,True,commercial,202000.0,239632.8,0.3,5.169,19969.4,11981.6,Recharge Well
439.1,202.0,rcc,0.85,5,760.5,277582.5,loamy,45.3,True,False,residential,22000.0,67854.1,0.244,4.459,5654.5,3392.7,Storage Tank
944.8,210.7,rcc,0.85,2,318.0,116070.0,rocky,65.3,True,False,residential,57000.0,152288.1,1.312,3.227,12690.7,5803.5,Storage Tank
354.8,191.9,rcc,0.85,14,757.2,276378.0,loamy,22.2,True,True,commercial,107000.0,52085.9,0.188,8.644,4340.5,2604.3,Recharge Pit
2532.5,183.0,metal,0.9,5,594.6,217029.0,loamy,100.6,True,False,residential,35000.0,375392.5,1.73,1.819,31282.7,10851.5,Recharge Well
793.3,497.2,rcc,0.85,37,1948.0,711020.0,silty,287.8,True,True,commercial,142000.0,301738.0,0.424,1.728,25144.8,15086.9,Recharge Well
411.8,121.8,metal,0.9,5,740.5,270282.5,clay,32.5,True,True,residential,139000.0,40627.4,0.15,3.748,3385.6,2031.4,Storage Tank
811.0,37.5,rcc,0.85,4,620.2,226373.0,loamy,41.0,True,True,residential,21000.0,23265.6,0.103,0.915,1938.8,1163.3,Storage Tank
574.2,183.8,rcc,0.85,4,446.0,162790.0,loamy,13.2,False,False,residential,76000.0,80736.5,0.496,13.924,6728.0,4036.8,Storage Tank
1692.2,279.1,rcc,0.85,6,959.2,350108.0,loamy,118.4,False,True,residential,66000.0,361304.2,1.032,2.357,30108.7,17505.4,Recharge Well
857.7,242.7,pavers,0.7,4,457.2,166878.0,loamy,91.4,True,False,residential,87000.0,131143.2,0.786,2.655,10928.6,6557.2,Hybrid System
924.8,153.9,tiles,0.8,6,850.5,310432.5,silty,107.0,True,False,residential,142000.0,102475.2,0.33,1.438,8539.6,5123.8,Hybrid System
719.7,301.3,rcc,0.85,6,787.0,287255.0,sandy,101.7,True,False,residential,129000.0,165886.9,0.577,2.963,13823.9,8294.3,Hybrid System
994.7,547.9,rcc,0.85,30,867.4,316601.0,loamy,80.6,True,False,institutional,197000.0,416922.0,1.317,6.798,34743.5,15830.1,Hybrid System
2399.6,522.4,rcc,0.85,54,2030.7,741205.5,sandy,201.9,True,True,institutional,294000.0,958966.5,1.294,2.587,79913.9,37060.3,Recharge Well
523.5,287.4,rcc,0.85,6,908.8,331712.0,loamy,9.7,True,True,residential,69000.0,115097.2,0.347,29.629,9591.4,5754.9,Storage Tank
384.4,1520.6,rcc,0.85,36,3103.0,1132595.0,sandy,570.3,True,False,industrial,356000.0,447156.8,0.395,2.666,37263.1,22357.8,Hybrid System
1150.6,154.9,metal,0.9,24,1135.8,414567.0,silty,118.5,True,True,commercial,315000.0,144364.6,0.348,1.307,12030.4,7218.2,Recharge Pit
1038.5,958.3,rcc,0.85,37,2056.0,750440.0,loamy,53.1,True,False,commercial,245000.0,761323.8,1.015,18.047,63443.7,37522.0,Hybrid System
811.7,1060.3,metal,0.9,66,2101.5,767047.5,silty,89.8,True,False,institutional,393000.0,697122.9,0.909,11.807,58093.6,34856.1,Hybrid System
416.6,82.2,rcc,0.85,3,459.9,167863.5,silty,47.1,True,False,residential,112000.0,26197.1,0.156,1.745,2183.1,1309.9,Storage Tank
1489.9,516.8,metal,0.9,13,697.3,254514.5,sandy,226.9,True,False,commercial,214000.0,623684.1,2.45,2.278,51973.7,12725.7,Hybrid System
1129.6,112.6,rcc,0.85,7,1030.2,376023.0,loamy,58.9,True,False,residential,35000.0,97302.6,0.259,1.912,8108.6,4865.1,Recharge Pit
462.7,999.4,pavers,0.7,21,1428.0,521220.0,silty,249.2,True,True,commercial,175000.0,291326.1,0.559,4.01,24277.2,14566.3,Recharge Well
2165.2,379.4,rcc,0.85,17,873.0,318645.0,sandy,344.5,True,True,commercial,135000.0,628429.8,1.972,1.101,52369.2,15932.2,Recharge Well
810.8,138.3,metal,0.9,6,805.1,293861.5,clay,60.8,True,False,residential,106000.0,90828.2,0.309,2.275,7569.0,4541.4,Storage Tank
1014.0,34.7,rcc,0.85,7,783.6,286014.0,silty,73.5,True,False,residential,32000.0,26917.1,0.094,0.472,2243.1,1345.9,Recharge Pit
2617.1,87.2,metal,0.9,4,639.2,233308.0,clay,43.1,True,True,residential,81000.0,184851.0,0.792,2.023,15404.2,9242.6,Storage Tank
484.8,163.8,metal,0.9,2,255.7,93330.5,loamy,116.8,False,False,residential,26000.0,64322.3,0.689,1.402,5360.2,3216.1,Recharge Pit
1276.0,835.5,rcc,0.85,21,1569.7,572940.5,sandy,75.8,True,False,commercial,164000.0,815565.0,1.423,11.022,67963.8,28647.0,Hybrid System
1046.1,700.4,tiles,0.8,38,1031.6,376534.0,rocky,84.0,False,False,institutional,239000.0,527535.7,1.401,8.338,43961.3,18826.7,Storage Tank
362.3,54.1,rcc,0.85,3,332.3,121289.5,sandy,13.6,False,False,residential,24000.0,14994.3,0.124,3.978,1249.5,749.7,Storage Tank
715.5,131.6,metal,0.9,8,1134.1,413946.5,silty,56.9,True,True,residential,83000.0,76269.4,0.184,2.313,6355.8,3813.5,Recharge Pit
406.8,218.9,rcc,0.85,4,502.2,183303.0,sandy,18.0,True,True,residential,147000.0,68122.1,0.372,12.161,5676.8,3406.1,Recharge Pit
1256.4,1006.5,rcc,0.85,20,834.8,304702.0,loamy,371.7,True,True,institutional,383000.0,967393.4,3.175,2.708,80616.1,15235.1,Recharge Well
603.4,126.9,rcc,0.85,8,989.8,361277.0,loamy,41.2,False,True,residential,47000.0,58577.2,0.162,3.08,4881.4,2928.9,Recharge Pit
1835.9,367.1,metal,0.9,52,2418.6,882789.0,sandy,145.9,True,False,institutional,268000.0,545906.7,0.618,2.516,45492.2,27295.3,Hybrid System
801.5,238.4,tiles,0.8,2,282.8,103222.0,clay,11.3,True,False,residential,131000.0,137575.9,1.333,21.097,11464.7,5161.1,Storage Tank
540.3,530.6,rcc,0.85,20,1847.0,674155.0,loamy,71.5,True,False,industrial,375000.0,219312.6,0.325,7.421,18276.0,10965.6,Hybrid System
1540.4,272.6,metal,0.9,8,1242.2,453403.0,sandy,87.5,True,False,residential,120000.0,340129.6,0.75,3.115,28344.1,17006.5,Hybrid System
520.9,1363.2,rcc,0.85,41,1921.4,701311.0,loamy,433.1,True,False,institutional,181000.0,543219.5,0.775,3.148,45268.3,27161.0,Hybrid System
374.4,111.7,rcc,0.85,7,771.0,281415.0,rocky,88.7,True,False,residential,100000.0,31992.7,0.114,1.259,2666.1,1599.6,Storage Tank
3112.1,693.9,rcc,0.85,11,782.6,285649.0,silty,121.5,True,True,commercial,286000.0,1652006.9,5.783,5.711,137667.2,14282.5,Recharge Well
384.7,203.6,metal,0.9,7,814.8,297402.0,loamy,98.5,True,False,residential,145000.0,63443.2,0.213,2.067,5286.9,3172.2,Hybrid System
711.9,2028.8,rcc,0.85,31,1477.3,539214.5,sandy,528.4,True,False,industrial,170000.0,1104891.6,2.049,3.84,92074.3,26960.7,Hybrid System
925.9,865.2,metal,0.9,10,635.7,232030.5,loamy,161.1,False,False,commercial,298000.0,648881.8,2.797,5.371,54073.5,11601.5,Hybrid System
940.8,220.4,rcc,0.85,3,473.4,172791.0,loamy,77.7,False,False,residential,145000.0,158624.5,0.918,2.837,13218.7,7931.2,Hybrid System
1378.9,143.9,metal,0.9,8,1030.5,376132.5,loamy,18.7,True,False,residential,129000.0,160723.2,0.427,7.695,13393.6,8036.2,Hybrid System
323.4,220.9,rcc,0.85,2,224.6,81979.0,silty,56.3,True,True,residential,96000.0,54650.9,0.667,3.924,4554.2,2732.5,Recharge Pit
783.9,208.0,rcc,0.85,7,987.5,360437.5,loamy,70.5,True,False,residential,86000.0,124734.2,0.346,2.95,10394.5,6236.7,Hybrid System
326.1,927.1,pavers,0.7,37,2814.8,1027402.0,silty,226.1,False,True,commercial,155000.0,190466.2,0.185,4.1,15872.2,9523.3,Recharge Well
826.6,144.3,rcc,0.85,8,1175.7,429130.5,rocky,85.5,True,False,residential,30000.0,91248.0,0.213,1.688,7604.0,4562.4,Storage Tank
2397.0,254.7,rcc,0.85,7,1095.1,399711.5,rocky,25.0,True,True,residential,109000.0,467044.7,1.168,10.188,38920.4,19985.6,Storage Tank
748.9,107.2,rcc,0.85,8,1260.6,460119.0,silty,26.6,False,False,residential,49000.0,61415.8,0.133,4.03,5118.0,3070.8,Recharge Pit
2006.3,886.2,tiles,0.8,24,1050.5,383432.5,clay,316.3,True,True,commercial,266000.0,1280147.8,3.339,2.802,106679.0,19171.6,Storage Tank
600.0,179.7,metal,0.9,8,927.1,338391.5,clay,92.9,False,False,residential,70000.0,87334.2,0.258,1.934,7277.8,4366.7,Storage Tank
2298.9,806.3,metal,0.9,67,1860.0,678900.0,silty,319.7,False,False,institutional,168000.0,1501418.5,2.212,2.522,125118.2,33945.0,Hybrid System
459.4,733.9,tiles,0.8,20,1906.9,696018.5,loamy,286.4,True,True,industrial,441000.0,242750.6,0.349,2.562,20229.2,12137.5,Recharge Well
368.4,1421.3,metal,0.9,50,2178.8,795262.0,loamy,303.8,True,False,institutional,287000.0,424121.6,0.533,4.678,35343.5,21206.1,Hybrid System
1063.9,32.2,rcc,0.85,6,952.7,347735.5,loamy,51.1,True,False,residential,20000.0,26207.0,0.075,0.63,2183.9,1310.4,Storage Tank
3115.2,1923.5,rcc,0.85,23,1773.5,647327.5,sandy,351.9,True,False,industrial,483000.0,4583946.7,7.081,5.466,381995.6,32366.4,Hybrid System
1087.0,471.2,metal,0.9,66,3821.5,1394847.5,sandy,342.4,True,False,institutional,202000.0,414877.5,0.297,1.376,34573.1,20743.9,Hybrid System
796.3,626.4,rcc,0.85,13,943.2,344268.0,loamy,313.4,True,False,commercial,285000.0,381583.8,1.108,1.999,31798.6,17213.4,Hybrid System
434.3,1585.4,rcc,0.85,17,1142.1,416866.5,loamy,379.1,True,True,industrial,438000.0,526732.5,1.264,4.182,43894.4,20843.3,Recharge Well
1241.0,160.2,metal,0.9,6,855.7,312330.5,rocky,26.5,True,True,residential,115000.0,161034.6,0.516,6.045,13419.6,8051.7,Storage Tank
1029.8,200.4,metal,0.9,2,274.7,100265.5,loamy,87.0,False,False,residential,83000.0,167161.3,1.667,2.303,13930.1,5013.3,Hybrid System
1904.9,787.1,rcc,0.85,36,2079.2,758908.0,silty,193.6,True,False,commercial,127000.0,1147000.3,1.511,4.066,95583.4,37945.4,Hybrid System
709.7,105.0,tiles,0.8,8,1273.5,464827.5,sandy,61.9,True,True,residential,40000.0,53653.3,0.115,1.696,4471.1,2682.7,Recharge Pit
1351.3,1604.9,rcc,0.85,19,1866.3,681199.5,silty,115.5,True,False,industrial,460000.0,1659056.5,2.435,13.895,138254.7,34060.0,Hybrid System
1162.7,62.6,rcc,0.85,5,616.1,224876.5,sandy,113.5,True,True,residential,119000.0,55680.5,0.248,0.552,4640.0,2784.0,Recharge Pit
1306.0,240.6,rcc,0.85,7,1000.8,365292.0,loamy,70.6,False,False,residential,106000.0,240381.1,0.658,3.408,20031.8,12019.1,Hybrid System
2685.6,981.1,rcc,0.85,60,2344.0,855560.0,loamy,269.3,True,True,institutional,303000.0,2015654.3,2.356,3.643,167971.2,42778.0,Recharge Well
341.3,265.7,rcc,0.85,2,243.2,88768.0,loamy,41.5,True,True,residential,107000.0,69372.8,0.782,6.402,5781.1,3468.6,Recharge Pit
746.8,149.5,tiles,0.8,6,855.6,312294.0,rocky,45.2,True,True,residential,122000.0,80385.6,0.257,3.308,6698.8,4019.3,Storage Tank
1382.2,635.1,metal,0.9,35,2641.8,964257.0,sandy,486.9,False,False,industrial,230000.0,711046.5,0.737,1.304,59253.9,35552.3,Hybrid System
628.3,218.2,pavers,0.7,3,477.3,174214.5,rocky,25.2,True,True,residential,76000.0,86369.9,0.496,8.659,7197.5,4318.5,Storage Tank
563.6,177.9,metal,0.9,6,718.2,262143.0,clay,31.2,False,False,residential,132000.0,81214.2,0.31,5.702,6767.8,4060.7,Storage Tank
1050.9,144.1,rcc,0.85,8,1005.5,367007.5,loamy,67.1,True,False,residential,105000.0,115847.5,0.316,2.148,9654.0,5792.4,Hybrid System
2735.9,94.3,tiles,0.8,6,771.5,281597.5,loamy,36.7,True,False,residential,42000.0,185756.7,0.66,2.569,15479.7,9287.8,Recharge Well
736.8,298.7,rcc,0.85,2,228.2,83293.0,loamy,43.3,True,True,residential,85000.0,168362.9,2.021,6.898,14030.2,4164.7,Recharge Well
1045.1,953.1,pavers,0.7,17,897.0,327405.0,loamy,280.6,True,False,commercial,305000.0,627533.4,1.917,3.397,52294.5,16370.2,Hybrid System
790.4,358.0,rcc,0.85,27,1122.2,409603.0,sandy,383.4,True,False,institutional,190000.0,216466.8,0.528,0.934,18038.9,10823.3,Hybrid System
2481.5,46.3,metal,0.9,7,912.2,332953.0,silty,64.0,True,False,residential,83000.0,93063.7,0.28,0.723,7755.3,4653.2,Hybrid System
939.0,281.3,rcc,0.85,3,449.6,164104.0,rocky,50.5,False,False,residential,44000.0,202067.6,1.231,5.57,16839.0,8205.2,Storage Tank
1145.5,511.4,rcc,0.85,16,1097.0,400405.0,loamy,81.2,True,True,commercial,154000.0,448143.7,1.119,6.298,37345.3,20020.2,Recharge Well
582.9,206.4,rcc,0.85,3,390.1,142386.5,sandy,93.3,True,False,residential,60000.0,92037.6,0.646,2.212,7669.8,4601.9,Hybrid System
577.3,1915.3,rcc,0.85,37,1846.0,673790.0,clay,330.2,False,False,industrial,475000.0,845862.6,1.255,5.8,70488.6,33689.5,Storage Tank
351.3,157.5,metal,0.9,8,975.4,356021.0,clay,15.5,True,True,residential,36000.0,44817.1,0.126,10.161,3734.8,2240.9,Storage Tank
561.6,186.8,pavers,0.7,4,549.3,200494.5,sandy,66.2,True,True,residential,140000.0,66091.3,0.33,2.822,5507.6,3304.6,Recharge Pit
655.1,745.6,rcc,0.85,17,1038.6,379089.0,loamy,252.6,False,False,commercial,298000.0,373658.6,0.986,2.952,31138.2,18682.9,Hybrid System
596.2,301.9,metal,0.9,4,623.3,227504.5,sandy,96.2,True,True,residential,38000.0,145794.2,0.641,3.138,12149.5,7289.7,Recharge Well
1521.4,66.0,rcc,0.85,4,553.7,202100.5,loamy,93.3,True,True,residential,113000.0,76815.5,0.38,0.707,6401.3,3840.8,Recharge Pit
841.9,972.3,rcc,0.85,26,1166.9,425918.5,silty,163.7,True,True,commercial,92000.0,626213.2,1.47,5.94,52184.4,21295.9,Recharge Well
1010.7,1580.7,tiles,0.8,36,2466.5,900272.5,loamy,214.1,True,True,industrial,234000.0,1150281.7,1.278,7.383,95856.8,45013.6,Recharge Well
636.1,296.7,rcc,0.85,7,941.2,343538.0,clay,47.8,True,False,residential,61000.0,144379.1,0.42,6.207,12031.6,7219.0,Storage Tank
2107.3,660.4,rcc,0.85,29,1521.2,555238.0,silty,335.9,True,True,commercial,183000.0,1064620.6,1.917,1.966,88718.4,27761.9,Recharge Well
1408.7,303.9,tiles,0.8,8,1224.9,447088.5,loamy,82.2,False,True,residential,126000.0,308234.8,0.689,3.697,25686.2,15411.7,Recharge Well
1671.2,194.6,rcc,0.85,7,1104.5,403142.5,loamy,42.0,True,False,residential,102000.0,248789.9,0.617,4.633,20732.5,12439.5,Hybrid System
1002.3,770.9,tiles,0.8,11,837.0,305505.0,loamy,55.4,True,True,commercial,278000.0,556324.6,1.821,13.915,46360.4,15275.2,Recharge Well
664.5,242.4,metal,0.9,8,997.3,364014.5,loamy,35.3,True,True,residential,66000.0,130470.6,0.358,6.867,10872.6,6523.5,Recharge Pit
557.6,119.0,metal,0.9,2,251.5,91797.5,loamy,72.6,True,True,residential,49000.0,53747.1,0.585,1.639,4478.9,2687.4,Recharge Pit
640.8,1598.5,metal,0.9,42,1270.9,463878.5,loamy,457.0,True,False,institutional,219000.0,829698.2,1.789,3.498,69141.5,23193.9,Hybrid System
2800.0,1296.8,rcc,0.85,22,1696.2,619113.0,clay,284.1,True,True,industrial,182000.0,2777745.6,4.487,4.565,231478.8,30955.7,Storage Tank
406.2,156.8,metal,0.9,5,678.0,247470.0,silty,11.8,True,False,residential,39000.0,51590.6,0.208,13.288,4299.2,2579.5,Storage Tank
770.0,280.2,rcc,0.85,5,790.8,288642.0,clay,101.3,True,False,residential,139000.0,165051.8,0.572,2.766,13754.3,8252.6,Storage Tank
846.8,264.7,metal,0.9,4,470.6,171769.0,sandy,68.2,True,True,residential,33000.0,181559.8,1.057,3.881,15130.0,8588.5,Recharge Well
474.9,1762.0,rcc,0.85,37,2173.7,793400.5,silty,113.7,True,True,industrial,156000.0,640132.0,0.807,15.497,53344.3,32006.6,Recharge Well
1935.5,101.0,tiles,0.8,5,681.0,248565.0,sandy,9.4,True,True,residential,20000.0,140749.6,0.566,10.745,11729.1,7037.5,Storage Tank
736.2,76.6,pavers,0.7,2,318.1,116106.5,sandy,93.4,True,False,residential,132000.0,35527.5,0.306,0.82,2960.6,1776.4,Storage Tank
2860.7,74.3,rcc,0.85,2,284.0,103660.0,sandy,109.3,True,False,residential,143000.0,162600.8,1.569,0.68,13550.1,5183.0,Hybrid System
778.0,233.1,metal,0.9,2,264.7,96615.5,rocky,5.3,False,False,residential,25000.0,146895.0,1.52,43.981,12241.2,4830.8,Storage Tank
1061.8,170.7,tiles,0.8,7,1107.7,404310.5,rocky,56.6,False,False,residential,74000.0,130499.5,0.323,3.016,10875.0,6525.0,Storage Tank
839.3,240.8,rcc,0.85,7,973.3,355254.5,loamy,39.2,True,True,residential,122000.0,154609.1,0.435,6.143,12884.1,7730.5,Recharge Pit
1012.3,202.2,rcc,0.85,3,427.9,156183.5,rocky,44.1,True,False,residential,121000.0,156585.6,1.003,4.585,13048.8,7809.2,Storage Tank
1133.0,123.1,rcc,0.85,3,347.8,126947.0,loamy,116.4,False,True,residential,101000.0,106696.3,0.84,1.058,8891.4,5334.8,Recharge Pit
1122.1,104.3,tiles,0.8,4,487.0,177755.0,loamy,82.6,True,False,residential,87000.0,84265.2,0.474,1.263,7022.1,4213.3,Hybrid System
2713.1,75.4,rcc,0.85,7,795.5,290357.5,loamy,110.3,True,False,residential,82000.0,156494.3,0.539,0.684,13041.2,7824.7,Hybrid System
1742.4,310.9,pavers,0.7,6,787.4,287401.0,silty,65.2,True,False,residential,140000.0,341278.7,1.187,4.768,28439.9,14370.1,Hybrid System
483.0,1089.9,rcc,0.85,27,1438.2,524943.0,loamy,351.3,True,True,industrial,196000.0,402712.6,0.767,3.102,33559.4,20135.6,Recharge Well
785.0,101.8,rcc,0.85,5,568.5,207502.5,sandy,19.5,True,False,residential,101000.0,61133.4,0.295,5.221,5094.4,3056.7,Hybrid System
1749.7,56.1,pavers,0.7,6,703.4,256741.0,rocky,8.8,True,False,residential,21000.0,61839.6,0.241,6.375,5153.3,3092.0,Storage Tank
1051.8,318.7,rcc,0.85,7,1102.2,402303.0,loamy,84.5,True,True,residential,121000.0,256434.6,0.637,3.772,21369.5,12821.7,Recharge Well
1029.4,1032.8,tiles,0.8,30,1941.1,708501.5,loamy,138.2,False,True,industrial,306000.0,765478.3,1.08,7.473,63789.9,35425.1,Recharge Well
333.0,306.0,pavers,0.7,5,571.9,208743.5,rocky,81.9,False,True,residential,43000.0,64195.7,0.308,3.736,5349.6,3209.8,Storage Tank
1242.9,278.1,pavers,0.7,8,1088.8,397412.0,loamy,40.3,True,True,residential,76000.0,217759.8,0.548,6.901,18146.6,10888.0,Recharge Well
1222.2,55.1,metal,0.9,7,1049.4,383031.0,loamy,23.3,True,False,residential,75000.0,54548.0,0.142,2.365,4545.7,2727.4,Storage Tank
480.6,316.6,rcc,0.85,6,665.9,243053.5,sandy,31.3,True,True,residential,119000.0,116400.8,0.479,10.115,9700.1,5820.0,Recharge Well
1072.3,742.7,rcc,0.85,15,649.9,237213.5,sandy,225.6,True,False,industrial,372000.0,609243.9,2.568,3.292,50770.3,11860.7,Hybrid System
1556.8,279.4,rcc,0.85,7,1000.8,365292.0,clay,117.3,False,True,residential,127000.0,332752.0,0.911,2.382,27729.3,16637.6,Storage Tank
960.5,37.8,tiles,0.8,2,245.4,89571.0,loamy,83.5,True,True,residential,46000.0,26141.0,0.292,0.453,2178.4,1307.1,Recharge Pit
839.9,1531.3,rcc,0.85,48,2037.3,743614.5,loamy,72.8,True,False,institutional,235000.0,983896.2,1.323,21.034,81991.3,37180.7,Hybrid System
1190.1,1082.4,rcc,0.85,27,819.2,299008.0,sandy,52.3,False,False,institutional,337000.0,985445.6,3.296,20.696,82120.5,14950.4,Hybrid System
673.1,311.2,tiles,0.8,6,893.1,325981.5,loamy,31.0,False,True,residential,69000.0,150817.5,0.463,10.039,12568.1,7540.9,Recharge Well
508.2,854.0,metal,0.9,30,1336.5,487822.5,loamy,356.3,True,True,institutional,331000.0,351542.3,0.721,2.397,29295.2,17577.1,Recharge Well
1154.6,1672.8,metal,0.9,25,1389.5,507167.5,loamy,322.0,True,False,institutional,207000.0,1564446.1,3.085,5.195,130370.5,25358.4,Hybrid System
2162.2,192.5,tiles,0.8,6,715.2,261048.0,loamy,86.1,False,False,residential,92000.0,299680.9,1.148,2.236,24973.4,13052.4,Hybrid System
494.4,766.7,tiles,0.8,22,729.3,266194.5,loamy,474.9,True,True,institutional,262000.0,272920.7,1.025,1.614,22743.4,13309.7,Recharge Well
1789.8,449.3,rcc,0.85,19,1255.5,458257.5,loamy,45.0,False,True,commercial,171000.0,615180.2,1.342,9.984,51265.0,22912.9,Recharge Well
995.6,429.2,rcc,0.85,37,2843.7,1037950.5,rocky,81.0,True,True,commercial,265000.0,326893.3,0.315,5.299,27241.1,16344.7,Storage Tank
377.5,246.4,metal,0.9,3,469.1,171221.5,loamy,110.7,True,False,residential,114000.0,75343.0,0.44,2.226,6278.6,3767.2,Hybrid System
1061.7,260.4,rcc,0.85,8,1209.8,441577.0,rocky,46.7,True,False,residential,34000.0,211497.0,0.479,5.576,17624.8,10574.9,Storage Tank
867.4,103.4,pavers,0.7,2,235.1,85811.5,silty,17.2,True,False,residential,87000.0,56504.2,0.658,6.012,4708.7,2825.2,Storage Tank
977.3,486.9,rcc,0.85,33,1186.1,432926.5,sandy,312.6,True,False,commercial,101000.0,364023.2,0.841,1.558,30335.3,18201.2,Hybrid System
892.1,58.3,rcc,0.85,5,588.1,214656.5,silty,79.8,True,True,residential,73000.0,39787.2,0.185,0.731,3315.6,1989.4,Recharge Pit
1621.7,302.0,rcc,0.85,14,758.2,276743.0,sandy,80.8,True,False,commercial,120000.0,374661.4,1.354,3.738,31221.8,13837.2,Hybrid System
396.4,749.0,rcc,0.85,27,1948.3,711129.5,sandy,62.6,True,True,commercial,106000.0,227131.3,0.319,11.965,18927.6,11356.6,Recharge Well
816.1,314.2,rcc,0.85,4,487.2,177828.0,silty,20.2,True,False,residential,84000.0,196160.2,1.103,15.554,16346.7,8891.4,Hybrid System
495.4,779.8,rcc,0.85,25,1417.9,517533.5,silty,120.9,False,False,institutional,238000.0,295529.4,0.571,6.45,24627.5,14776.5,Hybrid System
394.8,131.1,rcc,0.85,2,290.0,105850.0,rocky,0.7,True,True,residential,34000.0,39595.1,0.374,131.1,3299.6,1979.8,Storage Tank
2051.6,208.4,metal,0.9,7,778.8,284262.0,silty,87.0,True,False,residential,150000.0,346318.3,1.218,2.395,28859.9,14213.1,Hybrid System
1062.2,331.2,rcc,0.85,37,2876.2,1049813.0,loamy,43.9,True,False,commercial,167000.0,269127.5,0.256,7.544,22427.3,13456.4,Hybrid System
645.1,1820.0,metal,0.9,36,2284.8,833952.0,loamy,237.0,False,False,industrial,461000.0,951006.4,1.14,7.679,79250.5,41697.6,Hybrid System
700.5,236.5,tiles,0.8,7,804.1,293496.5,sandy,29.1,True,False,residential,54000.0,119281.1,0.406,8.127,9940.1,5964.1,Recharge Pit
1527.1,210.9,tiles,0.8,4,492.3,179689.5,rocky,70.1,True,False,residential,30000.0,231887.1,1.29,3.009,19323.9,8984.5,Storage Tank
1723.0,738.6,rcc,0.85,27,2425.0,885125.0,loamy,59.7,True,True,industrial,226000.0,973545.0,1.1,12.372,81128.8,44256.2,Recharge Well
835.3,163.8,metal,0.9,4,571.1,208451.5,sandy,118.2,True,True,residential,126000.0,110825.9,0.532,1.386,9235.5,5541.3,Recharge Pit
360.3,174.8,metal,0.9,8,993.8,362737.0,loamy,110.3,False,True,residential,37000.0,51014.2,0.141,1.585,4251.2,2550.7,Recharge Pit
2726.3,281.6,rcc,0.85,3,334.8,122202.0,sandy,115.7,True,True,residential,74000.0,587310.5,4.806,2.434,48942.5,6110.1,Recharge Well
589.7,81.2,rcc,0.85,5,686.1,250426.5,sandy,112.5,True,True,residential,24000.0,36631.0,0.146,0.722,3052.6,1831.6,Storage Tank
1167.2,477.2,metal,0.9,15,545.9,199253.5,clay,246.1,True,False,commercial,309000.0,451160.2,2.264,1.939,37596.7,9962.7,Storage Tank
1455.8,95.4,rcc,0.85,7,956.3,349049.5,loamy,40.4,True,False,residential,58000.0,106245.7,0.304,2.361,8853.8,5312.3,Storage Tank
624.4,663.9,metal,0.9,39,2930.2,1069523.0,loamy,323.8,True,False,commercial,275000.0,335776.7,0.314,2.05,27981.4,16788.8,Hybrid System
2358.5,133.5,rcc,0.85,3,409.1,149321.5,clay,103.2,True,True,residential,26000.0,240867.7,1.613,1.294,20072.3,7466.1,Storage Tank
1696.4,305.3,rcc,0.85,5,661.1,241301.5,loamy,37.0,False,True,residential,76000.0,396201.9,1.642,8.251,33016.8,12065.1,Recharge Well
1337.4,1770.2,rcc,0.85,53,2388.9,871948.5,loamy,372.0,False,False,institutional,432000.0,1811111.1,2.077,4.759,150925.9,43597.4,Hybrid System
1628.9,743.2,rcc,0.85,19,1019.9,372263.5,sandy,341.8,False,False,industrial,265000.0,926107.8,2.488,2.174,77175.7,18613.2,Hybrid System
1137.5,125.1,metal,0.9,3,439.0,160235.0,loamy,35.6,True,False,residential,110000.0,115264.0,0.719,3.514,9605.3,5763.2,Hybrid System
1043.0,718.0,rcc,0.85,30,2107.0,769055.0,silty,289.4,True,True,commercial,347000.0,572888.6,0.745,2.481,47740.7,28644.4,Recharge Well
366.5,38.2,rcc,0.85,6,675.2,246448.0,loamy,46.5,True,False,residential,104000.0,10710.2,0.043,0.822,892.5,535.5,Storage Tank
660.6,178.1,rcc,0.85,7,1040.5,379782.5,loamy,68.3,True,False,residential,55000.0,90004.4,0.237,2.608,7500.4,4500.2,Storage Tank
1265.6,97.4,metal,0.9,2,292.9,106908.5,loamy,7.5,True,True,residential,143000.0,99848.2,0.934,12.987,8320.7,4992.4,Storage Tank
321.4,54.2,rcc,0.85,7,913.8,333537.0,sandy,38.0,False,False,residential,88000.0,13326.2,0.04,1.426,1110.5,666.3,Storage Tank
356.6,150.9,metal,0.9,2,303.8,110887.0,sandy,9.0,True,False,residential,35000.0,43586.9,0.393,16.767,3632.2,2179.3,Storage Tank
490.2,81.5,rcc,0.85,2,240.7,87855.5,loamy,119.0,True,False,residential,64000.0,30562.7,0.348,0.685,2546.9,1528.1,Recharge Pit
736.7,630.2,rcc,0.85,15,993.1,362481.5,sandy,131.0,True,True,commercial,245000.0,355165.3,0.98,4.811,29597.1,17758.3,Recharge Well
990.0,1789.0,tiles,0.8,41,1227.1,447891.5,loamy,340.9,False,True,institutional,432000.0,1275199.2,2.847,5.248,106266.6,22394.6,Recharge Well
1933.0,256.7,rcc,0.85,4,502.8,183522.0,sandy,87.2,False,False,residential,49000.0,379593.8,2.068,2.944,31632.8,9176.1,Recharge Well
2334.7,285.2,rcc,0.85,7,893.7,326200.5,sandy,17.1,True,True,residential,121000.0,509380.2,1.562,16.678,42448.3,16310.0,Storage Tank
747.7,49.7,tiles,0.8,8,1269.3,463294.5,rocky,39.2,True,True,residential,44000.0,26755.7,0.058,1.268,2229.6,1337.8,Storage Tank
1817.4,733.2,metal,0.9,22,1035.7,378030.5,loamy,246.7,True,True,commercial,108000.0,1079339.3,2.855,2.972,89944.9,18901.5,Recharge Well
368.2,184.3,tiles,0.8,3,382.9,139758.5,loamy,111.7,False,False,residential,145000.0,48858.7,0.35,1.65,4071.6,2442.9,Storage Tank
1167.8,144.9,rcc,0.85,4,579.8,211627.0,loamy,58.3,True,True,residential,45000.0,129448.9,0.612,2.485,10787.4,6472.4,Recharge Pit
1071.9,87.9,metal,0.9,7,801.0,292365.0,loamy,51.4,True,True,residential,76000.0,76318.2,0.261,1.71,6359.8,3815.9,Recharge Pit
509.6,35.3,rcc,0.85,5,568.3,207429.5,sandy,79.2,True,False,residential,141000.0,13761.5,0.066,0.446,1146.8,688.1,Storage Tank
1426.5,307.3,tiles,0.8,6,949.0,346385.0,silty,72.6,False,True,residential,141000.0,315621.7,0.911,4.233,26301.8,15781.1,Recharge Well
1396.7,122.3,rcc,0.85,7,1113.1,406281.5,rocky,80.0,True,True,residential,137000.0,130674.6,0.322,1.529,10889.6,6533.7,Storage Tank
480.3,479.2,rcc,0.85,19,795.1,290211.5,clay,284.9,True,False,commercial,122000.0,176072.2,0.607,1.682,14672.7,8803.6,Storage Tank
1135.5,647.6,rcc,0.85,13,986.6,360109.0,sandy,102.4,True,False,commercial,272000.0,562542.6,1.562,6.324,46878.5,18005.5,Hybrid System
579.4,965.8,rcc,0.85,41,3525.6,1286844.0,sandy,531.3,True,True,industrial,406000.0,428082.2,0.333,1.818,35673.5,21404.1,Recharge Well
907.8,216.6,rcc,0.85,3,425.2,155198.0,loamy,82.8,True,False,residential,122000.0,150421.6,0.969,2.616,12535.1,7521.1,Hybrid System
1360.1,1274.0,pavers,0.7,20,1049.4,383031.0,loamy,432.1,False,True,institutional,359000.0,1091643.5,2.85,2.948,90970.3,19151.5,Recharge Well
1623.5,857.7,rcc,0.85,25,888.5,324302.5,clay,339.8,True,False,commercial,219000.0,1065244.1,3.285,2.524,88770.3,16215.1,Storage Tank
883.3,1814.9,rcc,0.85,19,856.1,312476.5,clay,549.6,True,False,industrial,465000.0,1226372.4,3.925,3.302,102197.7,15623.8,Storage Tank
678.2,1377.6,pavers,0.7,25,1470.5,536732.5,sandy,91.2,True,True,institutional,137000.0,588601.6,1.097,15.105,49050.1,26836.6,Recharge Well
492.2,979.6,tiles,0.8,24,1340.3,489209.5,loamy,218.7,True,True,commercial,294000.0,347154.6,0.71,4.479,28929.5,17357.7,Recharge Well
1436.2,762.5,rcc,0.85,22,1532.9,559508.5,loamy,312.1,True,False,commercial,276000.0,837753.4,1.497,2.443,69812.8,27975.4,Hybrid System
608.8,317.1,metal,0.9,3,387.3,141364.5,loamy,37.0,True,False,residential,92000.0,156370.9,1.106,8.57,13030.9,7068.2,Hybrid System
1136.9,889.8,rcc,0.85,23,1445.8,527717.0,silty,96.0,True,False,commercial,178000.0,773884.4,1.466,9.269,64490.4,26385.9,Hybrid System
392.6,117.1,rcc,0.85,8,959.6,350254.0,silty,63.8,True,False,residential,52000.0,35169.7,0.1,1.835,2930.8,1758.5,Recharge Pit
1131.2,398.0,pavers,0.7,14,706.6,257909.0,loamy,95.9,True,False,commercial,157000.0,283637.1,1.1,4.15,23636.4,12895.5,Hybrid System
1795.5,246.9,tiles,0.8,8,926.3,338099.5,clay,23.5,False,False,residential,86000.0,319182.4,0.944,10.506,26598.5,15959.1,Storage Tank
2325.8,204.2,rcc,0.85,8,1187.4,433401.0,clay,81.1,True,False,residential,103000.0,363320.2,0.838,2.518,30276.7,18166.0,Storage Tank
2137.9,644.5,tiles,0.8,35,958.1,349706.5,sandy,153.1,False,False,institutional,312000.0,992071.1,2.837,4.21,82672.6,17485.3,Hybrid System
386.3,444.1,tiles,0.8,33,1892.6,690799.0,clay,346.1,True,False,commercial,99000.0,123520.2,0.179,1.283,10293.4,6176.0,Storage Tank
2040.3,635.7,rcc,0.85,42,1309.6,478004.0,rocky,103.9,True,False,institutional,327000.0,992219.3,2.076,6.118,82684.9,23900.2,Storage Tank
584.3,1876.7,metal,0.9,35,2090.0,762850.0,silty,163.0,True,True,industrial,433000.0,888210.2,1.164,11.513,74017.5,38142.5,Recharge Well
317.6,59.2,rcc,0.85,3,383.7,140050.5,silty,53.4,True,True,residential,97000.0,14383.5,0.103,1.109,1198.6,719.2,Recharge Pit
2117.7,290.8,rcc,0.85,5,708.6,258639.0,sandy,57.8,True,False,residential,85000.0,471107.8,1.821,5.031,39259.0,12932.0,Hybrid System
2233.2,920.2,rcc,0.85,23,1633.5,596227.5,loamy,167.0,True,False,industrial,366000.0,1572067.8,2.637,5.51,131005.7,29811.4,Hybrid System
864.9,100.5,rcc,0.85,3,438.6,160089.0,loamy,108.7,True,False,residential,145000.0,66495.7,0.415,0.925,5541.3,3324.8,Hybrid System
318.7,1177.6,rcc,0.85,47,2290.2,835923.0,silty,284.7,True,True,institutional,252000.0,287105.4,0.343,4.136,23925.5,14355.3,Recharge Well
2072.0,155.9,metal,0.9,3,383.1,139831.5,loamy,45.1,True,False,residential,120000.0,261650.1,1.871,3.457,21804.2,6991.6,Hybrid System
1222.9,97.3,rcc,0.85,5,750.9,274078.5,loamy,42.1,False,True,residential,22000.0,91026.0,0.332,2.311,7585.5,4551.3,Storage Tank
2301.3,175.4,metal,0.9,4,460.9,168228.5,clay,7.8,True,True,residential,98000.0,326954.9,1.944,22.487,27246.2,8411.4,Storage Tank
848.2,224.6,rcc,0.85,5,629.0,229585.0,sandy,91.9,True,True,residential,62000.0,145736.9,0.635,2.444,12144.7,7286.8,Recharge Pit
442.8,61.5,rcc,0.85,6,834.6,304629.0,silty,98.1,True,False,residential,86000.0,20832.6,0.068,0.627,1736.0,1041.6,Storage Tank
2176.2,144.3,rcc,0.85,5,720.5,262982.5,rocky,12.7,True,False,residential,145000.0,240229.6,0.913,11.362,20019.1,12011.5,Storage Tank
1026.1,66.7,rcc,0.85,6,888.8,324412.0,clay,40.4,True,False,residential,83000.0,52357.3,0.161,1.651,4363.1,2617.9,Storage Tank
628.7,193.6,rcc,0.85,6,812.6,296599.0,clay,37.5,True,True,residential,146000.0,93113.0,0.314,5.163,7759.4,4655.7,Storage Tank
2189.9,66.4,pavers,0.7,4,446.6,163009.0,sandy,50.2,True,False,residential,75000.0,91607.9,0.562,1.323,7634.0,4580.4,Hybrid System
963.0,219.5,tiles,0.8,5,585.7,213780.5,loamy,66.9,True,True,residential,26000.0,152192.5,0.712,3.281,12682.7,7609.6,Recharge Pit
831.5,307.7,tiles,0.8,8,924.8,337552.0,clay,114.4,True,False,residential,116000.0,184213.8,0.546,2.69,15351.1,9210.7,Storage Tank
2659.6,861.5,metal,0.9,39,2383.4,869941.0,rocky,217.1,True,True,commercial,291000.0,1855908.8,2.133,3.968,154659.1,43497.1,Storage Tank
2167.3,1592.2,metal,0.9,66,1949.8,711677.0,silty,241.1,True,True,institutional,109000.0,2795127.8,3.928,6.604,232927.3,35583.8,Recharge Well
1090.5,759.1,rcc,0.85,19,1131.8,413107.0,loamy,365.6,True,True,industrial,293000.0,633265.9,1.533,2.076,52772.2,20655.4,Recharge Well
1055.0,687.2,pavers,0.7,17,679.0,247835.0,sandy,288.3,True,False,commercial,220000.0,456747.5,1.843,2.384,38062.3,12391.8,Hybrid System
1101.6,251.7,rcc,0.85,3,438.4,160016.0,loamy,100.1,True,False,residential,112000.0,212113.6,1.326,2.514,17676.1,8000.8,Hybrid System
1512.5,625.5,metal,0.9,18,1268.9,463148.5,silty,321.3,True,False,commercial,281000.0,766315.7,1.655,1.947,63859.6,23157.4,Hybrid System
565.1,231.6,rcc,0.85,8,1270.5,463732.5,loamy,103.2,True,False,residential,93000.0,100121.0,0.216,2.244,8343.4,5006.1,Hybrid System
2045.9,414.6,rcc,0.85,23,1596.2,582613.0,clay,111.4,True,False,commercial,162000.0,648896.1,1.114,3.722,54074.7,29130.7,Storage Tank
628.7,225.5,rcc,0.85,6,791.4,288861.0,sandy,83.0,False,True,residential,147000.0,108455.5,0.375,2.717,9038.0,5422.8,Recharge Pit
805.0,118.0,rcc,0.85,7,963.8,351787.0,loamy,0.9,True,False,residential,129000.0,72667.4,0.207,118.0,6055.6,3633.4,Storage Tank
303.5,1199.1,rcc,0.85,26,2327.0,849355.0,rocky,323.9,True,False,industrial,287000.0,278404.0,0.328,3.702,23200.3,13920.2,Storage Tank
689.0,38.2,metal,0.9,2,261.2,95338.0,clay,68.6,True,False,residential,24000.0,21319.0,0.224,0.557,1776.6,1066.0,Storage Tank
1317.1,97.3,metal,0.9,6,898.1,327806.5,loamy,61.4,False,True,residential,67000.0,103804.6,0.317,1.585,8650.4,5190.2,Recharge Pit
1218.2,953.5,rcc,0.85,37,2022.8,738322.0,sandy,393.5,True,False,industrial,241000.0,888588.6,1.204,2.423,74049.1,36916.1,Hybrid System
901.9,262.7,rcc,0.85,10,661.7,241520.5,rocky,162.3,True,True,commercial,316000.0,181250.8,0.75,1.619,15104.2,9062.5,Storage Tank
503.6,165.1,tiles,0.8,5,688.9,251448.5,rocky,95.5,True,False,residential,68000.0,59863.9,0.238,1.729,4988.7,2993.2,Storage Tank
1165.5,147.2,tiles,0.8,3,425.9,155453.5,clay,5.1,True,False,residential,69000.0,123524.4,0.795,28.863,10293.7,6176.2,Storage Tank
3015.8,1638.4,rcc,0.85,26,1312.4,479026.0,loamy,475.9,True,True,industrial,230000.0,3779931.3,7.891,3.443,314994.3,23951.3,Recharge Well
694.2,128.1,rcc,0.85,8,892.3,325689.5,silty,119.1,False,False,residential,128000.0,68029.2,0.209,1.076,5669.1,3401.5,Hybrid System
495.8,163.3,rcc,0.85,8,995.0,363175.0,sandy,59.7,True,True,residential,41000.0,61937.6,0.171,2.735,5161.5,3096.9,Recharge Pit
2508.0,556.3,rcc,0.85,14,1002.8,366022.0,loamy,337.4,True,True,commercial,279000.0,1067328.3,2.916,1.649,88944.0,18301.1,Recharge Well
930.4,425.1,rcc,0.85,39,1661.7,606520.5,sandy,347.2,True,False,commercial,271000.0,302567.5,0.499,1.224,25214.0,15128.4,Hybrid System
883.2,298.8,rcc,0.85,7,849.0,309885.0,silty,10.4,True,False,residential,98000.0,201883.6,0.651,28.731,16823.6,10094.2,Storage Tank
1547.6,36.9,rcc,0.85,2,250.0,91250.0,silty,33.5,True,False,residential,147000.0,43686.4,0.479,1.101,3640.5,2184.3,Recharge Pit
1963.3,115.6,rcc,0.85,8,1099.0,401135.0,sandy,111.8,True,False,residential,55000.0,173622.5,0.433,1.034,14468.5,8681.1,Storage Tank
1192.6,105.5,metal,0.9,5,765.1,279261.5,loamy,100.8,True,False,residential,113000.0,101913.6,0.365,1.047,8492.8,5095.7,Hybrid System
2037.9,153.2,rcc,0.85,6,956.0,348940.0,loamy,68.8,False,True,residential,128000.0,238837.8,0.684,2.227,19903.1,11941.9,Recharge Well
3098.0,257.7,metal,0.9,6,758.6,276889.0,loamy,118.3,True,True,residential,134000.0,646667.2,2.335,2.178,53888.9,13844.5,Recharge Well
1025.8,202.2,tiles,0.8,3,430.4,157096.0,rocky,115.1,True,False,residential,88000.0,149340.1,0.951,1.757,12445.0,7467.0,Storage Tank
494.8,319.0,tiles,0.8,3,427.9,156183.5,loamy,73.0,True,False,residential,54000.0,113645.7,0.728,4.37,9470.5,5682.3,Recharge Well
1456.1,1781.5,rcc,0.85,49,2658.2,970243.0,loamy,64.1,True,True,institutional,268000.0,1984442.2,2.045,27.793,165370.2,48512.2,Recharge Well
1094.7,1268.4,metal,0.9,36,1624.8,593052.0,sandy,166.2,True,False,institutional,203000.0,1124699.2,1.896,7.632,93724.9,29652.6,Hybrid System
392.1,1065.0,tiles,0.8,68,2349.2,857458.0,loamy,78.1,True,False,institutional,110000.0,300662.3,0.351,13.636,25055.2,15033.1,Hybrid System
577.9,311.2,rcc,0.85,7,990.4,361496.0,sandy,33.5,True,False,residential,118000.0,137579.5,0.381,9.29,11465.0,6879.0,Hybrid System
349.7,37.7,metal,0.9,5,687.8,251047.0,rocky,77.9,True,False,residential,25000.0,10678.8,0.043,0.484,889.9,533.9,Storage Tank
3129.4,243.6,pavers,0.7,7,853.9,311673.5,silty,49.6,True,False,residential,96000.0,480262.8,1.541,4.911,40021.9,15583.7,Hybrid System
1835.0,943.2,tiles,0.8,16,1026.2,374563.0,loamy,227.7,True,True,industrial,384000.0,1246155.8,3.327,4.142,103846.3,18728.2,Recharge Well
1448.4,122.0,metal,0.9,3,404.2,147533.0,loamy,71.5,True,True,residential,130000.0,143130.9,0.97,1.706,11927.6,7156.5,Recharge Pit
1395.4,36.8,rcc,0.85,2,277.2,101178.0,loamy,54.9,False,False,residential,120000.0,39283.3,0.388,0.67,3273.6,1964.2,Storage Tank
2082.6,109.1,metal,0.9,6,698.2,254843.0,clay,54.9,False,True,residential,81000.0,184041.4,0.722,1.987,15336.8,9202.1,Storage Tank
814.1,2259.7,metal,0.9,49,2271.2,828988.0,loamy,163.7,True,True,industrial,423000.0,1490093.6,1.797,13.804,124174.5,41449.4,Recharge Well
2103.7,164.8,pavers,0.7,2,235.2,85848.0,loamy,22.1,True,False,residential,80000.0,218414.5,2.544,7.457,18201.2,4292.4,Recharge Well
363.4,1315.6,rcc,0.85,68,4004.4,1461606.0,loamy,70.4,True,True,institutional,391000.0,365738.1,0.25,18.687,30478.2,18286.9,Recharge Well
822.8,134.7,pavers,0.7,2,292.3,106689.5,sandy,99.6,True,True,residential,99000.0,69823.6,0.654,1.352,5818.6,3491.2,Recharge Pit
908.8,70.1,rcc,0.85,7,1034.5,377592.5,sandy,95.9,True,False,residential,56000.0,48735.8,0.129,0.731,4061.3,2436.8,Storage Tank
1109.7,989.1,rcc,0.85,38,1822.1,665066.5,loamy,341.9,True,False,commercial,167000.0,839667.3,1.263,2.893,69972.3,33253.3,Hybrid System
706.7,1952.3,tiles,0.8,33,2303.1,840631.5,loamy,123.5,True,False,industrial,237000.0,993377.1,1.182,15.808,82781.4,42031.6,Hybrid System
603.3,255.2,rcc,0.85,4,460.1,167936.5,silty,21.7,True,False,residential,100000.0,117781.1,0.701,11.76,9815.1,5889.1,Hybrid System
1269.1,295.0,rcc,0.85,5,568.3,207429.5,loamy,40.5,True,False,residential,73000.0,286404.1,1.381,7.284,23867.0,10371.5,Hybrid System
1118.4,62.2,metal,0.9,8,994.0,362810.0,clay,74.7,True,False,residential,98000.0,56347.2,0.155,0.833,4695.6,2817.4,Storage Tank
1690.8,1414.2,rcc,0.85,21,768.9,280648.5,silty,208.5,True,True,institutional,129000.0,1829214.0,6.518,6.783,152434.5,14032.4,Recharge Well
2029.3,1405.2,rcc,0.85,19,1099.4,401281.0,rocky,161.0,True,True,industrial,177000.0,2181452.9,5.436,8.728,181787.7,20064.1,Storage Tank
2778.5,61.3,rcc,0.85,8,1064.8,388652.0,sandy,28.6,True,True,residential,32000.0,130296.4,0.335,2.143,10858.0,6514.8,Recharge Pit
575.6,305.2,rcc,0.85,5,565.0,206225.0,loamy,7.5,True,True,residential,100000.0,134389.9,0.652,40.693,11199.2,6719.5,Storage Tank
2772.0,68.8,rcc,0.85,3,459.3,167644.5,sandy,117.2,True,True,residential,131000.0,145895.9,0.87,0.587,12158.0,7294.8,Recharge Pit
536.6,111.3,rcc,0.85,7,1028.2,375293.0,sandy,3.0,True,False,residential,90000.0,45688.5,0.122,37.1,3807.4,2284.4,Storage Tank
627.5,358.7,rcc,0.85,42,1543.9,563523.5,silty,195.8,True,True,institutional,363000.0,172189.5,0.306,1.832,14349.1,8609.5,Recharge Well
552.7,92.2,rcc,0.85,7,770.5,281232.5,sandy,69.5,True,False,residential,132000.0,38983.6,0.139,1.327,3248.6,1949.2,Storage Tank
596.6,95.6,metal,0.9,4,464.2,169433.0,silty,6.9,False,False,residential,77000.0,46198.3,0.273,13.855,3849.9,2309.9,Storage Tank
645.0,864.6,rcc,0.85,15,1144.3,417669.5,loamy,127.2,False,False,commercial,242000.0,426615.3,1.021,6.797,35551.3,20883.5,Hybrid System
2399.3,257.2,tiles,0.8,4,542.0,197830.0,rocky,90.0,True,False,residential,39000.0,444312.0,2.246,2.858,37026.0,9891.5,Storage Tank
1835.0,194.4,metal,0.9,30,2350.0,857750.0,sandy,105.1,True,False,commercial,222000.0,288946.4,0.337,1.85,24078.9,14447.3,Hybrid System
877.9,1035.8,tiles,0.8,44,3643.3,1329804.5,silty,305.7,True,True,industrial,237000.0,654716.8,0.492,3.388,54559.7,32735.8,Recharge Well
1069.8,271.2,rcc,0.85,5,658.3,240279.5,sandy,45.0,True,False,residential,100000.0,221949.3,0.924,6.027,18495.8,11097.5,Hybrid System
746.0,108.0,metal,0.9,5,656.6,239659.0,silty,38.1,True,False,residential,147000.0,65260.1,0.272,2.835,5438.3,3263.0,Hybrid System
1837.9,569.0,metal,0.9,13,586.1,213926.5,clay,209.9,False,True,commercial,310000.0,847069.7,3.96,2.711,70589.1,10696.3,Storage Tank
2099.1,185.6,rcc,0.85,7,950.8,347042.0,rocky,106.3,True,True,residential,133000.0,298038.6,0.859,1.746,24836.5,14901.9,Storage Tank
1616.8,111.5,metal,0.9,6,687.2,250828.0,sandy,4.8,False,False,residential,74000.0,146021.3,0.582,23.229,12168.4,7301.1,Storage Tank
2003.3,318.7,tiles,0.8,7,871.3,318024.5,sandy,81.4,True,True,residential,86000.0,459685.2,1.445,3.915,38307.1,15901.2,Recharge Well
937.6,45.0,metal,0.9,2,220.4,80446.0,silty,35.3,False,False,residential,45000.0,34175.5,0.425,1.275,2848.0,1708.8,Recharge Pit
320.3,151.7,tiles,0.8,5,555.2,202648.0,sandy,59.5,True,True,residential,109000.0,34984.4,0.173,2.55,2915.4,1749.2,Recharge Pit
2060.6,235.0,pavers,0.7,6,727.4,265501.0,clay,0.8,True,True,residential,108000.0,305071.8,1.149,235.0,25422.6,13275.1,Storage Tank
810.6,128.5,rcc,0.85,4,544.0,198560.0,loamy,38.3,True,False,residential,90000.0,79684.0,0.401,3.355,6640.3,3984.2,Hybrid System
312.8,148.0,metal,0.9,7,821.0,299665.0,clay,18.9,True,True,residential,124000.0,37498.5,0.125,7.831,3124.9,1874.9,Storage Tank
2824.0,1003.0,rcc,0.85,52,2336.6,852859.0,clay,412.4,True,True,institutional,182000.0,2166841.1,2.541,2.432,180570.1,42643.0,Storage Tank
377.4,663.3,rcc,0.85,13,849.8,310177.0,sandy,260.3,True,True,commercial,72000.0,191502.0,0.617,2.548,15958.5,9575.1,Recharge Well
2689.7,276.7,rcc,0.85,7,1097.0,400405.0,sandy,119.3,False,False,residential,119000.0,569343.6,1.422,2.319,47445.3,20020.2,Hybrid System
687.1,158.2,rcc,0.85,8,1126.0,410990.0,loamy,12.7,False,False,residential,94000.0,83154.9,0.202,12.457,6929.6,4157.7,Storage Tank
2231.0,770.0,rcc,0.85,34,1844.4,673206.0,clay,145.3,True,True,commercial,284000.0,1314170.6,1.952,5.299,109514.2,33660.3,Storage Tank
1191.4,108.7,rcc,0.85,4,527.0,192355.0,clay,40.5,True,False,residential,71000.0,99071.5,0.515,2.684,8256.0,4953.6,Storage Tank
490.1,33.1,pavers,0.7,2,299.6,109354.0,sandy,86.2,True,True,residential,49000.0,10220.1,0.093,0.384,851.7,511.0,Recharge Pit
2804.4,1158.8,tiles,0.8,24,1313.1,479281.5,loamy,320.0,True,False,institutional,224000.0,2339811.9,4.882,3.621,194984.3,23964.1,Hybrid System
1359.8,2220.9,rcc,0.85,36,2218.9,809898.5,loamy,429.5,True,True,industrial,463000.0,2310284.6,2.853,5.171,192523.7,40494.9,Recharge Well
414.0,465.0,metal,0.9,31,1208.9,441248.5,silty,97.1,False,False,commercial,122000.0,155933.1,0.353,4.789,12994.4,7796.7,Hybrid System
3084.2,295.6,rcc,0.85,5,706.5,257872.5,loamy,25.7,True,True,residential,64000.0,697442.5,2.705,11.502,58120.2,12893.6,Recharge Well
2920.8,68.6,rcc,0.85,7,1004.4,366606.0,rocky,36.6,True,True,residential,108000.0,153280.7,0.418,1.874,12773.4,7664.0,Storage Tank
3174.1,54.0,pavers,0.7,8,978.4,357116.0,sandy,17.3,True,False,residential,57000.0,107982.9,0.302,3.121,8998.6,5399.1,Storage Tank
908.6,158.1,rcc,0.85,6,709.7,259040.5,sandy,106.1,True,True,residential,149000.0,109892.0,0.424,1.49,9157.7,5494.6,Recharge Pit
1546.1,610.3,rcc,0.85,37,1758.4,641816.0,sandy,115.3,True,False,commercial,146000.0,721842.4,1.125,5.293,60153.5,32090.8,Hybrid System
2100.3,252.3,metal,0.9,2,242.5,88512.5,sandy,15.5,True,True,residential,133000.0,429223.6,4.849,16.277,35768.6,4425.6,Storage Tank
942.9,144.2,rcc,0.85,2,286.7,104645.5,rocky,13.1,True,False,residential,29000.0,104014.1,0.994,11.008,8667.8,5200.7,Storage Tank
1804.1,500.5,rcc,0.85,10,741.0,270465.0,rocky,252.4,False,True,commercial,152000.0,690758.3,2.554,1.983,57563.2,13523.2,Storage Tank
688.5,990.4,metal,0.9,49,4843.1,1767731.5,loamy,384.7,True,True,industrial,291000.0,552331.2,0.312,2.574,46027.6,27616.6,Recharge Well
931.6,51.1,metal,0.9,3,374.1,136546.5,sandy,8.6,True,True,residential,42000.0,38559.9,0.282,5.942,3213.3,1928.0,Storage Tank
1472.3,115.8,pavers,0.7,4,576.0,210240.0,loamy,7.8,True,True,residential,103000.0,107410.2,0.511,14.846,8950.9,5370.5,Storage Tank
588.6,604.0,pavers,0.7,22,1485.8,542317.0,loamy,292.9,True,True,commercial,160000.0,223974.1,0.413,2.062,18664.5,11198.7,Recharge Well
637.3,32.6,rcc,0.85,2,221.4,80811.0,sandy,44.9,True,False,residential,28000.0,15893.6,0.197,0.726,1324.5,794.7,Recharge Pit
1110.2,48.2,tiles,0.8,7,926.5,338172.5,loamy,8.7,False,True,residential,71000.0,38528.4,0.114,5.54,3210.7,1926.4,Storage Tank
1700.4,242.9,pavers,0.7,7,987.5,360437.5,loamy,78.3,False,False,residential,41000.0,260207.1,0.722,3.102,21683.9,13010.4,Recharge Well
842.4,116.3,rcc,0.85,6,816.5,298022.5,loamy,56.2,True,True,residential,130000.0,74947.9,0.251,2.069,6245.7,3747.4,Recharge Pit
591.5,137.0,rcc,0.85,8,1196.7,436795.5,sandy,3.1,True,True,residential,108000.0,61992.2,0.142,44.194,5166.0,3099.6,Storage Tank
647.2,77.2,pavers,0.7,3,413.7,151000.5,loamy,41.9,False,True,residential,104000.0,31477.2,0.208,1.842,2623.1,1573.9,Recharge Pit
826.6,487.5,metal,0.9,19,1256.3,458549.5,loamy,331.3,False,True,commercial,215000.0,326403.7,0.712,1.471,27200.3,16320.2,Recharge Well
419.4,1005.1,pavers,0.7,38,1873.7,683900.5,sandy,464.7,True,False,institutional,394000.0,265569.5,0.388,2.163,22130.8,13278.5,Hybrid System
756.6,241.8,tiles,0.8,5,654.3,238819.5,sandy,14.0,True,True,residential,21000.0,131721.0,0.552,17.271,10976.8,6586.1,Storage Tank
389.7,149.5,metal,0.9,4,517.5,188887.5,clay,86.1,True,True,residential,124000.0,47190.7,0.25,1.736,3932.6,2359.5,Storage Tank
1678.3,1716.5,metal,0.9,29,2474.4,903156.0,silty,327.2,True,True,industrial,498000.0,2333449.6,2.584,5.246,194454.1,45157.8,Recharge Well
2042.4,1059.2,pavers,0.7,49,1522.2,555603.0,sandy,434.3,True,False,institutional,302000.0,1362885.4,2.453,2.439,113573.8,27780.2,Hybrid System
932.2,1171.7,rcc,0.85,36,3067.4,1119601.0,silty,203.0,False,True,industrial,438000.0,835577.9,0.746,5.772,69631.5,41778.9,Recharge Well
597.9,298.4,rcc,0.85,8,1210.0,441650.0,clay,39.0,False,False,residential,34000.0,136486.2,0.309,7.651,11373.9,6824.3,Storage Tank
2689.2,122.3,rcc,0.85,2,294.1,107346.5,sandy,48.7,True,True,residential,50000.0,251600.2,2.344,2.511,20966.7,5367.3,Recharge Well
2160.7,301.8,rcc,0.85,8,1111.8,405807.0,sandy,74.4,True,True,residential,23000.0,498855.9,1.229,4.056,41571.3,20290.4,Storage Tank
404.1,88.8,pavers,0.7,4,449.6,164104.0,loamy,116.9,False,False,residential,85000.0,22607.0,0.138,0.76,1883.9,1130.4,Storage Tank
1191.3,78.0,pavers,0.7,5,597.9,218233.5,sandy,2.5,True,True,residential,55000.0,58540.5,0.268,31.2,4878.4,2927.0,Storage Tank
563.5,1777.8,rcc,0.85,22,989.9,361313.5,sandy,168.0,True,False,institutional,435000.0,766369.6,2.121,10.582,63864.1,18065.7,Hybrid System
2701.5,1120.8,rcc,0.85,32,869.0,317185.0,rocky,297.7,True,True,institutional,319000.0,2316298.5,7.303,3.765,193024.9,15859.2,Storage Tank
609.7,34.2,metal,0.9,8,1010.3,368759.5,loamy,3.6,True,False,residential,121000.0,16889.9,0.046,9.5,1407.5,844.5,Storage Tank
651.9,2161.2,rcc,0.85,47,2337.9,853333.5,loamy,305.4,True,True,industrial,154000.0,1077798.0,1.263,7.077,89816.5,42666.7,Recharge Well
477.5,250.1,metal,0.9,7,912.5,333062.5,sandy,98.5,True,False,residential,45000.0,96732.4,0.29,2.539,8061.0,4836.6,Recharge Pit
999.3,1193.0,rcc,0.85,57,2475.5,903557.5,clay,175.1,False,True,institutional,417000.0,912006.1,1.009,6.813,76000.5,45177.9,Storage Tank
539.1,256.3,tiles,0.8,4,560.3,204509.5,loamy,83.1,True,True,residential,94000.0,99483.4,0.486,3.084,8290.3,4974.2,Recharge Pit
1218.7,1707.5,rcc,0.85,23,752.8,274772.0,loamy,450.3,True,False,institutional,445000.0,1591911.6,5.794,3.792,132659.3,13738.6,Hybrid System
2164.2,157.0,metal,0.9,4,467.7,170710.5,sandy,28.4,True,False,residential,139000.0,275221.3,1.612,5.528,22935.1,8535.5,Hybrid System
907.5,685.8,rcc,0.85,35,1075.1,392411.5,loamy,377.4,True,False,institutional,326000.0,476108.1,1.213,1.817,39675.7,19620.6,Hybrid System
751.0,843.8,metal,0.9,14,813.2,296818.0,silty,59.5,True,False,commercial,193000.0,513292.0,1.729,14.182,42774.3,14840.9,Hybrid System
406.5,190.1,tiles,0.8,32,2474.5,903192.5,loamy,57.2,True,True,commercial,252000.0,55638.5,0.062,3.323,4636.5,2781.9,Recharge Pit
480.7,86.8,rcc,0.85,3,405.7,148080.5,sandy,110.5,False,True,residential,58000.0,31919.4,0.216,0.786,2660.0,1596.0,Recharge Pit
942.0,1395.5,rcc,0.85,42,3429.5,1251767.5,loamy,346.8,True,False,industrial,383000.0,1005639.2,0.803,4.024,83803.3,50282.0,Hybrid System
1010.3,317.7,pavers,0.7,8,982.9,358758.5,silty,23.3,True,False,residential,129000.0,202212.6,0.564,13.635,16851.0,10110.6,Hybrid System
2113.6,235.0,rcc,0.85,7,807.9,294883.5,clay,74.9,True,True,residential,90000.0,379972.4,1.289,3.138,31664.4,14744.2,Storage Tank
373.8,234.9,rcc,0.85,5,658.6,240389.0,loamy,108.5,True,True,residential,149000.0,67171.3,0.279,2.165,5597.6,3358.6,Recharge Pit
1004.5,233.4,tiles,0.8,2,315.2,115048.0,silty,104.1,True,True,residential,65000.0,168804.2,1.467,2.242,14067.0,5752.4,Recharge Pit
1550.2,39.0,pavers,0.7,5,580.7,211955.5,loamy,56.8,True,False,residential,90000.0,38088.4,0.18,0.687,3174.0,1904.4,Storage Tank
1121.3,384.6,tiles,0.8,34,1252.1,457016.5,sandy,172.3,True,True,commercial,218000.0,310501.4,0.679,2.232,25875.1,15525.1,Recharge Well
319.6,222.6,tiles,0.8,4,530.4,193596.0,silty,40.0,False,False,residential,82000.0,51222.9,0.265,5.565,4268.6,2561.1,Storage Tank
918.4,502.1,rcc,0.85,11,616.1,224876.5,loamy,152.6,False,True,commercial,340000.0,352763.4,1.569,3.29,29397.0,11243.8,Recharge Well
453.3,180.9,metal,0.9,26,1651.0,602615.0,sandy,199.0,True,True,commercial,257000.0,66421.6,0.11,0.909,5535.1,3321.1,Recharge Well
391.2,301.2,rcc,0.85,7,978.4,357116.0,loamy,59.0,True,False,residential,28000.0,90139.5,0.252,5.105,7511.6,4507.0,Recharge Well
2621.6,271.2,rcc,0.85,4,460.0,167900.0,clay,111.6,False,True,residential,34000.0,543898.1,3.239,2.43,45324.8,8395.0,Storage Tank
487.0,1120.1,tiles,0.8,37,2341.2,854538.0,sandy,451.1,True,False,industrial,263000.0,392751.9,0.46,2.483,32729.3,19637.6,Hybrid System
576.5,722.3,rcc,0.85,13,567.8,207247.0,loamy,37.3,True,False,commercial,245000.0,318550.6,1.537,19.365,26545.9,10362.4,Hybrid System
2479.8,455.8,tiles,0.8,28,1936.7,706895.5,loamy,21.8,True,True,commercial,260000.0,813810.8,1.151,20.908,67817.6,35344.8,Recharge Well
417.0,225.0,rcc,0.85,5,728.4,265866.0,sandy,18.6,True,False,residential,88000.0,71776.1,0.27,12.097,5981.3,3588.8,Hybrid System
841.3,230.4,rcc,0.85,38,2171.0,792415.0,silty,99.6,False,False,commercial,148000.0,148284.2,0.187,2.313,12357.0,7414.2,Hybrid System
626.9,432.3,rcc,0.85,51,2858.8,1043462.0,sandy,306.6,True,True,institutional,259000.0,207321.8,0.199,1.41,17276.8,10366.1,Recharge Well
1178.9,300.4,rcc,0.85,8,1219.5,445117.5,loamy,56.3,True,False,residential,85000.0,270918.3,0.609,5.336,22576.5,13545.9,Hybrid System
2800.1,276.8,rcc,0.85,7,971.9,354743.5,loamy,97.9,True,True,residential,28000.0,592926.8,1.671,2.827,49410.6,17737.2,Recharge Well
844.9,230.0,tiles,0.8,5,586.6,214109.0,sandy,62.2,False,False,residential,139000.0,139915.4,0.653,3.698,11659.6,6995.8,Hybrid System
1164.1,2117.0,rcc,0.85,28,1460.5,533082.5,loamy,551.5,False,True,industrial,412000.0,1885265.8,3.537,3.839,157105.5,26654.1,Recharge Well
625.5,142.8,rcc,0.85,5,759.7,277290.5,loamy,36.5,True,True,residential,22000.0,68330.9,0.246,3.912,5694.2,3416.5,Storage Tank
1167.8,265.8,tiles,0.8,7,1028.7,375475.5,clay,86.8,False,False,residential,60000.0,223488.9,0.595,3.062,18624.1,11174.4,Storage Tank
511.5,993.6,rcc,0.85,30,1245.4,454571.0,sandy,224.4,True,True,commercial,133000.0,388793.2,0.855,4.428,32399.4,19439.7,Recharge Well
729.4,437.8,tiles,0.8,48,1696.2,619113.0,clay,128.6,True,False,institutional,209000.0,229918.6,0.371,3.404,19159.9,11495.9,Storage Tank
2648.1,1719.2,pavers,0.7,29,2427.5,886037.5,clay,40.4,True,True,industrial,459000.0,2868146.5,3.237,42.554,239012.2,44301.9,Storage Tank
1337.8,200.8,rcc,0.85,7,827.3,301964.5,sandy,80.8,True,True,residential,96000.0,205502.1,0.681,2.485,17125.2,10275.1,Recharge Well
1326.8,188.4,pavers,0.7,2,264.3,96469.5,clay,63.6,True,True,residential,55000.0,157480.5,1.632,2.962,13123.4,4823.5,Storage Tank
340.8,1397.7,rcc,0.85,56,3254.9,1188038.5,rocky,444.6,False,False,institutional,182000.0,364397.2,0.307,3.144,30366.4,18219.9,Storage Tank
2130.7,668.9,tiles,0.8,35,1545.5,564107.5,loamy,145.4,True,False,commercial,315000.0,1026162.2,1.819,4.6,85513.5,28205.4,Hybrid System
1728.9,298.1,rcc,0.85,6,693.3,253054.5,loamy,72.2,True,True,residential,70000.0,394269.6,1.558,4.129,32855.8,12652.7,Recharge Well
1559.4,1792.4,tiles,0.8,30,2921.6,1066384.0,sandy,58.4,False,False,industrial,220000.0,2012449.4,1.887,30.692,167704.1,53319.2,Hybrid System
2915.0,152.1,pavers,0.7,5,573.0,209145.0,sandy,24.6,True,False,residential,121000.0,279324.0,1.336,6.183,23277.0,10457.2,Hybrid System
984.3,569.7,rcc,0.85,39,2188.1,798656.5,sandy,64.2,True,True,commercial,255000.0,428978.1,0.537,8.874,35748.2,21448.9,Recharge Well
479.8,297.9,rcc,0.85,5,651.5,237797.5,sandy,99.8,True,False,residential,53000.0,109343.3,0.46,2.985,9111.9,5467.2,Recharge Well
324.5,498.7,rcc,0.85,32,1355.2,494648.0,loamy,220.2,True,True,commercial,152000.0,123798.5,0.25,2.265,10316.5,6189.9,Recharge Well
2156.4,231.0,rcc,0.85,7,921.4,336311.0,loamy,0.2,True,True,residential,129000.0,381068.2,1.133,231.0,31755.7,16815.5,Storage Tank
1160.3,2171.9,rcc,0.85,27,2140.0,781100.0,loamy,227.3,True,True,industrial,326000.0,1927842.5,2.468,9.555,160653.5,39055.0,Recharge Well
1186.9,965.0,tiles,0.8,44,2781.6,1015284.0,sandy,65.1,False,False,industrial,332000.0,824658.1,0.812,14.823,68721.5,41232.9,Hybrid System
1005.9,121.1,rcc,0.85,8,933.2,340618.0,silty,106.0,True,True,residential,113000.0,93188.1,0.274,1.142,7765.7,4659.4,Recharge Pit
758.2,727.7,rcc,0.85,35,1405.9,513153.5,silty,101.3,True,True,commercial,156000.0,422082.7,0.823,7.184,35173.6,21104.1,Recharge Well
1039.5,226.9,rcc,0.85,8,1255.3,458184.5,sandy,107.2,False,True,residential,100000.0,180434.9,0.394,2.117,15036.2,9021.7,Recharge Well
2635.1,553.8,rcc,0.85,32,2142.8,782122.0,loamy,70.6,True,True,commercial,274000.0,1116378.6,1.427,7.844,93031.6,39106.1,Recharge Well
459.9,281.9,pavers,0.7,8,1260.4,460046.0,clay,80.9,False,False,residential,80000.0,81676.9,0.178,3.485,6806.4,4083.8,Storage Tank
573.2,126.9,tiles,0.8,8,944.8,344852.0,loamy,56.5,False,False,residential,116000.0,52372.1,0.152,2.246,4364.3,2618.6,Storage Tank
309.6,1344.6,pavers,0.7,42,2893.7,1056200.5,sandy,378.4,True,False,industrial,495000.0,262261.5,0.248,3.553,21855.1,13113.1,Hybrid System
457.7,621.2,rcc,0.85,25,1292.6,471799.0,loamy,438.2,True,True,institutional,224000.0,217507.3,0.461,1.418,18125.6,10875.4,Recharge Well
1722.1,923.8,metal,0.9,28,1774.5,647692.5,loamy,475.6,True,True,industrial,146000.0,1288609.5,1.99,1.942,107384.1,32384.6,Recharge Well
1858.4,134.9,pavers,0.7,6,835.1,304811.5,clay,78.3,True,True,residential,145000.0,157939.8,0.518,1.723,13161.6,7897.0,Storage Tank
918.7,415.9,metal,0.9,30,1928.8,704012.0,loamy,189.5,True,False,commercial,263000.0,309490.7,0.44,2.195,25790.9,15474.5,Hybrid System
1065.6,298.7,rcc,0.85,2,227.6,83074.0,loamy,98.3,True,False,residential,38000.0,243495.5,2.931,3.039,20291.3,4153.7,Recharge Well
1730.4,193.3,tiles,0.8,5,568.4,207466.0,sandy,55.8,True,False,residential,56000.0,240830.2,1.161,3.464,20069.2,10373.3,Storage Tank
813.5,112.6,rcc,0.85,8,1195.1,436211.5,rocky,101.1,True,False,residential,132000.0,70074.1,0.161,1.114,5839.5,3503.7,Storage Tank
860.0,673.9,rcc,0.85,27,1747.9,637983.5,rocky,284.7,True,False,commercial,266000.0,443358.8,0.695,2.367,36946.6,22167.9,Storage Tank
2757.1,275.3,tiles,0.8,2,243.0,88695.0,rocky,66.9,True,True,residential,53000.0,546501.3,6.162,4.115,45541.8,4434.8,Storage Tank
550.9,672.2,metal,0.9,32,1939.2,707808.0,loamy,177.0,True,False,commercial,156000.0,299955.1,0.424,3.798,24996.3,14997.8,Hybrid System
2026.5,324.9,rcc,0.85,37,1786.8,652182.0,sandy,122.7,True,True,commercial,200000.0,503683.5,0.772,2.648,41973.6,25184.2,Recharge Well
718.3,109.5,tiles,0.8,5,603.2,220168.0,loamy,79.5,True,True,residential,100000.0,56630.8,0.257,1.377,4719.2,2831.5,Recharge Pit
1184.6,94.0,rcc,0.85,6,949.3,346494.5,silty,62.0,False,False,residential,94000.0,85184.6,0.246,1.516,7098.7,4259.2,Hybrid System
1648.7,280.9,tiles,0.8,5,580.5,211882.5,loamy,44.4,True,True,residential,122000.0,333446.3,1.574,6.327,27787.2,10594.1,Recharge Well
538.4,216.2,rcc,0.85,5,758.4,276816.0,sandy,64.0,True,True,residential,52000.0,89047.6,0.322,3.378,7420.6,4452.4,Recharge Pit
2979.8,1477.8,rcc,0.85,30,1167.3,426064.5,sandy,63.1,True,True,institutional,413000.0,3368714.6,7.907,23.42,280726.2,21303.2,Recharge Well
1559.5,120.4,rcc,0.85,6,676.8,247032.0,rocky,5.4,True,False,residential,41000.0,143639.3,0.581,22.296,11969.9,7182.0,Storage Tank
1805.4,1409.8,rcc,0.85,36,2989.3,1091094.5,loamy,493.9,True,False,industrial,289000.0,1947118.5,1.785,2.854,162259.9,54554.7,Hybrid System
868.6,184.2,metal,0.9,5,745.5,272107.5,sandy,13.9,True,False,residential,26000.0,129596.9,0.476,13.252,10799.7,6479.8,Storage Tank
1063.7,287.7,rcc,0.85,8,1049.8,383177.0,rocky,1.7,True,False,residential,130000.0,234110.3,0.611,169.235,19509.2,11705.5,Storage Tank
2806.9,705.0,rcc,0.85,22,1206.2,440263.0,sandy,272.8,True,True,institutional,444000.0,1513831.3,3.438,2.584,126152.6,22013.2,Recharge Well
998.4,225.6,rcc,0.85,27,1052.3,384089.5,sandy,39.9,False,False,commercial,187000.0,172307.9,0.449,5.654,14359.0,8615.4,Hybrid System
807.6,197.4,rcc,0.85,25,1459.8,532827.0,loamy,341.7,True,False,commercial,218000.0,121956.5,0.229,0.578,10163.0,6097.8,Hybrid System
1887.2,133.5,metal,0.9,4,452.5,165162.5,loamy,16.1,False,False,residential,36000.0,204072.4,1.236,8.292,17006.0,8258.1,Storage Tank
1028.7,763.0,rcc,0.85,20,1146.0,418290.0,clay,331.7,True,True,commercial,76000.0,600447.0,1.435,2.3,50037.2,20914.5,Storage Tank
320.9,1542.1,tiles,0.8,16,656.2,239513.0,sandy,434.4,True,True,industrial,272000.0,356299.1,1.488,3.55,29691.6,11975.7,Recharge Well
1043.4,42.3,pavers,0.7,7,902.7,329485.5,loamy,93.7,True,True,residential,37000.0,27805.6,0.084,0.451,2317.1,1390.3,Recharge Pit
3158.5,240.1,rcc,0.85,8,1023.6,373614.0,clay,55.6,True,False,residential,111000.0,580142.2,1.553,4.318,48345.2,18680.7,Storage Tank
2459.3,171.3,tiles,0.8,4,625.9,228453.5,sandy,30.8,True,True,residential,141000.0,303320.2,1.328,5.562,25276.7,11422.7,Recharge Well
434.8,1230.9,rcc,0.85,18,1046.2,381863.0,sandy,423.2,True,True,industrial,296000.0,409424.4,1.072,2.909,34118.7,19093.2,Recharge Well
845.9,163.2,metal,0.9,7,978.5,357152.5,rocky,44.8,True,True,residential,141000.0,111821.2,0.313,3.643,9318.4,5591.1,Storage Tank
751.4,234.1,rcc,0.85,8,1184.1,432196.5,loamy,27.2,True,False,residential,148000.0,134565.6,0.311,8.607,11213.8,6728.3,Hybrid System
494.6,1581.7,rcc,0.85,25,1290.1,470886.5,sandy,166.8,True,True,industrial,170000.0,598466.2,1.271,9.483,49872.2,23544.3,Recharge Well
1532.0,625.9,rcc,0.85,22,2051.6,748834.0,loamy,485.5,True,False,industrial,316000.0,733542.3,0.98,1.289,61128.5,36677.1,Hybrid System
839.3,745.8,metal,0.9,28,1375.4,502021.0,sandy,111.0,False,False,commercial,210000.0,507019.5,1.01,6.719,42251.6,25101.1,Hybrid System
677.2,72.8,rcc,0.85,8,922.2,336603.0,loamy,34.4,False,True,residential,44000.0,37714.6,0.112,2.116,3142.9,1885.7,Recharge Pit
1140.4,992.2,rcc,0.85,21,1473.7,537900.5,clay,178.9,True,True,commercial,329000.0,865601.2,1.609,5.546,72133.4,26895.0,Storage Tank
616.2,174.0,rcc,0.85,2,256.4,93586.0,rocky,71.1,False,False,residential,133000.0,82022.4,0.876,2.447,6835.2,4101.1,Storage Tank
325.9,869.2,rcc,0.85,18,906.4,330836.0,clay,249.6,True,True,commercial,129000.0,216703.3,0.655,3.482,18058.6,10835.2,Storage Tank
516.5,167.8,rcc,0.85,7,1069.3,390294.5,silty,14.9,True,False,residential,123000.0,66301.6,0.17,11.262,5525.1,3315.1,Storage Tank
408.6,304.5,metal,0.9,7,1069.7,390440.5,loamy,108.6,True,False,residential,81000.0,100779.1,0.258,2.804,8398.3,5039.0,Hybrid System
522.0,1291.3,tiles,0.8,60,1821.9,664993.5,clay,187.4,True,True,institutional,262000.0,485322.2,0.73,6.891,40443.5,24266.1,Storage Tank
812.7,806.5,rcc,0.85,11,830.9,303278.5,clay,143.2,True,False,commercial,119000.0,501413.6,1.653,5.632,41784.5,15163.9,Storage Tank
2394.5,279.6,rcc,0.85,7,996.4,363686.0,rocky,82.7,True,True,residential,99000.0,512169.2,1.408,3.381,42680.8,18184.3,Storage Tank
470.0,170.0,rcc,0.85,2,311.3,113624.5,loamy,30.0,True,False,residential,78000.0,61123.5,0.538,5.667,5093.6,3056.2,Hybrid System
1109.0,815.0,rcc,0.85,10,483.2,176368.0,rocky,180.7,True,True,commercial,76000.0,691433.8,3.92,4.51,57619.5,8818.4,Storage Tank
2511.4,1311.5,rcc,0.85,30,869.8,317477.0,silty,432.9,False,False,institutional,332000.0,2519681.3,7.937,3.03,209973.4,15873.9,Hybrid System
966.2,170.1,metal,0.9,5,784.5,286342.5,silty,32.6,True,False,residential,69000.0,133124.0,0.465,5.218,11093.7,6656.2,Hybrid System
1121.1,271.2,rcc,0.85,8,892.2,325653.0,clay,108.1,True,True,residential,150000.0,232592.4,0.714,2.509,19382.7,11629.6,Storage Tank
1709.9,1147.6,rcc,0.85,20,1023.2,373468.0,sandy,265.3,True,False,industrial,220000.0,1501145.1,4.019,4.326,125095.4,18673.4,Hybrid System
640.4,278.4,metal,0.9,8,1111.9,405843.5,clay,26.2,True,False,residential,28000.0,144412.8,0.356,10.626,12034.4,7220.6,Storage Tank
673.4,52.7,rcc,0.85,7,773.9,282473.5,loamy,83.1,True,False,residential,120000.0,27148.5,0.096,0.634,2262.4,1357.4,Storage Tank
860.5,1802.5,pavers,0.7,40,1667.7,608710.5,loamy,575.1,True,True,industrial,423000.0,977162.3,1.605,3.134,81430.2,30435.5,Recharge Well
409.0,131.6,metal,0.9,2,231.4,84461.0,silty,4.3,True,False,residential,138000.0,43597.8,0.516,30.605,3633.2,2179.9,Storage Tank
991.0,105.0,rcc,0.85,7,814.4,297256.0,clay,46.5,True,True,residential,128000.0,79602.1,0.268,2.258,6633.5,3980.1,Storage Tank
397.3,61.7,pavers,0.7,6,705.3,257434.5,clay,15.9,True,False,residential,136000.0,15443.4,0.06,3.881,1287.0,772.2,Storage Tank
1385.0,254.4,rcc,0.85,2,297.9,108733.5,loamy,74.4,True,True,residential,90000.0,269543.2,2.479,3.419,22461.9,5436.7,Recharge Well
423.0,312.6,rcc,0.85,5,571.8,208707.0,loamy,61.5,False,True,residential,39000.0,101155.8,0.485,5.083,8429.6,5057.8,Recharge Well
1534.8,284.1,rcc,0.85,2,305.5,111507.5,clay,114.4,True,True,residential,92000.0,333568.1,2.991,2.483,27797.3,5575.4,Storage Tank
1139.2,184.1,metal,0.9,2,220.8,80592.0,sandy,1.8,True,False,residential,121000.0,169878.6,2.108,102.278,14156.6,4029.6,Storage Tank
2361.4,534.5,metal,0.9,29,1437.1,524541.5,silty,58.8,True,True,commercial,155000.0,1022356.3,1.949,9.09,85196.4,26227.1,Recharge Well
424.7,273.0,rcc,0.85,7,929.5,339267.5,rocky,61.1,True,False,residential,60000.0,88696.5,0.261,4.468,7391.4,4434.8,Storage Tank
2363.1,132.8,rcc,0.85,5,654.3,238819.5,silty,81.1,False,True,residential,36000.0,240072.1,1.005,1.637,20006.0,11941.0,Recharge Well
1177.4,2019.4,rcc,0.85,16,724.3,264369.5,loamy,373.0,False,False,industrial,348000.0,1818895.8,6.88,5.414,151574.6,13218.5,Hybrid System
900.9,223.7,metal,0.9,2,280.2,102273.0,sandy,62.3,True,False,residential,98000.0,163240.4,1.596,3.591,13603.4,5113.7,Hybrid System
326.7,187.1,tiles,0.8,8,886.4,323536.0,silty,42.9,False,True,residential,66000.0,44010.4,0.136,4.361,3667.5,2200.5,Recharge Pit
1834.9,167.3,rcc,0.85,3,380.0,138700.0,clay,51.3,True,False,residential,146000.0,234838.8,1.693,3.261,19569.9,6935.0,Storage Tank
2101.1,908.0,tiles,0.8,11,838.1,305906.5,silty,229.4,True,False,commercial,111000.0,1373615.1,4.49,3.958,114467.9,15295.3,Hybrid System
1049.1,245.9,rcc,0.85,5,625.3,228234.5,clay,55.5,True,False,residential,49000.0,197349.9,0.865,4.431,16445.8,9867.5,Storage Tank
672.9,1219.0,rcc,0.85,43,1440.2,525673.0,clay,71.4,False,False,institutional,343000.0,627502.8,1.194,17.073,52291.9,26283.7,Storage Tank
2227.4,2272.2,rcc,0.85,16,1283.8,468587.0,rocky,136.8,False,True,industrial,421000.0,3871740.2,8.263,16.61,322645.0,23429.4,Storage Tank
2940.2,233.0,rcc,0.85,8,974.2,355583.0,loamy,110.6,False,True,residential,136000.0,524075.9,1.474,2.107,43673.0,17779.2,Recharge Well
1844.0,305.9,rcc,0.85,8,966.0,352590.0,clay,91.2,True,False,residential,26000.0,431520.9,1.224,3.354,35960.1,17629.5,Storage Tank
2250.8,285.1,rcc,0.85,6,833.9,304373.5,silty,106.6,True,True,residential,139000.0,490902.9,1.613,2.674,40908.6,15218.7,Recharge Well
811.0,228.2,metal,0.9,7,831.3,303424.5,silty,36.7,True,False,residential,46000.0,149906.9,0.494,6.218,12492.2,7495.3,Recharge Pit
780.4,1301.8,rcc,0.85,66,3763.6,1373714.0,silty,84.4,False,True,institutional,270000.0,777182.4,0.566,15.424,64765.2,38859.1,Recharge Well
788.3,200.3,rcc,0.85,7,913.1,333281.5,loamy,22.4,False,True,residential,146000.0,120790.8,0.362,8.942,10065.9,6039.5,Recharge Pit
1614.8,251.0,tiles,0.8,4,596.2,217613.0,loamy,17.4,True,False,residential,62000.0,291826.7,1.341,14.425,24318.9,10880.7,Storage Tank
1169.4,210.7,rcc,0.85,25,928.7,338975.5,loamy,317.0,True,False,commercial,330000.0,188490.3,0.556,0.665,15707.5,9424.5,Hybrid System
1893.5,585.5,pavers,0.7,30,1722.0,628530.0,silty,226.2,True,False,commercial,93000.0,698445.9,1.111,2.588,58203.8,31426.5,Hybrid System
683.9,217.8,rcc,0.85,4,457.2,166878.0,sandy,110.9,True,False,residential,100000.0,113949.4,0.683,1.964,9495.8,5697.5,Hybrid System
395.2,939.4,pavers,0.7,37,1419.4,518081.0,clay,49.2,True,True,commercial,321000.0,233888.1,0.451,19.093,19490.7,11694.4,Storage Tank
1093.8,346.8,metal,0.9,39,1603.2,585168.0,sandy,109.7,True,False,commercial,82000.0,307257.2,0.525,3.161,25604.8,15362.9,Hybrid System
3043.7,185.5,tiles,0.8,6,822.4,300176.0,clay,14.8,True,True,residential,129000.0,406516.6,1.354,12.534,33876.4,15008.8,Storage Tank
501.2,226.7,metal,0.9,4,601.2,219438.0,loamy,1.8,True,False,residential,36000.0,92033.9,0.419,125.944,7669.5,4601.7,Storage Tank
445.7,212.5,rcc,0.85,4,546.7,199545.5,clay,70.5,True,False,residential,143000.0,72454.1,0.363,3.014,6037.8,3622.7,Storage Tank
760.1,255.7,rcc,0.85,3,424.7,155015.5,silty,94.1,True,True,residential,91000.0,148683.5,0.959,2.717,12390.3,7434.2,Recharge Pit
1811.9,2194.6,pavers,0.7,20,1593.9,581773.5,loamy,569.1,True,False,industrial,335000.0,2505129.3,4.306,3.856,208760.8,29088.7,Hybrid System
891.8,746.5,rcc,0.85,22,1297.3,473514.5,clay,419.2,False,False,institutional,315000.0,509282.5,1.076,1.781,42440.2,23675.7,Storage Tank
955.2,315.7,pavers,0.7,2,279.5,102017.5,sandy,13.0,True,False,residential,97000.0,189980.7,1.862,24.285,15831.7,5100.9,Storage Tank
1899.8,1602.3,pavers,0.7,15,1090.5,398032.5,sandy,98.4,True,True,industrial,439000.0,1917751.2,4.818,16.284,159812.6,19901.6,Recharge Well
1283.5,198.8,rcc,0.85,6,928.0,338720.0,sandy,22.9,True,False,residential,59000.0,195197.2,0.576,8.681,16266.4,9759.9,Storage Tank
2960.4,190.5,tiles,0.8,7,954.0,348210.0,clay,90.0,True,False,residential,42000.0,406048.5,1.166,2.117,33837.4,17410.5,Storage Tank
1849.0,278.3,rcc,0.85,2,270.6,98769.0,loamy,45.4,False,False,residential,134000.0,393651.2,3.986,6.13,32804.3,4938.5,Hybrid System
514.5,55.1,rcc,0.85,6,742.3,270939.5,sandy,71.7,True,True,residential,110000.0,21686.9,0.08,0.768,1807.2,1084.3,Recharge Pit
661.7,736.0,rcc,0.85,20,1385.5,505707.5,rocky,248.1,False,True,commercial,286000.0,372563.6,0.737,2.967,31047.0,18628.2,Storage Tank
835.3,1635.2,pavers,0.7,46,2596.6,947759.0,loamy,419.1,False,False,industrial,474000.0,860506.0,0.908,3.902,71708.8,43025.3,Hybrid System
1639.9,597.3,pavers,0.7,38,993.3,362554.5,sandy,285.2,True,False,institutional,335000.0,617092.7,1.702,2.094,51424.4,18127.7,Hybrid System
441.4,274.9,rcc,0.85,18,1342.6,490049.0,silty,178.8,True,False,commercial,230000.0,92825.8,0.189,1.537,7735.5,4641.3,Hybrid System
2719.9,238.9,tiles,0.8,3,474.8,173302.0,sandy,69.8,True,False,residential,52000.0,467844.6,2.7,3.423,38987.0,8665.1,Recharge Well
309.0,1432.1,rcc,0.85,20,1257.9,459133.5,clay,277.3,True,False,industrial,465000.0,338527.0,0.737,5.164,28210.6,16926.4,Storage Tank
1491.9,250.3,pavers,0.7,5,736.9,268968.5,rocky,97.8,True,False,residential,134000.0,235256.2,0.875,2.559,19604.7,11762.8,Storage Tank
500.5,291.5,pavers,0.7,4,490.5,179032.5,silty,114.7,True,True,residential,124000.0,91914.3,0.513,2.541,7659.5,4595.7,Recharge Well
1048.8,121.4,rcc,0.85,7,1111.2,405588.0,rocky,90.4,True,True,residential,77000.0,97403.1,0.24,1.343,8116.9,4870.2,Storage Tank
1097.7,1424.5,rcc,0.85,21,1261.1,460301.5,loamy,471.1,True,True,industrial,203000.0,1196210.3,2.599,3.024,99684.2,23015.1,Recharge Well
613.5,249.4,rcc,0.85,7,885.7,323280.5,sandy,70.5,True,False,residential,107000.0,117050.3,0.362,3.538,9754.2,5852.5,Hybrid System
833.8,146.5,rcc,0.85,4,618.7,225825.5,silty,25.5,True,False,residential,135000.0,93446.1,0.414,5.745,7787.2,4672.3,Hybrid System
602.7,61.8,rcc,0.85,6,910.1,332186.5,loamy,60.6,False,False,residential,32000.0,28493.8,0.086,1.02,2374.5,1424.7,Recharge Pit
742.0,148.9,rcc,0.85,4,486.4,177536.0,rocky,13.8,True,False,residential,94000.0,84520.1,0.476,10.79,7043.3,4226.0,Storage Tank
811.7,1195.8,rcc,0.85,42,1357.5,495487.5,sandy,156.2,True,True,institutional,258000.0,742532.6,1.499,7.656,61877.7,24774.4,Recharge Well
563.6,948.3,tiles,0.8,14,597.9,218233.5,loamy,157.6,True,True,commercial,231000.0,384812.6,1.763,6.017,32067.7,10911.7,Recharge Well
331.2,870.3,rcc,0.85,24,1388.5,506802.5,rocky,34.8,False,True,commercial,345000.0,220506.2,0.435,25.009,18375.5,11025.3,Storage Tank
875.4,510.1,rcc,0.85,38,1871.2,682988.0,loamy,190.6,True,False,commercial,170000.0,341604.3,0.5,2.676,28467.0,17080.2,Hybrid System
758.0,42.4,rcc,0.85,7,848.8,309812.0,loamy,50.5,True,False,residential,63000.0,24586.5,0.079,0.84,2048.9,1229.3,Storage Tank
306.1,43.0,rcc,0.85,8,1149.8,419677.0,rocky,23.0,True,False,residential,97000.0,10069.2,0.024,1.87,839.1,503.5,Storage Tank
554.8,58.3,tiles,0.8,7,1060.6,387119.0,silty,30.2,True,True,residential,52000.0,23288.3,0.06,1.93,1940.7,1164.4,Recharge Pit
1116.0,67.4,metal,0.9,3,394.4,143956.0,rocky,61.8,True,True,residential,134000.0,60926.9,0.423,1.091,5077.2,3046.3,Storage Tank
467.0,272.0,rcc,0.85,5,655.2,239148.0,sandy,65.6,True,True,residential,40000.0,97173.4,0.406,4.146,8097.8,4858.7,Recharge Pit
2567.6,243.4,rcc,0.85,3,420.5,153482.5,silty,64.9,True,False,residential,72000.0,478089.7,3.115,3.75,39840.8,7674.1,Hybrid System
1036.1,2462.0,rcc,0.85,27,1142.4,416976.0,loamy,240.3,True,True,industrial,194000.0,1951421.8,4.68,10.246,162618.5,20848.8,Recharge Well
315.2,305.3,pavers,0.7,5,553.0,201845.0,loamy,3.4,False,False,residential,21000.0,60625.3,0.3,89.794,5052.1,3031.3,Storage Tank
875.6,542.3,tiles,0.8,53,1752.2,639553.0,clay,495.6,True,True,institutional,197000.0,341883.3,0.535,1.094,28490.3,17094.2,Storage Tank
496.0,95.7,rcc,0.85,2,225.7,82380.5,sandy,24.3,True,True,residential,39000.0,36312.4,0.441,3.938,3026.0,1815.6,Recharge Pit
926.0,336.9,pavers,0.7,22,1283.9,468623.5,silty,127.4,True,False,commercial,161000.0,196540.7,0.419,2.644,16378.4,9827.0,Hybrid System
1556.3,53.7,rcc,0.85,5,595.4,217321.0,loamy,114.5,True,False,residential,118000.0,63933.6,0.294,0.469,5327.8,3196.7,Hybrid System
386.6,98.5,rcc,0.85,4,519.9,189763.5,clay,39.0,False,True,residential,127000.0,29131.3,0.154,2.526,2427.6,1456.6,Storage Tank
1737.8,951.2,tiles,0.8,28,1853.7,676600.5,sandy,322.4,True,True,commercial,83000.0,1190156.7,1.759,2.95,99179.7,33830.0,Recharge Well
1957.2,1455.9,rcc,0.85,23,913.8,333537.0,sandy,408.1,True,False,institutional,381000.0,2179857.9,6.536,3.568,181654.8,16676.9,Hybrid System
949.8,500.2,rcc,0.85,20,1551.3,566224.5,loamy,328.9,False,False,commercial,223000.0,363443.8,0.642,1.521,30287.0,18172.2,Hybrid System
1930.6,2210.5,tiles,0.8,23,1453.6,530564.0,loamy,239.3,True,False,industrial,194000.0,3072665.7,5.791,9.237,256055.5,26528.2,Hybrid System
1995.3,161.2,tiles,0.8,6,894.8,326602.0,sandy,17.9,True,False,residential,64000.0,231582.5,0.709,9.006,19298.5,11579.1,Storage Tank
802.1,269.8,rcc,0.85,4,538.6,196589.0,sandy,52.8,True,False,residential,119000.0,165551.0,0.842,5.11,13795.9,8277.6,Hybrid System
749.9,317.7,rcc,0.85,4,473.3,172754.5,rocky,31.3,True,True,residential,106000.0,182256.1,1.055,10.15,15188.0,8637.7,Storage Tank
2144.8,224.5,pavers,0.7,4,474.7,173265.5,clay,92.0,True,True,residential,96000.0,303349.8,1.751,2.44,25279.1,8663.3,Storage Tank
929.0,282.2,rcc,0.85,6,936.9,341968.5,loamy,22.5,True,True,residential,47000.0,200555.3,0.586,12.542,16712.9,10027.8,Recharge Well
340.9,1732.5,metal,0.9,34,1104.9,403288.5,loamy,120.2,False,True,institutional,411000.0,478393.5,1.186,14.413,39866.1,20164.4,Recharge Well
2615.4,261.1,metal,0.9,7,875.2,319448.0,sandy,93.3,True,False,residential,42000.0,553133.6,1.732,2.798,46094.5,15972.4,Recharge Well
2155.2,1039.8,pavers,0.7,55,3217.5,1174387.5,silty,164.4,False,False,institutional,197000.0,1411815.5,1.202,6.325,117651.3,58719.4,Hybrid System
3113.8,199.5,rcc,0.85,3,475.2,173448.0,sandy,35.1,True,True,residential,136000.0,475220.4,2.74,5.684,39601.7,8672.4,Recharge Well
2672.3,139.0,metal,0.9,7,812.9,296708.5,sandy,80.6,False,False,residential,129000.0,300874.3,1.014,1.725,25072.9,14835.4,Hybrid System
525.0,145.8,rcc,0.85,8,1029.8,375877.0,silty,31.4,True,False,residential,42000.0,58556.9,0.156,4.643,4879.7,2927.8,Recharge Pit
841.3,77.0,rcc,0.85,5,593.2,216518.0,sandy,94.6,True,False,residential,117000.0,49556.8,0.229,0.814,4129.7,2477.8,Storage Tank
372.9,213.8,tiles,0.8,28,1136.2,414713.0,sandy,208.3,False,True,commercial,264000.0,57402.7,0.138,1.026,4783.6,2870.1,Recharge Well
637.2,219.1,tiles,0.8,5,718.6,262289.0,loamy,105.7,True,False,residential,32000.0,100519.6,0.383,2.073,8376.6,5026.0,Recharge Pit
1159.7,85.9,rcc,0.85,8,1027.5,375037.5,sandy,27.4,True,False,residential,130000.0,76207.9,0.203,3.135,6350.7,3810.4,Hybrid System
758.7,1146.0,pavers,0.7,42,1163.5,424677.5,loamy,414.5,True,False,institutional,242000.0,547766.2,1.29,2.765,45647.2,21233.9,Hybrid System
2106.2,2480.1,rcc,0.85,47,3256.3,1188549.5,loamy,143.4,True,True,industrial,358000.0,3996043.8,3.362,17.295,333003.6,59427.5,Recharge Well
1608.0,220.1,tiles,0.8,6,871.0,317915.0,silty,91.5,True,False,residential,110000.0,254823.0,0.802,2.405,21235.2,12741.2,Hybrid System
2537.6,92.0,tiles,0.8,4,529.7,193340.5,rocky,107.6,True,False,residential,122000.0,168090.6,0.869,0.855,14007.6,8404.5,Storage Tank
363.2,268.6,tiles,0.8,7,1013.9,370073.5,rocky,43.4,True,False,residential,30000.0,70240.0,0.19,6.189,5853.3,3512.0,Storage Tank
566.5,1179.3,rcc,0.85,53,2895.7,1056930.5,clay,244.6,True,False,institutional,333000.0,511076.2,0.484,4.821,42589.7,25553.8,Storage Tank
3147.2,1791.4,rcc,0.85,44,1167.0,425955.0,loamy,403.8,False,True,institutional,304000.0,4312989.0,10.125,4.436,359415.8,21297.8,Recharge Well
2213.2,1209.9,tiles,0.8,35,2183.5,796977.5,loamy,235.4,False,False,industrial,413000.0,1927980.5,2.419,5.14,160665.0,39848.9,Hybrid System
929.8,468.1,metal,0.9,23,1525.0,556625.0,sandy,333.4,True,True,commercial,148000.0,352543.9,0.633,1.404,29378.7,17627.2,Recharge Well
1059.4,37.6,rcc,0.85,5,665.1,242761.5,silty,52.3,True,True,residential,91000.0,30472.6,0.126,0.719,2539.4,1523.6,Recharge Pit
2122.6,1105.3,rcc,0.85,47,1698.3,619879.5,sandy,60.4,True,False,institutional,198000.0,1794774.0,2.895,18.3,149564.5,30994.0,Hybrid System
1041.0,76.5,rcc,0.85,5,615.1,224511.5,loamy,52.7,True,True,residential,97000.0,60921.9,0.271,1.452,5076.8,3046.1,Recharge Pit
874.3,993.5,rcc,0.85,65,1905.2,695398.0,loamy,112.1,True,True,institutional,377000.0,664492.0,0.956,8.863,55374.3,33224.6,Recharge Well
2188.2,158.4,rcc,0.85,7,779.7,284590.5,loamy,116.3,True,True,residential,76000.0,265157.3,0.932,1.362,22096.4,13257.9,Recharge Well
2894.8,201.1,pavers,0.7,4,541.1,197501.5,clay,107.7,True,False,residential,100000.0,366750.9,1.857,1.867,30562.6,9875.1,Storage Tank
1159.3,182.2,metal,0.9,5,776.3,283349.5,loamy,54.3,True,True,residential,37000.0,171091.8,0.604,3.355,14257.6,8554.6,Recharge Pit
2469.7,54.3,rcc,0.85,7,948.5,346202.5,sandy,28.6,True,True,residential,35000.0,102590.1,0.296,1.899,8549.2,5129.5,Recharge Pit
2602.1,1316.5,rcc,0.85,62,2146.3,783399.5,sandy,274.8,True,True,institutional,408000.0,2620633.5,3.345,4.791,218386.1,39170.0,Recharge Well
995.9,291.6,rcc,0.85,10,710.9,259478.5,rocky,300.9,True,False,commercial,166000.0,222159.4,0.856,0.969,18513.3,11108.0,Storage Tank
959.0,181.5,rcc,0.85,34,2551.6,931334.0,clay,100.5,True,True,commercial,258000.0,133154.8,0.143,1.806,11096.2,6657.7,Storage Tank
2478.4,1278.4,rcc,0.85,31,2434.6,888629.0,clay,155.1,True,False,industrial,494000.0,2423815.7,2.728,8.242,201984.6,44431.5,Storage Tank
919.5,281.0,rcc,0.85,8,1141.5,416647.5,sandy,71.6,True,True,residential,103000.0,197660.3,0.474,3.925,16471.7,9883.0,Recharge Well
902.6,521.3,rcc,0.85,39,2509.3,915894.5,silty,120.4,True,False,commercial,272000.0,359951.9,0.393,4.33,29996.0,17997.6,Hybrid System
610.8,296.5,rcc,0.85,13,1007.4,367701.0,clay,147.4,False,False,commercial,263000.0,138543.2,0.377,2.012,11545.3,6927.2,Storage Tank
1867.7,272.7,metal,0.9,7,1099.8,401427.0,clay,94.9,True,False,residential,121000.0,412550.6,1.028,2.874,34379.2,20071.4,Storage Tank
1037.3,650.7,rcc,0.85,25,1923.1,701931.5,loamy,299.6,False,False,commercial,309000.0,516352.9,0.736,2.172,43029.4,25817.6,Hybrid System
2264.4,299.4,rcc,0.85,2,287.7,105010.5,rocky,119.7,True,False,residential,123000.0,518640.4,4.939,2.501,43220.0,5250.5,Storage Tank
1388.8,1236.9,pavers,0.7,31,845.8,308717.0,loamy,58.2,True,False,institutional,146000.0,1082218.2,3.506,21.253,90184.8,15435.9,Hybrid System
1494.0,163.3,tiles,0.8,4,491.9,179543.5,silty,104.4,False,False,residential,103000.0,175658.5,0.978,1.564,14638.2,8782.9,Hybrid System
1750.2,1248.1,metal,0.9,24,1930.7,704705.5,loamy,103.9,False,False,industrial,500000.0,1769383.9,2.511,12.013,147448.7,35235.3,Hybrid System
706.8,820.8,metal,0.9,18,1147.7,418910.5,sandy,58.4,True,False,commercial,221000.0,469914.6,1.122,14.055,39159.5,20945.5,Hybrid System
460.8,776.7,pavers,0.7,32,1524.6,556479.0,clay,97.6,False,False,commercial,261000.0,225479.1,0.405,7.958,18789.9,11274.0,Storage Tank
2179.1,822.9,rcc,0.85,38,2851.5,1040797.5,silty,56.1,True,False,commercial,146000.0,1371783.8,1.318,14.668,114315.3,52039.9,Hybrid System
1111.0,234.1,tiles,0.8,6,785.7,286780.5,sandy,44.4,True,False,residential,55000.0,187261.3,0.653,5.273,15605.1,9363.1,Storage Tank
809.9,117.7,metal,0.9,7,1116.3,407449.5,sandy,4.9,True,True,residential,42000.0,77213.4,0.19,24.02,6434.4,3860.7,Storage Tank
1160.9,250.7,rcc,0.85,4,604.7,220715.5,loamy,12.6,True,False,residential,39000.0,222643.8,1.009,19.897,18553.6,11035.8,Storage Tank
1033.1,231.2,rcc,0.85,7,1017.0,371205.0,silty,23.8,False,True,residential,113000.0,182722.3,0.492,9.714,15226.9,9136.1,Recharge Well
1646.4,604.2,rcc,0.85,54,2322.4,847676.0,loamy,63.5,True,True,institutional,309000.0,760987.5,0.898,9.515,63415.6,38049.4,Recharge Well
707.5,1146.5,rcc,0.85,20,584.9,213488.5,sandy,350.0,True,False,institutional,413000.0,620528.8,2.907,3.276,51710.7,10674.4,Hybrid System
936.6,195.8,pavers,0.7,33,2207.3,805664.5,silty,271.1,True,False,commercial,321000.0,115533.4,0.143,0.722,9627.8,5776.7,Hybrid System
1981.8,1002.6,pavers,0.7,43,3876.6,1414959.0,loamy,367.0,True,True,industrial,323000.0,1251780.2,0.885,2.732,104315.0,62589.0,Recharge Well
3168.2,1235.9,rcc,0.85,41,3619.1,1320971.5,silty,568.5,True,False,industrial,162000.0,2995417.5,2.268,2.174,249618.1,66048.6,Hybrid System
390.6,1788.4,metal,0.9,59,1558.7,568925.5,loamy,252.1,False,True,institutional,295000.0,565824.7,0.995,7.094,47152.1,28291.2,Recharge Well
1603.5,320.1,rcc,0.85,39,2499.1,912171.5,rocky,73.5,True,False,commercial,253000.0,392659.5,0.43,4.355,32721.6,19633.0,Storage Tank
451.9,104.5,metal,0.9,8,1163.9,424823.5,sandy,105.4,True,False,residential,81000.0,38251.1,0.09,0.991,3187.6,1912.6,Storage Tank
519.5,201.5,rcc,0.85,6,672.3,245389.5,sandy,28.3,True,False,residential,100000.0,80079.6,0.326,7.12,6673.3,4004.0,Hybrid System
1610.8,965.0,tiles,0.8,23,1345.4,491071.0,loamy,87.6,False,False,commercial,227000.0,1119183.8,2.279,11.016,93265.3,24553.6,Hybrid System
715.0,604.2,tiles,0.8,27,1161.9,424093.5,sandy,473.2,True,True,institutional,320000.0,311042.2,0.733,1.277,25920.2,15552.1,Recharge Well
1094.9,1151.6,tiles,0.8,16,1488.6,543339.0,clay,70.9,True,True,industrial,427000.0,907838.5,1.671,16.243,75653.2,27167.0,Storage Tank
1758.9,131.2,tiles,0.8,2,247.3,90264.5,sandy,45.0,True,False,residential,52000.0,166152.7,1.841,2.916,13846.1,4513.2,Recharge Well
444.6,103.3,tiles,0.8,5,631.8,230607.0,clay,75.9,True,False,residential,139000.0,33067.6,0.143,1.361,2755.6,1653.4,Storage Tank
3012.1,275.2,metal,0.9,15,1036.5,378322.5,silty,153.8,False,True,commercial,105000.0,671433.2,1.775,1.789,55952.8,18916.1,Recharge Well
1028.3,1176.5,rcc,0.85,52,1626.3,593599.5,loamy,324.5,True,True,institutional,330000.0,925493.1,1.559,3.626,77124.4,29680.0,Recharge Well
901.4,948.8,tiles,0.8,21,1255.1,458111.5,rocky,369.6,True,True,institutional,355000.0,615778.8,1.344,2.567,51314.9,22905.6,Storage Tank
2690.5,926.4,tiles,0.8,36,1604.0,585460.0,loamy,141.2,False,False,institutional,255000.0,1794585.0,3.065,6.561,149548.8,29273.0,Hybrid System
647.0,2324.7,rcc,0.85,37,3692.5,1347762.5,loamy,51.9,True,True,industrial,250000.0,1150621.9,0.854,44.792,95885.2,57531.1,Recharge Well
791.7,215.4,rcc,0.85,5,789.5,288167.5,silty,34.9,True,True,residential,105000.0,130457.1,0.453,6.172,10871.4,6522.9,Recharge Pit
1192.3,1445.7,tiles,0.8,43,3988.5,1455802.5,sandy,351.3,True,False,industrial,240000.0,1241069.8,0.852,4.115,103422.5,62053.5,Hybrid System
468.5,718.7,rcc,0.85,10,763.4,278641.0,rocky,238.6,True,True,commercial,248000.0,257583.9,0.924,3.012,21465.3,12879.2,Storage Tank
350.6,921.3,rcc,0.85,64,1893.2,691018.0,silty,417.2,True,False,institutional,230000.0,247101.0,0.358,2.208,20591.8,12355.1,Hybrid System
1826.7,273.7,rcc,0.85,2,243.4,88841.0,sandy,109.4,False,False,residential,123000.0,382475.4,4.305,2.502,31873.0,4442.1,Recharge Well
655.5,255.8,pavers,0.7,19,1165.8,425517.0,clay,89.3,False,False,commercial,88000.0,105636.4,0.248,2.865,8803.0,5281.8,Storage Tank
811.7,356.8,rcc,0.85,11,473.4,172791.0,loamy,59.3,False,False,commercial,72000.0,221555.1,1.282,6.017,18462.9,8639.6,Hybrid System
1960.6,31.7,rcc,0.85,7,829.3,302694.5,loamy,61.9,True,False,residential,41000.0,47545.5,0.157,0.512,3962.1,2377.3,Recharge Pit
879.4,249.8,tiles,0.8,4,504.8,184252.0,sandy,9.4,False,False,residential,140000.0,158165.4,0.858,26.574,13180.4,7908.3,Storage Tank
1083.5,171.6,rcc,0.85,17,760.3,277509.5,sandy,263.0,False,False,commercial,170000.0,142235.4,0.513,0.652,11852.9,7111.8,Hybrid System
1093.6,124.3,rcc,0.85,3,365.5,133407.5,loamy,115.0,True,True,residential,23000.0,103989.9,0.779,1.081,8665.8,5199.5,Storage Tank
2349.6,688.1,rcc,0.85,24,1276.9,466068.5,sandy,261.4,False,True,commercial,116000.0,1236821.2,2.654,2.632,103068.4,23303.4,Recharge Well
1171.2,302.0,rcc,0.85,3,466.3,170199.5,silty,34.5,False,False,residential,55000.0,270582.3,1.59,8.754,22548.5,8510.0,Recharge Well
559.1,85.3,rcc,0.85,5,789.0,287985.0,loamy,58.7,True,False,residential,40000.0,36483.8,0.127,1.453,3040.3,1824.2,Recharge Pit
1128.1,57.9,rcc,0.85,4,619.5,226117.5,sandy,70.2,True,False,residential,110000.0,49967.5,0.221,0.825,4164.0,2498.4,Storage Tank
537.4,313.6,tiles,0.8,8,971.7,354670.5,loamy,77.8,True,True,residential,135000.0,121340.6,0.342,4.031,10111.7,6067.0,Recharge Well
1675.0,56.5,rcc,0.85,3,405.1,147861.5,sandy,105.0,False,True,residential,87000.0,72397.7,0.49,0.538,6033.1,3619.9,Recharge Pit
759.5,190.8,metal,0.9,4,590.7,215605.5,clay,69.7,False,False,residential,69000.0,117379.2,0.544,2.737,9781.6,5869.0,Storage Tank
1947.5,569.1,tiles,0.8,11,864.8,315652.0,sandy,344.2,True,True,commercial,189000.0,797992.0,2.528,1.653,66499.3,15782.6,Recharge Well
483.7,193.4,metal,0.9,26,1964.3,716969.5,clay,37.4,False,True,commercial,104000.0,75773.5,0.106,5.171,6314.5,3788.7,Storage Tank
412.9,43.8,tiles,0.8,4,513.9,187573.5,clay,65.1,True,False,residential,99000.0,13021.2,0.069,0.673,1085.1,651.1,Storage Tank
1529.8,247.7,rcc,0.85,3,450.3,164359.5,sandy,6.5,True,True,residential,141000.0,289882.6,1.764,38.108,24156.9,8218.0,Storage Tank
923.5,284.9,rcc,0.85,8,1160.9,423728.5,sandy,10.1,False,False,residential,41000.0,201275.4,0.475,28.208,16773.0,10063.8,Storage Tank
1101.8,2461.7,pavers,0.7,35,2972.8,1085072.0,loamy,375.1,False,True,industrial,167000.0,1708749.7,1.575,6.563,142395.8,54253.6,Recharge Well
918.8,297.5,tiles,0.8,15,861.4,314411.0,sandy,220.1,True,False,commercial,116000.0,196807.0,0.626,1.352,16400.6,9840.4,Hybrid System
2841.8,114.7,tiles,0.8,7,820.9,299628.5,clay,24.0,False,True,residential,55000.0,234687.2,0.783,4.779,19557.3,11734.4,Storage Tank
1278.8,202.9,rcc,0.85,31,2232.1,814716.5,clay,170.6,False,False,commercial,201000.0,198493.4,0.244,1.189,16541.1,9924.7,Storage Tank
752.2,37.8,rcc,0.85,2,289.3,105594.5,loamy,116.0,True,False,residential,71000.0,21751.4,0.206,0.326,1812.6,1087.6,Storage Tank
993.2,324.3,metal,0.9,34,1651.4,602761.0,loamy,266.6,False,False,commercial,240000.0,260896.8,0.433,1.216,21741.4,13044.8,Hybrid System
1042.1,2460.5,pavers,0.7,43,2864.1,1045396.5,sandy,282.3,False,False,industrial,278000.0,1615374.8,1.545,8.716,134614.6,52269.8,Hybrid System
895.8,182.8,tiles,0.8,8,920.0,335800.0,sandy,56.6,True,True,residential,37000.0,117901.6,0.351,3.23,9825.1,5895.1,Recharge Pit
2805.5,259.6,rcc,0.85,38,2850.3,1040359.5,silty,62.8,True,True,commercial,243000.0,557155.5,0.536,4.134,46429.6,27857.8,Recharge Well
1969.8,194.2,metal,0.9,8,940.9,343428.5,loamy,118.8,True,False,residential,93000.0,309853.5,0.902,1.635,25821.1,15492.7,Hybrid System
681.7,235.9,pavers,0.7,8,1011.4,369161.0,sandy,37.3,True,False,residential,140000.0,101312.2,0.274,6.324,8442.7,5065.6,Hybrid System
330.7,168.6,rcc,0.85,8,1201.5,438547.5,silty,16.9,True,True,residential,107000.0,42653.4,0.097,9.976,3554.5,2132.7,Storage Tank
855.8,176.4,metal,0.9,25,1961.3,715874.5,loamy,83.0,True,False,commercial,75000.0,122280.1,0.171,2.125,10190.0,6114.0,Hybrid System
1888.2,294.3,rcc,0.85,5,784.4,286306.0,loamy,48.0,True,True,residential,32000.0,425108.4,1.485,6.131,35425.7,14315.3,Recharge Well
1193.0,586.7,rcc,0.85,28,1204.0,439460.0,loamy,185.2,True,True,commercial,337000.0,535448.8,1.218,3.168,44620.7,21973.0,Recharge Well
530.4,1148.5,rcc,0.85,25,810.2,295723.0,clay,332.7,True,True,institutional,264000.0,466010.8,1.576,3.452,38834.2,14786.2,Storage Tank
903.0,78.3,rcc,0.85,3,335.9,122603.5,silty,44.4,True,True,residential,31000.0,54089.2,0.441,1.764,4507.4,2704.5,Recharge Pit
369.5,1795.1,tiles,0.8,57,2973.5,1085327.5,clay,474.2,True,False,institutional,247000.0,477568.4,0.44,3.786,39797.4,23878.4,Storage Tank
1916.5,1139.9,rcc,0.85,58,2723.1,993931.5,rocky,364.7,True,False,institutional,131000.0,1671233.0,1.681,3.126,139269.4,49696.6,Storage Tank
692.4,319.6,rcc,0.85,3,430.8,157242.0,sandy,14.8,True,False,residential,150000.0,169287.6,1.077,21.595,14107.3,7862.1,Storage Tank
309.4,41.9,tiles,0.8,3,359.7,131290.5,rocky,94.2,False,True,residential,108000.0,9334.0,0.071,0.445,777.8,466.7,Storage Tank
1117.9,211.5,rcc,0.85,4,529.5,193267.5,loamy,119.9,False,True,residential,70000.0,180873.4,0.936,1.764,15072.8,9043.7,Recharge Well
693.0,2042.4,rcc,0.85,24,1569.4,572831.0,clay,556.1,True,True,industrial,474000.0,1082768.1,1.89,3.673,90230.7,28641.6,Storage Tank
412.6,71.5,rcc,0.85,5,796.7,290795.5,rocky,8.0,True,True,residential,30000.0,22568.2,0.078,8.938,1880.7,1128.4,Storage Tank
1652.8,100.5,metal,0.9,2,251.0,91615.0,rocky,88.1,False,True,residential,147000.0,134546.2,1.469,1.141,11212.2,4580.8,Storage Tank
1109.5,70.1,metal,0.9,7,1071.0,390915.0,silty,28.2,True,False,residential,23000.0,62998.5,0.161,2.486,5249.9,3149.9,Storage Tank
1808.4,1493.3,rcc,0.85,27,1127.2,411428.0,clay,302.1,False,True,institutional,297000.0,2065870.0,5.021,4.943,172155.8,20571.4,Storage Tank
1599.1,364.8,metal,0.9,37,2123.8,775187.0,silty,78.2,True,False,institutional,273000.0,472514.9,0.61,4.665,39376.2,23625.7,Hybrid System
617.0,505.7,pavers,0.7,27,1011.5,369197.5,clay,116.1,True,True,commercial,132000.0,196570.6,0.532,4.356,16380.9,9828.5,Storage Tank
937.5,813.7,rcc,0.85,20,1770.5,646232.5,clay,161.9,True,False,industrial,311000.0,583575.5,0.903,5.026,48631.3,29178.8,Storage Tank
985.1,966.3,rcc,0.85,17,757.7,276560.5,sandy,166.9,True,False,commercial,232000.0,728205.1,2.633,5.79,60683.8,13828.0,Hybrid System
1767.3,382.7,metal,0.9,35,2494.5,910492.5,loamy,234.0,False,False,commercial,157000.0,547840.0,0.602,1.635,45653.3,27392.0,Hybrid System
1023.5,644.3,pavers,0.7,16,1403.3,512204.5,clay,480.3,True,False,industrial,172000.0,415447.9,0.811,1.341,34620.7,20772.4,Storage Tank
2866.0,214.6,rcc,0.85,8,936.9,341968.5,clay,48.9,False,False,residential,102000.0,470508.4,1.376,4.389,39209.0,17098.4,Storage Tank
882.1,694.7,rcc,0.85,28,1015.5,370657.5,clay,49.2,True,False,commercial,273000.0,468788.1,1.265,14.12,39065.7,18532.9,Storage Tank
707.7,662.1,rcc,0.85,19,1353.0,493845.0,rocky,287.6,True,True,commercial,229000.0,358454.7,0.726,2.302,29871.2,17922.7,Storage Tank
949.0,583.1,tiles,0.8,15,1023.9,373723.5,sandy,185.1,True,True,commercial,251000.0,398420.6,1.066,3.15,33201.7,18686.2,Recharge Well
959.5,175.5,metal,0.9,5,580.9,212028.5,silty,51.2,False,False,residential,70000.0,136397.7,0.643,3.428,11366.5,6819.9,Hybrid System
1845.7,102.5,rcc,0.85,6,932.3,340289.5,loamy,9.6,False,False,residential,85000.0,144726.0,0.425,10.677,12060.5,7236.3,Storage Tank
2769.7,564.7,rcc,0.85,14,777.1,283641.5,loamy,43.0,True,True,commercial,126000.0,1196497.9,4.218,13.133,99708.2,14182.1,Recharge Well
825.4,230.9,tiles,0.8,2,263.1,96031.5,sandy,6.7,False,True,residential,117000.0,137221.1,1.429,34.463,11435.1,4801.6,Storage Tank
1100.1,98.9,rcc,0.85,7,915.3,334084.5,clay,82.9,True,False,residential,38000.0,83231.9,0.249,1.193,6936.0,4161.6,Storage Tank
559.7,212.8,rcc,0.85,3,450.2,164323.0,loamy,34.3,True,True,residential,59000.0,91114.7,0.554,6.204,7592.9,4555.7,Recharge Pit
619.8,249.8,rcc,0.85,6,926.6,338209.0,sandy,96.6,True,True,residential,56000.0,118441.9,0.35,2.586,9870.2,5922.1,Recharge Pit
971.7,823.1,rcc,0.85,13,884.8,322952.0,clay,132.5,True,False,commercial,322000.0,611851.8,1.895,6.212,50987.7,16147.6,Storage Tank
1018.9,241.5,tiles,0.8,7,777.5,283787.5,loamy,46.8,False,False,residential,108000.0,177166.3,0.624,5.16,14763.9,8858.3,Hybrid System
823.6,474.9,tiles,0.8,47,2789.1,1018021.5,rocky,248.8,True,False,institutional,427000.0,281611.9,0.277,1.909,23467.7,14080.6,Storage Tank
356.0,82.5,rcc,0.85,3,402.2,146803.0,sandy,40.1,False,True,residential,142000.0,22468.0,0.153,2.057,1872.3,1123.4,Recharge Pit
786.3,1731.1,rcc,0.85,46,1247.1,455191.5,clay,68.5,True,False,institutional,207000.0,1041290.4,2.288,25.272,86774.2,22759.6,Storage Tank
630.5,237.0,rcc,0.85,6,924.4,337406.0,clay,78.2,True,False,residential,110000.0,114312.8,0.339,3.031,9526.1,5715.6,Storage Tank
567.9,420.4,metal,0.9,30,1103.7,402850.5,loamy,106.2,False,False,commercial,97000.0,193383.6,0.48,3.959,16115.3,9669.2,Hybrid System
1653.2,1744.2,pavers,0.7,50,2634.7,961665.5,rocky,173.1,True,True,institutional,186000.0,1816612.2,1.889,10.076,151384.4,48083.3,Storage Tank
872.8,799.1,pavers,0.7,11,640.6,233819.0,rocky,42.7,False,True,commercial,112000.0,439396.3,1.879,18.714,36616.4,11691.0,Storage Tank
858.6,44.0,rcc,0.85,8,1082.5,395112.5,silty,40.4,False,False,residential,74000.0,28900.5,0.073,1.089,2408.4,1445.0,Storage Tank
1125.4,134.2,rcc,0.85,3,393.6,143664.0,loamy,56.8,False,False,residential,54000.0,115536.9,0.804,2.363,9628.1,5776.8,Recharge Pit
396.4,293.1,pavers,0.7,5,661.7,241520.5,clay,19.0,True,True,residential,137000.0,73196.4,0.303,15.426,6099.7,3659.8,Storage Tank
898.5,1365.6,rcc,0.85,61,1942.7,709085.5,rocky,195.7,True,False,institutional,287000.0,938648.6,1.324,6.978,78220.7,35454.3,Storage Tank
327.9,197.1,rcc,0.85,8,1065.3,388834.5,sandy,86.7,True,True,residential,87000.0,49441.3,0.127,2.273,4120.1,2472.1,Recharge Pit
792.5,975.7,metal,0.9,28,1462.5,533812.5,clay,192.2,True,True,commercial,239000.0,626326.2,1.173,5.076,52193.8,26690.6,Storage Tank
1192.8,605.9,tiles,0.8,41,2047.2,747228.0,clay,475.2,False,True,institutional,439000.0,520356.6,0.696,1.275,43363.0,26017.8,Storage Tank
1453.2,443.8,rcc,0.85,28,1369.2,499758.0,loamy,97.7,True,False,commercial,249000.0,493371.6,0.987,4.542,41114.3,24668.6,Hybrid System
1438.0,303.2,metal,0.9,2,250.5,91432.5,loamy,13.1,True,False,residential,45000.0,353161.3,3.863,23.145,29430.1,4571.6,Storage Tank
959.1,1403.0,tiles,0.8,41,1172.1,427816.5,loamy,278.5,True,False,institutional,355000.0,968844.5,2.265,5.038,80737.0,21390.8,Hybrid System
2409.6,372.3,rcc,0.85,21,764.6,279079.0,rocky,173.1,True,True,commercial,347000.0,686277.0,2.459,2.151,57189.8,13954.0,Storage Tank
1126.8,126.5,pavers,0.7,5,747.3,272764.5,loamy,54.5,True,False,residential,36000.0,89800.3,0.329,2.321,7483.4,4490.0,Recharge Pit
1587.1,67.3,rcc,0.85,7,992.1,362116.5,sandy,72.0,False,True,residential,114000.0,81711.0,0.226,0.935,6809.2,4085.6,Recharge Pit
988.5,70.3,rcc,0.85,7,1111.8,405807.0,sandy,77.1,False,False,residential,85000.0,53161.0,0.131,0.912,4430.1,2658.1,Storage Tank
386.0,238.3,rcc,0.85,7,859.3,313644.5,silty,81.0,True,True,residential,64000.0,70367.6,0.224,2.942,5864.0,3518.4,Recharge Pit
877.0,230.9,rcc,0.85,6,896.9,327368.5,sandy,19.4,True,True,residential,55000.0,154912.0,0.473,11.902,12909.3,7745.6,Recharge Pit
374.8,66.4,rcc,0.85,2,288.8,105412.0,sandy,28.4,True,False,residential,42000.0,19038.3,0.181,2.338,1586.5,951.9,Recharge Pit
489.8,896.0,metal,0.9,38,1885.5,688207.5,silty,305.9,True,True,commercial,206000.0,355477.2,0.517,2.929,29623.1,17773.9,Recharge Well
594.0,116.1,tiles,0.8,7,1060.8,387192.0,loamy,45.8,True,False,residential,74000.0,49653.6,0.128,2.535,4137.8,2482.7,Storage Tank
1136.2,613.3,metal,0.9,56,2313.0,844245.0,loamy,74.8,True,False,institutional,130000.0,564433.5,0.669,8.199,47036.1,28221.7,Hybrid System
1868.3,118.4,metal,0.9,5,741.2,270538.0,sandy,97.8,False,False,residential,101000.0,179177.4,0.662,1.211,14931.4,8958.9,Hybrid System
801.3,34.9,rcc,0.85,4,478.0,174470.0,loamy,117.0,True,True,residential,135000.0,21393.5,0.123,0.298,1782.8,1069.7,Recharge Pit
1269.1,305.1,metal,0.9,30,1766.0,644590.0,clay,169.4,False,False,commercial,282000.0,313634.0,0.487,1.801,26136.2,15681.7,Storage Tank
1021.6,497.0,metal,0.9,59,2949.0,1076385.0,clay,325.6,True,False,institutional,182000.0,411265.5,0.382,1.526,34272.1,20563.3,Storage Tank
825.0,1451.3,metal,0.9,46,1686.3,615499.5,sandy,453.5,False,False,institutional,305000.0,969831.2,1.576,3.2,80819.3,30775.0,Hybrid System
1401.3,128.2,rcc,0.85,2,245.7,89680.5,sandy,51.9,True,False,residential,76000.0,137429.7,1.532,2.47,11452.5,4484.0,Recharge Pit
1716.5,944.1,rcc,0.85,21,947.4,345801.0,sandy,269.0,True,True,institutional,107000.0,1239719.0,3.585,3.51,103309.9,17290.0,Recharge Well
2234.1,1314.5,metal,0.9,32,2720.0,992800.0,silty,74.5,True,False,industrial,181000.0,2378746.8,2.396,17.644,198228.9,49640.0,Hybrid System
1776.9,71.6,metal,0.9,3,334.2,121983.0,clay,14.6,True,False,residential,140000.0,103053.1,0.845,4.904,8587.8,5152.7,Storage Tank
1820.3,1020.1,rcc,0.85,28,1459.5,532717.5,loamy,286.1,True,True,institutional,329000.0,1420519.3,2.667,3.566,118376.6,26635.9,Recharge Well
1056.9,181.8,tiles,0.8,5,629.8,229877.0,silty,39.6,True,True,residential,40000.0,138344.0,0.602,4.591,11528.7,6917.2,Recharge Pit
734.8,279.4,rcc,0.85,26,1466.7,535345.5,loamy,257.0,False,True,commercial,260000.0,157056.9,0.293,1.087,13088.1,7852.8,Recharge Well
720.3,31.4,metal,0.9,7,824.0,300760.0,rocky,89.9,False,False,residential,95000.0,18320.1,0.061,0.349,1526.7,916.0,Storage Tank
310.8,1162.2,metal,0.9,69,3462.8,1263922.0,sandy,269.2,True,False,institutional,410000.0,292581.5,0.231,4.317,24381.8,14629.1,Hybrid System
430.4,558.2,rcc,0.85,11,487.5,177937.5,silty,103.1,True,True,commercial,346000.0,183790.7,1.033,5.414,15315.9,8896.9,Recharge Well
1587.4,83.8,rcc,0.85,7,985.0,359525.0,loamy,81.5,True,True,residential,31000.0,101763.5,0.283,1.028,8480.3,5088.2,Recharge Pit
996.6,121.5,rcc,0.85,5,722.8,263822.0,clay,75.8,False,True,residential,110000.0,92631.5,0.351,1.603,7719.3,4631.6,Storage Tank
1361.9,831.1,metal,0.9,15,934.9,341238.5,loamy,137.0,False,False,commercial,268000.0,916818.8,2.687,6.066,76401.6,17061.9,Hybrid System
2154.4,123.3,tiles,0.8,8,1127.9,411683.5,loamy,112.1,True,True,residential,70000.0,191259.0,0.465,1.1,15938.2,9563.0,Recharge Well
1782.3,288.9,metal,0.9,2,293.2,107018.0,loamy,101.9,True,False,residential,31000.0,417074.2,3.897,2.835,34756.2,5350.9,Recharge Well
497.2,262.0,rcc,0.85,24,1815.0,662475.0,loamy,297.5,False,True,commercial,284000.0,99653.8,0.15,0.881,8304.5,4982.7,Recharge Well
451.5,958.9,metal,0.9,18,1349.2,492458.0,loamy,53.2,True,True,industrial,453000.0,350684.1,0.712,18.024,29223.7,17534.2,Recharge Well
1842.5,140.3,metal,0.9,6,789.6,288204.0,sandy,55.2,True,False,residential,127000.0,209387.2,0.727,2.542,17448.9,10469.4,Hybrid System
389.5,2211.5,metal,0.9,31,1987.2,725328.0,loamy,443.1,True,False,industrial,348000.0,697717.2,0.962,4.991,58143.1,34885.9,Hybrid System
1868.1,1343.8,pavers,0.7,28,1138.6,415589.0,loamy,109.0,True,False,industrial,167000.0,1581522.3,3.805,12.328,131793.5,20779.5,Hybrid System
479.9,256.2,tiles,0.8,4,582.1,212466.5,loamy,26.8,True,False,residential,126000.0,88524.3,0.417,9.56,7377.0,4426.2,Hybrid System
358.6,78.4,rcc,0.85,3,346.2,126363.0,loamy,11.9,True,False,residential,138000.0,21507.4,0.17,6.588,1792.3,1075.4,Storage Tank
834.9,191.9,metal,0.9,6,812.7,296635.5,loamy,11.0,True,False,residential,63000.0,129776.0,0.437,17.445,10814.7,6488.8,Storage Tank
945.2,317.1,pavers,0.7,2,222.9,81358.5,clay,34.7,True,True,residential,37000.0,188825.4,2.321,9.138,15735.4,4067.9,Storage Tank
1950.4,200.0,rcc,0.85,5,585.7,213780.5,rocky,75.5,True,False,residential,137000.0,298411.2,1.396,2.649,24867.6,10689.0,Storage Tank
780.7,384.7,pavers,0.7,27,1433.6,523264.0,loamy,60.2,True,True,commercial,246000.0,189211.2,0.362,6.39,15767.6,9460.6,Recharge Well
2268.9,286.3,metal,0.9,2,223.5,81577.5,loamy,43.5,True,True,residential,139000.0,526164.7,6.45,6.582,43847.1,4078.9,Recharge Well
502.4,1577.6,pavers,0.7,42,1984.3,724269.5,silty,472.3,True,False,institutional,426000.0,499329.3,0.689,3.34,41610.8,24966.5,Hybrid System
416.6,504.3,tiles,0.8,21,1150.1,419786.5,sandy,219.3,False,True,commercial,192000.0,151265.8,0.36,2.3,12605.5,7563.3,Recharge Well
1274.0,1335.1,rcc,0.85,59,1777.6,648824.0,loamy,336.7,True,False,institutional,261000.0,1301201.8,2.005,3.965,108433.5,32441.2,Hybrid System
1435.1,130.5,rcc,0.85,2,240.0,87600.0,rocky,36.9,False,False,residential,62000.0,143269.6,1.635,3.537,11939.1,4380.0,Storage Tank
906.8,289.7,rcc,0.85,4,504.7,184215.5,sandy,84.6,True,False,residential,86000.0,200965.5,1.091,3.424,16747.1,9210.8,Hybrid System
1730.8,154.5,rcc,0.85,8,1063.1,388031.5,loamy,10.0,True,False,residential,71000.0,204567.6,0.527,15.45,17047.3,10228.4,Storage Tank
454.8,231.5,tiles,0.8,3,415.4,151621.0,sandy,89.9,True,False,residential,26000.0,75806.1,0.5,2.575,6317.2,3790.3,Recharge Pit
1888.4,285.6,rcc,0.85,2,237.3,86614.5,clay,75.3,True,False,residential,125000.0,412585.2,4.763,3.793,34382.1,4330.7,Storage Tank
638.4,210.3,tiles,0.8,5,678.9,247798.5,loamy,31.8,False,False,residential,86000.0,96664.0,0.39,6.613,8055.3,4833.2,Hybrid System
688.6,988.1,rcc,0.85,21,847.6,309374.0,loamy,250.8,True,True,commercial,282000.0,520510.3,1.682,3.94,43375.9,15468.7,Recharge Well
773.9,940.6,rcc,0.85,54,2382.3,869539.5,loamy,264.8,False,False,institutional,279000.0,556866.7,0.64,3.552,46405.6,27843.3,Hybrid System
2707.0,296.6,pavers,0.7,3,368.6,134539.0,sandy,91.9,True,False,residential,141000.0,505824.6,3.76,3.227,42152.0,6727.0,Hybrid System
802.0,311.7,rcc,0.85,8,1045.6,381644.0,rocky,40.3,True,True,residential,42000.0,191237.3,0.501,7.734,15936.4,9561.9,Storage Tank
806.6,166.8,rcc,0.85,3,346.3,126399.5,loamy,1.2,True,True,residential,133000.0,102923.8,0.814,139.0,8577.0,5146.2,Storage Tank
866.5,215.6,metal,0.9,5,723.2,263968.0,sandy,104.5,False,False,residential,94000.0,151322.1,0.573,2.063,12610.2,7566.1,Hybrid System
1182.5,539.7,rcc,0.85,40,3534.5,1290092.5,silty,453.2,True,True,industrial,153000.0,488219.4,0.378,1.191,40685.0,24411.0,Recharge Well
575.8,307.0,tiles,0.8,32,1353.5,494027.5,silty,145.5,False,False,commercial,137000.0,127274.8,0.258,2.11,10606.2,6363.7,Hybrid System
1036.9,214.2,rcc,0.85,7,772.0,281780.0,clay,69.0,False,True,residential,46000.0,169909.5,0.603,3.104,14159.1,8495.5,Storage Tank
301.4,1370.7,rcc,0.85,21,1771.9,646743.5,sandy,73.4,True,False,industrial,240000.0,316043.7,0.489,18.674,26337.0,15802.2,Hybrid System
1933.9,1096.1,tiles,0.8,21,1417.0,517205.0,silty,356.9,True,False,industrial,346000.0,1526218.4,2.951,3.071,127184.9,25860.2,Hybrid System
309.2,40.1,metal,0.9,6,690.8,252142.0,sandy,98.8,False,False,residential,69000.0,10043.1,0.04,0.406,836.9,502.2,Storage Tank
580.5,255.1,rcc,0.85,23,854.8,312002.0,rocky,219.9,True,True,commercial,185000.0,113285.4,0.363,1.16,9440.4,5664.3,Storage Tank
1088.0,186.6,pavers,0.7,8,997.8,364197.0,loamy,77.3,True,True,residential,119000.0,127903.1,0.351,2.414,10658.6,6395.2,Recharge Pit
606.4,287.7,rcc,0.85,4,441.3,161074.5,sandy,79.4,True,False,residential,55000.0,133462.9,0.829,3.623,11121.9,6673.1,Storage Tank
852.0,268.6,rcc,0.85,5,658.4,240316.0,sandy,39.6,True,False,residential,77000.0,175068.1,0.728,6.783,14589.0,8753.4,Hybrid System
1086.9,222.4,tiles,0.8,5,761.7,278020.5,loamy,47.8,True,False,residential,119000.0,174043.1,0.626,4.653,14503.6,8702.2,Hybrid System
681.1,2086.8,tiles,0.8,24,1830.4,668096.0,sandy,112.9,False,False,industrial,420000.0,1023350.0,1.532,18.484,85279.2,33404.8,Hybrid System
427.2,1257.3,rcc,0.85,57,2043.2,745768.0,loamy,387.6,True,True,institutional,118000.0,410895.7,0.551,3.244,34241.3,20544.8,Recharge Well
443.4,33.4,rcc,0.85,6,917.9,335033.5,silty,68.4,True,True,residential,25000.0,11329.3,0.034,0.488,944.1,566.5,Recharge Pit
2255.1,1254.0,rcc,0.85,30,1588.1,579656.5,clay,592.2,True,False,industrial,410000.0,2163340.0,3.732,2.118,180278.3,28982.8,Storage Tank
2470.1,299.8,rcc,0.85,2,282.3,103039.5,silty,42.5,True,False,residential,25000.0,566510.0,5.498,7.054,47209.2,5152.0,Recharge Well
1207.7,255.5,rcc,0.85,13,692.0,252580.0,loamy,330.8,True,False,commercial,114000.0,236054.0,0.935,0.772,19671.2,11802.7,Hybrid System
2017.0,257.7,tiles,0.8,5,653.1,238381.5,loamy,50.6,False,True,residential,41000.0,374242.2,1.57,5.093,31186.9,11919.1,Recharge Well
542.0,207.7,rcc,0.85,5,615.1,224511.5,sandy,95.9,True,True,residential,59000.0,86118.7,0.384,2.166,7176.6,4305.9,Recharge Pit
1910.1,116.7,metal,0.9,4,535.3,195384.5,rocky,20.2,True,False,residential,149000.0,180556.0,0.924,5.777,15046.3,9027.8,Storage Tank
1630.5,38.4,rcc,0.85,8,1205.8,440117.0,loamy,22.0,True,False,residential,73000.0,47897.6,0.109,1.745,3991.5,2394.9,Storage Tank
2086.3,168.9,metal,0.9,6,699.7,255390.5,clay,36.1,True,True,residential,131000.0,285424.6,1.118,4.679,23785.4,12769.5,Storage Tank
2505.4,262.9,tiles,0.8,15,1169.3,426794.5,silty,119.4,True,False,commercial,105000.0,474242.2,1.111,2.202,39520.2,21339.7,Hybrid System
1820.2,102.0,tiles,0.8,4,572.5,208962.5,sandy,50.0,True,True,residential,133000.0,133675.5,0.64,2.04,11139.6,6683.8,Recharge Pit
1192.7,219.0,tiles,0.8,2,288.1,105156.5,clay,108.7,False,True,residential,59000.0,188064.9,1.788,2.015,15672.1,5257.8,Storage Tank
620.9,167.7,rcc,0.85,7,911.7,332770.5,loamy,114.9,True,True,residential,52000.0,79655.6,0.239,1.46,6638.0,3982.8,Recharge Pit
704.9,117.4,metal,0.9,8,1256.5,458622.5,sandy,82.2,False,False,residential,30000.0,67031.8,0.146,1.428,5586.0,3351.6,Recharge Pit
936.9,550.3,rcc,0.85,26,681.3,248674.5,clay,78.0,True,True,institutional,138000.0,394415.7,1.586,7.055,32868.0,12433.7,Storage Tank
764.4,251.0,rcc,0.85,2,263.9,96323.5,loamy,10.4,True,False,residential,92000.0,146776.3,1.524,24.135,12231.4,4816.2,Storage Tank
786.2,786.9,rcc,0.85,23,1450.7,529505.5,sandy,297.9,True,True,commercial,303000.0,473275.5,0.894,2.641,39439.6,23663.8,Recharge Well
960.5,64.3,pavers,0.7,6,920.5,335982.5,loamy,70.1,True,False,residential,91000.0,38908.9,0.116,0.917,3242.4,1945.4,Storage Tank
673.4,130.1,tiles,0.8,8,1065.2,388798.0,sandy,27.8,False,False,residential,131000.0,63078.7,0.162,4.68,5256.6,3153.9,Hybrid System
424.0,127.2,rcc,0.85,7,798.9,291598.5,loamy,94.5,True,False,residential,127000.0,41258.6,0.141,1.346,3438.2,2062.9,Storage Tank
600.3,216.2,pavers,0.7,8,962.8,351422.0,rocky,97.8,False,False,residential,82000.0,81764.5,0.233,2.211,6813.7,4088.2,Storage Tank
777.1,127.2,pavers,0.7,6,925.5,337807.5,loamy,14.7,False,False,residential,111000.0,62273.7,0.184,8.653,5189.5,3113.7,Storage Tank
1618.3,994.4,rcc,0.85,47,1371.4,500561.0,rocky,209.9,True,False,institutional,434000.0,1231066.7,2.459,4.737,102588.9,25028.1,Storage Tank
559.7,31.7,rcc,0.85,4,610.1,222686.5,silty,117.9,True,False,residential,107000.0,13573.0,0.061,0.269,1131.1,678.7,Storage Tank
1697.3,93.7,metal,0.9,2,294.4,107456.0,loamy,109.3,True,False,residential,135000.0,128820.0,1.199,0.857,10735.0,5372.8,Hybrid System
1707.7,238.9,rcc,0.85,5,587.8,214547.0,loamy,79.4,True,True,residential,132000.0,312096.7,1.455,3.009,26008.1,10727.4,Recharge Well
301.5,62.0,rcc,0.85,4,491.8,179507.0,sandy,88.6,True,False,residential,84000.0,14300.1,0.08,0.7,1191.7,715.0,Storage Tank
679.6,2283.1,rcc,0.85,31,1341.9,489793.5,rocky,599.1,False,True,industrial,269000.0,1186970.0,2.423,3.811,98914.2,24489.7,Storage Tank
383.0,982.5,tiles,0.8,10,379.6,138554.0,sandy,147.1,True,False,commercial,109000.0,270934.2,1.955,6.679,22577.9,6927.7,Hybrid System
3079.2,819.4,metal,0.9,38,3090.6,1128069.0,rocky,196.8,True,True,industrial,372000.0,2043708.1,1.812,4.164,170309.0,56403.5,Storage Tank
2009.2,156.0,metal,0.9,6,906.5,330872.5,clay,87.2,True,False,residential,62000.0,253882.5,0.767,1.789,21156.9,12694.1,Storage Tank
2127.1,1592.4,rcc,0.85,22,560.7,204655.5,sandy,306.3,True,False,institutional,151000.0,2591203.4,12.661,5.199,215933.6,10232.8,Hybrid System
389.7,159.4,rcc,0.85,6,923.9,337223.5,loamy,104.4,True,False,residential,43000.0,47520.4,0.141,1.527,3960.0,2376.0,Recharge Pit
2381.8,247.5,pavers,0.7,3,447.6,163374.0,clay,118.2,True,True,residential,29000.0,371382.2,2.273,2.094,30948.5,8168.7,Storage Tank
1244.1,190.8,rcc,0.85,8,1117.4,407851.0,sandy,59.1,False,True,residential,63000.0,181591.3,0.445,3.228,15132.6,9079.6,Recharge Well
1057.2,780.5,metal,0.9,18,733.3,267654.5,loamy,340.0,True,False,commercial,137000.0,668367.1,2.497,2.296,55697.3,13382.7,Hybrid System
787.4,1328.6,rcc,0.85,21,986.4,360036.0,loamy,260.1,False,True,industrial,261000.0,800296.8,2.223,5.108,66691.4,18001.8,Recharge Well
670.7,51.5,rcc,0.85,7,871.5,318097.5,sandy,96.1,True,False,residential,67000.0,26423.9,0.083,0.536,2202.0,1321.2,Storage Tank
819.2,625.1,metal,0.9,14,713.2,260318.0,rocky,232.7,True,False,commercial,121000.0,414786.4,1.593,2.686,34565.5,13015.9,Storage Tank
973.2,168.1,metal,0.9,27,1443.9,527023.5,loamy,347.6,False,False,commercial,146000.0,132511.9,0.251,0.484,11042.7,6625.6,Hybrid System
631.0,716.8,pavers,0.7,43,3361.2,1226838.0,silty,457.2,True,True,industrial,308000.0,284949.5,0.232,1.568,23745.8,14247.5,Recharge Well
1564.9,202.5,rcc,0.85,3,394.2,143883.0,rocky,19.2,True,True,residential,85000.0,242422.6,1.685,10.547,20201.9,7194.2,Storage Tank
1826.4,61.6,tiles,0.8,2,234.8,85702.0,silty,85.1,True,True,residential,84000.0,81004.5,0.945,0.724,6750.4,4050.2,Recharge Pit
902.7,213.2,rcc,0.85,2,258.1,94206.5,sandy,39.2,True,True,residential,139000.0,147228.6,1.563,5.439,12269.1,4710.3,Recharge Pit
1008.5,1321.7,metal,0.9,20,828.4,302366.0,loamy,251.9,True,False,institutional,151000.0,1079676.9,3.571,5.247,89973.1,15118.3,Hybrid System
1167.0,201.9,metal,0.9,5,665.2,242798.0,silty,117.3,True,False,residential,131000.0,190850.0,0.786,1.721,15904.2,9542.5,Hybrid System
787.2,175.1,rcc,0.85,8,949.0,346385.0,sandy,108.1,True,False,residential,103000.0,105446.6,0.304,1.62,8787.2,5272.3,Hybrid System
986.2,283.2,metal,0.9,3,403.2,147168.0,clay,32.8,True,True,residential,74000.0,226226.4,1.537,8.634,18852.2,7358.4,Storage Tank
1201.3,748.0,rcc,0.85,62,2858.2,1043243.0,clay,308.3,False,True,institutional,411000.0,687407.9,0.659,2.426,57284.0,34370.4,Storage Tank
825.3,810.9,rcc,0.85,23,1034.4,377556.0,sandy,116.0,True,True,commercial,121000.0,511965.4,1.356,6.991,42663.8,18877.8,Recharge Well
1599.6,292.6,rcc,0.85,4,575.3,209984.5,sandy,7.5,True,False,residential,41000.0,358052.9,1.705,39.013,29837.7,10499.2,Storage Tank
1575.0,155.4,rcc,0.85,6,685.9,250353.5,loamy,37.4,False,True,residential,54000.0,187237.6,0.748,4.155,15603.1,9361.9,Recharge Well
793.6,100.9,rcc,0.85,7,1054.6,384929.0,sandy,68.4,False,False,residential,45000.0,61256.8,0.159,1.475,5104.7,3062.8,Recharge Pit
881.8,493.5,rcc,0.85,39,2047.6,747374.0,loamy,74.1,True,False,commercial,181000.0,332903.7,0.445,6.66,27742.0,16645.2,Hybrid System
2060.0,51.2,rcc,0.85,7,1037.9,378833.5,loamy,100.3,True,False,residential,87000.0,80686.1,0.213,0.51,6723.8,4034.3,Hybrid System
1592.2,37.6,metal,0.9,5,661.6,241484.0,silty,53.0,True,False,residential,107000.0,48492.0,0.201,0.709,4041.0,2424.6,Storage Tank
2726.0,562.9,metal,0.9,31,2312.1,843916.5,loamy,226.0,True,False,commercial,108000.0,1242917.0,1.473,2.491,103576.4,42195.8,Hybrid System
910.8,930.2,metal,0.9,30,1635.1,596811.5,sandy,233.9,False,True,commercial,295000.0,686253.2,1.15,3.977,57187.8,29840.6,Recharge Well
1712.7,60.0,rcc,0.85,8,1153.3,420954.5,silty,40.7,True,False,residential,134000.0,78612.9,0.187,1.474,6551.1,3930.6,Hybrid System
1652.8,138.4,pavers,0.7,6,910.8,332442.0,silty,75.5,True,True,residential,56000.0,144110.9,0.433,1.833,12009.2,7205.5,Recharge Pit
868.3,622.3,rcc,0.85,24,1158.7,422925.5,sandy,338.8,True,True,commercial,203000.0,413362.5,0.977,1.837,34446.9,20668.1,Recharge Well
1114.0,650.9,tiles,0.8,19,1017.9,371533.5,loamy,210.5,True,False,commercial,331000.0,522073.9,1.405,3.092,43506.2,18576.7,Hybrid System
2187.4,806.0,rcc,0.85,21,1298.8,474062.0,loamy,152.8,True,True,commercial,112000.0,1348729.0,2.845,5.275,112394.1,23703.1,Recharge Well
1698.6,248.8,rcc,0.85,2,231.1,84351.5,sandy,10.1,False,False,residential,85000.0,323297.9,3.833,24.634,26941.5,4217.6,Storage Tank
316.5,253.0,pavers,0.7,8,880.8,321492.0,sandy,82.0,False,True,residential,79000.0,50446.9,0.157,3.085,4203.9,2522.3,Recharge Pit
747.7,1947.9,tiles,0.8,16,1141.8,416757.0,loamy,362.3,False,True,industrial,278000.0,1048640.3,2.516,5.376,87386.7,20837.9,Recharge Well
866.8,352.9,rcc,0.85,20,1240.3,452709.5,rocky,106.5,True,True,commercial,78000.0,234008.7,0.517,3.314,19500.7,11700.4,Storage Tank
684.5,249.2,rcc,0.85,6,863.1,315031.5,sandy,58.6,True,False,residential,127000.0,130491.7,0.414,4.253,10874.3,6524.6,Hybrid System
1161.1,420.2,pavers,0.7,10,510.0,186150.0,loamy,347.1,False,False,commercial,127000.0,307373.4,1.651,1.211,25614.5,9307.5,Hybrid System
560.1,66.3,tiles,0.8,6,879.9,321163.5,loamy,116.9,True,True,residential,26000.0,26736.9,0.083,0.567,2228.1,1336.8,Recharge Pit
784.5,171.7,rcc,0.85,7,780.1,284736.5,loamy,61.7,True,False,residential,116000.0,103044.5,0.362,2.783,8587.0,5152.2,Hybrid System
1714.5,49.6,tiles,0.8,3,431.5,157497.5,loamy,66.2,True,False,residential,48000.0,61228.2,0.389,0.749,5102.3,3061.4,Recharge Pit
1961.9,140.1,rcc,0.85,7,817.5,298387.5,loamy,40.7,True,True,residential,56000.0,210269.6,0.705,3.442,17522.5,10513.5,Recharge Well
995.8,275.2,tiles,0.8,7,772.6,281999.0,rocky,31.4,True,False,residential,91000.0,197311.8,0.7,8.764,16442.6,9865.6,Storage Tank
472.6,149.9,tiles,0.8,7,771.4,281561.0,sandy,112.5,False,True,residential,39000.0,51006.8,0.181,1.332,4250.6,2550.3,Recharge Pit
992.3,45.4,rcc,0.85,3,403.0,147095.0,sandy,46.8,True,False,residential,34000.0,34463.6,0.234,0.97,2872.0,1723.2,Recharge Pit
1171.5,1394.6,metal,0.9,25,1349.9,492713.5,rocky,249.9,False,True,institutional,229000.0,1323356.9,2.686,5.581,110279.7,24635.7,Storage Tank
359.9,190.9,metal,0.9,2,229.8,83877.0,sandy,95.2,True,False,residential,90000.0,55651.0,0.663,2.005,4637.6,2782.6,Recharge Pit
713.6,253.4,rcc,0.85,4,453.9,165673.5,silty,10.0,True,False,residential,56000.0,138332.1,0.835,25.34,11527.7,6916.6,Storage Tank
1761.0,172.1,pavers,0.7,3,449.5,164067.5,loamy,112.8,True,True,residential,100000.0,190932.9,1.164,1.526,15911.1,8203.4,Recharge Well
652.4,225.2,metal,0.9,3,422.0,154030.0,sandy,30.6,True,True,residential,123000.0,119005.6,0.773,7.359,9917.1,5950.3,Recharge Pit
343.3,686.4,rcc,0.85,38,2432.5,887862.5,loamy,111.2,True,False,commercial,95000.0,180265.5,0.203,6.173,15022.1,9013.3,Hybrid System
1711.8,1020.5,rcc,0.85,61,2659.4,970681.0,rocky,173.0,True,False,institutional,332000.0,1336372.3,1.377,5.899,111364.4,48534.1,Storage Tank
2376.5,216.2,rcc,0.85,4,532.5,194362.5,sandy,107.1,True,False,residential,113000.0,393056.5,2.022,2.019,32754.7,9718.1,Hybrid System
787.0,288.6,rcc,0.85,6,902.3,329339.5,rocky,73.1,True,False,residential,115000.0,173753.1,0.528,3.948,14479.4,8687.7,Storage Tank
1633.7,204.6,rcc,0.85,6,959.7,350290.5,sandy,60.8,False,False,residential,108000.0,255705.1,0.73,3.365,21308.8,12785.3,Hybrid System
1039.8,646.0,tiles,0.8,34,2533.4,924691.0,loamy,176.8,True,True,commercial,118000.0,483631.8,0.523,3.654,40302.7,24181.6,Recharge Well
847.9,445.9,pavers,0.7,15,732.2,267253.0,loamy,79.7,True,False,commercial,161000.0,238189.5,0.891,5.595,19849.1,11909.5,Hybrid System
1043.0,571.9,rcc,0.85,11,618.8,225862.0,rocky,167.4,False,False,commercial,129000.0,456316.2,2.02,3.416,38026.3,11293.1,Storage Tank
853.7,660.5,metal,0.9,17,777.8,283897.0,silty,102.7,True,False,commercial,160000.0,456733.8,1.609,6.431,38061.2,14194.9,Hybrid System
1794.5,148.3,rcc,0.85,2,235.4,85921.0,rocky,96.0,True,False,residential,132000.0,203585.1,2.369,1.545,16965.4,4296.1,Storage Tank
354.7,289.0,rcc,0.85,6,824.4,300906.0,sandy,10.4,True,True,residential,60000.0,78418.8,0.261,27.788,6534.9,3920.9,Storage Tank
391.1,292.8,metal,0.9,36,2183.2,796868.0,silty,138.8,True,True,commercial,303000.0,92756.4,0.116,2.11,7729.7,4637.8,Recharge Well
498.5,224.8,metal,0.9,3,389.4,142131.0,clay,65.3,True,True,residential,23000.0,90770.9,0.639,3.443,7564.2,4538.5,Storage Tank
680.7,926.9,rcc,0.85,39,1405.2,512898.0,silty,170.4,True,False,commercial,163000.0,482669.7,0.941,5.44,40222.5,24133.5,Hybrid System
1454.9,100.2,rcc,0.85,2,306.5,111872.5,clay,58.0,True,False,residential,72000.0,111522.4,0.997,1.728,9293.5,5576.1,Storage Tank
673.6,441.3,rcc,0.85,34,1345.8,491217.0,loamy,240.6,True,False,commercial,318000.0,227403.7,0.463,1.834,18950.3,11370.2,Hybrid System
2833.5,183.8,metal,0.9,17,1220.3,445409.5,loamy,349.3,True,False,commercial,195000.0,421845.8,0.947,0.526,35153.8,21092.3,Hybrid System
1673.6,307.9,tiles,0.8,2,258.4,94316.0,clay,117.6,False,True,residential,79000.0,371017.0,3.934,2.618,30918.1,4715.8,Storage Tank
1477.6,114.8,tiles,0.8,7,973.8,355437.0,silty,45.4,True,False,residential,98000.0,122132.5,0.344,2.529,10177.7,6106.6,Hybrid System
1887.9,139.1,metal,0.9,8,1260.7,460155.5,sandy,83.3,True,False,residential,45000.0,212711.6,0.462,1.67,17726.0,10635.6,Recharge Well
510.6,1313.1,metal,0.9,34,1773.6,647364.0,rocky,377.3,True,True,institutional,413000.0,543079.8,0.839,3.48,45256.7,27154.0,Storage Tank
701.2,1805.4,pavers,0.7,18,730.3,266559.5,loamy,70.0,True,False,industrial,317000.0,797546.3,2.992,25.791,66462.2,13328.0,Hybrid System
2077.4,252.7,rcc,0.85,2,275.8,100667.0,sandy,5.9,True,True,residential,87000.0,401593.6,3.989,42.831,33466.1,5033.4,Storage Tank
684.2,711.5,rcc,0.85,15,853.1,311381.5,loamy,277.8,True,True,commercial,341000.0,372408.3,1.196,2.561,31034.0,15569.1,Recharge Well
661.5,70.6,tiles,0.8,8,940.1,343136.5,loamy,68.0,False,True,residential,115000.0,33625.4,0.098,1.038,2802.1,1681.3,Recharge Pit
739.8,930.0,pavers,0.7,46,1968.5,718502.5,silty,372.3,True,False,institutional,127000.0,433448.8,0.603,2.498,36120.7,21672.4,Hybrid System
2980.2,335.7,pavers,0.7,22,817.1,298241.5,sandy,178.3,True,False,commercial,198000.0,630285.5,2.113,1.883,52523.8,14912.1,Hybrid System
820.3,1480.1,pavers,0.7,61,2047.6,747374.0,loamy,83.3,False,False,institutional,369000.0,764899.4,1.023,17.768,63741.6,37368.7,Hybrid System
3003.8,182.6,metal,0.9,3,397.1,144941.5,loamy,19.3,True,True,residential,124000.0,444280.0,3.065,9.461,37023.3,7247.1,Recharge Well
331.7,531.3,tiles,0.8,31,2214.6,808329.0,loamy,137.7,True,True,commercial,253000.0,126887.2,0.157,3.858,10573.9,6344.4,Recharge Well
2276.2,204.2,rcc,0.85,5,732.5,267362.5,loamy,51.0,True,False,residential,114000.0,355572.0,1.33,4.004,29631.0,13368.1,Hybrid System
712.1,1809.5,rcc,0.85,17,868.0,316820.0,loamy,434.1,True,True,industrial,436000.0,985736.9,3.111,4.168,82144.7,15841.0,Recharge Well
439.8,494.5,rcc,0.85,20,985.9,359853.5,clay,112.3,True,True,commercial,333000.0,166373.0,0.462,4.403,13864.4,8318.6,Storage Tank
385.6,41.9,rcc,0.85,7,1007.0,367555.0,rocky,22.8,True,True,residential,36000.0,12359.8,0.034,1.838,1030.0,618.0,Storage Tank
464.6,1583.7,rcc,0.85,23,2104.5,768142.5,loamy,437.4,True,True,industrial,245000.0,562877.1,0.733,3.621,46906.4,28143.9,Recharge Well
1055.7,908.1,metal,0.9,34,1832.4,668826.0,clay,227.6,True,False,commercial,96000.0,776531.7,1.161,3.99,64711.0,33441.3,Storage Tank
733.4,246.2,rcc,0.85,6,859.1,313571.5,sandy,52.9,False,False,residential,80000.0,138130.8,0.441,4.654,11510.9,6906.5,Hybrid System
1747.1,1556.9,tiles,0.8,26,1289.9,470813.5,silty,175.0,True,False,institutional,167000.0,1958443.2,4.16,8.897,163203.6,23540.7,Hybrid System
347.6,209.6,rcc,0.85,5,721.0,263165.0,rocky,92.3,False,False,residential,44000.0,55735.6,0.212,2.271,4644.6,2786.8,Storage Tank
2465.9,162.3,rcc,0.85,3,422.4,154176.0,loamy,7.7,True,False,residential,24000.0,306164.9,1.986,21.078,25513.7,7708.8,Storage Tank
1525.8,230.6,rcc,0.85,7,884.3,322769.5,sandy,96.2,False,False,residential,133000.0,269164.9,0.834,2.397,22430.4,13458.2,Hybrid System
2738.6,100.6,pavers,0.7,4,583.5,212977.5,loamy,25.6,False,False,residential,91000.0,173567.0,0.815,3.93,14463.9,8678.4,Hybrid System
524.5,256.3,tiles,0.8,5,613.2,223818.0,silty,98.1,True,True,residential,32000.0,96789.1,0.432,2.613,8065.8,4839.5,Recharge Pit
1106.5,41.8,rcc,0.85,8,1057.1,385841.5,loamy,10.8,True,True,residential,70000.0,35382.6,0.092,3.87,2948.5,1769.1,Storage Tank
2674.7,177.0,pavers,0.7,19,1319.4,481581.0,loamy,328.0,True,False,commercial,194000.0,298255.8,0.619,0.54,24854.6,14912.8,Hybrid System
3171.2,105.2,rcc,0.85,8,1277.0,466105.0,loamy,79.1,True,False,residential,71000.0,255211.8,0.548,1.33,21267.6,12760.6,Hybrid System
428.0,211.2,pavers,0.7,8,946.9,345618.5,rocky,18.9,True,True,residential,108000.0,56948.0,0.165,11.175,4745.7,2847.4,Storage Tank
2317.3,262.8,pavers,0.7,4,440.7,160855.5,silty,101.4,False,True,residential,129000.0,383661.5,2.385,2.592,31971.8,8042.8,Recharge Well
324.0,838.8,rcc,0.85,32,2118.7,773325.5,clay,240.5,True,True,commercial,310000.0,207905.0,0.269,3.488,17325.4,10395.2,Storage Tank
847.6,220.8,metal,0.9,5,637.8,232797.0,sandy,85.9,False,False,residential,63000.0,151591.6,0.651,2.57,12632.6,7579.6,Hybrid System
690.2,187.3,tiles,0.8,2,230.2,84023.0,sandy,24.6,True,False,residential,43000.0,93077.6,1.108,7.614,7756.5,4201.2,Recharge Pit
957.9,305.7,tiles,0.8,8,922.6,336749.0,loamy,41.6,True,False,residential,25000.0,210837.6,0.626,7.349,17569.8,10541.9,Recharge Well
1030.2,814.0,tiles,0.8,40,1950.3,711859.5,sandy,489.4,True,True,institutional,391000.0,603779.6,0.848,1.663,50315.0,30189.0,Recharge Well
3164.4,86.1,pavers,0.7,8,1186.4,433036.0,loamy,11.6,False,False,residential,51000.0,171646.5,0.396,7.422,14303.9,8582.3,Storage Tank
438.9,314.5,rcc,0.85,5,588.3,214729.5,clay,76.6,False,True,residential,121000.0,105596.0,0.492,4.106,8799.7,5279.8,Storage Tank
912.1,81.1,rcc,0.85,6,746.5,272472.5,sandy,0.5,True,False,residential,40000.0,56588.1,0.208,81.1,4715.7,2829.4,Storage Tank
1387.0,175.0,metal,0.9,2,315.0,114975.0,sandy,12.7,True,True,residential,83000.0,196607.2,1.71,13.78,16383.9,5748.8,Storage Tank
1844.0,575.2,tiles,0.8,13,739.3,269844.5,rocky,197.4,False,False,commercial,83000.0,763681.5,2.83,2.914,63640.1,13492.2,Storage Tank
1083.0,294.7,metal,0.9,36,2214.8,808402.0,sandy,62.5,False,False,commercial,273000.0,258519.7,0.32,4.715,21543.3,12926.0,Hybrid System
695.9,272.2,rcc,0.85,37,2695.1,983711.5,sandy,155.7,True,False,commercial,110000.0,144909.3,0.147,1.748,12075.8,7245.5,Hybrid System
2488.7,254.6,rcc,0.85,5,755.4,275721.0,loamy,88.0,True,True,residential,119000.0,484721.6,1.758,2.893,40393.5,13786.1,Recharge Well
1726.7,539.0,rcc,0.85,22,1235.9,451103.5,sandy,196.9,False,True,institutional,196000.0,711978.8,1.578,2.737,59331.6,22555.2,Recharge Well
367.4,1525.8,tiles,0.8,31,1738.9,634698.5,silty,55.8,False,False,institutional,135000.0,403616.8,0.636,27.344,33634.7,20180.8,Hybrid System
2058.1,231.3,pavers,0.7,5,584.5,213342.5,rocky,105.2,True,False,residential,140000.0,299904.3,1.406,2.199,24992.0,10667.1,Storage Tank
1858.9,98.8,rcc,0.85,6,827.7,302110.5,silty,94.8,False,False,residential,126000.0,140499.4,0.465,1.042,11708.3,7025.0,Hybrid System
1133.8,261.1,rcc,0.85,8,892.2,325653.0,loamy,57.7,True,True,residential,63000.0,226466.9,0.695,4.525,18872.2,11323.3,Recharge Well
1675.1,879.4,rcc,0.85,22,2189.8,799277.0,clay,113.0,False,True,industrial,410000.0,1126908.4,1.41,7.782,93909.0,39963.9,Storage Tank
1839.9,169.6,rcc,0.85,2,249.8,91177.0,rocky,47.5,True,True,residential,29000.0,238716.0,2.618,3.571,19893.0,4558.9,Storage Tank
1048.3,892.3,rcc,0.85,34,1346.0,491290.0,loamy,277.5,False,True,commercial,232000.0,715579.5,1.457,3.215,59631.6,24564.5,Recharge Well
3054.6,37.3,rcc,0.85,8,1262.5,460812.5,clay,53.3,True,True,residential,85000.0,87161.5,0.189,0.7,7263.5,4358.1,Storage Tank
1328.6,1131.7,metal,0.9,35,1781.1,650101.5,loamy,68.0,True,False,institutional,387000.0,1217897.1,1.873,16.643,101491.4,32505.1,Hybrid System
400.6,258.7,metal,0.9,3,445.9,162753.5,sandy,102.3,True,False,residential,149000.0,83944.5,0.516,2.529,6995.4,4197.2,Hybrid System
483.3,125.9,metal,0.9,5,593.9,216773.5,sandy,104.0,False,True,residential,54000.0,49286.5,0.227,1.211,4107.2,2464.3,Recharge Pit
552.4,195.4,tiles,0.8,7,827.8,302147.0,clay,88.9,True,True,residential,38000.0,77716.1,0.257,2.198,6476.3,3885.8,Storage Tank
731.9,1444.2,rcc,0.85,33,2251.0,821615.0,sandy,352.0,True,False,industrial,208000.0,808612.6,0.984,4.103,67384.4,40430.6,Hybrid System
2613.9,90.0,metal,0.9,6,923.4,337041.0,clay,95.2,True,False,residential,36000.0,190553.3,0.565,0.945,15879.4,9527.7,Storage Tank
654.4,80.3,rcc,0.85,5,581.6,212284.0,rocky,101.3,True,True,residential,121000.0,40199.5,0.189,0.793,3350.0,2010.0,Storage Tank
597.7,120.9,metal,0.9,8,1192.7,435335.5,loamy,85.5,True,True,residential,149000.0,58532.2,0.134,1.414,4877.7,2926.6,Recharge Pit
1157.2,313.5,tiles,0.8,8,1204.7,439715.5,clay,41.7,False,True,residential,61000.0,261203.2,0.594,7.518,21766.9,13060.2,Storage Tank
365.3,1406.7,tiles,0.8,20,1163.3,424604.5,loamy,542.4,True,True,industrial,257000.0,369984.6,0.871,2.593,30832.0,18499.2,Recharge Well
846.9,614.7,tiles,0.8,17,609.6,222504.0,loamy,98.1,True,True,commercial,241000.0,374824.4,1.685,6.266,31235.4,11125.2,Recharge Well
390.9,1150.9,metal,0.9,47,1774.9,647838.5,rocky,86.4,True,True,institutional,261000.0,364408.3,0.562,13.321,30367.4,18220.4,Storage Tank
906.0,1924.0,rcc,0.85,24,1284.8,468952.0,clay,75.1,True,False,industrial,196000.0,1333505.2,2.844,25.619,111125.4,23447.6,Storage Tank
724.0,116.2,tiles,0.8,7,953.6,348064.0,loamy,10.9,True,False,residential,141000.0,60572.7,0.174,10.661,5047.7,3028.6,Storage Tank
928.2,318.3,tiles,0.8,7,980.9,358028.5,clay,20.7,True,False,residential,96000.0,212721.2,0.594,15.377,17726.8,10636.1,Storage Tank
830.5,62.8,rcc,0.85,3,427.8,156147.0,sandy,77.9,True,False,residential,74000.0,39898.9,0.256,0.806,3324.9,1994.9,Storage Tank
454.6,257.8,metal,0.9,8,1034.9,377738.5,rocky,3.4,False,False,residential,137000.0,94928.7,0.251,75.824,7910.7,4746.4,Storage Tank
345.0,485.1,rcc,0.85,49,2407.7,878810.5,loamy,292.3,True,True,institutional,377000.0,128030.0,0.146,1.66,10669.2,6401.5,Recharge Well
2605.3,167.4,pavers,0.7,11,442.6,161549.0,loamy,104.1,True,True,commercial,177000.0,274760.1,1.701,1.608,22896.7,8077.5,Recharge Well
850.9,190.8,rcc,0.85,5,754.4,275356.0,loamy,100.5,True,True,residential,57000.0,124199.1,0.451,1.899,10349.9,6210.0,Recharge Pit
679.3,857.7,rcc,0.85,41,2022.5,738212.5,sandy,99.8,True,True,industrial,195000.0,445716.2,0.604,8.594,37143.0,22285.8,Recharge Well
891.3,97.0,metal,0.9,5,656.8,239732.0,loamy,89.8,False,False,residential,57000.0,70029.4,0.292,1.08,5835.8,3501.5,Storage Tank
950.4,127.1,rcc,0.85,2,285.7,104280.5,clay,2.7,True,False,residential,22000.0,92408.8,0.886,47.074,7700.7,4620.4,Storage Tank
1130.5,121.8,rcc,0.85,7,994.6,363029.0,sandy,64.8,False,False,residential,84000.0,105336.6,0.29,1.88,8778.1,5266.8,Hybrid System
347.5,297.4,rcc,0.85,7,1088.9,397448.5,sandy,7.6,False,False,residential,144000.0,79060.1,0.199,39.132,6588.3,3953.0,Storage Tank
1042.3,966.8,metal,0.9,52,2033.1,742081.5,loamy,478.7,False,True,institutional,127000.0,816233.5,1.1,2.02,68019.5,37104.1,Recharge Well
328.0,94.9,rcc,0.85,2,301.4,110011.0,sandy,105.8,True,False,residential,110000.0,23812.3,0.216,0.897,1984.4,1190.6,Storage Tank
2770.5,757.2,metal,0.9,25,1241.6,453184.0,loamy,112.8,True,False,institutional,211000.0,1699236.3,3.75,6.713,141603.0,22659.2,Hybrid System
777.6,205.5,rcc,0.85,5,684.8,249952.0,clay,1.2,True,True,residential,108000.0,122244.6,0.489,171.25,10187.1,6112.2,Storage Tank
673.2,95.2,rcc,0.85,6,686.3,250499.5,silty,87.1,True,False,residential,29000.0,49027.8,0.196,1.093,4085.7,2451.4,Recharge Pit
429.8,91.9,rcc,0.85,5,759.0,277035.0,rocky,16.6,True,True,residential,101000.0,30216.4,0.109,5.536,2518.0,1510.8,Storage Tank
1178.0,58.6,rcc,0.85,6,673.3,245754.5,rocky,46.7,False,False,residential,92000.0,52808.6,0.215,1.255,4400.7,2640.4,Storage Tank
330.5,589.0,rcc,0.85,10,458.8,167462.0,silty,152.5,True,False,commercial,321000.0,148918.3,0.889,3.862,12409.9,7445.9,Hybrid System
522.0,2098.9,metal,0.9,16,1570.0,573050.0,loamy,52.5,False,False,industrial,150000.0,887456.9,1.549,39.979,73954.7,28652.5,Hybrid System
1967.9,156.4,rcc,0.85,6,863.1,315031.5,loamy,89.2,True,True,residential,111000.0,235451.4,0.747,1.753,19621.0,11772.6,Recharge Well
1826.0,808.6,metal,0.9,32,1271.8,464207.0,loamy,139.8,True,False,commercial,144000.0,1195967.9,2.576,5.784,99664.0,23210.4,Hybrid System
395.0,1307.3,rcc,0.85,56,1842.2,672403.0,loamy,292.9,True,True,institutional,380000.0,395033.4,0.587,4.463,32919.5,19751.7,Recharge Well
631.1,358.0,rcc,0.85,69,2760.0,1007400.0,clay,211.5,True,True,institutional,341000.0,172839.4,0.172,1.693,14403.3,8642.0,Storage Tank
894.4,244.9,rcc,0.85,30,2074.4,757156.0,loamy,310.6,False,False,commercial,316000.0,167564.5,0.221,0.788,13963.7,8378.2,Hybrid System
2126.3,200.5,rcc,0.85,5,555.6,202794.0,loamy,49.4,False,False,residential,122000.0,326137.2,1.608,4.059,27178.1,10139.7,Hybrid System
2004.5,741.0,metal,0.9,30,1946.1,710326.5,rocky,178.2,True,True,commercial,100000.0,1203120.9,1.694,4.158,100260.1,35516.3,Storage Tank
1690.4,318.3,rcc,0.85,3,403.5,147277.5,loamy,24.6,False,True,residential,65000.0,411611.6,2.795,12.939,34301.0,7363.9,Recharge Well
1157.3,140.5,rcc,0.85,7,860.9,314228.5,silty,83.5,True,True,residential,105000.0,124389.5,0.396,1.683,10365.8,6219.5,Recharge Pit
2391.5,389.0,rcc,0.85,17,1302.4,475376.0,clay,151.9,True,True,commercial,156000.0,711674.5,1.497,2.561,59306.2,23768.8,Storage Tank
2409.0,43.6,rcc,0.85,3,438.5,160052.5,sandy,83.3,True,False,residential,130000.0,80349.8,0.502,0.523,6695.8,4017.5,Hybrid System
1168.4,190.1,tiles,0.8,3,444.6,162279.0,loamy,110.3,True,False,residential,111000.0,159921.2,0.985,1.723,13326.8,7996.1,Hybrid System
868.1,412.8,rcc,0.85,26,1893.0,690945.0,sandy,145.6,False,True,commercial,304000.0,274139.0,0.397,2.835,22844.9,13707.0,Recharge Well
1165.7,180.3,rcc,0.85,7,970.8,354342.0,clay,107.3,False,True,residential,83000.0,160784.4,0.454,1.68,13398.7,8039.2,Storage Tank
1003.1,234.5,metal,0.9,4,458.5,167352.5,sandy,114.4,False,False,residential,129000.0,190533.8,1.139,2.05,15877.8,8367.6,Hybrid System
370.5,849.6,pavers,0.7,22,1249.6,456104.0,loamy,47.7,False,False,commercial,174000.0,198309.4,0.435,17.811,16525.8,9915.5,Hybrid System
1080.1,358.5,metal,0.9,36,1781.5,650247.5,loamy,252.7,False,True,commercial,313000.0,313644.8,0.482,1.419,26137.1,15682.2,Recharge Well
461.7,1364.6,rcc,0.85,37,2861.7,1044520.5,loamy,153.5,True,True,industrial,278000.0,481977.4,0.461,8.89,40164.8,24098.9,Recharge Well
1627.9,665.9,metal,0.9,17,893.9,326273.5,clay,325.7,False,False,commercial,264000.0,878055.1,2.691,2.045,73171.3,16313.7,Storage Tank
968.4,1492.7,rcc,0.85,21,967.5,353137.5,sandy,57.8,False,True,institutional,371000.0,1105831.0,3.131,25.825,92152.6,17656.9,Recharge Well
1560.4,685.1,rcc,0.85,32,2462.6,898849.0,sandy,329.2,True,False,commercial,137000.0,817808.0,0.91,2.081,68150.7,40890.4,Hybrid System
1026.4,132.8,rcc,0.85,6,773.3,282254.5,sandy,68.5,True,False,residential,43000.0,104274.0,0.369,1.939,8689.5,5213.7,Recharge Pit
1056.8,61.4,rcc,0.85,3,348.0,127020.0,loamy,10.5,False,False,residential,21000.0,49639.0,0.391,5.848,4136.6,2482.0,Storage Tank
304.4,859.5,rcc,0.85,11,785.9,286853.5,loamy,46.7,False,False,commercial,200000.0,200148.3,0.698,18.405,16679.0,10007.4,Hybrid System
1038.5,288.2,rcc,0.85,8,1013.8,370037.0,silty,110.7,True,False,residential,129000.0,228961.2,0.619,2.603,19080.1,11448.1,Hybrid System
532.5,100.4,rcc,0.85,8,1237.0,451505.0,loamy,82.9,True,False,residential,74000.0,40899.2,0.091,1.211,3408.3,2045.0,Storage Tank
780.2,626.0,rcc,0.85,26,1716.2,626413.0,sandy,150.3,False,False,commercial,177000.0,373630.0,0.596,4.165,31135.8,18681.5,Hybrid System
432.3,1149.9,rcc,0.85,47,4500.6,1642719.0,clay,252.5,True,True,industrial,149000.0,380282.9,0.231,4.554,31690.2,19014.1,Storage Tank
1103.6,88.5,rcc,0.85,2,236.5,86322.5,loamy,15.2,False,True,residential,60000.0,74716.5,0.866,5.822,6226.4,3735.8,Storage Tank
522.6,489.0,tiles,0.8,31,1496.7,546295.5,sandy,137.0,True,True,commercial,289000.0,183997.0,0.337,3.569,15333.1,9199.9,Recharge Well
651.2,176.2,rcc,0.85,4,635.5,231957.5,sandy,88.7,True,False,residential,79000.0,87777.2,0.378,1.986,7314.8,4388.9,Hybrid System
2231.4,927.3,rcc,0.85,36,3038.6,1109089.0,silty,362.2,True,True,industrial,484000.0,1582920.6,1.427,2.56,131910.1,55454.5,Recharge Well
2111.0,816.5,metal,0.9,50,1923.4,702041.0,rocky,391.3,False,False,institutional,200000.0,1396141.5,1.989,2.087,116345.1,35102.1,Storage Tank
1009.3,69.4,rcc,0.85,3,355.4,129721.0,loamy,9.1,True,False,residential,117000.0,53584.7,0.413,7.626,4465.4,2679.2,Storage Tank
1414.8,1129.9,rcc,0.85,41,3211.1,1172051.5,loamy,590.7,False,False,industrial,381000.0,1222915.6,1.043,1.913,101909.6,58602.6,Hybrid System
931.2,1927.6,metal,0.9,29,1337.9,488333.5,loamy,316.5,True,True,industrial,321000.0,1453934.7,2.977,6.09,121161.2,24416.7,Recharge Well
584.5,1755.1,pavers,0.7,69,2743.5,1001377.5,sandy,423.6,False,False,institutional,140000.0,646289.2,0.645,4.143,53857.4,32314.5,Hybrid System
327.8,765.5,rcc,0.85,19,888.9,324448.5,sandy,139.1,True,False,commercial,345000.0,191962.1,0.592,5.503,15996.8,9598.1,Hybrid System
1172.5,266.4,tiles,0.8,6,859.5,313717.5,clay,74.1,False,False,residential,142000.0,224894.9,0.717,3.595,18741.2,11244.7,Storage Tank
918.4,73.7,rcc,0.85,4,452.4,165126.0,loamy,18.7,True,False,residential,33000.0,51779.9,0.314,3.941,4315.0,2589.0,Recharge Pit
625.6,305.2,tiles,0.8,8,970.4,354196.0,silty,24.3,False,False,residential,97000.0,137471.8,0.388,12.56,11456.0,6873.6,Hybrid System
875.0,335.1,metal,0.9,11,455.9,166403.5,loamy,261.6,True,False,commercial,131000.0,237502.1,1.427,1.281,19791.8,8320.2,Hybrid System
963.3,907.4,rcc,0.85,24,1636.7,597395.5,sandy,400.8,False,False,industrial,402000.0,668685.3,1.119,2.264,55723.8,29869.8,Hybrid System
527.9,112.7,rcc,0.85,2,238.1,86906.5,silty,61.1,False,True,residential,96000.0,45513.2,0.524,1.845,3792.8,2275.7,Recharge Pit
975.0,310.9,rcc,0.85,22,1280.2,467273.0,sandy,156.5,False,True,commercial,322000.0,231892.5,0.496,1.987,19324.4,11594.6,Recharge Well
955.3,600.9,rcc,0.85,27,1289.0,470485.0,loamy,134.9,True,False,commercial,304000.0,439140.4,0.933,4.454,36595.0,21957.0,Hybrid System
1692.3,32.6,tiles,0.8,6,815.6,297694.0,loamy,106.5,True,True,residential,95000.0,39721.7,0.133,0.306,3310.1,1986.1,Recharge Pit
2182.1,147.8,rcc,0.85,2,228.4,83366.0,rocky,48.3,True,False,residential,34000.0,246723.5,2.96,3.06,20560.3,4168.3,Storage Tank
344.9,321.2,tiles,0.8,24,1591.1,580751.5,clay,47.2,True,False,commercial,102000.0,79763.0,0.137,6.805,6646.9,3988.2,Storage Tank
2885.9,300.7,metal,0.9,14,978.3,357079.5,loamy,66.5,True,True,commercial,342000.0,702910.0,1.968,4.522,58575.8,17854.0,Recharge Well
967.7,264.7,rcc,0.85,4,518.9,189398.5,silty,4.3,True,True,residential,145000.0,195954.9,1.035,61.558,16329.6,9469.9,Storage Tank
2145.6,154.0,pavers,0.7,8,1203.6,439314.0,sandy,47.7,False,False,residential,82000.0,208166.1,0.474,3.229,17347.2,10408.3,Hybrid System
2765.8,667.8,rcc,0.85,13,736.4,268786.0,silty,82.6,False,True,commercial,215000.0,1412955.9,5.257,8.085,117746.3,13439.3,Recharge Well
991.0,560.9,rcc,0.85,39,3012.2,1099453.0,clay,165.8,True,True,commercial,131000.0,425226.7,0.387,3.383,35435.6,21261.3,Storage Tank
644.1,189.1,rcc,0.85,3,472.7,172535.5,loamy,29.4,True,True,residential,34000.0,93176.5,0.54,6.432,7764.7,4658.8,Recharge Pit
391.5,166.5,rcc,0.85,6,802.7,292985.5,loamy,101.1,False,False,residential,68000.0,49866.3,0.17,1.647,4155.5,2493.3,Storage Tank
1771.9,1331.3,tiles,0.8,17,1497.9,546733.5,sandy,590.5,True,False,industrial,274000.0,1698429.9,3.107,2.255,141535.8,27336.7,Hybrid System
2613.9,36.1,metal,0.9,4,567.6,207174.0,silty,33.4,False,True,residential,126000.0,76433.0,0.369,1.081,6369.4,3821.7,Recharge Pit
712.2,289.4,rcc,0.85,5,782.2,285503.0,silty,82.4,True,False,residential,34000.0,157674.7,0.552,3.512,13139.6,7883.7,Recharge Well
718.0,301.7,rcc,0.85,7,995.6,363394.0,clay,29.0,True,False,residential,68000.0,165714.8,0.456,10.403,13809.6,8285.7,Storage Tank
995.9,313.6,metal,0.9,8,1134.5,414092.5,clay,37.7,False,True,residential,67000.0,252974.5,0.611,8.318,21081.2,12648.7,Storage Tank
795.9,179.6,rcc,0.85,6,808.6,295139.0,loamy,96.3,True,True,residential,141000.0,109351.9,0.371,1.865,9112.7,5467.6,Recharge Pit
609.2,63.4,rcc,0.85,7,795.4,290321.0,rocky,78.6,False,True,residential,144000.0,29546.8,0.102,0.807,2462.2,1477.3,Storage Tank
334.5,197.3,rcc,0.85,8,1089.7,397740.5,sandy,13.8,False,False,residential,111000.0,50487.6,0.127,14.297,4207.3,2524.4,Storage Tank
752.6,104.1,metal,0.9,3,473.5,172827.5,silty,16.0,False,False,residential,126000.0,63460.0,0.367,6.506,5288.3,3173.0,Storage Tank
808.6,1345.1,tiles,0.8,34,1255.9,458403.5,silty,183.9,True,False,institutional,251000.0,783106.5,1.708,7.314,65258.9,22920.2,Hybrid System
2963.5,172.2,rcc,0.85,4,507.0,185055.0,clay,78.1,True,False,residential,85000.0,390390.7,2.11,2.205,32532.6,9252.8,Storage Tank
377.3,503.1,rcc,0.85,68,2313.1,844281.5,loamy,332.6,True,False,institutional,408000.0,145212.0,0.172,1.513,12101.0,7260.6,Hybrid System
1256.7,949.8,rcc,0.85,38,2084.4,760806.0,loamy,229.2,True,False,commercial,131000.0,913114.4,1.2,4.144,76092.9,38040.3,Hybrid System
2614.3,145.9,rcc,0.85,6,920.9,336128.5,clay,25.3,False,True,residential,58000.0,291791.2,0.868,5.767,24315.9,14589.6,Storage Tank
1845.1,241.1,tiles,0.8,5,703.6,256814.0,loamy,97.4,True,True,residential,59000.0,320294.6,1.247,2.475,26691.2,12840.7,Recharge Well
885.5,282.4,rcc,0.85,7,1031.1,376351.5,rocky,84.0,True,False,residential,32000.0,191299.9,0.508,3.362,15941.7,9565.0,Storage Tank
747.9,1885.0,rcc,0.85,28,1667.7,608710.5,loamy,383.3,True,True,industrial,461000.0,1078490.5,1.772,4.918,89874.2,30435.5,Recharge Well
450.0,1480.4,metal,0.9,48,3528.6,1287939.0,clay,550.9,True,True,industrial,221000.0,539605.8,0.419,2.687,44967.2,26980.3,Storage Tank
890.0,105.2,metal,0.9,4,489.3,178594.5,clay,80.5,True,True,residential,120000.0,75838.7,0.425,1.307,6319.9,3791.9,Storage Tank
1120.8,104.4,rcc,0.85,3,437.1,159541.5,sandy,93.3,True,False,residential,52000.0,89513.8,0.561,1.119,7459.5,4475.7,Recharge Pit
633.6,2020.8,tiles,0.8,39,2192.3,800189.5,sandy,507.3,False,False,industrial,356000.0,921872.8,1.152,3.983,76822.7,40009.5,Hybrid System
669.0,1625.2,pavers,0.7,39,3740.4,1365246.0,loamy,167.3,False,True,industrial,216000.0,684973.0,0.502,9.714,57081.1,34248.7,Recharge Well
393.0,808.1,rcc,0.85,30,2031.1,741351.5,clay,97.1,True,False,commercial,163000.0,242951.2,0.328,8.322,20245.9,12147.6,Storage Tank
1085.6,113.4,rcc,0.85,3,353.8,129137.0,loamy,106.9,False,False,residential,80000.0,94176.9,0.729,1.061,7848.1,4708.8,Hybrid System
1422.0,261.6,rcc,0.85,2,278.1,101506.5,clay,98.4,True,False,residential,150000.0,284576.3,2.804,2.659,23714.7,5075.3,Storage Tank
897.9,1863.4,metal,0.9,45,4165.7,1520480.5,silty,113.1,True,True,industrial,392000.0,1355249.0,0.891,16.476,112937.4,67762.4,Recharge Well
952.6,142.1,rcc,0.85,4,516.0,188340.0,sandy,39.3,True,False,residential,32000.0,103553.8,0.55,3.616,8629.5,5177.7,Recharge Pit
3009.8,587.8,tiles,0.8,24,1628.6,594439.0,silty,232.9,True,False,commercial,107000.0,1273795.5,2.143,2.524,106149.6,29722.0,Hybrid System
1273.2,32.4,rcc,0.85,6,696.2,254113.0,rocky,3.4,True,False,residential,34000.0,31557.5,0.124,9.529,2629.8,1577.9,Storage Tank
307.2,82.9,metal,0.9,3,412.4,150526.0,sandy,49.7,True,True,residential,143000.0,20628.2,0.137,1.668,1719.0,1031.4,Recharge Pit
1988.9,972.4,rcc,0.85,14,735.1,268311.5,loamy,91.3,False,False,commercial,326000.0,1479514.9,5.514,10.651,123292.9,13415.6,Hybrid System
913.9,565.0,rcc,0.85,28,1186.9,433218.5,clay,221.3,False,True,commercial,231000.0,395010.4,0.912,2.553,32917.5,19750.5,Storage Tank
1567.4,367.8,tiles,0.8,20,834.9,304738.5,sandy,156.4,True,False,commercial,108000.0,415072.6,1.362,2.352,34589.4,15236.9,Hybrid System
678.7,244.0,rcc,0.85,2,237.0,86505.0,clay,7.1,False,False,residential,130000.0,126686.1,1.464,34.366,10557.2,4325.2,Storage Tank
472.1,503.6,tiles,0.8,24,975.4,356021.0,clay,197.2,True,True,industrial,297000.0,171179.7,0.481,2.554,14265.0,8559.0,Storage Tank
1099.6,106.1,metal,0.9,8,906.9,331018.5,loamy,38.9,True,False,residential,22000.0,94500.7,0.285,2.728,7875.1,4725.0,Storage Tank
2033.5,110.7,tiles,0.8,6,909.5,331967.5,loamy,81.2,True,False,residential,118000.0,162078.1,0.488,1.363,13506.5,8103.9,Hybrid System
448.0,729.4,rcc,0.85,12,458.7,167425.5,loamy,130.2,True,False,commercial,165000.0,249980.0,1.493,5.602,20831.7,8371.3,Hybrid System
810.3,616.2,tiles,0.8,28,1434.4,523556.0,loamy,77.3,True,False,institutional,344000.0,359500.9,0.687,7.972,29958.4,17975.0,Hybrid System
362.0,232.5,pavers,0.7,8,1268.3,462929.5,loamy,9.5,False,True,residential,57000.0,53023.9,0.115,24.474,4418.7,2651.2,Storage Tank
861.5,295.5,rcc,0.85,2,226.5,82672.5,sandy,26.4,True,False,residential,65000.0,194748.5,2.356,11.193,16229.0,4133.6,Recharge Well
1208.9,283.0,rcc,0.85,2,302.3,110339.5,sandy,61.2,False,False,residential,61000.0,261720.8,2.372,4.624,21810.1,5517.0,Hybrid System
1176.4,128.6,rcc,0.85,5,697.0,254405.0,loamy,91.1,False,False,residential,108000.0,115733.1,0.455,1.412,9644.4,5786.7,Hybrid System
2989.5,42.9,rcc,0.85,3,381.0,139065.0,sandy,15.6,True,True,residential,49000.0,98110.9,0.706,2.75,8175.9,4905.5,Storage Tank
1532.6,223.1,tiles,0.8,12,785.4,286671.0,sandy,158.5,True,False,commercial,240000.0,246184.6,0.859,1.408,20515.4,12309.2,Hybrid System
822.9,186.9,tiles,0.8,2,249.7,91140.5,rocky,56.1,True,False,residential,119000.0,110736.0,1.215,3.332,9228.0,4557.0,Storage Tank
942.2,854.0,rcc,0.85,18,1397.1,509941.5,loamy,194.7,True,True,industrial,222000.0,615548.7,1.207,4.386,51295.7,25497.1,Recharge Well
662.4,1445.6,tiles,0.8,27,2569.6,937904.0,loamy,353.2,True,True,industrial,488000.0,689447.1,0.735,4.093,57453.9,34472.4,Recharge Well
721.9,1165.1,tiles,0.8,20,970.5,354232.5,clay,449.3,True,False,institutional,163000.0,605581.7,1.71,2.593,50465.1,17711.6,Storage Tank
1644.8,35.8,pavers,0.7,4,493.1,179981.5,clay,62.7,True,False,residential,53000.0,37096.8,0.206,0.571,3091.4,1854.8,Storage Tank
726.4,1273.1,tiles,0.8,23,1908.9,696748.5,clay,404.6,False,False,industrial,296000.0,665841.5,0.956,3.147,55486.8,33292.1,Storage Tank
378.2,212.3,tiles,0.8,3,365.0,133225.0,silty,44.2,False,True,residential,31000.0,57810.1,0.434,4.803,4817.5,2890.5,Recharge Pit
1012.3,136.2,rcc,0.85,6,865.6,315944.0,clay,104.6,True,True,residential,49000.0,105474.6,0.334,1.302,8789.6,5273.7,Storage Tank
815.1,342.6,metal,0.9,28,1317.4,480851.0,loamy,216.6,True,True,commercial,215000.0,226195.1,0.47,1.582,18849.6,11309.8,Recharge Well
1048.3,649.2,rcc,0.85,19,1345.0,490925.0,loamy,595.6,True,True,industrial,148000.0,520625.6,1.06,1.09,43385.5,24546.2,Recharge Well
838.1,1956.1,metal,0.9,17,1597.2,582978.0,loamy,470.1,False,False,industrial,146000.0,1327920.0,2.278,4.161,110660.0,29148.9,Hybrid System
463.3,1364.9,pavers,0.7,49,4468.6,1631039.0,clay,56.3,True,False,industrial,418000.0,398385.6,0.244,24.243,33198.8,19919.3,Storage Tank
677.9,296.5,metal,0.9,8,900.9,328828.5,clay,106.3,True,False,residential,74000.0,162807.9,0.495,2.789,13567.3,8140.4,Storage Tank
496.8,1012.0,rcc,0.85,17,923.2,336968.0,clay,217.0,True,False,industrial,244000.0,384612.6,1.141,4.664,32051.0,16848.4,Storage Tank
1411.2,717.9,rcc,0.85,42,2479.0,904835.0,loamy,262.6,True,False,institutional,352000.0,775021.9,0.857,2.734,64585.2,38751.1,Hybrid System
1271.9,121.8,rcc,0.85,8,1130.1,412486.5,sandy,0.7,True,False,residential,70000.0,118511.8,0.287,121.8,9876.0,5925.6,Storage Tank
629.4,761.2,rcc,0.85,17,828.2,302293.0,loamy,319.5,True,True,industrial,412000.0,366510.9,1.212,2.382,30542.6,15114.7,Recharge Well
426.1,163.4,tiles,0.8,3,342.8,125122.0,clay,26.7,False,False,residential,71000.0,50129.8,0.401,6.12,4177.5,2506.5,Storage Tank
2442.7,226.9,rcc,0.85,3,403.8,147387.0,silty,59.0,True,False,residential,99000.0,424000.2,2.877,3.846,35333.3,7369.4,Hybrid System
308.1,313.6,metal,0.9,2,235.2,85848.0,loamy,111.9,False,False,residential,105000.0,78262.3,0.912,2.803,6521.9,3913.1,Recharge Pit
529.4,348.5,rcc,0.85,33,2628.1,959256.5,sandy,203.6,True,True,commercial,334000.0,141139.4,0.147,1.712,11761.6,7057.0,Recharge Well
2067.7,49.8,pavers,0.7,6,910.8,332442.0,clay,4.9,True,True,residential,110000.0,64872.0,0.195,10.163,5406.0,3243.6,Storage Tank
933.2,41.8,rcc,0.85,5,570.9,208378.5,clay,111.4,True,False,residential,78000.0,29840.9,0.143,0.375,2486.7,1492.0,Storage Tank
314.7,171.2,rcc,0.85,5,574.1,209546.5,loamy,64.4,True,True,residential,98000.0,41215.6,0.197,2.658,3434.6,2060.8,Recharge Pit
2153.8,875.7,tiles,0.8,32,2015.7,735730.5,sandy,131.6,True,False,commercial,173000.0,1357979.5,1.846,6.654,113165.0,36786.5,Hybrid System
2104.0,350.3,rcc,0.85,10,489.6,178704.0,loamy,186.1,True,False,commercial,241000.0,563828.9,3.155,1.882,46985.7,8935.2,Hybrid System
1480.0,270.7,rcc,0.85,35,2096.9,765368.5,silty,157.1,False,False,commercial,140000.0,306486.5,0.4,1.723,25540.5,15324.3,Hybrid System
944.4,32.9,rcc,0.85,2,312.6,114099.0,loamy,113.4,False,False,residential,84000.0,23769.1,0.208,0.29,1980.8,1188.5,Storage Tank
1571.8,1056.1,rcc,0.85,61,1601.4,584511.0,sandy,323.9,True,False,institutional,127000.0,1269883.2,2.173,3.261,105823.6,29225.6,Hybrid System
394.4,667.0,tiles,0.8,19,772.6,281999.0,silty,189.8,True,False,commercial,287000.0,189406.7,0.672,3.514,15783.9,9470.3,Hybrid System
339.9,1376.8,rcc,0.85,38,1214.5,443292.5,sandy,248.3,False,False,institutional,163000.0,358000.4,0.808,5.545,29833.4,17900.0,Hybrid System
737.8,1309.8,rcc,0.85,45,2231.1,814351.5,clay,71.9,True,False,institutional,216000.0,739273.4,0.908,18.217,61606.1,36963.7,Storage Tank
572.0,60.9,tiles,0.8,3,384.6,140379.0,sandy,74.9,True,False,residential,130000.0,25081.1,0.179,0.813,2090.1,1254.1,Storage Tank
1038.5,51.2,metal,0.9,5,674.1,246046.5,silty,35.2,True,True,residential,147000.0,43068.7,0.175,1.455,3589.1,2153.4,Recharge Pit
982.8,1361.7,pavers,0.7,50,1474.6,538229.0,clay,356.1,True,True,institutional,106000.0,843115.6,1.566,3.824,70259.6,26911.5,Storage Tank
637.1,1747.0,rcc,0.85,62,2437.5,889687.5,rocky,411.5,True,True,institutional,311000.0,851455.5,0.957,4.245,70954.6,42572.8,Storage Tank
641.7,863.0,rcc,0.85,57,2029.1,740621.5,silty,187.5,False,False,institutional,359000.0,423647.1,0.572,4.603,35303.9,21182.4,Hybrid System
1451.8,58.6,tiles,0.8,8,1064.6,388579.0,rocky,32.9,True,False,residential,44000.0,61254.3,0.158,1.781,5104.5,3062.7,Storage Tank
1183.3,1662.9,tiles,0.8,22,1554.0,567210.0,sandy,145.5,False,True,industrial,196000.0,1416750.9,2.498,11.429,118062.6,28360.5,Recharge Well
763.2,835.3,metal,0.9,32,2278.7,831725.5,rocky,331.5,False,True,commercial,147000.0,516375.8,0.621,2.52,43031.3,25818.8,Storage Tank
595.7,195.7,tiles,0.8,4,569.6,207904.0,silty,91.8,True,False,residential,82000.0,83936.5,0.404,2.132,6994.7,4196.8,Hybrid System
572.2,447.8,rcc,0.85,24,1678.1,612506.5,sandy,153.0,True,False,commercial,312000.0,196016.8,0.32,2.927,16334.7,9800.8,Hybrid System
436.8,110.8,rcc,0.85,6,789.2,288058.0,silty,14.4,False,True,residential,36000.0,37024.0,0.129,7.694,3085.3,1851.2,Storage Tank
975.2,200.9,rcc,0.85,3,413.4,150891.0,loamy,93.0,True,False,residential,21000.0,149877.0,0.993,2.16,12489.8,7493.9,Storage Tank
544.1,781.2,rcc,0.85,59,2481.7,905820.5,loamy,379.8,False,False,institutional,335000.0,325164.0,0.359,2.057,27097.0,16258.2,Hybrid System
2442.2,935.7,metal,0.9,30,1423.0,519395.0,loamy,200.9,True,False,commercial,324000.0,1850984.9,3.564,4.658,154248.7,25969.8,Hybrid System
395.1,2067.8,metal,0.9,21,1178.8,430262.0,rocky,287.6,False,False,industrial,174000.0,661760.1,1.538,7.19,55146.7,21513.1,Storage Tank
639.3,1863.3,rcc,0.85,48,2781.9,1015393.5,loamy,275.3,True,False,industrial,336000.0,911273.9,0.897,6.768,75939.5,45563.7,Hybrid System
643.2,705.5,metal,0.9,53,1613.6,588964.0,silty,335.8,True,True,institutional,435000.0,367559.9,0.624,2.101,30630.0,18378.0,Recharge Well
949.1,713.5,tiles,0.8,39,1836.5,670322.5,rocky,77.2,True,False,commercial,194000.0,487571.7,0.727,9.242,40631.0,24378.6,Storage Tank
418.0,177.8,pavers,0.7,5,676.2,246813.0,loamy,2.2,True,True,residential,126000.0,46821.9,0.19,80.818,3901.8,2341.1,Storage Tank
540.2,296.1,rcc,0.85,6,810.8,295942.0,silty,95.8,True,False,residential,38000.0,122364.2,0.413,3.091,10197.0,6118.2,Recharge Well
959.4,869.4,rcc,0.85,36,1720.1,627836.5,sandy,420.6,True,False,industrial,338000.0,638088.3,1.016,2.067,53174.0,31391.8,Hybrid System
884.8,278.5,metal,0.9,34,1508.2,550493.0,silty,231.3,True,True,commercial,132000.0,199597.6,0.363,1.204,16633.1,9979.9,Recharge Well
1960.0,353.5,rcc,0.85,21,1124.6,410479.0,silty,125.3,True,False,commercial,322000.0,530037.9,1.291,2.821,44169.8,20524.0,Hybrid System
438.7,2086.2,metal,0.9,29,1770.3,646159.5,rocky,353.3,True,False,industrial,181000.0,741324.9,1.147,5.905,61777.1,32308.0,Storage Tank
1391.6,185.5,tiles,0.8,8,1186.9,433218.5,silty,73.5,True,False,residential,26000.0,185862.1,0.429,2.524,15488.5,9293.1,Recharge Well
1077.3,60.2,tiles,0.8,3,429.7,156840.5,rocky,47.3,True,False,residential,94000.0,46694.5,0.298,1.273,3891.2,2334.7,Storage Tank
1320.7,1121.9,rcc,0.85,20,553.8,202137.0,clay,293.9,True,False,institutional,246000.0,1133495.4,5.608,3.817,94457.9,10106.9,Storage Tank
393.5,312.0,rcc,0.85,2,275.3,100484.5,sandy,25.6,True,False,residential,107000.0,93920.6,0.935,12.188,7826.7,4696.0,Hybrid System
2682.7,284.4,rcc,0.85,7,814.8,297402.0,sandy,107.5,True,False,residential,74000.0,583664.3,1.963,2.646,48638.7,14870.1,Hybrid System
739.6,383.4,tiles,0.8,26,879.9,321163.5,sandy,77.4,False,False,institutional,240000.0,204165.1,0.636,4.953,17013.8,10208.3,Hybrid System
1064.2,756.4,rcc,0.85,22,591.6,215934.0,sandy,287.3,True,False,institutional,187000.0,615795.1,2.852,2.633,51316.3,10796.7,Hybrid System
1217.5,317.6,rcc,0.85,8,1055.1,385111.5,clay,116.4,True,True,residential,48000.0,295808.7,0.768,2.729,24650.7,14790.4,Storage Tank
632.1,310.4,rcc,0.85,3,418.6,152789.0,loamy,80.4,True,False,residential,101000.0,150095.9,0.982,3.861,12508.0,7504.8,Hybrid System
1192.4,289.3,rcc,0.85,8,1207.4,440701.0,sandy,4.3,True,False,residential,126000.0,263895.4,0.599,67.279,21991.3,13194.8,Storage Tank
1040.1,230.0,metal,0.9,5,778.8,284262.0,loamy,13.5,True,True,residential,67000.0,193770.6,0.682,17.037,16147.6,9688.5,Storage Tank
3103.5,463.5,rcc,0.85,25,757.5,276487.5,loamy,53.1,True,False,institutional,294000.0,1100431.3,3.98,8.729,91702.6,13824.4,Hybrid System
1309.0,224.3,tiles,0.8,5,796.4,290686.0,loamy,5.5,False,False,residential,84000.0,211398.3,0.727,40.782,17616.5,10569.9,Storage Tank
393.5,714.1,tiles,0.8,10,498.3,181879.5,rocky,205.7,True,False,commercial,208000.0,202318.8,1.112,3.472,16859.9,9094.0,Storage Tank
1613.7,268.7,tiles,0.8,2,315.4,115121.0,loamy,19.4,True,True,residential,119000.0,312192.9,2.712,13.851,26016.1,5756.1,Recharge Well
455.5,175.6,tiles,0.8,35,1767.3,645064.5,rocky,46.4,True,True,commercial,347000.0,57589.8,0.089,3.784,4799.2,2879.5,Storage Tank
2996.3,986.2,metal,0.9,21,1562.8,570422.0,clay,566.4,True,False,industrial,427000.0,2393510.4,4.196,1.741,199459.2,28521.1,Storage Tank
765.0,681.4,metal,0.9,41,1920.8,701092.0,sandy,241.3,True,False,industrial,440000.0,422229.5,0.602,2.824,35185.8,21111.5,Hybrid System
1046.9,323.3,tiles,0.8,10,748.9,273348.5,silty,191.0,True,True,commercial,305000.0,243693.2,0.892,1.693,20307.8,12184.7,Recharge Well
792.7,298.6,rcc,0.85,17,996.6,363759.0,loamy,242.0,True,False,commercial,196000.0,181075.7,0.498,1.234,15089.6,9053.8,Hybrid System
993.2,174.1,tiles,0.8,3,444.4,162206.0,rocky,22.8,True,False,residential,50000.0,124499.6,0.768,7.636,10375.0,6225.0,Storage Tank
331.6,314.2,metal,0.9,13,916.3,334449.5,loamy,83.3,False,True,commercial,195000.0,84392.9,0.252,3.772,7032.7,4219.6,Recharge Well
542.8,745.6,metal,0.9,30,2062.8,752922.0,sandy,277.4,True,False,commercial,148000.0,327816.5,0.435,2.688,27318.0,16390.8,Hybrid System
756.1,204.0,tiles,0.8,8,1236.5,451322.5,sandy,92.5,True,True,residential,98000.0,111056.0,0.246,2.205,9254.7,5552.8,Recharge Pit
1027.3,212.4,rcc,0.85,3,479.6,175054.0,loamy,49.5,False,False,residential,33000.0,166921.9,0.954,4.291,13910.2,8346.1,Recharge Well
633.8,636.5,rcc,0.85,16,1191.3,434824.5,sandy,203.1,True,False,commercial,138000.0,308611.5,0.71,3.134,25717.6,15430.6,Hybrid System
1339.5,948.2,rcc,0.85,20,1434.5,523592.5,loamy,333.2,True,True,commercial,129000.0,971637.1,1.856,2.846,80969.8,26179.6,Recharge Well
1173.4,961.4,rcc,0.85,11,744.6,271779.0,sandy,185.4,True,True,commercial,155000.0,863001.7,3.175,5.186,71916.8,13589.0,Recharge Well
2791.5,186.5,rcc,0.85,6,733.3,267654.5,sandy,1.4,False,False,residential,133000.0,398270.3,1.488,133.214,33189.2,13382.7,Storage Tank
1105.8,70.3,rcc,0.85,5,670.5,244732.5,sandy,27.1,True,True,residential,95000.0,59469.4,0.243,2.594,4955.8,2973.5,Recharge Pit
947.9,143.4,rcc,0.85,5,641.7,234220.5,sandy,48.0,True,False,residential,141000.0,103985.6,0.444,2.988,8665.5,5199.3,Hybrid System
806.6,201.7,rcc,0.85,7,1074.8,392302.0,silty,50.7,True,False,residential,129000.0,124458.8,0.317,3.978,10371.6,6222.9,Hybrid System
810.7,1603.3,tiles,0.8,65,2623.7,957650.5,rocky,427.5,False,False,institutional,386000.0,935852.6,0.977,3.75,77987.7,46792.6,Storage Tank
461.3,837.2,tiles,0.8,24,725.1,264661.5,sandy,44.1,False,True,institutional,290000.0,278064.3,1.051,18.984,23172.0,13233.1,Recharge Well
1545.1,175.8,rcc,0.85,3,358.1,130706.5,clay,118.3,True,True,residential,123000.0,207795.9,1.59,1.486,17316.3,6535.3,Storage Tank
729.3,841.0,rcc,0.85,50,2433.9,888373.5,rocky,486.3,True,False,institutional,410000.0,469206.1,0.528,1.729,39100.5,23460.3,Storage Tank
1180.4,102.6,rcc,0.85,4,579.4,211481.0,sandy,103.9,True,False,residential,109000.0,92648.4,0.438,0.987,7720.7,4632.4,Hybrid System
2710.0,296.0,rcc,0.85,5,599.7,218890.5,loamy,97.0,True,False,residential,59000.0,613652.4,2.803,3.052,51137.7,10944.5,Recharge Well
599.0,162.5,rcc,0.85,6,676.4,246886.0,clay,19.9,True,True,residential,77000.0,74463.2,0.302,8.166,6205.3,3723.2,Storage Tank
1692.3,149.1,rcc,0.85,8,927.8,338647.0,silty,46.8,False,True,residential,57000.0,193026.3,0.57,3.186,16085.5,9651.3,Recharge Well
2633.2,637.4,tiles,0.8,19,966.9,352918.5,sandy,36.9,False,False,commercial,80000.0,1208449.2,3.424,17.274,100704.1,17645.9,Hybrid System
906.4,456.4,rcc,0.85,39,2270.4,828696.0,rocky,289.6,True,False,commercial,231000.0,316465.9,0.382,1.576,26372.2,15823.3,Storage Tank
2032.7,261.1,rcc,0.85,4,637.1,232541.5,silty,14.2,True,False,residential,109000.0,406014.5,1.746,18.387,33834.5,11627.1,Storage Tank
801.1,636.9,tiles,0.8,35,1780.8,649992.0,loamy,43.3,True,False,commercial,241000.0,367358.8,0.565,14.709,30613.2,18367.9,Hybrid System
1476.3,45.9,rcc,0.85,3,360.6,131619.0,loamy,103.6,True,True,residential,80000.0,51838.1,0.394,0.443,4319.8,2591.9,Recharge Pit
474.4,2278.7,tiles,0.8,18,786.9,287218.5,sandy,490.2,True,True,industrial,162000.0,778331.0,2.71,4.649,64860.9,14360.9,Recharge Well
740.9,135.3,tiles,0.8,4,537.4,196151.0,sandy,4.4,True,False,residential,98000.0,72175.5,0.368,30.75,6014.6,3608.8,Storage Tank
1429.9,240.9,pavers,0.7,2,313.1,114281.5,silty,4.1,True,True,residential,26000.0,217011.6,1.899,58.756,18084.3,5714.1,Storage Tank
2780.1,233.2,rcc,0.85,8,1226.3,447599.5,loamy,103.9,True,True,residential,97000.0,495964.3,1.108,2.244,41330.4,22380.0,Recharge Well
426.0,232.9,rcc,0.85,3,408.9,149248.5,silty,102.7,False,False,residential,137000.0,75899.8,0.509,2.268,6325.0,3795.0,Hybrid System
723.9,112.3,tiles,0.8,4,487.4,177901.0,loamy,88.4,True,False,residential,57000.0,58531.7,0.329,1.27,4877.6,2926.6,Storage Tank
398.9,52.0,metal,0.9,7,852.3,311089.5,loamy,58.0,True,False,residential,43000.0,16801.7,0.054,0.897,1400.1,840.1,Recharge Pit
2585.9,257.8,rcc,0.85,8,965.5,352407.5,loamy,78.5,True,False,residential,138000.0,509983.4,1.447,3.284,42498.6,17620.4,Hybrid System
426.1,82.1,rcc,0.85,6,879.3,320944.5,loamy,65.0,True,False,residential,126000.0,26761.8,0.083,1.263,2230.2,1338.1,Storage Tank
3080.5,185.2,metal,0.9,7,926.7,338245.5,rocky,55.8,True,False,residential,51000.0,462112.0,1.366,3.319,38509.3,16912.3,Storage Tank
1137.8,99.7,rcc,0.85,6,774.3,282619.5,silty,77.6,True,False,residential,59000.0,86780.6,0.307,1.285,7231.7,4339.0,Storage Tank
519.4,472.8,rcc,0.85,30,985.2,359598.0,sandy,360.4,False,True,institutional,194000.0,187862.8,0.522,1.312,15655.2,9393.1,Recharge Well
885.6,294.6,rcc,0.85,8,1195.9,436503.5,silty,5.6,False,False,residential,22000.0,199586.8,0.457,52.607,16632.2,9979.3,Storage Tank
780.0,172.4,rcc,0.85,6,685.1,250061.5,sandy,96.6,True,True,residential,83000.0,102871.1,0.411,1.785,8572.6,5143.6,Recharge Pit
461.4,134.8,pavers,0.7,2,251.6,91834.0,loamy,64.4,True,False,residential,36000.0,39183.9,0.427,2.093,3265.3,1959.2,Recharge Pit
2009.6,1292.6,rcc,0.85,33,1573.6,574364.0,clay,390.6,False,False,institutional,429000.0,1987170.9,3.46,3.309,165597.6,28718.2,Storage Tank
341.1,1501.6,rcc,0.85,43,2356.0,859940.0,silty,310.1,False,False,institutional,343000.0,391829.8,0.456,4.842,32652.5,19591.5,Hybrid System
1382.0,268.7,tiles,0.8,2,254.9,93038.5,rocky,3.6,True,True,residential,105000.0,267367.2,2.874,74.639,22280.6,4651.9,Storage Tank
2071.3,32.5,rcc,0.85,7,795.0,290175.0,loamy,43.1,True,False,residential,77000.0,51497.7,0.177,0.754,4291.5,2574.9,Storage Tank
383.8,266.1,rcc,0.85,7,819.4,299081.0,rocky,118.5,False,False,residential,29000.0,78128.8,0.261,2.246,6510.7,3906.4,Storage Tank
1808.9,2123.7,pavers,0.7,35,2181.5,796247.5,sandy,524.9,True,True,industrial,393000.0,2420183.4,3.039,4.046,201681.9,39812.4,Recharge Well
1947.0,300.7,tiles,0.8,7,795.8,290467.0,rocky,3.8,True,False,residential,53000.0,421533.3,1.451,79.132,35127.8,14523.4,Storage Tank
322.6,913.7,tiles,0.8,19,1442.7,526585.5,sandy,60.0,True,True,commercial,248000.0,212226.9,0.403,15.228,17685.6,10611.3,Recharge Well
1601.4,739.9,rcc,0.85,33,1183.8,432087.0,clay,220.6,True,False,commercial,219000.0,906430.0,2.098,3.354,75535.8,21604.4,Storage Tank
616.1,169.0,tiles,0.8,6,818.9,298898.5,clay,97.3,True,False,residential,66000.0,74967.0,0.251,1.737,6247.2,3748.4,Storage Tank
321.8,484.0,rcc,0.85,16,1145.9,418253.5,sandy,248.2,True,True,commercial,329000.0,119149.7,0.285,1.95,9929.1,5957.5,Recharge Well
830.4,393.0,rcc,0.85,12,524.4,191406.0,rocky,140.4,True,False,commercial,86000.0,249655.6,1.304,2.799,20804.6,9570.3,Storage Tank
775.5,309.8,metal,0.9,4,631.0,230315.0,clay,56.2,True,False,residential,105000.0,194602.4,0.845,5.512,16216.9,9730.1,Storage Tank
2024.0,109.7,pavers,0.7,7,771.3,281524.5,clay,10.6,True,False,residential,144000.0,139880.7,0.497,10.349,11656.7,6994.0,Storage Tank
650.3,84.2,metal,0.9,7,796.9,290868.5,clay,80.8,False,False,residential,75000.0,44351.8,0.152,1.042,3696.0,2217.6,Storage Tank
2122.5,962.1,pavers,0.7,16,979.5,357517.5,silty,116.4,True,False,commercial,348000.0,1286496.1,3.598,8.265,107208.0,17875.9,Hybrid System
1123.2,43.4,rcc,0.85,4,590.1,215386.5,sandy,105.7,True,False,residential,125000.0,37291.4,0.173,0.411,3107.6,1864.6,Storage Tank
365.6,195.7,rcc,0.85,2,243.7,88950.5,silty,16.1,False,True,residential,79000.0,54734.2,0.615,12.155,4561.2,2736.7,Storage Tank
557.6,264.4,rcc,0.85,5,596.4,217686.0,loamy,8.3,True,False,residential,54000.0,112783.5,0.518,31.855,9398.6,5639.2,Storage Tank
785.4,745.8,rcc,0.85,25,1773.9,647473.5,loamy,455.5,True,False,industrial,347000.0,448099.8,0.692,1.637,37341.7,22405.0,Hybrid System
604.2,161.7,metal,0.9,7,1078.9,393798.5,loamy,28.4,True,False,residential,38000.0,79136.3,0.201,5.694,6594.7,3956.8,Recharge Pit
1720.7,259.9,rcc,0.85,5,795.2,290248.0,loamy,66.7,True,False,residential,96000.0,342115.6,1.179,3.897,28509.6,14512.4,Hybrid System
468.0,129.0,rcc,0.85,5,589.1,215021.5,sandy,21.3,True,True,residential,26000.0,46184.6,0.215,6.056,3848.7,2309.2,Recharge Pit
1194.5,91.1,tiles,0.8,2,294.2,107383.0,rocky,110.2,True,True,residential,47000.0,78349.6,0.73,0.827,6529.1,3917.5,Storage Tank
1290.9,957.8,tiles,0.8,10,377.9,137933.5,clay,327.0,True,False,commercial,291000.0,890225.3,6.454,2.929,74185.4,6896.7,Storage Tank
1097.0,199.0,metal,0.9,3,412.3,150489.5,rocky,56.0,False,True,residential,88000.0,176825.4,1.175,3.554,14735.4,7524.5,Storage Tank
650.2,236.3,rcc,0.85,2,299.4,109281.0,sandy,6.0,True,False,residential,74000.0,117536.3,1.076,39.383,9794.7,5464.1,Storage Tank
1955.6,142.8,metal,0.9,2,249.0,90885.0,sandy,2.3,True,True,residential,112000.0,226200.3,2.489,62.087,18850.0,4544.2,Storage Tank
323.5,186.7,rcc,0.85,5,705.2,257398.0,loamy,62.5,True,False,residential,56000.0,46204.0,0.18,2.987,3850.3,2310.2,Storage Tank
1034.4,827.7,rcc,0.85,22,2036.3,743249.5,silty,246.4,True,True,industrial,490000.0,654972.3,0.881,3.359,54581.0,32748.6,Recharge Well
1561.1,1666.0,rcc,0.85,61,3057.9,1116133.5,clay,79.2,False,True,institutional,319000.0,1989606.3,1.783,21.035,165800.5,55806.7,Storage Tank
2269.7,848.9,pavers,0.7,32,2306.5,841872.5,sandy,47.0,True,True,commercial,195000.0,1213851.4,1.442,18.062,101154.3,42093.6,Recharge Well
1186.7,200.3,rcc,0.85,6,879.8,321127.0,sandy,16.3,True,True,residential,144000.0,181837.4,0.566,12.288,15153.1,9091.9,Storage Tank
2007.4,70.4,pavers,0.7,5,647.1,236191.5,sandy,37.3,True,True,residential,118000.0,89032.2,0.377,1.887,7419.3,4451.6,Recharge Pit
396.9,587.4,pavers,0.7,21,934.6,341129.0,loamy,57.3,True,True,commercial,149000.0,146877.6,0.431,10.251,12239.8,7343.9,Recharge Well
558.3,35.7,rcc,0.85,4,624.7,228015.5,loamy,47.1,True,False,residential,47000.0,15247.5,0.067,0.758,1270.6,762.4,Recharge Pit
1067.2,883.5,metal,0.9,39,1466.0,535090.0,sandy,121.1,True,False,commercial,185000.0,763725.7,1.427,7.296,63643.8,26754.5,Hybrid System
1429.1,68.8,tiles,0.8,4,468.7,171075.5,sandy,32.5,True,False,residential,148000.0,70791.9,0.414,2.117,5899.3,3539.6,Hybrid System
338.2,293.7,metal,0.9,6,919.1,335471.5,loamy,87.0,False,False,residential,64000.0,80456.8,0.24,3.376,6704.7,4022.8,Hybrid System
873.8,71.1,rcc,0.85,8,882.5,322112.5,rocky,34.8,True,False,residential,65000.0,47527.3,0.148,2.043,3960.6,2376.4,Storage Tank
436.9,77.2,tiles,0.8,2,242.3,88439.5,silty,29.7,True,True,residential,74000.0,24284.6,0.275,2.599,2023.7,1214.2,Recharge Pit
319.7,116.9,rcc,0.85,5,639.4,233381.0,sandy,12.9,True,False,residential,31000.0,28590.3,0.123,9.062,2382.5,1429.5,Storage Tank
1112.8,1638.4,rcc,0.85,66,3270.8,1193842.0,rocky,379.5,True,True,institutional,436000.0,1394756.8,1.168,4.317,116229.7,59692.1,Storage Tank
891.6,78.7,rcc,0.85,3,344.2,125633.0,silty,102.2,True,True,residential,34000.0,53679.2,0.427,0.77,4473.3,2684.0,Recharge Pit
2250.7,1236.2,metal,0.9,38,2185.2,797598.0,loamy,205.0,True,True,institutional,231000.0,2253675.4,2.826,6.03,187806.3,39879.9,Recharge Well
920.1,1069.2,rcc,0.85,46,2140.7,781355.5,clay,237.0,True,True,industrial,379000.0,752584.8,0.963,4.511,62715.4,37629.2,Storage Tank
1156.9,132.7,pavers,0.7,6,905.4,330471.0,rocky,4.1,True,True,residential,118000.0,96718.0,0.293,32.366,8059.8,4835.9,Storage Tank
1023.7,508.4,tiles,0.8,25,1468.0,535820.0,sandy,21.2,True,False,commercial,192000.0,374723.3,0.699,23.981,31226.9,18736.2,Hybrid System
1510.6,260.5,rcc,0.85,14,938.8,342662.0,loamy,192.5,True,False,commercial,98000.0,301036.1,0.879,1.353,25086.3,15051.8,Hybrid System
1056.1,140.1,rcc,0.85,8,1219.4,445081.0,silty,84.4,True,True,residential,52000.0,113189.1,0.254,1.66,9432.4,5659.5,Recharge Pit
993.5,49.2,rcc,0.85,7,900.7,328755.5,loamy,88.9,True,True,residential,35000.0,37393.4,0.114,0.553,3116.1,1869.7,Recharge Pit
896.2,156.3,tiles,0.8,3,474.2,173083.0,loamy,62.4,False,False,residential,36000.0,100854.8,0.583,2.505,8404.6,5042.7,Recharge Pit
1748.0,88.4,rcc,0.85,5,568.7,207575.5,rocky,16.3,True,False,residential,55000.0,118210.2,0.569,5.423,9850.9,5910.5,Storage Tank
2129.2,987.7,rcc,0.85,27,1073.0,391645.0,sandy,252.0,False,False,commercial,79000.0,1608803.3,4.108,3.919,134066.9,19582.2,Hybrid System
1018.4,379.8,tiles,0.8,32,957.4,349451.0,loamy,471.8,True,True,institutional,368000.0,278487.6,0.797,0.805,23207.3,13924.4,Recharge Well
854.9,200.8,metal,0.9,30,1831.7,668570.5,sandy,92.7,True,True,commercial,167000.0,139047.8,0.208,2.166,11587.3,6952.4,Recharge Pit
1233.5,260.6,pavers,0.7,5,686.3,250499.5,sandy,83.9,False,True,residential,89000.0,202513.6,0.808,3.106,16876.1,10125.7,Recharge Well
3106.9,69.8,rcc,0.85,7,800.0,292000.0,loamy,96.7,True,False,residential,75000.0,165899.1,0.568,0.722,13824.9,8295.0,Hybrid System
2373.5,285.4,rcc,0.85,4,503.3,183704.5,silty,108.2,True,False,residential,37000.0,518208.6,2.821,2.638,43184.0,9185.2,Recharge Well
917.3,574.7,pavers,0.7,14,651.4,237761.0,silty,202.1,True,False,commercial,91000.0,332118.6,1.397,2.844,27676.5,11888.1,Hybrid System
1766.8,1199.3,rcc,0.85,35,1203.5,439277.5,loamy,269.1,True,True,institutional,309000.0,1620976.3,3.69,4.457,135081.4,21963.9,Recharge Well
1088.8,108.2,rcc,0.85,5,774.7,282765.5,rocky,50.1,True,True,residential,105000.0,90123.2,0.319,2.16,7510.3,4506.2,Storage Tank
1334.2,104.2,tiles,0.8,6,893.1,325981.5,loamy,5.8,True,True,residential,63000.0,100097.0,0.307,17.966,8341.4,5004.9,Storage Tank
757.2,245.8,rcc,0.85,7,946.2,345363.0,silty,119.5,True,False,residential,105000.0,142381.6,0.412,2.057,11865.1,7119.1,Hybrid System
539.8,91.8,metal,0.9,5,721.6,263384.0,loamy,69.5,False,False,residential,103000.0,40138.4,0.152,1.321,3344.9,2006.9,Storage Tank
909.4,438.8,tiles,0.8,25,1330.6,485669.0,clay,87.4,True,True,commercial,219000.0,287312.2,0.592,5.021,23942.7,14365.6,Storage Tank
312.9,98.6,rcc,0.85,4,467.4,170601.0,clay,38.4,True,False,residential,120000.0,23601.7,0.138,2.568,1966.8,1180.1,Storage Tank
398.2,181.2,metal,0.9,8,953.4,347991.0,loamy,70.6,False,True,residential,56000.0,58444.6,0.168,2.567,4870.4,2922.2,Recharge Pit
834.2,69.1,rcc,0.85,6,748.3,273129.5,loamy,96.4,False,False,residential,90000.0,44097.1,0.161,0.717,3674.8,2204.9,Storage Tank
1718.0,266.4,metal,0.9,2,295.4,107821.0,silty,25.8,True,False,residential,62000.0,370716.9,3.438,10.326,30893.1,5391.1,Hybrid System
1251.6,216.7,rcc,0.85,36,1404.7,512715.5,silty,134.3,True,True,commercial,349000.0,207484.6,0.405,1.614,17290.4,10374.2,Recharge Well
300.4,207.9,rcc,0.85,6,811.2,296088.0,sandy,15.4,True,True,residential,56000.0,47776.7,0.161,13.5,3981.4,2388.8,Storage Tank
808.5,206.0,rcc,0.85,4,541.7,197720.5,silty,7.6,True,False,residential,122000.0,127411.5,0.644,27.105,10617.6,6370.6,Storage Tank
929.7,692.7,pavers,0.7,29,1431.7,522570.5,rocky,137.8,True,True,commercial,167000.0,405722.0,0.776,5.027,33810.2,20286.1,Storage Tank
874.9,174.6,rcc,0.85,8,1247.1,455191.5,loamy,56.7,True,False,residential,130000.0,116859.5,0.257,3.079,9738.3,5843.0,Hybrid System
1011.5,36.8,rcc,0.85,5,713.3,260354.5,sandy,113.4,True,True,residential,80000.0,28475.7,0.109,0.325,2373.0,1423.8,Recharge Pit
758.2,197.2,tiles,0.8,2,262.5,95812.5,loamy,33.5,True,True,residential,36000.0,107652.3,1.124,5.887,8971.0,4790.6,Recharge Pit
436.0,847.2,tiles,0.8,36,2371.5,865597.5,loamy,246.7,True,False,commercial,328000.0,265953.0,0.307,3.434,22162.8,13297.7,Hybrid System
2176.3,276.3,tiles,0.8,8,1227.2,447928.0,silty,38.6,True,True,residential,115000.0,432944.4,0.967,7.158,36078.7,21647.2,Recharge Well
527.8,256.8,metal,0.9,8,1236.4,451286.0,silty,67.5,True,False,residential,145000.0,109786.6,0.243,3.804,9148.9,5489.3,Hybrid System
1290.2,289.5,rcc,0.85,7,808.1,294956.5,loamy,95.5,True,True,residential,133000.0,285737.4,0.969,3.031,23811.5,14286.9,Recharge Well
499.6,272.7,pavers,0.7,7,1027.9,375183.5,silty,74.7,False,True,residential,80000.0,85831.8,0.229,3.651,7152.7,4291.6,Recharge Pit
1113.6,181.1,rcc,0.85,2,296.3,108149.5,loamy,66.2,True,False,residential,53000.0,154279.8,1.427,2.736,12856.6,5407.5,Recharge Well
1102.2,968.4,rcc,0.85,28,1586.2,578963.0,clay,209.5,True,False,commercial,106000.0,816538.4,1.41,4.622,68044.9,28948.2,Storage Tank
650.6,145.6,rcc,0.85,5,691.0,252215.0,rocky,117.4,True,True,residential,107000.0,72466.4,0.287,1.24,6038.9,3623.3,Storage Tank
1398.9,1566.0,metal,0.9,41,2220.8,810592.0,loamy,231.9,True,False,institutional,352000.0,1774448.7,2.189,6.753,147870.7,40529.6,Hybrid System
547.4,166.6,metal,0.9,5,582.4,212576.0,silty,36.7,True,True,residential,107000.0,73869.4,0.347,4.54,6155.8,3693.5,Recharge Pit
916.3,270.5,rcc,0.85,2,310.7,113405.5,clay,62.0,False,False,residential,74000.0,189612.2,1.672,4.363,15801.0,5670.3,Storage Tank
2083.3,55.8,metal,0.9,2,282.8,103222.0,sandy,1.9,True,True,residential,98000.0,94161.0,0.912,29.368,7846.8,4708.1,Storage Tank
713.5,30.2,rcc,0.85,3,469.0,171185.0,loamy,52.5,True,False,residential,134000.0,16484.0,0.096,0.575,1373.7,824.2,Storage Tank
1423.8,295.6,tiles,0.8,4,615.1,224511.5,silty,115.5,True,False,residential,122000.0,303030.2,1.35,2.559,25252.5,11225.6,Hybrid System
1361.3,656.4,rcc,0.85,31,2273.2,829718.0,loamy,155.6,True,True,commercial,287000.0,683571.3,0.824,4.219,56964.3,34178.6,Recharge Well
1207.8,1793.7,metal,0.9,43,1323.3,483004.5,loamy,150.0,True,False,institutional,185000.0,1754809.0,3.633,11.958,146234.1,24150.2,Hybrid System
1013.5,984.3,metal,0.9,20,815.1,297511.5,sandy,183.7,True,False,industrial,279000.0,808046.3,2.716,5.358,67337.2,14875.6,Hybrid System
811.9,94.2,rcc,0.85,2,227.3,82964.5,loamy,36.4,False,False,residential,104000.0,58507.9,0.705,2.588,4875.7,2925.4,Recharge Pit
1314.2,289.6,rcc,0.85,4,526.7,192245.5,sandy,92.0,True,True,residential,120000.0,291153.1,1.514,3.148,24262.8,9612.3,Recharge Well
344.4,178.0,tiles,0.8,4,496.5,181222.5,loamy,111.3,True,False,residential,85000.0,44138.3,0.244,1.599,3678.2,2206.9,Storage Tank
444.9,1937.1,rcc,0.85,19,1663.6,607214.0,clay,322.0,True,False,industrial,378000.0,659289.1,1.086,6.016,54940.8,30360.7,Storage Tank
1140.6,153.5,rcc,0.85,19,796.7,290795.5,sandy,278.9,True,False,commercial,214000.0,133937.8,0.461,0.55,11161.5,6696.9,Hybrid System
1065.1,287.3,metal,0.9,5,603.2,220168.0,loamy,104.1,True,False,residential,31000.0,247862.6,1.126,2.76,20655.2,11008.4,Recharge Well
1047.6,1210.6,metal,0.9,27,2529.5,923267.5,clay,213.5,True,False,industrial,490000.0,1027261.9,1.113,5.67,85605.2,46163.4,Storage Tank
1119.3,68.7,pavers,0.7,5,611.4,223161.0,loamy,22.9,True,True,residential,73000.0,48444.4,0.217,3.0,4037.0,2422.2,Recharge Pit
2666.9,176.7,pavers,0.7,3,394.2,143883.0,rocky,40.8,True,True,residential,111000.0,296882.0,2.063,4.331,24740.2,7194.2,Storage Tank
906.3,238.6,rcc,0.85,15,670.3,244659.5,loamy,217.2,False,True,commercial,321000.0,165426.0,0.676,1.099,13785.5,8271.3,Recharge Well
3001.0,143.5,rcc,0.85,8,1090.6,398069.0,sandy,73.7,True,False,residential,46000.0,329442.3,0.828,1.947,27453.5,16472.1,Recharge Well
688.5,1742.4,metal,0.9,44,2082.0,759930.0,loamy,297.0,True,False,industrial,266000.0,971710.3,1.279,5.867,80975.9,37996.5,Hybrid System
1190.3,39.8,tiles,0.8,5,719.0,262435.0,sandy,110.6,True,True,residential,76000.0,34109.2,0.13,0.36,2842.4,1705.5,Recharge Pit
861.6,562.9,pavers,0.7,27,1281.8,467857.0,loamy,110.0,True,True,commercial,341000.0,305546.6,0.653,5.117,25462.2,15277.3,Recharge Well
307.7,126.0,rcc,0.85,5,603.3,220204.5,sandy,76.1,True,False,residential,26000.0,29659.2,0.135,1.656,2471.6,1483.0,Recharge Pit
468.8,207.5,rcc,0.85,32,2025.6,739344.0,rocky,190.2,True,False,commercial,116000.0,74416.1,0.101,1.091,6201.3,3720.8,Storage Tank
1176.7,916.9,rcc,0.85,19,1470.7,536805.5,silty,349.5,True,False,commercial,98000.0,825370.9,1.538,2.623,68780.9,26840.3,Hybrid System
676.4,602.5,pavers,0.7,15,623.1,227431.5,loamy,276.3,True,False,commercial,88000.0,256744.5,1.129,2.181,21395.4,11371.6,Hybrid System
738.5,72.8,metal,0.9,5,727.5,265537.5,clay,66.6,True,False,residential,54000.0,43547.9,0.164,1.093,3629.0,2177.4,Storage Tank
440.5,103.1,rcc,0.85,4,515.1,188011.5,loamy,74.3,True,True,residential,67000.0,34742.9,0.185,1.388,2895.2,1737.1,Recharge Pit
1696.4,277.4,tiles,0.8,7,836.8,305432.0,loamy,30.3,True,False,residential,122000.0,338818.6,1.109,9.155,28234.9,15271.6,Hybrid System
1545.4,129.5,metal,0.9,8,894.1,326346.5,loamy,83.9,True,False,residential,149000.0,162104.7,0.497,1.544,13508.7,8105.2,Hybrid System
590.3,797.9,metal,0.9,12,873.7,318900.5,loamy,35.0,True,False,commercial,240000.0,381510.3,1.196,22.797,31792.5,15945.0,Hybrid System
1072.0,319.4,rcc,0.85,5,721.1,263201.5,rocky,38.1,True,False,residential,32000.0,261933.6,0.995,8.383,21827.8,13096.7,Storage Tank
359.8,259.2,rcc,0.85,2,255.9,93403.5,silty,2.4,True,True,residential,100000.0,71344.0,0.764,108.0,5945.3,3567.2,Storage Tank
1010.7,93.3,metal,0.9,2,289.7,105740.5,clay,66.0,True,True,residential,59000.0,76381.6,0.722,1.414,6365.1,3819.1,Storage Tank
1345.9,156.1,rcc,0.85,6,934.8,341202.0,clay,85.4,True,False,residential,66000.0,160722.7,0.471,1.828,13393.6,8036.1,Storage Tank
1156.6,150.5,metal,0.9,3,440.5,160782.5,loamy,84.7,True,False,residential,55000.0,140995.3,0.877,1.777,11749.6,7049.8,Storage Tank
1133.4,193.7,rcc,0.85,7,875.1,319411.5,loamy,113.3,True,True,residential,121000.0,167947.8,0.526,1.71,13995.6,8397.4,Recharge Pit
582.1,233.8,rcc,0.85,8,1009.9,368613.5,sandy,41.5,True,True,residential,93000.0,104112.7,0.282,5.634,8676.1,5205.6,Recharge Pit
1171.1,206.5,rcc,0.85,5,588.8,214912.0,loamy,91.7,True,True,residential,58000.0,185001.6,0.861,2.252,15416.8,9250.1,Recharge Well
709.1,179.6,rcc,0.85,4,613.4,223891.0,silty,109.5,True,False,residential,116000.0,97426.1,0.435,1.64,8118.8,4871.3,Hybrid System
666.3,593.1,rcc,0.85,19,1473.1,537681.5,loamy,313.1,True,False,commercial,271000.0,302314.6,0.562,1.894,25192.9,15115.7,Hybrid System
1145.6,207.2,metal,0.9,8,1097.0,400405.0,sandy,75.5,True,True,residential,145000.0,192268.3,0.48,2.744,16022.4,9613.4,Recharge Well
759.9,251.7,rcc,0.85,4,505.4,184471.0,loamy,16.8,True,False,residential,132000.0,146319.1,0.793,14.982,12193.3,7316.0,Storage Tank
2371.7,603.4,rcc,0.85,26,1396.3,509649.5,sandy,58.5,True,False,institutional,348000.0,1094779.1,2.148,10.315,91231.6,25482.5,Hybrid System
1320.1,783.7,rcc,0.85,33,2282.4,833076.0,rocky,117.4,False,True,commercial,121000.0,791440.2,0.95,6.675,65953.3,39572.0,Storage Tank
2090.9,334.8,rcc,0.85,20,1293.9,472273.5,loamy,135.3,True,False,commercial,213000.0,535525.5,1.134,2.475,44627.1,23613.7,Hybrid System
552.6,105.7,tiles,0.8,2,244.6,89279.0,loamy,31.1,True,False,residential,142000.0,42055.1,0.471,3.399,3504.6,2102.8,Recharge Pit
708.1,371.5,metal,0.9,20,916.1,334376.5,silty,244.5,True,True,commercial,201000.0,213077.9,0.637,1.519,17756.5,10653.9,Recharge Well
1142.3,761.9,metal,0.9,25,1791.4,653861.0,loamy,105.4,True,True,commercial,295000.0,704957.9,1.078,7.229,58746.5,32693.1,Recharge Well
2626.9,1462.1,rcc,0.85,60,2739.1,999771.5,clay,111.4,False,True,institutional,216000.0,2938204.7,2.939,13.125,244850.4,49988.6,Storage Tank
1024.9,742.7,pavers,0.7,26,1262.2,460703.0,loamy,144.8,True,True,commercial,147000.0,479551.7,1.041,5.129,39962.6,23035.2,Recharge Well
745.4,709.8,tiles,0.8,35,1759.8,642327.0,sandy,465.2,True,False,institutional,112000.0,380941.1,0.593,1.526,31745.1,19047.1,Hybrid System
2950.4,346.1,metal,0.9,35,1349.9,492713.5,silty,129.9,False,True,commercial,161000.0,827118.1,1.679,2.664,68926.5,24635.7,Recharge Well
707.7,140.9,rcc,0.85,5,569.0,207685.0,loamy,87.0,True,True,residential,112000.0,76281.9,0.367,1.62,6356.8,3814.1,Recharge Pit
1121.7,870.4,rcc,0.85,17,878.7,320725.5,sandy,167.9,True,False,commercial,301000.0,746890.7,2.329,5.184,62240.9,16036.3,Hybrid System
895.2,173.0,pavers,0.7,7,770.6,281269.0,clay,3.1,True,True,residential,63000.0,97567.8,0.347,55.806,8130.7,4878.4,Storage Tank
378.3,91.5,rcc,0.85,4,595.3,217284.5,clay,61.0,True,True,residential,144000.0,26480.1,0.122,1.5,2206.7,1324.0,Storage Tank
941.2,57.0,rcc,0.85,7,1084.7,395915.5,rocky,56.2,True,False,residential,148000.0,41041.0,0.104,1.014,3420.1,2052.1,Storage Tank
1573.8,180.1,rcc,0.85,23,1302.4,475376.0,sandy,263.7,True,False,commercial,162000.0,216832.7,0.456,0.683,18069.4,10841.6,Hybrid System
2177.0,398.7,rcc,0.85,21,1385.7,505780.5,loamy,338.5,False,False,commercial,92000.0,663997.0,1.313,1.178,55333.1,25289.0,Hybrid System
2239.8,1531.8,tiles,0.8,51,1964.5,717042.5,sandy,269.3,True,False,institutional,156000.0,2470266.5,3.445,5.688,205855.5,35852.1,Hybrid System
855.7,73.4,pavers,0.7,3,443.6,161914.0,clay,98.7,True,False,residential,91000.0,39569.3,0.244,0.744,3297.4,1978.5,Storage Tank
2799.2,82.0,rcc,0.85,3,358.5,130852.5,sandy,57.8,True,True,residential,47000.0,175593.8,1.342,1.419,14632.8,6542.6,Recharge Pit
1506.7,206.2,metal,0.9,17,818.6,298789.0,silty,308.3,True,True,commercial,252000.0,251652.0,0.842,0.669,20971.0,12582.6,Recharge Well
966.4,744.0,rcc,0.85,25,1345.6,491144.0,silty,227.3,True,False,commercial,264000.0,550036.2,1.12,3.273,45836.3,24557.2,Hybrid System
333.6,625.5,pavers,0.7,37,2001.8,730657.0,loamy,162.0,True,False,commercial,206000.0,131460.1,0.18,3.861,10955.0,6573.0,Hybrid System
2014.9,301.4,rcc,0.85,3,352.1,128516.5,loamy,98.5,True,False,residential,78000.0,464577.5,3.615,3.06,38714.8,6425.8,Hybrid System
1829.4,100.9,metal,0.9,3,451.9,164943.5,loamy,44.2,True,False,residential,43000.0,149515.0,0.906,2.283,12459.6,7475.8,Recharge Pit
791.2,1417.9,rcc,0.85,49,4513.0,1647245.0,clay,491.5,True,True,industrial,206000.0,858209.5,0.521,2.885,71517.5,42910.5,Storage Tank
2372.1,1375.8,rcc,0.85,24,2273.9,829973.5,silty,110.5,False,False,industrial,382000.0,2496604.4,3.008,12.451,208050.4,41498.7,Hybrid System
435.9,254.7,pavers,0.7,6,753.3,274954.5,silty,62.0,True,False,residential,63000.0,69944.9,0.254,4.108,5828.7,3497.2,Hybrid System
1047.0,1443.5,rcc,0.85,69,2856.0,1042440.0,clay,419.1,True,True,institutional,256000.0,1156178.5,1.109,3.444,96348.2,52122.0,Storage Tank
478.5,41.5,tiles,0.8,6,816.1,297876.5,rocky,98.9,True,False,residential,96000.0,14297.6,0.048,0.42,1191.5,714.9,Storage Tank
1925.8,1238.6,rcc,0.85,16,1065.8,389017.0,rocky,178.4,True,False,industrial,283000.0,1824751.3,4.691,6.943,152062.6,19450.9,Storage Tank
816.9,95.6,metal,0.9,6,880.8,321492.0,silty,41.3,True,False,residential,122000.0,63257.5,0.197,2.315,5271.5,3162.9,Hybrid System
485.9,202.5,metal,0.9,5,691.3,252324.5,loamy,35.0,True,True,residential,150000.0,79699.7,0.316,5.786,6641.6,3985.0,Recharge Pit
952.5,1833.3,metal,0.9,42,3198.1,1167306.5,loamy,385.0,True,False,industrial,330000.0,1414436.8,1.212,4.762,117869.7,58365.3,Hybrid System
1415.3,694.4,metal,0.9,69,3076.5,1122922.5,silty,151.0,True,False,institutional,250000.0,796055.3,0.709,4.599,66337.9,39802.8,Hybrid System
1123.9,633.4,rcc,0.85,20,1164.1,424896.5,loamy,102.0,True,False,institutional,392000.0,544586.9,1.282,6.21,45382.2,21244.8,Hybrid System
2815.4,212.1,metal,0.9,7,1031.8,376607.0,silty,38.8,True,True,residential,124000.0,483688.5,1.284,5.466,40307.4,18830.4,Recharge Well
1750.1,818.9,rcc,0.85,34,2560.4,934546.0,loamy,334.5,False,True,commercial,236000.0,1096365.0,1.173,2.448,91363.8,46727.3,Recharge Well
2662.4,684.5,metal,0.9,33,1658.7,605425.5,silty,167.9,True,False,commercial,261000.0,1476154.4,2.438,4.077,123012.9,30271.3,Hybrid System
956.2,236.0,rcc,0.85,6,941.2,343538.0,loamy,15.7,False,False,residential,22000.0,172632.3,0.503,15.032,14386.0,8631.6,Storage Tank
2382.3,925.3,tiles,0.8,23,1024.6,373979.0,clay,270.5,True,False,commercial,94000.0,1587126.4,4.244,3.421,132260.5,18699.0,Storage Tank
2598.4,664.9,tiles,0.8,16,912.1,332916.5,silty,150.0,True,True,industrial,245000.0,1243926.8,3.736,4.433,103660.6,16645.8,Recharge Well
2471.5,2088.0,rcc,0.85,22,1344.0,490560.0,rocky,522.4,False,False,industrial,381000.0,3947776.4,8.047,3.997,328981.4,24528.0,Storage Tank
1108.2,701.3,rcc,0.85,34,1494.6,545529.0,loamy,110.8,False,True,commercial,134000.0,594543.2,1.09,6.329,49545.3,27276.5,Recharge Well
1015.2,75.1,rcc,0.85,8,1160.2,423473.0,sandy,114.2,True,True,residential,33000.0,58324.8,0.138,0.658,4860.4,2916.2,Recharge Pit
813.3,286.8,tiles,0.8,28,998.1,364306.5,sandy,272.0,True,False,commercial,204000.0,167943.2,0.461,1.054,13995.3,8397.2,Hybrid System
782.3,69.1,tiles,0.8,6,681.1,248601.5,sandy,85.6,True,True,residential,96000.0,38921.0,0.157,0.807,3243.4,1946.1,Recharge Pit
530.5,1454.7,tiles,0.8,48,2527.5,922537.5,silty,522.6,True,True,industrial,366000.0,555637.2,0.602,2.784,46303.1,27781.9,Recharge Well
2676.1,485.4,rcc,0.85,13,469.1,171221.5,rocky,93.6,True,True,commercial,97000.0,993718.9,5.804,5.186,82809.9,8561.1,Storage Tank
1432.4,986.4,rcc,0.85,23,1483.9,541623.5,rocky,253.4,True,True,commercial,189000.0,1080883.3,1.996,3.893,90073.6,27081.2,Storage Tank
372.8,706.1,rcc,0.85,25,1927.7,703610.5,loamy,148.7,True,False,commercial,169000.0,201374.1,0.286,4.748,16781.2,10068.7,Hybrid System
897.2,205.9,rcc,0.85,6,743.4,271341.0,loamy,28.1,True,False,residential,139000.0,141321.1,0.521,7.327,11776.8,7066.1,Hybrid System
311.9,105.6,metal,0.9,5,767.9,280283.5,loamy,55.0,False,True,residential,76000.0,26678.7,0.095,1.92,2223.2,1333.9,Recharge Pit
1289.1,2497.8,rcc,0.85,26,1374.8,501802.0,sandy,524.5,True,False,industrial,436000.0,2463234.2,4.909,4.762,205269.5,25090.1,Hybrid System
604.9,2180.8,rcc,0.85,33,1450.3,529359.5,sandy,548.2,False,True,industrial,256000.0,1009161.9,1.906,3.978,84096.8,26468.0,Recharge Well
2748.1,95.8,pavers,0.7,2,237.2,86578.0,sandy,56.2,True,False,residential,134000.0,165858.8,1.916,1.705,13821.6,4328.9,Recharge Well
1043.9,1575.8,rcc,0.85,60,2344.2,855633.0,clay,351.3,False,True,institutional,341000.0,1258407.9,1.471,4.486,104867.3,42781.7,Storage Tank
881.0,1058.8,rcc,0.85,29,854.1,311746.5,clay,300.0,True,False,institutional,293000.0,713594.1,2.289,3.529,59466.2,15587.3,Storage Tank
570.1,743.8,rcc,0.85,17,1284.5,468842.5,rocky,179.1,True,False,commercial,136000.0,324390.9,0.692,4.153,27032.6,16219.5,Storage Tank
1630.5,313.2,metal,0.9,36,1376.7,502495.5,sandy,187.4,True,True,commercial,215000.0,413644.8,0.823,1.671,34470.4,20682.2,Recharge Well
540.8,43.8,rcc,0.85,2,308.4,112566.0,rocky,81.6,True,False,residential,87000.0,18120.6,0.161,0.537,1510.0,906.0,Storage Tank
631.7,59.3,rcc,0.85,7,945.3,345034.5,sandy,27.9,False,True,residential,129000.0,28656.8,0.083,2.125,2388.1,1432.8,Recharge Pit
365.4,148.8,rcc,0.85,4,470.0,171550.0,sandy,43.0,False,True,residential,32000.0,41594.2,0.242,3.46,3466.2,2079.7,Recharge Pit
608.0,198.6,rcc,0.85,3,394.1,143846.5,loamy,70.8,False,True,residential,144000.0,92372.8,0.642,2.805,7697.7,4618.6,Recharge Pit
772.7,314.1,rcc,0.85,6,877.6,320324.0,rocky,9.8,False,False,residential,67000.0,185669.4,0.58,32.051,15472.4,9283.5,Storage Tank
305.1,205.9,rcc,0.85,2,235.0,85775.0,clay,116.6,True,False,residential,87000.0,48057.4,0.56,1.766,4004.8,2402.9,Storage Tank
443.1,494.9,rcc,0.85,35,2015.0,735475.0,clay,28.4,True,False,commercial,187000.0,167757.0,0.228,17.426,13979.8,8387.9,Storage Tank
738.8,285.6,rcc,0.85,13,895.8,326967.0,silty,218.3,True,False,commercial,349000.0,161416.0,0.494,1.308,13451.3,8070.8,Hybrid System
1043.0,294.5,rcc,0.85,7,1099.9,401463.5,rocky,11.4,True,True,residential,98000.0,234980.1,0.585,25.833,19581.7,11749.0,Storage Tank
1146.7,102.2,rcc,0.85,2,243.8,88987.0,loamy,86.9,True,True,residential,104000.0,89652.4,1.007,1.176,7471.0,4449.4,Recharge Pit
1802.9,675.4,rcc,0.85,29,1527.4,557501.0,sandy,79.9,True,False,commercial,89000.0,931524.2,1.671,8.453,77627.0,27875.1,Hybrid System
339.5,466.1,rcc,0.85,34,2058.0,751170.0,sandy,310.9,True,True,commercial,285000.0,121054.3,0.161,1.499,10087.9,6052.7,Recharge Well
1176.8,310.5,metal,0.9,4,473.7,172900.5,loamy,74.1,False,True,residential,105000.0,295971.1,1.712,4.19,24664.3,8645.0,Recharge Well
324.0,212.5,rcc,0.85,2,257.8,94097.0,sandy,41.4,True,False,residential,100000.0,52670.2,0.56,5.133,4389.2,2633.5,Recharge Pit
836.9,45.4,tiles,0.8,3,344.4,125706.0,rocky,106.3,True,True,residential,134000.0,27356.6,0.218,0.427,2279.7,1367.8,Storage Tank
1134.3,919.8,pavers,0.7,33,2639.1,963271.5,silty,172.5,True,False,commercial,265000.0,657297.4,0.682,5.332,54774.8,32864.9,Hybrid System
1771.6,40.3,metal,0.9,6,697.6,254624.0,silty,51.1,False,True,residential,133000.0,57830.3,0.227,0.789,4819.2,2891.5,Recharge Pit
1514.2,77.2,tiles,0.8,2,254.0,92710.0,loamy,94.6,True,True,residential,101000.0,84165.3,0.908,0.816,7013.8,4208.3,Recharge Pit
603.9,2169.5,pavers,0.7,47,4581.7,1672320.5,loamy,513.6,True,False,industrial,306000.0,825401.5,0.494,4.224,68783.5,41270.1,Hybrid System
1038.7,392.7,rcc,0.85,13,801.6,292584.0,silty,149.8,False,True,commercial,233000.0,312041.6,1.067,2.621,26003.5,14629.2,Recharge Well
1263.5,1143.0,rcc,0.85,44,1757.1,641341.5,loamy,428.8,True,True,institutional,203000.0,1104798.1,1.723,2.666,92066.5,32067.1,Recharge Well
2199.1,72.7,tiles,0.8,3,377.2,137678.0,rocky,99.6,True,False,residential,147000.0,115109.7,0.836,0.73,9592.5,5755.5,Storage Tank
937.4,82.1,tiles,0.8,4,568.4,207466.0,clay,54.1,False,False,residential,27000.0,55411.6,0.267,1.518,4617.6,2770.6,Storage Tank
2169.4,1409.2,pavers,0.7,62,2459.4,897681.0,rocky,343.7,False,False,institutional,412000.0,1925984.6,2.146,4.1,160498.7,44884.1,Storage Tank
1202.4,230.0,pavers,0.7,4,458.7,167425.5,loamy,31.7,True,False,residential,55000.0,174227.8,1.041,7.256,14519.0,8371.3,Storage Tank
748.3,853.4,rcc,0.85,39,2389.5,872167.5,silty,318.4,True,False,commercial,218000.0,488528.4,0.56,2.68,40710.7,24426.4,Hybrid System
768.9,654.5,rcc,0.85,10,676.5,246922.5,loamy,282.9,True,True,commercial,133000.0,384982.5,1.559,2.314,32081.9,12346.1,Recharge Well
1771.8,124.5,rcc,0.85,4,542.4,197976.0,silty,77.9,False,True,residential,67000.0,168750.7,0.852,1.598,14062.6,8437.5,Recharge Pit
2413.3,1585.5,rcc,0.85,29,2371.8,865707.0,rocky,201.3,True,True,industrial,283000.0,2927109.7,3.381,7.876,243925.8,43285.4,Storage Tank
419.5,664.5,rcc,0.85,17,757.0,276305.0,loamy,85.9,True,False,commercial,285000.0,213249.7,0.772,7.736,17770.8,10662.5,Hybrid System
2766.0,218.1,rcc,0.85,7,774.0,282510.0,sandy,25.2,True,True,residential,124000.0,461497.4,1.634,8.655,38458.1,14125.5,Recharge Well
1450.1,190.0,pavers,0.7,6,921.9,336493.5,silty,38.8,False,True,residential,96000.0,173577.0,0.516,4.897,14464.8,8678.9,Recharge Pit
1316.9,147.8,rcc,0.85,7,787.8,287547.0,silty,59.1,True,True,residential,131000.0,148897.9,0.518,2.501,12408.2,7444.9,Recharge Pit
745.0,322.1,metal,0.9,12,598.5,218452.5,rocky,134.8,True,True,commercial,81000.0,194371.2,0.89,2.389,16197.6,9718.6,Storage Tank
676.1,926.8,tiles,0.8,52,1706.6,622909.0,clay,52.7,True,False,institutional,235000.0,451158.8,0.724,17.586,37596.6,22557.9,Storage Tank
1774.5,217.9,metal,0.9,6,838.1,305906.5,rocky,28.0,True,True,residential,63000.0,313197.5,1.024,7.782,26099.8,15295.3,Storage Tank
1530.7,286.2,rcc,0.85,2,249.5,91067.5,loamy,68.4,True,True,residential,125000.0,335136.1,3.68,4.184,27928.0,4553.4,Recharge Well
1040.0,1643.1,pavers,0.7,50,2354.1,859246.5,sandy,479.4,False,False,institutional,382000.0,1076559.1,1.253,3.427,89713.3,42962.3,Hybrid System
502.8,1042.0,rcc,0.85,15,704.0,256960.0,loamy,207.6,True,True,industrial,389000.0,400797.0,1.56,5.019,33399.8,12848.0,Recharge Well
2191.3,466.7,tiles,0.8,24,1540.6,562319.0,clay,287.1,True,False,commercial,191000.0,736329.4,1.309,1.626,61360.8,28116.0,Storage Tank
1026.6,291.2,rcc,0.85,8,983.3,358904.5,sandy,101.9,False,False,residential,120000.0,228693.6,0.637,2.858,19057.8,11434.7,Hybrid System
671.1,1766.2,rcc,0.85,40,3980.9,1453028.5,sandy,553.6,True,False,industrial,422000.0,906752.1,0.624,3.19,75562.7,45337.6,Hybrid System
578.1,153.7,rcc,0.85,4,542.1,197866.5,loamy,46.2,True,True,residential,130000.0,67973.3,0.344,3.327,5664.4,3398.7,Recharge Pit
347.9,30.2,rcc,0.85,5,630.8,230242.0,loamy,76.0,True,False,residential,77000.0,8037.5,0.035,0.397,669.8,401.9,Storage Tank
561.7,80.1,tiles,0.8,3,427.4,156001.0,loamy,111.4,True,False,residential,44000.0,32394.4,0.208,0.719,2699.5,1619.7,Recharge Pit
1148.9,160.0,rcc,0.85,3,367.2,134028.0,loamy,41.4,False,False,residential,41000.0,140625.4,1.049,3.865,11718.8,6701.4,Recharge Pit
828.7,495.8,metal,0.9,33,1155.9,421903.5,loamy,177.8,True,True,commercial,76000.0,332804.3,0.789,2.789,27733.7,16640.2,Recharge Well
2840.8,182.8,rcc,0.85,38,1916.1,699376.5,loamy,160.5,True,False,commercial,261000.0,397263.2,0.568,1.139,33105.3,19863.2,Hybrid System
528.4,299.0,rcc,0.85,8,1125.0,410625.0,silty,8.4,True,False,residential,76000.0,120863.6,0.294,35.595,10072.0,6043.2,Storage Tank
1316.6,408.2,metal,0.9,10,614.1,224146.5,loamy,325.7,True,False,commercial,118000.0,435323.3,1.942,1.253,36276.9,11207.3,Hybrid System
1635.2,288.0,rcc,0.85,8,1039.1,379271.5,sandy,90.5,True,False,residential,22000.0,360267.3,0.95,3.182,30022.3,18013.4,Storage Tank
649.0,1434.4,rcc,0.85,65,2355.4,859721.0,loamy,419.7,True,False,institutional,340000.0,712158.1,0.828,3.418,59346.5,35607.9,Hybrid System
1421.7,276.0,rcc,0.85,3,429.6,156804.0,loamy,105.1,True,True,residential,128000.0,300177.7,1.914,2.626,25014.8,7840.2,Recharge Well
1165.8,199.1,rcc,0.85,3,387.0,141255.0,loamy,69.9,True,False,residential,101000.0,177564.7,1.257,2.848,14797.1,7062.8,Hybrid System
2907.3,286.1,rcc,0.85,6,938.3,342479.5,loamy,36.5,True,False,residential,141000.0,636310.6,1.858,7.838,53025.9,17124.0,Hybrid System
931.9,833.1,rcc,0.85,50,1439.0,525235.0,loamy,253.4,False,True,institutional,345000.0,593919.9,1.131,3.288,49493.3,26261.8,Recharge Well
766.1,95.3,rcc,0.85,2,248.1,90556.5,rocky,30.7,True,True,residential,30000.0,55852.1,0.617,3.104,4654.3,2792.6,Storage Tank
1923.1,503.1,rcc,0.85,36,1937.5,707187.5,rocky,150.0,False,True,commercial,266000.0,740146.4,1.047,3.354,61678.9,35359.4,Storage Tank
1207.0,567.4,rcc,0.85,16,626.0,228490.0,loamy,338.0,True,False,commercial,334000.0,523911.6,2.293,1.679,43659.3,11424.5,Hybrid System
1208.3,1021.6,rcc,0.85,24,1421.7,518920.5,loamy,470.6,True,True,institutional,198000.0,944315.4,1.82,2.171,78692.9,25946.0,Recharge Well
1076.2,371.1,tiles,0.8,28,1046.4,381936.0,clay,427.1,True,False,institutional,109000.0,287552.0,0.753,0.869,23962.7,14377.6,Storage Tank
3142.0,1538.8,metal,0.9,45,3359.2,1226108.0,clay,329.4,True,False,industrial,334000.0,3916276.8,3.194,4.672,326356.4,61305.4,Storage Tank
1409.8,606.6,metal,0.9,15,1436.9,524468.5,rocky,484.5,True,False,industrial,293000.0,692699.6,1.321,1.252,57725.0,26223.4,Storage Tank
453.8,2064.2,tiles,0.8,43,4130.4,1507596.0,silty,246.2,True,True,industrial,154000.0,674448.5,0.447,8.384,56204.0,33722.4,Recharge Well
2837.2,627.7,metal,0.9,16,677.2,247178.0,silty,384.5,True,True,industrial,247000.0,1442537.5,5.836,1.633,120211.5,12358.9,Recharge Well
1510.9,747.4,tiles,0.8,31,2128.2,776793.0,silty,325.5,False,False,commercial,241000.0,813057.6,1.047,2.296,67754.8,38839.7,Hybrid System
1195.4,101.3,pavers,0.7,3,365.9,133553.5,loamy,78.0,False,False,residential,97000.0,76289.2,0.571,1.299,6357.4,3814.5,Hybrid System
1168.9,265.8,tiles,0.8,26,1288.6,470339.0,loamy,255.4,True,False,commercial,315000.0,223699.4,0.476,1.041,18641.6,11185.0,Hybrid System
1704.3,214.5,pavers,0.7,4,616.8,225132.0,loamy,91.3,True,False,residential,89000.0,230310.6,1.023,2.349,19192.5,11256.6,Hybrid System
1372.0,568.3,tiles,0.8,49,2139.3,780844.5,clay,237.7,False,True,industrial,373000.0,561389.5,0.719,2.391,46782.5,28069.5,Storage Tank
1141.0,332.3,metal,0.9,37,2213.9,808073.5,sandy,172.3,True,False,commercial,142000.0,307115.0,0.38,1.929,25592.9,15355.8,Hybrid System
1300.6,385.3,tiles,0.8,32,1826.3,666599.5,loamy,102.0,False,True,commercial,141000.0,360807.2,0.541,3.777,30067.3,18040.4,Recharge Well
950.2,916.0,tiles,0.8,14,657.4,239951.0,clay,102.6,False,False,commercial,136000.0,626675.9,2.612,8.928,52223.0,11997.6,Storage Tank
562.9,1261.7,pavers,0.7,64,2990.0,1091350.0,silty,46.0,True,False,institutional,329000.0,447432.9,0.41,27.428,37286.1,22371.6,Hybrid System
1838.8,210.6,tiles,0.8,2,305.7,111580.5,sandy,105.9,True,False,residential,66000.0,278820.9,2.499,1.989,23235.1,5579.0,Hybrid System
1225.7,127.7,rcc,0.85,2,265.0,96725.0,sandy,65.8,True,False,residential,32000.0,119739.2,1.238,1.941,9978.3,4836.2,Recharge Pit
619.4,897.4,tiles,0.8,49,1247.3,455264.5,silty,280.7,True,False,institutional,109000.0,400211.7,0.879,3.197,33351.0,20010.6,Hybrid System
564.8,823.2,rcc,0.85,24,1422.1,519066.5,silty,324.0,True,True,commercial,195000.0,355681.7,0.685,2.541,29640.1,17784.1,Recharge Well
687.0,100.7,metal,0.9,3,331.6,121034.0,silty,16.1,True,True,residential,66000.0,56036.5,0.463,6.255,4669.7,2801.8,Storage Tank
499.9,196.4,tiles,0.8,8,1001.3,365474.5,loamy,75.1,True,True,residential,98000.0,70689.9,0.193,2.615,5890.8,3534.5,Recharge Pit
528.6,526.8,rcc,0.85,41,2046.3,746899.5,loamy,410.2,True,True,institutional,379000.0,213026.9,0.285,1.284,17752.2,10651.3,Recharge Well
1724.0,727.3,rcc,0.85,17,1022.3,373139.5,loamy,45.4,True,True,commercial,83000.0,959206.9,2.571,16.02,79933.9,18657.0,Recharge Well
1073.2,254.0,rcc,0.85,6,724.9,264588.5,sandy,31.1,True,False,residential,125000.0,208533.5,0.788,8.167,17377.8,10426.7,Hybrid System
1112.4,725.3,metal,0.9,20,1272.0,464280.0,loamy,108.9,True,True,commercial,252000.0,653527.2,1.408,6.66,54460.6,23214.0,Recharge Well
357.6,220.8,pavers,0.7,8,988.4,360766.0,silty,114.9,True,False,residential,93000.0,49743.6,0.138,1.922,4145.3,2487.2,Storage Tank
1061.8,197.6,rcc,0.85,8,1068.8,390112.0,loamy,98.8,True,False,residential,120000.0,160505.9,0.411,2.0,13375.5,8025.3,Hybrid System
386.6,126.1,tiles,0.8,6,943.3,344304.5,clay,28.4,True,False,residential,84000.0,35100.2,0.102,4.44,2925.0,1755.0,Storage Tank
438.2,561.0,rcc,0.85,24,1589.2,580058.0,sandy,148.9,True,True,commercial,90000.0,188060.1,0.324,3.768,15671.7,9403.0,Recharge Well
568.4,236.9,rcc,0.85,2,287.7,105010.5,loamy,101.6,True,False,residential,102000.0,103010.3,0.981,2.332,8584.2,5150.5,Hybrid System
1908.7,149.9,rcc,0.85,5,627.6,229074.0,sandy,27.7,True,True,residential,115000.0,218877.3,0.955,5.412,18239.8,10943.9,Recharge Well
2447.6,541.3,rcc,0.85,24,1795.2,655248.0,loamy,236.8,True,False,industrial,325000.0,1013537.7,1.547,2.286,84461.5,32762.4,Hybrid System
618.7,119.1,rcc,0.85,5,769.6,280904.0,sandy,22.4,True,True,residential,101000.0,56370.7,0.201,5.317,4697.6,2818.5,Recharge Pit
852.3,876.2,rcc,0.85,20,759.4,277181.0,clay,145.7,False,False,commercial,112000.0,571290.7,2.061,6.014,47607.6,13859.1,Storage Tank
419.6,1613.0,rcc,0.85,23,1489.0,543485.0,rocky,435.2,True,False,industrial,447000.0,517763.3,0.953,3.706,43146.9,25888.2,Storage Tank
615.3,84.4,pavers,0.7,4,621.7,226920.5,sandy,112.6,True,False,residential,120000.0,32716.7,0.144,0.75,2726.4,1635.8,Storage Tank
1129.6,242.2,rcc,0.85,3,399.4,145781.0,loamy,62.4,False,True,residential,107000.0,209295.7,1.436,3.881,17441.3,7289.1,Recharge Well
323.5,1481.9,metal,0.9,49,4143.4,1512341.0,loamy,223.0,False,False,industrial,153000.0,388309.7,0.257,6.645,32359.1,19415.5,Hybrid System
1414.7,223.6,metal,0.9,4,575.4,210021.0,rocky,1.3,True,False,residential,127000.0,256224.8,1.22,172.0,21352.1,10501.1,Storage Tank
1081.8,774.7,metal,0.9,21,1581.4,577211.0,sandy,23.2,True,False,commercial,344000.0,678837.1,1.176,33.392,56569.8,28860.6,Hybrid System
1305.8,722.1,metal,0.9,15,1020.5,372482.5,loamy,406.5,True,False,industrial,486000.0,763763.7,2.05,1.776,63647.0,18624.1,Hybrid System
1479.6,160.2,rcc,0.85,7,1110.3,405259.5,silty,91.2,True,True,residential,62000.0,181329.4,0.447,1.757,15110.8,9066.5,Recharge Well
2021.9,670.2,metal,0.9,38,2071.9,756243.5,loamy,384.4,False,False,institutional,129000.0,1097612.7,1.451,1.743,91467.7,37812.2,Hybrid System
588.1,1120.3,rcc,0.85,38,3763.7,1373750.5,sandy,509.0,False,False,industrial,432000.0,504019.0,0.367,2.201,42001.6,25201.0,Hybrid System
2851.7,1374.5,rcc,0.85,59,2144.7,782815.5,clay,101.2,True,False,institutional,144000.0,2998541.2,3.83,13.582,249878.4,39140.8,Storage Tank
2455.4,330.8,rcc,0.85,23,821.4,299811.0,clay,91.2,True,False,commercial,231000.0,621368.4,2.073,3.627,51780.7,14990.6,Storage Tank
1082.0,1675.8,rcc,0.85,46,2261.1,825301.5,clay,373.2,True,True,industrial,399000.0,1387109.9,1.681,4.49,115592.5,41265.1,Storage Tank
1035.6,161.8,rcc,0.85,28,1529.1,558121.5,sandy,268.1,True,False,commercial,304000.0,128183.5,0.23,0.604,10682.0,6409.2,Hybrid System
1743.0,950.9,metal,0.9,21,1077.5,393287.5,rocky,21.2,True,False,commercial,161000.0,1342509.1,3.414,44.854,111875.8,19664.4,Storage Tank
574.2,886.3,rcc,0.85,15,1085.2,396098.0,sandy,46.0,True,True,commercial,244000.0,389318.8,0.983,19.267,32443.2,19465.9,Recharge Well
3134.2,879.4,tiles,0.8,31,2222.5,811212.5,loamy,33.5,False,False,commercial,153000.0,1984475.1,2.446,26.251,165372.9,40560.6,Hybrid System
2004.7,97.9,tiles,0.8,4,487.2,177828.0,clay,91.4,True,False,residential,86000.0,141307.3,0.795,1.071,11775.6,7065.4,Storage Tank
2047.2,149.8,metal,0.9,4,612.5,223562.5,sandy,1.4,False,True,residential,21000.0,248403.2,1.111,107.0,20700.3,11178.1,Storage Tank
840.0,292.9,rcc,0.85,6,679.2,247908.0,sandy,75.7,False,False,residential,61000.0,188217.5,0.759,3.869,15684.8,9410.9,Hybrid System
1059.6,61.5,rcc,0.85,3,451.7,164870.5,rocky,86.9,True,False,residential,141000.0,49851.5,0.302,0.708,4154.3,2492.6,Storage Tank
1757.3,121.5,pavers,0.7,3,339.8,124027.0,sandy,96.8,True,False,residential,138000.0,134512.5,1.085,1.255,11209.4,6201.4,Hybrid System
2265.6,576.5,rcc,0.85,13,1026.1,374526.5,rocky,275.7,False,True,commercial,73000.0,999180.6,2.668,2.091,83265.1,18726.3,Storage Tank
614.7,756.8,rcc,0.85,30,2281.5,832747.5,clay,308.6,True,False,commercial,113000.0,355881.8,0.427,2.452,29656.8,17794.1,Storage Tank
1605.1,805.8,metal,0.9,32,2297.6,838624.0,sandy,171.7,True,True,commercial,263000.0,1047645.6,1.249,4.693,87303.8,41931.2,Recharge Well
2774.3,171.8,metal,0.9,3,407.3,148664.5,clay,78.2,True,True,residential,75000.0,386066.0,2.597,2.197,32172.2,7433.2,Storage Tank
1105.0,343.5,pavers,0.7,38,2601.1,949401.5,clay,312.1,False,False,commercial,115000.0,239127.5,0.252,1.101,19927.3,11956.4,Storage Tank
1008.4,167.5,tiles,0.8,2,312.7,114135.5,sandy,110.0,True,False,residential,58000.0,121613.0,1.066,1.523,10134.4,5706.8,Storage Tank
1803.7,306.9,rcc,0.85,4,532.1,194216.5,silty,5.3,True,False,residential,105000.0,423470.0,2.18,57.906,35289.2,9710.8,Storage Tank
454.6,49.1,rcc,0.85,2,251.1,91651.5,sandy,97.9,True,False,residential,74000.0,17075.5,0.186,0.502,1423.0,853.8,Recharge Pit
3069.6,37.7,rcc,0.85,3,410.9,149978.5,loamy,76.5,True,True,residential,103000.0,88528.8,0.59,0.493,7377.4,4426.4,Recharge Pit
364.6,413.6,rcc,0.85,65,2581.0,942065.0,sandy,193.5,False,False,institutional,162000.0,115360.9,0.122,2.137,9613.4,5768.0,Hybrid System
1452.0,114.6,metal,0.9,6,784.9,286488.5,sandy,105.3,True,False,residential,60000.0,134783.4,0.47,1.088,11231.9,6739.2,Hybrid System
628.7,1193.2,rcc,0.85,35,1374.7,501765.5,clay,406.4,True,False,institutional,313000.0,573876.1,1.144,2.936,47823.0,25088.3,Storage Tank
1292.0,159.8,rcc,0.85,6,865.9,316053.5,sandy,38.1,False,False,residential,112000.0,157943.1,0.5,4.194,13161.9,7897.2,Hybrid System
2373.2,389.6,rcc,0.85,14,912.2,332953.0,loamy,282.5,True,False,commercial,195000.0,707318.0,2.124,1.379,58943.2,16647.7,Hybrid System
769.8,229.1,rcc,0.85,8,1005.1,366861.5,rocky,0.7,False,False,residential,83000.0,134916.3,0.368,229.1,11243.0,6745.8,Storage Tank
777.6,58.9,rcc,0.85,4,624.2,227833.0,sandy,49.5,True,False,residential,34000.0,35037.5,0.154,1.19,2919.8,1751.9,Recharge Pit
1409.0,1629.5,tiles,0.8,25,716.0,261340.0,clay,224.0,True,False,institutional,250000.0,1653095.2,6.325,7.275,137757.9,13067.0,Storage Tank
1469.2,240.6,metal,0.9,8,931.6,340034.0,sandy,90.1,False,False,residential,114000.0,286326.5,0.842,2.67,23860.5,14316.3,Hybrid System
2818.7,212.1,pavers,0.7,3,436.3,159249.5,loamy,97.8,False,True,residential,123000.0,376643.2,2.365,2.169,31386.9,7962.5,Recharge Well
407.4,76.6,rcc,0.85,8,1196.8,436832.0,silty,120.0,True,False,residential,79000.0,23873.2,0.055,0.638,1989.4,1193.7,Storage Tank
472.7,184.6,rcc,0.85,3,398.9,145598.5,loamy,36.7,False,False,residential,79000.0,66754.2,0.458,5.03,5562.8,3337.7,Hybrid System
303.0,121.1,rcc,0.85,8,1129.2,412158.0,sandy,97.6,True,True,residential,28000.0,28070.4,0.068,1.241,2339.2,1403.5,Recharge Pit
1001.3,265.4,rcc,0.85,7,840.4,306746.0,silty,84.2,True,False,residential,71000.0,203294.9,0.663,3.152,16941.2,10164.7,Hybrid System
855.9,263.7,rcc,0.85,4,545.2,198998.0,loamy,96.3,True,True,residential,147000.0,172661.1,0.868,2.738,14388.4,8633.1,Recharge Pit
1916.7,210.7,metal,0.9,5,582.6,212649.0,sandy,102.8,False,False,residential,83000.0,327117.4,1.538,2.05,27259.8,10632.5,Hybrid System
1141.5,954.5,tiles,0.8,38,1412.8,515672.0,loamy,409.6,True,False,institutional,438000.0,784484.5,1.521,2.33,65373.7,25783.6,Hybrid System
2048.3,1122.9,metal,0.9,55,3087.1,1126791.5,silty,376.8,False,True,institutional,406000.0,1863029.2,1.653,2.98,155252.4,56339.6,Recharge Well
2381.0,236.5,rcc,0.85,3,411.4,150161.0,sandy,88.8,True,True,residential,69000.0,430776.5,2.869,2.663,35898.0,7508.1,Recharge Well
841.2,953.7,rcc,0.85,62,2618.6,955789.0,silty,240.7,True,True,institutional,291000.0,613723.1,0.642,3.962,51143.6,30686.2,Recharge Well
655.0,1253.0,rcc,0.85,52,2419.0,882935.0,silty,288.6,True,False,institutional,173000.0,627847.0,0.711,4.342,52320.6,31392.4,Hybrid System
1749.1,191.5,rcc,0.85,12,917.7,334960.5,loamy,51.7,True,True,commercial,319000.0,256238.8,0.765,3.704,21353.2,12811.9,Recharge Well
920.7,132.6,rcc,0.85,5,754.6,275429.0,rocky,62.2,True,False,residential,26000.0,93394.9,0.339,2.132,7782.9,4669.7,Storage Tank
1613.1,221.1,pavers,0.7,5,632.3,230789.5,rocky,3.7,True,False,residential,38000.0,224693.5,0.974,59.757,18724.5,11234.7,Storage Tank
2595.7,906.4,rcc,0.85,58,1870.4,682696.0,silty,187.1,True,True,institutional,297000.0,1799848.0,2.636,4.844,149987.3,34134.8,Recharge Well
644.4,329.7,rcc,0.85,14,1091.4,398361.0,loamy,51.8,True,True,commercial,337000.0,162530.9,0.408,6.365,13544.2,8126.5,Recharge Well
327.8,53.7,rcc,0.85,3,466.1,170126.5,loamy,99.1,True,True,residential,88000.0,13466.2,0.079,0.542,1122.2,673.3,Recharge Pit
906.8,231.2,rcc,0.85,8,977.5,356787.5,loamy,66.5,True,False,residential,79000.0,160383.9,0.45,3.477,13365.3,8019.2,Hybrid System
928.7,114.4,metal,0.9,2,284.4,103806.0,loamy,33.0,True,False,residential,65000.0,86057.1,0.829,3.467,7171.4,4302.9,Hybrid System
1805.0,2470.0,metal,0.9,23,2141.6,781684.0,sandy,63.3,True,True,industrial,398000.0,3611263.5,4.62,39.021,300938.6,39084.2,Recharge Well
1664.9,233.9,rcc,0.85,2,318.8,116362.0,loamy,94.3,True,True,residential,62000.0,297906.4,2.56,2.48,24825.5,5818.1,Recharge Well
838.7,831.5,tiles,0.8,26,1481.4,540711.0,clay,294.1,True,False,institutional,156000.0,502112.9,0.929,2.827,41842.7,25105.6,Storage Tank
475.0,41.8,metal,0.9,2,259.4,94681.0,sandy,37.3,True,False,residential,125000.0,16082.6,0.17,1.121,1340.2,804.1,Recharge Pit
1208.9,313.9,rcc,0.85,3,421.6,153884.0,clay,117.9,True,True,residential,131000.0,290297.4,1.886,2.662,24191.5,7694.2,Storage Tank
2317.9,167.0,tiles,0.8,8,1092.8,398872.0,loamy,15.6,True,True,residential,133000.0,278704.3,0.699,10.705,23225.4,13935.2,Storage Tank
1082.7,185.3,pavers,0.7,6,948.8,346312.0,sandy,72.0,False,False,residential,96000.0,126393.3,0.365,2.574,10532.8,6319.7,Hybrid System
818.5,1135.7,rcc,0.85,55,1886.3,688499.5,clay,194.7,True,False,institutional,310000.0,711121.4,1.033,5.833,59260.1,34425.0,Storage Tank
414.4,81.6,pavers,0.7,3,390.0,142350.0,loamy,14.4,True,True,residential,86000.0,21303.5,0.15,5.667,1775.3,1065.2,Storage Tank
441.7,171.2,rcc,0.85,2,229.0,83585.0,sandy,101.3,True,True,residential,43000.0,57848.6,0.692,1.69,4820.7,2892.4,Recharge Pit
417.5,841.7,rcc,0.85,47,2618.5,955752.5,sandy,174.5,True,True,institutional,245000.0,268828.5,0.281,4.823,22402.4,13441.4,Recharge Well
1856.3,1217.0,metal,0.9,64,3207.7,1170810.5,sandy,495.0,True,True,institutional,309000.0,1829884.9,1.563,2.459,152490.4,58540.5,Recharge Well
919.5,146.6,rcc,0.85,8,1033.9,377373.5,clay,56.0,True,False,residential,32000.0,103121.0,0.273,2.618,8593.4,5156.1,Storage Tank
2767.8,70.3,rcc,0.85,5,713.9,260573.5,silty,90.6,True,False,residential,93000.0,148850.9,0.571,0.776,12404.2,7442.5,Hybrid System
885.4,118.5,rcc,0.85,7,779.3,284444.5,sandy,108.9,True,False,residential,124000.0,80263.7,0.282,1.088,6688.6,4013.2,Hybrid System
2522.1,225.6,rcc,0.85,4,456.3,166549.5,sandy,72.8,True,False,residential,86000.0,435274.1,2.613,3.099,36272.8,8327.5,Hybrid System
1377.2,454.2,rcc,0.85,13,816.1,297876.5,silty,322.3,True,False,commercial,280000.0,478526.0,1.606,1.409,39877.2,14893.8,Hybrid System
685.9,319.0,rcc,0.85,5,637.1,232541.5,loamy,93.5,True,False,residential,38000.0,167383.6,0.72,3.412,13948.6,8369.2,Recharge Well
2999.2,122.7,rcc,0.85,6,941.5,343647.5,sandy,118.0,False,True,residential,79000.0,281521.4,0.819,1.04,23460.1,14076.1,Recharge Well
699.3,95.4,rcc,0.85,6,721.5,263347.5,loamy,40.1,False,True,residential,39000.0,51035.6,0.194,2.379,4253.0,2551.8,Recharge Pit
380.3,790.1,tiles,0.8,22,1268.1,462856.5,rocky,249.7,True,False,commercial,115000.0,216342.0,0.467,3.164,18028.5,10817.1,Storage Tank
480.3,54.1,rcc,0.85,7,941.8,343757.0,clay,12.7,True,False,residential,95000.0,19877.9,0.058,4.26,1656.5,993.9,Storage Tank
2187.2,1001.1,rcc,0.85,26,1536.9,560968.5,silty,125.6,False,False,institutional,119000.0,1675048.5,2.986,7.971,139587.4,28048.4,Hybrid System
447.6,868.2,rcc,0.85,12,903.3,329704.5,clay,179.1,True,False,commercial,228000.0,297283.8,0.902,4.848,24773.6,14864.2,Storage Tank
579.2,1405.5,rcc,0.85,38,1880.3,686309.5,sandy,235.7,True,True,institutional,169000.0,622760.2,0.907,5.963,51896.7,31138.0,Recharge Well
831.6,296.8,tiles,0.8,2,307.0,112055.0,sandy,101.6,True,True,residential,133000.0,177709.6,1.586,2.921,14809.1,5602.8,Recharge Well
470.7,2207.7,metal,0.9,24,1626.4,593636.0,rocky,581.8,True,False,industrial,339000.0,841723.2,1.418,3.795,70143.6,29681.8,Storage Tank
530.1,35.7,rcc,0.85,2,316.4,115486.0,silty,106.2,True,True,residential,34000.0,14477.3,0.125,0.336,1206.4,723.9,Recharge Pit
846.2,313.9,rcc,0.85,4,525.4,191771.0,loamy,111.2,True,True,residential,33000.0,203201.0,1.06,2.823,16933.4,9588.6,Recharge Well
1635.0,674.0,pavers,0.7,24,1514.6,552829.0,sandy,216.0,True,True,commercial,297000.0,694253.7,1.256,3.12,57854.5,27641.5,Recharge Well
556.1,77.1,metal,0.9,7,970.7,354305.5,rocky,62.6,False,True,residential,119000.0,34729.0,0.098,1.232,2894.1,1736.5,Storage Tank
866.5,393.8,tiles,0.8,24,1563.0,570495.0,loamy,112.0,True,False,commercial,157000.0,245683.9,0.431,3.516,20473.7,12284.2,Hybrid System
3070.0,207.5,rcc,0.85,2,232.4,84826.0,silty,108.9,True,True,residential,56000.0,487324.1,5.745,1.905,40610.3,4241.3,Recharge Well
1038.5,94.6,tiles,0.8,7,961.4,350911.0,loamy,77.6,True,False,residential,63000.0,70734.3,0.202,1.219,5894.5,3536.7,Hybrid System
1959.4,82.4,metal,0.9,6,846.3,308899.5,sandy,102.2,False,False,residential,53000.0,130778.2,0.423,0.806,10898.2,6538.9,Recharge Pit
692.9,268.3,rcc,0.85,8,1123.3,410004.5,sandy,37.6,True,False,residential,99000.0,142217.4,0.347,7.136,11851.4,7110.9,Hybrid System
785.7,1917.1,rcc,0.85,29,2753.5,1005027.5,sandy,515.5,True,True,industrial,278000.0,1152293.1,1.147,3.719,96024.4,50251.4,Recharge Well
334.2,211.4,metal,0.9,2,250.3,91359.5,sandy,1.6,True,False,residential,23000.0,57226.4,0.626,132.125,4768.9,2861.3,Storage Tank
2619.9,831.2,tiles,0.8,28,1016.8,371132.0,loamy,211.1,True,False,commercial,135000.0,1567915.8,4.225,3.937,130659.7,18556.6,Hybrid System
421.8,258.8,metal,0.9,6,816.7,298095.5,loamy,89.6,False,False,residential,49000.0,88421.1,0.297,2.888,7368.4,4421.1,Recharge Pit
866.4,174.9,rcc,0.85,10,529.2,193158.0,silty,89.3,True,False,commercial,337000.0,115923.0,0.6,1.959,9660.2,5796.2,Hybrid System
1835.7,193.8,metal,0.9,4,559.3,204144.5,rocky,118.0,True,True,residential,125000.0,288164.5,1.412,1.642,24013.7,10207.2,Storage Tank
635.2,202.0,rcc,0.85,4,452.5,165162.5,sandy,54.4,True,False,residential,102000.0,98157.5,0.594,3.713,8179.8,4907.9,Hybrid System
735.4,657.9,metal,0.9,24,1211.5,442197.5,loamy,272.0,True,False,commercial,144000.0,391893.9,0.886,2.419,32657.8,19594.7,Hybrid System
2463.4,83.5,rcc,0.85,5,787.8,287547.0,silty,80.6,True,True,residential,137000.0,157355.8,0.547,1.036,13113.0,7867.8,Recharge Pit
3044.3,75.6,rcc,0.85,5,667.2,243528.0,silty,18.3,False,False,residential,123000.0,176064.0,0.723,4.131,14672.0,8803.2,Hybrid System
791.0,209.4,metal,0.9,28,1912.8,698172.0,sandy,269.4,False,True,commercial,238000.0,134164.7,0.192,0.777,11180.4,6708.2,Recharge Well
1242.6,38.1,rcc,0.85,2,251.9,91943.5,clay,117.9,True,True,residential,121000.0,36217.4,0.394,0.323,3018.1,1810.9,Storage Tank
1873.7,373.7,rcc,0.85,16,981.2,358138.0,clay,84.8,False,False,commercial,319000.0,535654.3,1.496,4.407,44637.9,17906.9,Storage Tank
2063.6,108.6,pavers,0.7,8,1021.4,372811.0,loamy,111.7,True,True,residential,30000.0,141187.4,0.379,0.972,11765.6,7059.4,Recharge Pit
2172.9,275.2,tiles,0.8,30,1544.0,563560.0,clay,132.1,True,False,commercial,198000.0,430547.1,0.764,2.083,35878.9,21527.4,Storage Tank
374.3,173.4,rcc,0.85,7,1082.2,395003.0,clay,70.4,False,False,residential,57000.0,49651.3,0.126,2.463,4137.6,2482.6,Storage Tank
563.9,1439.3,metal,0.9,29,1239.2,452308.0,rocky,414.3,False,False,institutional,377000.0,657413.2,1.453,3.474,54784.4,22615.4,Storage Tank
306.7,1255.1,rcc,0.85,37,1647.2,601228.0,loamy,325.1,False,False,industrial,430000.0,294478.5,0.49,3.861,24539.9,14723.9,Hybrid System
788.7,1209.1,rcc,0.85,61,2894.3,1056419.5,silty,463.4,True,True,institutional,278000.0,729517.1,0.691,2.609,60793.1,36475.9,Recharge Well
347.7,68.0,metal,0.9,2,265.4,96871.0,loamy,74.1,False,True,residential,136000.0,19151.3,0.198,0.918,1595.9,957.6,Recharge Pit
1306.7,218.5,rcc,0.85,2,314.1,114646.5,clay,93.6,True,False,residential,60000.0,218418.2,1.905,2.334,18201.5,5732.3,Storage Tank
1449.9,44.9,rcc,0.85,4,589.9,215313.5,loamy,41.5,True,False,residential,80000.0,49801.9,0.231,1.082,4150.2,2490.1,Storage Tank
993.3,231.0,metal,0.9,38,2026.1,739526.5,loamy,82.0,True,False,commercial,183000.0,185856.4,0.251,2.817,15488.0,9292.8,Hybrid System
1141.4,255.0,rcc,0.85,3,340.0,124100.0,loamy,57.6,False,True,residential,137000.0,222658.6,1.794,4.427,18554.9,6205.0,Recharge Well
1619.5,178.7,metal,0.9,2,221.3,80774.5,loamy,6.6,False,False,residential,77000.0,234417.8,2.902,27.076,19534.8,4038.7,Storage Tank
2757.9,156.0,rcc,0.85,4,596.2,217613.0,silty,24.3,True,False,residential,119000.0,329127.8,1.512,6.42,27427.3,10880.7,Hybrid System
376.9,58.3,rcc,0.85,7,914.0,333610.0,loamy,84.9,True,False,residential,86000.0,16809.6,0.05,0.687,1400.8,840.5,Storage Tank
372.6,2154.4,rcc,0.85,46,3938.6,1437589.0,loamy,355.8,True,False,industrial,380000.0,614088.0,0.427,6.055,51174.0,30704.4,Hybrid System
521.1,498.8,rcc,0.85,10,405.1,147861.5,clay,296.8,True,False,commercial,131000.0,198842.4,1.345,1.681,16570.2,7393.1,Storage Tank
1019.0,474.3,pavers,0.7,69,4040.3,1474709.5,silty,211.9,True,True,institutional,217000.0,304486.4,0.206,2.238,25373.9,15224.3,Recharge Well
367.4,835.1,pavers,0.7,21,1257.0,458805.0,sandy,202.9,True,True,commercial,196000.0,193293.9,0.421,4.116,16107.8,9664.7,Recharge Well
773.3,233.0,pavers,0.7,5,787.3,287364.5,sandy,25.9,True,False,residential,51000.0,113512.7,0.395,8.996,9459.4,5675.6,Recharge Pit
308.9,268.6,metal,0.9,2,244.4,89206.0,loamy,93.8,True,True,residential,143000.0,67206.1,0.753,2.864,5600.5,3360.3,Recharge Pit
362.2,153.9,metal,0.9,33,1519.3,554544.5,loamy,98.4,True,True,commercial,187000.0,45151.5,0.081,1.564,3762.6,2257.6,Recharge Pit
662.0,229.2,rcc,0.85,6,865.8,316017.0,sandy,8.9,True,False,residential,141000.0,116073.8,0.367,25.753,9672.8,5803.7,Storage Tank
1687.6,188.8,rcc,0.85,3,464.1,169396.5,loamy,18.4,False,False,residential,26000.0,243743.4,1.439,10.261,20312.0,8469.8,Recharge Well
1017.8,98.8,rcc,0.85,8,929.8,339377.0,sandy,60.2,False,True,residential,106000.0,76927.4,0.227,1.641,6410.6,3846.4,Recharge Pit
1308.2,277.5,metal,0.9,13,696.7,254295.5,rocky,233.1,False,True,commercial,113000.0,294050.7,1.156,1.19,24504.2,12714.8,Storage Tank
948.0,320.1,tiles,0.8,37,2090.1,762886.5,loamy,104.5,True,True,commercial,203000.0,218487.5,0.286,3.063,18207.3,10924.4,Recharge Well
919.8,1946.7,metal,0.9,19,1232.8,449972.0,loamy,121.7,False,False,industrial,149000.0,1450365.5,3.223,15.996,120863.8,22498.6,Hybrid System
351.6,233.9,rcc,0.85,7,959.9,350363.5,silty,28.2,True,False,residential,82000.0,62913.0,0.18,8.294,5242.8,3145.7,Hybrid System
1063.9,1710.0,metal,0.9,20,628.3,229329.5,silty,252.9,True,False,institutional,323000.0,1473607.9,6.426,6.762,122800.7,11466.5,Hybrid System
966.2,174.6,rcc,0.85,5,752.2,274553.0,loamy,87.5,True,True,residential,83000.0,129054.4,0.47,1.995,10754.5,6452.7,Recharge Pit
691.0,33.9,metal,0.9,2,291.7,106470.5,clay,110.5,True,True,residential,66000.0,18974.2,0.178,0.307,1581.2,948.7,Storage Tank
1302.6,195.5,rcc,0.85,5,770.5,281232.5,sandy,73.0,False,False,residential,110000.0,194813.6,0.693,2.678,16234.5,9740.7,Hybrid System
305.4,294.4,rcc,0.85,7,1070.9,390878.5,rocky,31.5,True,False,residential,97000.0,68781.0,0.176,9.346,5731.8,3439.1,Storage Tank
1045.6,224.8,tiles,0.8,8,1251.3,456724.5,loamy,60.2,True,True,residential,85000.0,169236.6,0.371,3.734,14103.1,8461.8,Recharge Pit
896.1,150.0,tiles,0.8,8,1034.9,377738.5,loamy,88.3,False,True,residential,99000.0,96778.8,0.256,1.699,8064.9,4838.9,Recharge Pit
1323.8,283.2,rcc,0.85,7,1029.2,375658.0,loamy,81.5,True,True,residential,121000.0,286798.6,0.763,3.475,23899.9,14339.9,Recharge Well
1005.4,171.1,rcc,0.85,3,473.3,172754.5,sandy,99.3,False,False,residential,125000.0,131598.3,0.762,1.723,10966.5,6579.9,Hybrid System
1327.9,156.9,tiles,0.8,8,918.3,335179.5,sandy,25.0,False,True,residential,116000.0,150010.2,0.448,6.276,12500.9,7500.5,Recharge Pit
1127.7,315.8,rcc,0.85,8,1167.3,426064.5,loamy,4.3,False,True,residential,95000.0,272437.7,0.639,73.442,22703.1,13621.9,Storage Tank
820.7,126.3,rcc,0.85,5,659.9,240863.5,loamy,21.2,True,False,residential,60000.0,79295.6,0.329,5.958,6608.0,3964.8,Hybrid System
473.9,791.4,metal,0.9,31,1334.3,487019.5,silty,151.9,True,False,commercial,347000.0,303786.0,0.624,5.21,25315.5,15189.3,Hybrid System
651.4,91.3,metal,0.9,4,489.5,178667.5,loamy,62.0,True,True,residential,139000.0,48173.0,0.27,1.473,4014.4,2408.7,Recharge Pit
2141.7,912.4,rcc,0.85,26,1450.1,529286.5,sandy,198.9,True,True,institutional,272000.0,1494876.6,2.824,4.587,124573.1,26464.3,Recharge Well
421.2,163.0,metal,0.9,7,922.1,336566.5,sandy,80.0,True,False,residential,147000.0,55611.0,0.165,2.038,4634.2,2780.6,Hybrid System
1997.6,90.3,metal,0.9,2,277.0,101105.0,loamy,97.6,True,False,residential,76000.0,146110.5,1.445,0.925,12175.9,5055.2,Hybrid System
1678.1,209.1,tiles,0.8,2,243.0,88695.0,clay,67.8,True,True,residential,86000.0,252641.3,2.848,3.084,21053.4,4434.8,Storage Tank
2995.8,531.1,tiles,0.8,17,1187.0,433255.0,loamy,298.0,True,False,commercial,207000.0,1145570.0,2.644,1.782,95464.2,21662.8,Hybrid System
976.9,42.2,metal,0.9,6,919.1,335471.5,silty,23.3,False,False,residential,97000.0,33392.4,0.1,1.811,2782.7,1669.6,Storage Tank
2550.8,251.6,metal,0.9,6,787.2,287328.0,loamy,107.9,False,False,residential,98000.0,519842.8,1.809,2.332,43320.2,14366.4,Hybrid System
735.3,487.8,rcc,0.85,39,1641.0,598965.0,rocky,255.4,False,True,commercial,238000.0,274389.7,0.458,1.91,22865.8,13719.5,Storage Tank
1457.4,976.7,rcc,0.85,43,2677.5,977287.5,loamy,76.7,True,False,industrial,469000.0,1088933.6,1.114,12.734,90744.5,48864.4,Hybrid System
1229.1,123.7,rcc,0.85,6,866.5,316272.5,clay,3.1,True,True,residential,98000.0,116310.3,0.368,39.903,9692.5,5815.5,Storage Tank
2100.4,998.9,tiles,0.8,10,371.7,135670.5,loamy,190.4,True,False,commercial,133000.0,1510624.5,11.135,5.246,125885.4,6783.5,Hybrid System
2111.9,289.2,rcc,0.85,5,675.2,246448.0,silty,6.1,True,True,residential,94000.0,467232.5,1.896,47.41,38936.0,12322.4,Storage Tank
1079.7,31.4,rcc,0.85,4,539.8,197027.0,clay,90.6,False,True,residential,21000.0,25935.5,0.132,0.347,2161.3,1296.8,Storage Tank
650.6,65.6,metal,0.9,8,1252.8,457272.0,loamy,30.8,True,True,residential,111000.0,34570.3,0.076,2.13,2880.9,1728.5,Recharge Pit
751.0,97.7,metal,0.9,7,949.9,346713.5,sandy,8.3,True,False,residential,96000.0,59431.9,0.171,11.771,4952.7,2971.6,Storage Tank
1061.8,34.4,rcc,0.85,5,647.8,236447.0,clay,97.3,True,False,residential,74000.0,27942.3,0.118,0.354,2328.5,1397.1,Storage Tank
949.9,546.2,rcc,0.85,23,1197.7,437160.5,rocky,77.2,True,False,commercial,297000.0,396909.1,0.908,7.075,33075.8,19845.5,Storage Tank
2843.7,498.4,rcc,0.85,28,1127.4,411501.0,sandy,351.5,True,False,institutional,135000.0,1084234.6,2.635,1.418,90352.9,20575.1,Hybrid System
937.9,296.4,pavers,0.7,12,558.3,203779.5,loamy,60.7,True,False,commercial,172000.0,175135.9,0.859,4.883,14594.7,8756.8,Hybrid System
352.9,170.9,metal,0.9,3,470.8,171842.0,clay,34.1,True,False,residential,117000.0,48851.6,0.284,5.012,4071.0,2442.6,Storage Tank
799.8,199.6,rcc,0.85,3,411.3,150124.5,silty,19.1,False,True,residential,45000.0,122124.7,0.813,10.45,10177.1,6106.2,Recharge Pit
2633.1,444.1,metal,0.9,31,2430.6,887169.0,loamy,220.5,True,True,commercial,185000.0,947181.4,1.068,2.014,78931.8,44358.5,Recharge Well
1690.2,133.4,rcc,0.85,3,357.2,130378.0,loamy,45.2,True,False,residential,43000.0,172486.6,1.323,2.951,14373.9,6518.9,Recharge Well
2564.8,433.7,rcc,0.85,52,2459.8,897827.0,clay,179.0,True,False,institutional,325000.0,850950.6,0.948,2.423,70912.6,42547.5,Storage Tank
3164.6,233.2,rcc,0.85,2,293.5,107127.5,loamy,97.0,True,False,residential,47000.0,564558.3,5.27,2.404,47046.5,5356.4,Recharge Well
1102.5,2301.3,metal,0.9,20,1507.9,550383.5,silty,409.7,True,False,industrial,147000.0,2055118.4,3.734,5.617,171259.9,27519.2,Hybrid System
1723.8,1957.2,tiles,0.8,23,1604.5,585642.5,rocky,416.7,True,False,industrial,286000.0,2429151.4,4.148,4.697,202429.3,29282.1,Storage Tank
2331.7,196.6,metal,0.9,37,2368.1,864356.5,sandy,305.1,True,False,commercial,87000.0,371313.9,0.43,0.644,30942.8,18565.7,Hybrid System
951.4,252.4,pavers,0.7,3,435.2,158848.0,silty,87.1,False,True,residential,115000.0,151284.0,0.952,2.898,12607.0,7564.2,Recharge Pit
1510.4,355.2,rcc,0.85,51,1650.1,602286.5,loamy,92.3,True,True,institutional,294000.0,410418.0,0.681,3.848,34201.5,20520.9,Recharge Well
1810.5,238.3,rcc,0.85,4,636.5,232322.5,loamy,62.8,True,False,residential,93000.0,330053.2,1.421,3.795,27504.4,11616.1,Hybrid System
443.5,86.4,metal,0.9,3,442.6,161549.0,loamy,20.1,True,False,residential,42000.0,31037.9,0.192,4.299,2586.5,1551.9,Recharge Pit
1600.0,314.7,pavers,0.7,35,2262.9,825958.5,silty,61.3,True,False,commercial,252000.0,317217.6,0.384,5.134,26434.8,15860.9,Hybrid System
1696.7,1884.4,tiles,0.8,36,3505.9,1279653.5,sandy,561.6,True,False,industrial,495000.0,2302028.3,1.799,3.355,191835.7,63982.7,Hybrid System
1616.4,757.1,rcc,0.85,19,1255.9,458403.5,loamy,233.9,True,False,commercial,254000.0,936189.0,2.042,3.237,78015.8,22920.2,Hybrid System
1087.5,88.4,rcc,0.85,7,927.8,338647.0,sandy,24.4,False,False,residential,107000.0,73543.3,0.217,3.623,6128.6,3677.2,Hybrid System
1056.6,85.5,rcc,0.85,8,1031.7,376570.5,sandy,88.1,True,True,residential,96000.0,69109.6,0.184,0.97,5759.1,3455.5,Recharge Pit
319.6,1378.2,tiles,0.8,37,2974.3,1085619.5,silty,449.0,True,True,industrial,211000.0,317140.4,0.292,3.069,26428.4,15857.0,Recharge Well
1163.0,1720.0,rcc,0.85,23,1183.7,432050.5,sandy,424.5,False,False,industrial,233000.0,1530275.4,3.542,4.052,127522.9,21602.5,Hybrid System
872.6,287.2,tiles,0.8,7,1097.2,400478.0,loamy,59.0,True,True,residential,56000.0,180439.7,0.451,4.868,15036.6,9022.0,Recharge Well
347.4,60.0,rcc,0.85,5,551.2,201188.0,sandy,74.4,False,False,residential,97000.0,15945.7,0.079,0.806,1328.8,797.3,Storage Tank
2136.6,292.3,metal,0.9,7,966.0,352590.0,silty,72.3,False,True,residential,66000.0,505867.8,1.435,4.043,42155.7,17629.5,Recharge Well
422.3,136.1,rcc,0.85,5,571.7,208670.5,clay,30.7,True,True,residential,29000.0,43968.4,0.211,4.433,3664.0,2198.4,Storage Tank
432.1,111.1,tiles,0.8,2,317.4,115851.0,rocky,1.9,True,False,residential,114000.0,34564.5,0.298,58.474,2880.4,1728.2,Storage Tank
1132.9,217.6,pavers,0.7,5,657.2,239878.0,loamy,4.5,True,True,residential,65000.0,155307.0,0.647,48.356,12942.2,7765.4,Storage Tank
3021.3,1604.3,tiles,0.8,64,3143.4,1147341.0,silty,88.7,True,True,institutional,140000.0,3489891.5,3.042,18.087,290824.3,57367.1,Recharge Well
891.0,687.2,pavers,0.7,37,2183.4,796941.0,clay,221.6,True,True,commercial,195000.0,385746.0,0.484,3.101,32145.5,19287.3,Storage Tank
1702.6,146.5,rcc,0.85,6,887.7,324010.5,sandy,2.1,True,False,residential,78000.0,190814.6,0.589,69.762,15901.2,9540.7,Storage Tank
469.8,2064.5,metal,0.9,49,4595.3,1677284.5,loamy,122.2,False,True,industrial,302000.0,785620.7,0.468,16.894,65468.4,39281.0,Recharge Well
641.0,152.4,rcc,0.85,4,549.7,200640.5,rocky,107.9,True,False,residential,123000.0,74731.6,0.372,1.412,6227.6,3736.6,Storage Tank
910.2,2289.8,rcc,0.85,48,2436.1,889176.5,loamy,172.8,False,True,industrial,294000.0,1594394.6,1.793,13.251,132866.2,44458.8,Recharge Well
3058.8,605.6,rcc,0.85,42,2184.3,797269.5,loamy,212.2,True,True,institutional,303000.0,1417093.1,1.777,2.854,118091.1,39863.5,Recharge Well
1212.8,123.8,tiles,0.8,2,247.2,90228.0,loamy,96.7,True,True,residential,125000.0,108104.1,1.198,1.28,9008.7,4511.4,Recharge Pit
582.1,2327.9,metal,0.9,34,2055.9,750403.5,loamy,544.9,True,False,industrial,468000.0,1097607.2,1.463,4.272,91467.3,37520.2,Hybrid System
716.1,53.4,rcc,0.85,6,716.0,261340.0,sandy,108.8,True,False,residential,109000.0,29253.4,0.112,0.491,2437.8,1462.7,Storage Tank
1194.4,926.5,tiles,0.8,35,1238.2,451943.0,clay,163.6,False,True,commercial,285000.0,796760.4,1.763,5.663,66396.7,22597.2,Storage Tank
1918.8,210.2,rcc,0.85,8,967.4,353101.0,loamy,83.9,True,False,residential,70000.0,308548.8,0.874,2.505,25712.4,15427.4,Hybrid System
1948.8,94.7,rcc,0.85,8,1192.6,435299.0,loamy,0.7,True,True,residential,133000.0,141181.8,0.324,94.7,11765.1,7059.1,Storage Tank
448.5,266.3,rcc,0.85,8,1025.3,374234.5,loamy,27.2,False,False,residential,24000.0,91368.2,0.244,9.79,7614.0,4568.4,Storage Tank
1612.4,1539.0,rcc,0.85,35,2054.0,749710.0,rocky,56.0,True,True,institutional,113000.0,1898335.0,2.532,27.482,158194.6,37485.5,Storage Tank
929.3,220.3,tiles,0.8,39,1572.6,573999.0,clay,300.6,True,False,commercial,73000.0,147401.8,0.257,0.733,12283.5,7370.1,Storage Tank
556.0,191.1,tiles,0.8,4,454.5,165892.5,sandy,52.5,True,False,residential,147000.0,76501.2,0.461,3.64,6375.1,3825.1,Hybrid System
496.3,289.5,rcc,0.85,3,335.3,122384.5,loamy,11.2,True,False,residential,121000.0,109914.3,0.898,25.848,9159.5,5495.7,Storage Tank
2009.7,167.3,rcc,0.85,7,929.8,339377.0,clay,112.4,True,False,residential,84000.0,257210.4,0.758,1.488,21434.2,12860.5,Storage Tank
1032.7,318.4,tiles,0.8,3,390.7,142605.5,sandy,113.2,True,False,residential,142000.0,236744.4,1.66,2.813,19728.7,7130.3,Hybrid System
466.4,77.0,tiles,0.8,2,238.8,87162.0,clay,16.7,True,False,residential,61000.0,25857.2,0.297,4.611,2154.8,1292.9,Storage Tank
672.2,865.0,rcc,0.85,21,1481.3,540674.5,clay,80.5,True,True,commercial,345000.0,444811.5,0.823,10.745,37067.6,22240.6,Storage Tank
1645.6,142.5,metal,0.9,6,708.3,258529.5,sandy,70.4,False,True,residential,139000.0,189943.4,0.735,2.024,15828.6,9497.2,Recharge Well
1917.4,2196.5,rcc,0.85,38,3090.0,1127850.0,sandy,316.0,False,True,industrial,147000.0,3221850.4,2.857,6.951,268487.5,56392.5,Recharge Well
1446.3,191.3,rcc,0.85,7,869.4,317331.0,silty,4.8,False,False,residential,38000.0,211658.1,0.667,39.854,17638.2,10582.9,Storage Tank
833.1,835.7,rcc,0.85,29,1119.8,408727.0,sandy,49.5,True,False,commercial,123000.0,532609.6,1.303,16.883,44384.1,20436.4,Hybrid System
462.8,298.1,rcc,0.85,6,795.6,290394.0,loamy,87.2,True,False,residential,115000.0,105539.9,0.363,3.419,8795.0,5277.0,Hybrid System
656.8,144.1,rcc,0.85,2,284.3,103769.5,sandy,87.1,True,True,residential,70000.0,72403.3,0.698,1.654,6033.6,3620.2,Recharge Pit
425.9,256.7,rcc,0.85,34,2300.0,839500.0,loamy,239.7,True,False,commercial,323000.0,83636.3,0.1,1.071,6969.7,4181.8,Hybrid System
1817.4,2151.8,rcc,0.85,22,1045.3,381534.5,loamy,434.1,True,False,industrial,181000.0,2991671.2,7.841,4.957,249305.9,19076.7,Hybrid System
2163.4,1489.7,pavers,0.7,44,3144.7,1147815.5,loamy,299.7,True,True,industrial,479000.0,2030374.7,1.769,4.971,169197.9,57390.8,Recharge Well
2113.5,211.5,rcc,0.85,6,886.6,323609.0,silty,7.4,False,False,residential,97000.0,341959.0,1.057,28.581,28496.6,16180.5,Storage Tank
1045.5,288.2,tiles,0.8,6,932.5,340362.5,silty,115.7,True,True,residential,62000.0,216945.4,0.637,2.491,18078.8,10847.3,Recharge Well
428.4,1161.3,tiles,0.8,22,1415.9,516803.5,loamy,301.1,True,True,industrial,414000.0,358200.7,0.693,3.857,29850.1,17910.0,Recharge Well
1031.1,258.9,metal,0.9,7,1072.1,391316.5,loamy,29.6,False,True,residential,50000.0,216230.9,0.553,8.747,18019.2,10811.5,Recharge Well
2390.4,1629.4,tiles,0.8,64,2088.6,762339.0,clay,398.2,True,True,institutional,339000.0,2804340.8,3.679,4.092,233695.1,38117.0,Storage Tank
1469.8,412.7,rcc,0.85,31,879.5,321017.5,silty,459.3,False,False,institutional,320000.0,464038.6,1.446,0.899,38669.9,16050.9,Hybrid System
516.1,1739.4,rcc,0.85,29,2394.8,874102.0,sandy,290.2,True,True,industrial,235000.0,686743.8,0.786,5.994,57228.7,34337.2,Recharge Well
792.6,1035.7,rcc,0.85,34,2078.3,758579.5,loamy,110.5,True,True,industrial,140000.0,627985.3,0.828,9.373,52332.1,31399.3,Recharge Well
1391.8,757.8,rcc,0.85,68,3844.3,1403169.5,silty,101.2,False,True,institutional,342000.0,806850.1,0.575,7.488,67237.5,40342.5,Recharge Well
1526.4,524.2,metal,0.9,13,820.3,299409.5,clay,333.8,True,True,commercial,314000.0,648112.5,2.165,1.57,54009.4,14970.5,Storage Tank
1293.9,1515.0,tiles,0.8,60,2854.8,1042002.0,sandy,337.4,True,True,institutional,409000.0,1411386.1,1.354,4.49,117615.5,52100.1,Recharge Well
807.1,822.1,rcc,0.85,23,880.1,321236.5,rocky,103.1,True,False,commercial,299000.0,507590.4,1.58,7.974,42299.2,16061.8,Storage Tank
859.0,1353.1,rcc,0.85,69,3279.2,1196908.0,clay,277.9,True,False,institutional,287000.0,889169.4,0.743,4.869,74097.4,44458.5,Storage Tank
688.9,1866.4,rcc,0.85,44,3289.0,1200485.0,silty,393.3,True,False,industrial,358000.0,983608.7,0.819,4.745,81967.4,49180.4,Hybrid System
737.1,205.4,rcc,0.85,33,1313.0,479245.0,clay,57.1,False,False,commercial,215000.0,115821.3,0.242,3.597,9651.8,5791.1,Storage Tank
771.8,167.8,pavers,0.7,5,553.1,201881.5,sandy,59.8,True,True,residential,80000.0,81590.1,0.404,2.806,6799.2,4079.5,Recharge Pit
1501.3,41.4,tiles,0.8,2,246.3,89899.5,rocky,31.6,False,True,residential,21000.0,44750.8,0.498,1.31,3729.2,2237.5,Storage Tank
938.3,171.6,tiles,0.8,8,987.0,360255.0,loamy,106.2,False,True,residential,81000.0,115928.8,0.322,1.616,9660.7,5796.4,Recharge Pit
711.7,1093.1,pavers,0.7,26,1737.8,634297.0,rocky,249.4,False,False,industrial,417000.0,490114.3,0.773,4.383,40842.9,24505.7,Storage Tank
325.7,174.2,metal,0.9,3,344.7,125815.5,rocky,105.3,False,False,residential,72000.0,45956.9,0.365,1.654,3829.7,2297.8,Storage Tank
638.1,205.9,pavers,0.7,4,576.1,210276.5,silty,34.4,True,True,residential,52000.0,82772.4,0.394,5.985,6897.7,4138.6,Recharge Pit
1174.8,280.2,pavers,0.7,8,1104.6,403179.0,clay,63.2,False,True,residential,131000.0,207382.7,0.514,4.434,17281.9,10369.1,Storage Tank
448.7,891.6,metal,0.9,22,682.9,249258.5,silty,41.3,True,False,institutional,391000.0,324049.3,1.3,21.588,27004.1,12462.9,Hybrid System
1765.5,1517.0,rcc,0.85,57,3007.8,1097847.0,sandy,436.3,True,False,institutional,147000.0,2048871.6,1.866,3.477,170739.3,54892.4,Hybrid System
743.4,771.3,rcc,0.85,37,2648.7,966775.5,loamy,100.6,False,True,commercial,233000.0,438639.1,0.454,7.667,36553.3,21932.0,Recharge Well
612.0,485.2,metal,0.9,22,871.3,318024.5,clay,374.2,False,True,institutional,293000.0,240523.3,0.756,1.297,20043.6,12026.2,Storage Tank
2613.4,272.0,rcc,0.85,3,348.7,127275.5,sandy,10.5,True,True,residential,115000.0,543796.3,4.273,25.905,45316.4,6363.8,Storage Tank
1504.6,154.5,rcc,0.85,6,895.5,326857.5,clay,98.9,True,False,residential,111000.0,177832.4,0.544,1.562,14819.4,8891.6,Storage Tank
788.5,247.5,tiles,0.8,14,1030.6,376169.0,rocky,119.1,True,False,commercial,203000.0,140510.7,0.374,2.078,11709.2,7025.5,Storage Tank
2141.3,60.1,rcc,0.85,7,770.1,281086.5,silty,75.8,False,False,residential,24000.0,98449.5,0.35,0.793,8204.1,4922.5,Storage Tank
1117.6,1548.2,rcc,0.85,21,1885.1,688061.5,silty,508.5,True,False,industrial,346000.0,1323655.3,1.924,3.045,110304.6,34403.1,Hybrid System
957.9,305.0,pavers,0.7,5,655.8,239367.0,clay,21.4,True,False,residential,84000.0,184060.5,0.769,14.252,15338.4,9203.0,Storage Tank
1513.1,353.5,rcc,0.85,42,2340.4,854246.0,clay,262.8,False,False,institutional,259000.0,409183.9,0.479,1.345,34098.7,20459.2,Storage Tank
977.1,1019.7,rcc,0.85,45,1924.9,702588.5,silty,426.3,True,False,institutional,433000.0,762206.9,1.085,2.392,63517.2,35129.4,Hybrid System
459.6,662.7,rcc,0.85,27,1991.0,726715.0,clay,265.3,True,True,commercial,230000.0,233001.3,0.321,2.498,19416.8,11650.1,Storage Tank
1585.9,1173.3,rcc,0.85,43,3492.4,1274726.0,rocky,149.4,False,True,industrial,144000.0,1423463.4,1.117,7.853,118621.9,63736.3,Storage Tank
918.9,1548.3,metal,0.9,47,2725.9,994953.5,silty,266.8,True,False,institutional,171000.0,1152413.6,1.158,5.803,96034.5,49747.7,Hybrid System
557.3,1859.0,pavers,0.7,34,2309.7,843040.5,rocky,123.7,True,False,industrial,445000.0,652693.0,0.774,15.028,54391.1,32634.7,Storage Tank
1068.0,397.5,rcc,0.85,13,793.9,289773.5,rocky,255.9,True,True,commercial,324000.0,324765.5,1.121,1.553,27063.8,14488.7,Storage Tank
2529.1,180.4,rcc,0.85,4,597.7,218160.5,rocky,73.3,False,False,residential,77000.0,349031.0,1.6,2.461,29085.9,10908.0,Storage Tank
1079.0,288.7,rcc,0.85,8,1194.4,435956.0,loamy,43.3,True,True,residential,84000.0,238303.1,0.547,6.667,19858.6,11915.2,Recharge Well
2066.7,213.7,metal,0.9,6,919.6,335654.0,loamy,57.7,True,False,residential,110000.0,357739.6,1.066,3.704,29811.6,16782.7,Hybrid System
1432.1,494.1,metal,0.9,13,584.9,213488.5,loamy,225.8,False,True,commercial,213000.0,573156.5,2.685,2.188,47763.0,10674.4,Recharge Well
970.5,1233.3,rcc,0.85,53,3035.0,1107775.0,loamy,82.2,True,False,institutional,104000.0,915642.0,0.827,15.004,76303.5,45782.1,Hybrid System
1142.4,536.6,rcc,0.85,13,458.8,167462.0,clay,332.9,False,False,commercial,273000.0,468954.1,2.8,1.612,39079.5,8373.1,Storage Tank
355.4,133.1,tiles,0.8,5,733.7,267800.5,loamy,115.8,True,False,residential,92000.0,34058.7,0.127,1.149,2838.2,1702.9,Storage Tank
762.4,947.2,rcc,0.85,29,1405.4,512971.0,clay,293.5,False,False,commercial,260000.0,552441.1,1.077,3.227,46036.8,25648.6,Storage Tank
569.4,483.7,rcc,0.85,18,1087.3,396864.5,loamy,26.4,True,False,commercial,107000.0,210695.4,0.531,18.322,17558.0,10534.8,Hybrid System
1029.5,142.8,tiles,0.8,2,221.9,80993.5,loamy,47.2,False,True,residential,49000.0,105849.1,1.307,3.025,8820.8,4049.7,Recharge Pit
320.5,228.6,rcc,0.85,4,479.5,175017.5,sandy,77.5,False,False,residential,78000.0,56048.7,0.32,2.95,4670.7,2802.4,Hybrid System
1118.9,636.7,rcc,0.85,18,1129.2,412158.0,rocky,534.7,False,False,industrial,152000.0,544988.8,1.322,1.191,45415.7,20607.9,Storage Tank
2135.3,62.2,rcc,0.85,6,902.7,329485.5,silty,85.9,False,False,residential,45000.0,101604.0,0.308,0.724,8467.0,5080.2,Recharge Pit
1587.2,493.8,rcc,0.85,16,1263.4,461141.0,loamy,165.7,True,False,commercial,128000.0,599575.9,1.3,2.98,49964.7,23057.1,Hybrid System
1014.0,247.1,rcc,0.85,2,274.7,100265.5,rocky,5.0,True,False,residential,138000.0,191677.9,1.912,49.42,15973.2,5013.3,Storage Tank
1152.9,260.6,rcc,0.85,4,440.8,160892.0,loamy,80.0,True,True,residential,127000.0,229841.0,1.429,3.258,19153.4,8044.6,Recharge Well
1814.2,217.2,metal,0.9,7,923.6,337114.0,sandy,45.7,True,False,residential,135000.0,319175.8,0.947,4.753,26598.0,15958.8,Hybrid System
1129.9,145.5,metal,0.9,4,578.2,211043.0,rocky,116.0,True,True,residential,136000.0,133164.4,0.631,1.254,11097.0,6658.2,Storage Tank
992.4,241.7,tiles,0.8,4,585.7,213780.5,sandy,98.5,False,False,residential,134000.0,172701.4,0.808,2.454,14391.8,8635.1,Hybrid System
995.7,585.2,rcc,0.85,45,2292.9,836908.5,loamy,142.2,True,True,institutional,221000.0,445753.0,0.533,4.115,37146.1,22287.7,Recharge Well
1412.6,1260.4,tiles,0.8,30,1307.5,477237.5,sandy,119.6,True,False,institutional,187000.0,1281917.5,2.686,10.538,106826.5,23861.9,Hybrid System
711.1,177.7,pavers,0.7,7,1025.9,374453.5,silty,42.5,True,True,residential,50000.0,79608.4,0.213,4.181,6634.0,3980.4,Recharge Pit
1785.1,353.7,metal,0.9,13,551.7,201370.5,loamy,335.5,True,True,commercial,268000.0,511425.8,2.54,1.054,42618.8,10068.5,Recharge Well
1634.6,73.6,pavers,0.7,8,1111.6,405734.0,sandy,74.6,True,False,residential,21000.0,75793.1,0.187,0.987,6316.1,3789.7,Storage Tank
993.1,950.4,metal,0.9,30,2118.3,773179.5,sandy,91.9,True,False,commercial,258000.0,764512.2,0.989,10.342,63709.3,38225.6,Hybrid System
760.8,155.3,tiles,0.8,3,412.8,150672.0,clay,115.7,True,True,residential,122000.0,85069.6,0.565,1.342,7089.1,4253.5,Storage Tank
855.9,720.9,rcc,0.85,23,1874.2,684083.0,sandy,258.2,True,True,industrial,309000.0,472019.0,0.69,2.792,39334.9,23601.0,Recharge Well
1753.4,292.3,pavers,0.7,11,766.9,279918.5,loamy,63.6,True,False,commercial,314000.0,322886.9,1.154,4.596,26907.2,13995.9,Hybrid System
1553.7,42.3,rcc,0.85,8,1211.5,442197.5,sandy,16.0,True,False,residential,139000.0,50277.0,0.114,2.644,4189.8,2513.9,Storage Tank
1166.6,99.5,pavers,0.7,3,449.2,163958.0,loamy,110.9,True,True,residential,109000.0,73128.3,0.446,0.897,6094.0,3656.4,Recharge Pit
740.1,104.4,metal,0.9,4,533.7,194800.5,sandy,81.0,False,True,residential,24000.0,62585.8,0.321,1.289,5215.5,3129.3,Storage Tank
1014.6,800.9,rcc,0.85,11,463.9,169323.5,sandy,342.2,True,True,commercial,243000.0,621633.8,3.671,2.34,51802.8,8466.2,Recharge Well
2588.8,69.8,metal,0.9,2,234.6,85629.0,loamy,30.7,False,False,residential,138000.0,146365.6,1.709,2.274,12197.1,4281.4,Recharge Pit
985.6,280.6,rcc,0.85,2,234.1,85446.5,silty,20.2,True,False,residential,106000.0,211567.9,2.476,13.891,17630.7,4272.3,Recharge Well
650.8,229.4,metal,0.9,7,1114.8,406902.0,loamy,90.0,True,False,residential,53000.0,120927.8,0.297,2.549,10077.3,6046.4,Recharge Pit
578.1,279.9,rcc,0.85,5,579.8,211627.0,loamy,72.6,True,True,residential,57000.0,123784.8,0.585,3.855,10315.4,6189.2,Recharge Pit
1850.1,1393.6,metal,0.9,22,565.0,206225.0,sandy,233.2,True,False,institutional,436000.0,2088422.5,10.127,5.976,174035.2,10311.2,Hybrid System
3071.8,441.6,metal,0.9,11,482.0,175930.0,silty,166.4,True,False,commercial,188000.0,1098770.6,6.245,2.654,91564.2,8796.5,Hybrid System
1462.9,38.6,rcc,0.85,7,1006.1,367226.5,sandy,49.5,False,True,residential,139000.0,43198.0,0.118,0.78,3599.8,2159.9,Recharge Pit
660.0,75.9,rcc,0.85,5,589.3,215094.5,loamy,100.3,True,False,residential,42000.0,38321.9,0.178,0.757,3193.5,1916.1,Recharge Pit
789.4,668.4,rcc,0.85,29,1321.8,482457.0,clay,161.9,True,True,commercial,135000.0,403640.7,0.837,4.128,33636.7,20182.0,Storage Tank
2588.9,253.6,rcc,0.85,29,1645.9,600753.5,loamy,336.2,False,True,commercial,228000.0,502257.0,0.836,0.754,41854.8,25112.9,Recharge Well
573.9,1457.9,rcc,0.85,27,1340.0,489100.0,clay,102.1,True,False,institutional,441000.0,640066.9,1.309,14.279,53338.9,24455.0,Storage Tank
1661.3,934.4,pavers,0.7,30,1695.6,618894.0,silty,398.4,True,False,industrial,180000.0,977960.8,1.58,2.345,81496.7,30944.7,Hybrid System
1996.8,149.4,tiles,0.8,2,275.2,100448.0,sandy,25.2,True,False,residential,41000.0,214791.8,2.138,5.929,17899.3,5022.4,Recharge Well
475.8,925.0,rcc,0.85,38,2027.0,739855.0,clay,347.9,True,True,commercial,316000.0,336688.0,0.455,2.659,28057.3,16834.4,Storage Tank
593.5,235.8,rcc,0.85,7,896.1,327076.5,clay,62.4,True,False,residential,115000.0,107059.7,0.327,3.779,8921.6,5353.0,Storage Tank
305.0,896.0,rcc,0.85,37,2132.2,778253.0,clay,163.5,True,False,commercial,293000.0,209059.2,0.269,5.48,17421.6,10453.0,Storage Tank
1686.2,260.1,tiles,0.8,2,281.8,102857.0,sandy,66.7,True,False,residential,107000.0,315778.0,3.07,3.9,26314.8,5142.9,Hybrid System
717.4,283.9,rcc,0.85,2,250.9,91578.5,clay,99.5,True,False,residential,94000.0,155807.4,1.701,2.853,12983.9,4578.9,Storage Tank
704.6,737.7,tiles,0.8,26,1213.2,442818.0,clay,213.1,True,False,commercial,183000.0,374244.1,0.845,3.462,31187.0,18712.2,Storage Tank
933.5,308.8,metal,0.9,6,694.5,253492.5,clay,68.6,False,False,residential,48000.0,233494.5,0.921,4.501,19457.9,11674.7,Storage Tank
674.5,821.8,tiles,0.8,16,847.9,309483.5,loamy,261.1,True,False,commercial,156000.0,399099.0,1.29,3.147,33258.2,15474.2,Hybrid System
2167.1,394.4,rcc,0.85,37,1559.8,569327.0,rocky,27.7,True,False,commercial,95000.0,653848.7,1.148,14.238,54487.4,28466.4,Storage Tank
2976.0,268.2,rcc,0.85,3,418.6,152789.0,clay,105.0,True,False,residential,47000.0,610594.8,3.996,2.554,50882.9,7639.5,Storage Tank
852.1,494.6,pavers,0.7,21,820.4,299446.0,loamy,127.1,True,True,commercial,224000.0,265512.7,0.887,3.891,22126.1,13275.6,Recharge Well
861.6,223.1,metal,0.9,4,500.2,182573.0,silty,34.1,True,False,residential,110000.0,155700.6,0.853,6.543,12975.1,7785.0,Hybrid System
760.9,633.9,rcc,0.85,30,1444.3,527169.5,loamy,196.1,True,True,commercial,134000.0,368985.9,0.7,3.233,30748.8,18449.3,Recharge Well
302.6,160.4,tiles,0.8,8,1272.8,464572.0,rocky,23.3,True,False,residential,80000.0,34946.7,0.075,6.884,2912.2,1747.3,Storage Tank
1148.4,942.9,rcc,0.85,27,2643.8,964987.0,clay,197.6,True,False,industrial,493000.0,828362.2,0.858,4.772,69030.2,41418.1,Storage Tank
491.8,167.1,rcc,0.85,3,406.6,148409.0,rocky,13.6,False,False,residential,97000.0,62867.5,0.424,12.287,5239.0,3143.4,Storage Tank
1955.6,230.0,rcc,0.85,3,472.9,172608.5,clay,45.9,True,False,residential,102000.0,344087.8,1.993,5.011,28674.0,8630.4,Storage Tank
2750.2,1178.0,pavers,0.7,42,2381.3,869174.5,loamy,450.9,False,True,institutional,183000.0,2041033.4,2.348,2.613,170086.1,43458.7,Recharge Well
551.3,196.8,pavers,0.7,3,474.1,173046.5,sandy,9.8,True,False,residential,59000.0,68352.4,0.395,20.082,5696.0,3417.6,Storage Tank
687.0,178.2,rcc,0.85,3,333.6,121764.0,rocky,72.5,True,False,residential,76000.0,93653.9,0.769,2.458,7804.5,4682.7,Storage Tank
1647.1,33.9,rcc,0.85,6,727.8,265647.0,silty,67.3,True,False,residential,147000.0,42715.1,0.161,0.504,3559.6,2135.8,Storage Tank
999.9,931.5,rcc,0.85,25,1991.7,726970.5,loamy,261.4,True,True,commercial,111000.0,712526.2,0.98,3.564,59377.2,35626.3,Recharge Well
1148.7,581.9,tiles,0.8,21,1431.5,522497.5,sandy,187.9,True,False,commercial,187000.0,481268.5,0.921,3.097,40105.7,24063.4,Hybrid System
425.1,245.5,metal,0.9,6,663.2,242068.0,sandy,84.7,False,False,residential,79000.0,84533.3,0.349,2.898,7044.4,4226.7,Hybrid System
1036.2,318.9,pavers,0.7,7,787.1,287291.5,sandy,115.1,True,True,residential,123000.0,208179.8,0.725,2.771,17348.3,10409.0,Recharge Well
1298.3,1456.5,tiles,0.8,24,1273.1,464681.5,loamy,335.5,True,False,industrial,255000.0,1361501.2,2.93,4.341,113458.4,23234.1,Hybrid System
1093.6,1477.6,rcc,0.85,27,922.9,336858.5,loamy,113.4,True,False,institutional,116000.0,1236166.1,3.67,13.03,103013.8,16842.9,Hybrid System
2273.5,1597.4,metal,0.9,47,2722.3,993639.5,silty,198.7,False,True,institutional,307000.0,2941668.0,2.96,8.039,245139.0,49682.0,Recharge Well
1591.7,707.9,rcc,0.85,45,3320.9,1212128.5,loamy,578.6,True,True,industrial,461000.0,861974.8,0.711,1.223,71831.2,43098.7,Recharge Well
603.7,49.9,rcc,0.85,5,629.6,229804.0,sandy,73.4,True,True,residential,121000.0,23045.3,0.1,0.68,1920.4,1152.3,Recharge Pit
2149.3,813.3,metal,0.9,28,993.6,362664.0,rocky,104.4,True,True,commercial,94000.0,1415900.8,3.904,7.79,117991.7,18133.2,Storage Tank
354.5,655.2,rcc,0.85,39,2651.7,967870.5,loamy,329.4,False,False,commercial,143000.0,177685.3,0.184,1.989,14807.1,8884.3,Hybrid System
1160.8,311.4,metal,0.9,7,845.6,308644.0,sandy,56.6,False,True,residential,39000.0,292793.2,0.949,5.502,24399.4,14639.7,Recharge Well
648.4,868.2,metal,0.9,20,1019.8,372227.0,clay,319.6,True,False,commercial,166000.0,455982.1,1.225,2.717,37998.5,18611.4,Storage Tank
1311.4,299.2,rcc,0.85,7,1109.6,405004.0,silty,34.5,True,True,residential,126000.0,300163.7,0.741,8.672,25013.6,15008.2,Recharge Well
1085.4,1396.3,metal,0.9,45,2292.2,836653.0,rocky,318.3,True,False,institutional,178000.0,1227590.7,1.467,4.387,102299.2,41832.7,Storage Tank
1163.1,37.3,rcc,0.85,8,1084.9,395988.5,silty,114.7,False,False,residential,146000.0,33188.5,0.084,0.325,2765.7,1659.4,Storage Tank
1743.7,700.9,rcc,0.85,22,1105.5,403507.5,loamy,260.2,True,False,commercial,138000.0,934951.9,2.317,2.694,77912.7,20175.4,Hybrid System
2183.2,729.6,rcc,0.85,16,748.6,273239.0,loamy,113.5,True,False,commercial,88000.0,1218540.0,4.46,6.428,101545.0,13662.0,Hybrid System
1599.7,746.1,tiles,0.8,39,2971.5,1084597.5,clay,345.3,True,False,industrial,297000.0,859346.0,0.792,2.161,71612.2,42967.3,Storage Tank
1340.4,479.3,rcc,0.85,26,996.3,363649.5,silty,21.6,True,True,commercial,260000.0,491477.1,1.352,22.19,40956.4,18182.5,Recharge Well
899.5,286.0,tiles,0.8,8,1084.1,395696.5,sandy,63.4,True,False,residential,136000.0,185225.0,0.468,4.511,15435.4,9261.2,Hybrid System
523.7,207.3,rcc,0.85,6,855.4,312221.0,sandy,22.7,True,False,residential,23000.0,83050.7,0.266,9.132,6920.9,4152.5,Storage Tank
1262.4,991.2,rcc,0.85,37,1603.6,585314.0,sandy,101.7,True,False,industrial,458000.0,957237.5,1.635,9.746,79769.8,29265.7,Hybrid System
873.3,281.1,rcc,0.85,3,470.1,171586.5,clay,1.1,True,True,residential,92000.0,187795.7,1.094,255.545,15649.6,8579.3,Storage Tank
2411.8,143.2,metal,0.9,7,937.4,342151.0,loamy,56.8,True,True,residential,63000.0,279749.5,0.818,2.521,23312.5,13987.5,Recharge Well
895.3,1575.8,rcc,0.85,20,710.5,259332.5,clay,441.3,False,True,institutional,259000.0,1079272.5,4.162,3.571,89939.4,12966.6,Storage Tank
984.1,118.5,rcc,0.85,7,1020.3,372409.5,sandy,55.4,False,True,residential,24000.0,89211.1,0.24,2.139,7434.3,4460.6,Storage Tank
552.1,1178.1,rcc,0.85,62,2430.8,887242.0,sandy,344.8,True,True,institutional,148000.0,497578.2,0.561,3.417,41464.8,24878.9,Recharge Well
695.1,199.1,metal,0.9,8,920.5,335982.5,sandy,110.9,False,True,residential,147000.0,112099.5,0.334,1.795,9341.6,5605.0,Recharge Pit
1296.6,277.2,metal,0.9,5,596.1,217576.5,silty,116.1,False,True,residential,103000.0,291128.2,1.338,2.388,24260.7,10878.8,Recharge Well
1191.7,274.3,tiles,0.8,2,276.6,100959.0,clay,91.5,False,False,residential,113000.0,235356.0,2.331,2.998,19613.0,5048.0,Storage Tank
1996.8,2285.2,metal,0.9,36,2180.6,795919.0,sandy,484.4,True,False,industrial,325000.0,3696100.8,4.644,4.718,308008.4,39796.0,Hybrid System
1098.7,57.1,metal,0.9,8,905.0,330325.0,clay,115.3,False,True,residential,132000.0,50816.0,0.154,0.495,4234.7,2540.8,Storage Tank
1927.9,1328.1,rcc,0.85,35,3287.6,1199974.0,rocky,367.7,True,False,industrial,460000.0,1958739.7,1.632,3.612,163228.3,59998.7,Storage Tank
746.0,207.0,metal,0.9,3,332.1,121216.5,loamy,0.7,True,True,residential,40000.0,125081.8,1.032,207.0,10423.5,6060.8,Storage Tank
589.9,96.5,pavers,0.7,3,453.8,165637.0,loamy,0.9,False,False,residential,107000.0,35863.0,0.217,96.5,2988.6,1793.2,Storage Tank
1346.1,270.8,rcc,0.85,4,612.8,223672.0,silty,93.2,True,False,residential,76000.0,278860.8,1.247,2.906,23238.4,11183.6,Hybrid System
549.9,465.2,rcc,0.85,29,1675.5,611557.5,silty,60.8,True,False,commercial,281000.0,195697.3,0.32,7.651,16308.1,9784.9,Hybrid System
1009.4,178.6,rcc,0.85,13,456.8,166732.0,silty,42.0,False,True,commercial,322000.0,137913.3,0.827,4.252,11492.8,6895.7,Recharge Pit
839.3,34.2,rcc,0.85,5,784.0,286160.0,clay,16.5,True,False,residential,88000.0,21958.6,0.077,2.073,1829.9,1097.9,Storage Tank
1673.4,269.1,rcc,0.85,3,441.5,161147.5,sandy,47.2,True,True,residential,96000.0,344488.6,2.138,5.701,28707.4,8057.4,Recharge Well
336.3,816.9,pavers,0.7,50,2435.2,888848.0,loamy,124.7,False,False,institutional,283000.0,173075.8,0.195,6.551,14423.0,8653.8,Hybrid System
2828.1,232.7,rcc,0.85,5,598.0,218270.0,rocky,25.9,True,False,residential,128000.0,503445.6,2.307,8.985,41953.8,10913.5,Storage Tank
747.8,1171.0,rcc,0.85,37,1496.9,546368.5,loamy,441.8,True,False,institutional,110000.0,669890.5,1.226,2.651,55824.2,27318.4,Hybrid System
531.3,314.3,rcc,0.85,2,221.1,80701.5,loamy,100.8,False,True,residential,124000.0,127745.5,1.583,3.118,10645.5,4035.1,Recharge Well
449.1,62.9,rcc,0.85,4,459.5,167717.5,loamy,20.2,True,False,residential,115000.0,21610.0,0.129,3.114,1800.8,1080.5,Storage Tank
975.1,88.8,metal,0.9,6,814.9,297438.5,sandy,95.1,True,True,residential,92000.0,70137.0,0.236,0.934,5844.8,3506.9,Recharge Pit
1489.7,888.2,rcc,0.85,49,4490.4,1638996.0,rocky,425.6,True,False,industrial,286000.0,1012210.9,0.618,2.087,84350.9,50610.5,Storage Tank
1422.7,177.7,rcc,0.85,2,245.4,89571.0,loamy,108.7,True,True,residential,62000.0,193402.5,2.159,1.635,16116.9,4478.6,Recharge Well
1038.4,207.5,rcc,0.85,4,539.9,197063.5,silty,102.6,False,True,residential,94000.0,164833.0,0.836,2.022,13736.1,8241.6,Recharge Pit
697.0,194.5,rcc,0.85,4,616.3,224949.5,loamy,6.1,True,False,residential,39000.0,103708.4,0.461,31.885,8642.4,5185.4,Storage Tank
406.1,1299.5,tiles,0.8,25,1034.9,377738.5,clay,223.7,True,False,institutional,319000.0,379963.4,1.006,5.809,31663.6,18886.9,Storage Tank
672.1,353.1,metal,0.9,44,2311.3,843624.5,clay,460.3,False,False,institutional,300000.0,192228.0,0.228,0.767,16019.0,9611.4,Storage Tank
1057.0,78.1,rcc,0.85,2,234.8,85702.0,clay,89.4,True,True,residential,56000.0,63152.1,0.737,0.874,5262.7,3157.6,Storage Tank
812.3,193.3,pavers,0.7,3,447.8,163447.0,silty,88.2,True,True,residential,64000.0,98921.1,0.605,2.192,8243.4,4946.1,Recharge Pit
309.1,311.0,metal,0.9,6,825.6,301344.0,loamy,100.9,False,False,residential,31000.0,77865.4,0.258,3.082,6488.8,3893.3,Recharge Well
399.8,1381.8,rcc,0.85,19,1318.6,481289.0,sandy,172.5,True,True,industrial,381000.0,422619.4,0.878,8.01,35218.3,21131.0,Recharge Well
1032.3,673.7,tiles,0.8,35,1867.1,681491.5,clay,506.3,False,False,industrial,489000.0,500731.6,0.735,1.331,41727.6,25036.6,Storage Tank
2696.3,1378.5,pavers,0.7,48,2319.9,846763.5,sandy,294.0,False,True,institutional,431000.0,2341615.2,2.765,4.689,195134.6,42338.2,Recharge Well
777.3,40.1,metal,0.9,3,368.8,134612.0,clay,20.2,True,True,residential,114000.0,25247.5,0.188,1.985,2104.0,1262.4,Storage Tank
1669.2,2208.7,rcc,0.85,36,2924.0,1067260.0,sandy,182.1,True,False,industrial,488000.0,2820373.0,2.643,12.129,235031.1,53363.0,Hybrid System
1112.2,1477.6,rcc,0.85,42,1711.3,624624.5,sandy,129.3,True,True,industrial,151000.0,1257190.8,2.013,11.428,104765.9,31231.2,Recharge Well
639.8,717.1,metal,0.9,17,1440.1,525636.5,loamy,471.3,True,False,industrial,281000.0,371628.5,0.707,1.522,30969.0,18581.4,Hybrid System
1575.6,162.5,rcc,0.85,8,899.2,328208.0,rocky,25.8,False,True,residential,48000.0,195866.8,0.597,6.298,16322.2,9793.3,Storage Tank
480.9,986.6,rcc,0.85,45,1849.3,674994.5,silty,146.9,True,True,institutional,426000.0,362958.8,0.538,6.716,30246.6,18147.9,Recharge Well
3095.1,38.6,rcc,0.85,7,877.1,320141.5,loamy,7.1,True,False,residential,41000.0,91395.2,0.285,5.437,7616.3,4569.8,Storage Tank
994.9,804.2,rcc,0.85,31,2204.9,804788.5,loamy,278.6,True,False,commercial,258000.0,612075.4,0.761,2.887,51006.3,30603.8,Hybrid System
2008.6,129.1,rcc,0.85,2,264.0,96360.0,silty,108.6,True,False,residential,115000.0,198372.3,2.059,1.189,16531.0,4818.0,Hybrid System
1018.0,600.5,rcc,0.85,33,1964.2,716933.0,rocky,156.8,True,False,commercial,277000.0,467651.4,0.652,3.83,38971.0,23382.6,Storage Tank
600.1,892.9,rcc,0.85,21,1420.9,518628.5,rocky,59.3,True,False,commercial,347000.0,409909.4,0.79,15.057,34159.1,20495.5,Storage Tank
1694.6,701.9,metal,0.9,28,1816.8,663132.0,clay,118.0,False,False,commercial,252000.0,963446.2,1.453,5.948,80287.2,33156.6,Storage Tank
364.0,723.2,tiles,0.8,14,775.3,282984.5,sandy,294.0,True,True,commercial,326000.0,189536.3,0.67,2.46,15794.7,9476.8,Recharge Well
1187.1,222.5,tiles,0.8,8,996.3,363649.5,clay,37.3,True,True,residential,146000.0,190173.4,0.523,5.965,15847.8,9508.7,Storage Tank
595.6,184.9,rcc,0.85,7,949.7,346640.5,sandy,38.1,True,False,residential,23000.0,84246.7,0.243,4.853,7020.6,4212.3,Storage Tank
1434.6,678.3,tiles,0.8,31,1205.9,440153.5,loamy,236.8,True,False,commercial,114000.0,700624.2,1.592,2.864,58385.3,22007.7,Hybrid System
1390.1,1160.3,rcc,0.85,19,1177.2,429678.0,rocky,126.2,True,True,industrial,198000.0,1233893.8,2.872,9.194,102824.5,21483.9,Storage Tank
854.6,250.9,rcc,0.85,6,787.5,287437.5,loamy,32.2,False,False,residential,54000.0,164030.6,0.571,7.792,13669.2,8201.5,Recharge Well
2075.5,980.6,rcc,0.85,14,889.8,324777.0,silty,62.5,False,False,commercial,143000.0,1556955.0,4.794,15.69,129746.2,16238.9,Hybrid System
944.0,295.0,tiles,0.8,29,1998.7,729525.5,loamy,245.9,False,True,commercial,126000.0,200505.6,0.275,1.2,16708.8,10025.3,Recharge Well
531.6,685.1,tiles,0.8,30,1453.1,530381.5,loamy,51.8,True,False,commercial,248000.0,262223.4,0.494,13.226,21852.0,13111.2,Hybrid System
1685.4,116.6,rcc,0.85,2,269.7,98440.5,loamy,3.0,True,False,residential,143000.0,150336.0,1.527,38.867,12528.0,4922.0,Storage Tank
552.4,440.7,pavers,0.7,13,549.2,200458.0,loamy,35.7,True,True,commercial,120000.0,153368.9,0.765,12.345,12780.7,7668.4,Recharge Well
1819.0,396.5,rcc,0.85,26,1269.6,463404.0,clay,79.8,False,True,commercial,267000.0,551743.6,1.191,4.969,45978.6,23170.2,Storage Tank
754.1,1659.7,rcc,0.85,39,2146.3,783399.5,loamy,166.6,True,False,institutional,421000.0,957458.5,1.222,9.962,79788.2,39170.0,Hybrid System
1186.8,194.3,rcc,0.85,2,290.0,105850.0,clay,107.0,False,True,residential,31000.0,176405.4,1.667,1.816,14700.4,5292.5,Storage Tank
2500.6,32.5,rcc,0.85,6,748.7,273275.5,rocky,29.6,True,True,residential,35000.0,62171.2,0.228,1.098,5180.9,3108.6,Storage Tank
344.8,192.0,metal,0.9,2,275.7,100630.5,sandy,5.6,True,True,residential,44000.0,53623.3,0.533,34.286,4468.6,2681.2,Storage Tank
936.6,578.2,pavers,0.7,20,1509.8,551077.0,loamy,127.4,False,False,commercial,346000.0,341171.5,0.619,4.538,28431.0,17058.6,Hybrid System
1324.8,215.8,metal,0.9,31,1503.8,548887.0,clay,47.7,True,True,commercial,285000.0,231572.4,0.422,4.524,19297.7,11578.6,Storage Tank
1096.3,297.6,tiles,0.8,7,791.1,288751.5,loamy,32.3,False,True,residential,34000.0,234906.4,0.814,9.214,19575.5,11745.3,Recharge Well
934.3,1478.6,rcc,0.85,61,2256.3,823549.5,sandy,265.1,True,True,institutional,429000.0,1056813.8,1.283,5.578,88067.8,41177.5,Recharge Well
908.9,250.0,tiles,0.8,5,670.9,244878.5,silty,2.5,False,False,residential,33000.0,163602.0,0.668,100.0,13633.5,8180.1,Storage Tank
1618.0,1171.3,tiles,0.8,37,2440.2,890673.0,sandy,409.9,False,False,industrial,489000.0,1364517.6,1.532,2.858,113709.8,44533.7,Hybrid System
2334.5,359.6,rcc,0.85,35,1294.3,472419.5,loamy,49.1,True,True,commercial,285000.0,642206.9,1.359,7.324,53517.2,23621.0,Recharge Well
484.2,123.5,rcc,0.85,8,1144.3,417669.5,sandy,108.5,False,False,residential,137000.0,45746.0,0.11,1.138,3812.2,2287.3,Storage Tank
984.7,266.8,rcc,0.85,3,356.6,130159.0,loamy,56.4,False,True,residential,59000.0,200979.2,1.544,4.73,16748.3,6508.0,Recharge Well
1272.8,763.2,pavers,0.7,23,725.7,264880.5,silty,81.8,False,True,institutional,370000.0,611982.6,2.31,9.33,50998.5,13244.0,Recharge Well
449.4,116.3,rcc,0.85,3,364.6,133079.0,clay,33.0,True,False,residential,60000.0,39982.9,0.3,3.524,3331.9,1999.1,Storage Tank
2199.7,111.3,metal,0.9,8,1185.7,432780.5,loamy,71.7,True,True,residential,79000.0,198309.6,0.458,1.552,16525.8,9915.5,Recharge Well
1128.1,264.3,metal,0.9,2,303.9,110923.5,loamy,119.1,False,False,residential,86000.0,241507.0,2.177,2.219,20125.6,5546.2,Hybrid System
1137.4,325.9,metal,0.9,10,583.4,212941.0,clay,33.5,False,True,commercial,131000.0,300249.7,1.41,9.728,25020.8,10647.1,Storage Tank
750.9,772.5,pavers,0.7,27,693.7,253200.5,clay,148.9,False,True,institutional,439000.0,365444.3,1.443,5.188,30453.7,12660.0,Storage Tank
761.7,690.3,rcc,0.85,26,1656.3,604549.5,rocky,293.3,True,False,commercial,114000.0,402238.2,0.665,2.354,33519.8,20111.9,Storage Tank
2704.0,282.5,tiles,0.8,2,272.1,99316.5,sandy,110.3,False,True,residential,62000.0,549993.6,5.538,2.561,45832.8,4965.8,Recharge Well
905.4,182.8,rcc,0.85,8,1010.7,368905.5,clay,117.1,True,True,residential,56000.0,126612.9,0.343,1.561,10551.1,6330.6,Storage Tank
1755.1,126.8,rcc,0.85,2,246.1,89826.5,loamy,109.9,False,False,residential,22000.0,170248.2,1.895,1.154,14187.4,4491.3,Storage Tank
875.7,2000.3,rcc,0.85,43,1936.1,706676.5,sandy,141.2,True,False,industrial,319000.0,1340022.0,1.896,14.166,111668.5,35333.8,Hybrid System
2033.1,384.2,metal,0.9,17,631.4,230461.0,sandy,284.9,True,False,commercial,188000.0,632704.8,2.745,1.349,52725.4,11523.1,Hybrid System
1119.7,287.3,tiles,0.8,5,569.2,207758.0,loamy,113.6,True,False,residential,29000.0,231616.7,1.115,2.529,19301.4,10387.9,Recharge Well
908.0,1146.4,pavers,0.7,38,2100.2,766573.0,loamy,442.1,False,True,institutional,150000.0,655786.7,0.855,2.593,54648.9,32789.3,Recharge Well
1774.7,645.2,metal,0.9,17,1154.5,421392.5,silty,124.6,True,False,commercial,138000.0,927479.5,2.201,5.178,77290.0,21069.6,Hybrid System
957.3,888.0,tiles,0.8,28,1674.3,611119.5,clay,188.7,True,True,commercial,322000.0,612059.3,1.002,4.706,51004.9,30556.0,Storage Tank
351.7,120.6,rcc,0.85,6,836.2,305213.0,loamy,74.0,True,True,residential,26000.0,32447.5,0.106,1.63,2704.0,1622.4,Recharge Pit
1478.3,996.3,rcc,0.85,29,1789.9,653313.5,silty,268.1,True,True,commercial,337000.0,1126715.2,1.725,3.716,93892.9,32665.7,Recharge Well
1827.0,318.0,rcc,0.85,3,407.8,148847.0,clay,49.3,True,False,residential,149000.0,444454.3,2.986,6.45,37037.9,7442.4,Storage Tank
1128.5,154.6,rcc,0.85,7,999.6,364854.0,sandy,71.4,True,False,residential,28000.0,133466.6,0.366,2.165,11122.2,6673.3,Recharge Pit
829.9,255.8,pavers,0.7,4,464.8,169652.0,silty,46.2,True,False,residential,27000.0,133741.7,0.788,5.537,11145.1,6687.1,Recharge Pit
586.7,216.6,rcc,0.85,7,970.4,354196.0,rocky,8.3,True,False,residential,82000.0,97215.6,0.274,26.096,8101.3,4860.8,Storage Tank
1162.5,316.3,rcc,0.85,4,470.0,171550.0,loamy,44.1,True,False,residential,30000.0,281289.5,1.64,7.172,23440.8,8577.5,Recharge Well
2139.9,200.4,tiles,0.8,4,474.3,173119.5,loamy,95.5,True,False,residential,124000.0,308761.9,1.784,2.098,25730.2,8656.0,Hybrid System
698.7,163.4,metal,0.9,10,403.0,147095.0,silty,23.3,True,True,commercial,265000.0,92475.7,0.629,7.013,7706.3,4623.8,Recharge Pit
3075.7,116.6,pavers,0.7,6,909.4,331931.0,sandy,117.6,True,False,residential,111000.0,225934.8,0.681,0.991,18827.9,11296.7,Hybrid System
3040.2,274.2,rcc,0.85,8,1174.6,428729.0,loamy,100.5,True,True,residential,83000.0,637721.5,1.487,2.728,53143.5,21436.5,Recharge Well
873.1,66.9,rcc,0.85,5,627.1,228891.5,silty,115.2,False,False,residential,143000.0,44683.9,0.195,0.581,3723.7,2234.2,Storage Tank
982.1,43.0,metal,0.9,4,580.4,211846.0,rocky,110.5,True,True,residential,36000.0,34206.5,0.161,0.389,2850.5,1710.3,Storage Tank
646.5,419.9,rcc,0.85,39,1993.4,727591.0,sandy,206.6,True,True,commercial,128000.0,207671.0,0.285,2.032,17305.9,10383.6,Recharge Well
452.2,224.3,pavers,0.7,5,696.8,254332.0,clay,89.6,True,True,residential,114000.0,63899.9,0.251,2.503,5325.0,3195.0,Storage Tank
1071.1,121.2,rcc,0.85,5,602.9,220058.5,loamy,86.6,True,True,residential,142000.0,99310.2,0.451,1.4,8275.9,4965.5,Recharge Pit
957.8,222.1,metal,0.9,5,686.2,250463.0,silty,52.6,True,True,residential,82000.0,172309.2,0.688,4.222,14359.1,8615.5,Recharge Pit
973.8,624.3,rcc,0.85,36,2762.3,1008239.5,loamy,288.0,True,False,commercial,331000.0,465076.7,0.461,2.168,38756.4,23253.8,Hybrid System
536.1,220.1,rcc,0.85,7,779.1,284371.5,clay,52.3,True,True,residential,149000.0,90266.6,0.317,4.208,7522.2,4513.3,Storage Tank
734.9,2211.4,metal,0.9,19,1451.9,529943.5,clay,43.7,True,False,industrial,340000.0,1316377.9,2.484,50.604,109698.2,26497.2,Storage Tank
2749.3,194.2,metal,0.9,6,943.6,344414.0,silty,65.0,False,False,residential,114000.0,432470.4,1.256,2.988,36039.2,17220.7,Hybrid System
713.3,277.6,rcc,0.85,8,1094.1,399346.5,clay,115.8,True,True,residential,129000.0,151479.2,0.379,2.397,12623.3,7574.0,Storage Tank
559.1,244.3,rcc,0.85,3,448.8,163812.0,loamy,85.8,False,False,residential,101000.0,104489.9,0.638,2.847,8707.5,5224.5,Hybrid System
806.3,146.3,metal,0.9,6,819.4,299081.0,loamy,72.6,True,True,residential,96000.0,95549.0,0.319,2.015,7962.4,4777.4,Recharge Pit
752.4,1246.7,tiles,0.8,60,2712.0,989880.0,sandy,384.4,True,True,institutional,374000.0,675372.3,0.682,3.243,56281.0,33768.6,Recharge Well
690.3,135.5,rcc,0.85,2,222.7,81285.5,loamy,94.0,False,False,residential,42000.0,71554.8,0.88,1.441,5962.9,3577.7,Recharge Pit
826.7,269.3,tiles,0.8,8,889.6,324704.0,sandy,81.8,True,True,residential,34000.0,160293.8,0.494,3.292,13357.8,8014.7,Recharge Pit
1823.5,228.3,rcc,0.85,7,920.8,336092.0,rocky,36.8,True,False,residential,95000.0,318473.4,0.948,6.204,26539.5,15923.7,Storage Tank
330.9,509.4,metal,0.9,25,1457.6,532024.0,sandy,80.7,True,False,commercial,234000.0,136534.0,0.257,6.312,11377.8,6826.7,Hybrid System
2107.5,487.3,pavers,0.7,63,2893.6,1056164.0,sandy,445.0,True,False,institutional,207000.0,647000.4,0.613,1.095,53916.7,32350.0,Hybrid System
1387.1,197.9,metal,0.9,6,943.4,344341.0,clay,73.5,True,True,residential,49000.0,222350.7,0.646,2.693,18529.2,11117.5,Storage Tank
737.0,110.7,rcc,0.85,6,913.6,333464.0,loamy,99.8,True,False,residential,22000.0,62413.2,0.187,1.109,5201.1,3120.7,Storage Tank
2205.0,298.6,tiles,0.8,5,588.3,214729.5,loamy,23.1,True,False,residential,116000.0,474057.4,2.208,12.926,39504.8,10736.5,Hybrid System
358.8,147.4,tiles,0.8,4,633.3,231154.5,clay,0.4,True,False,residential,42000.0,38078.7,0.165,147.4,3173.2,1903.9,Storage Tank
946.3,235.6,rcc,0.85,23,982.1,358466.5,sandy,39.7,True,False,commercial,338000.0,170555.4,0.476,5.935,14212.9,8527.8,Hybrid System
638.0,211.3,tiles,0.8,8,1023.1,373431.5,sandy,7.3,False,False,residential,43000.0,97062.8,0.26,28.945,8088.6,4853.1,Storage Tank
2068.3,2300.0,rcc,0.85,30,2210.1,806686.5,sandy,320.4,True,False,industrial,397000.0,3639173.9,4.511,7.179,303264.5,40334.3,Hybrid System
1246.5,42.5,metal,0.9,2,232.7,84935.5,loamy,103.6,False,False,residential,146000.0,42910.8,0.505,0.41,3575.9,2145.5,Recharge Pit
469.8,1147.4,rcc,0.85,42,1376.2,502313.0,clay,286.3,False,False,institutional,307000.0,412372.1,0.821,4.008,34364.3,20618.6,Storage Tank
685.8,214.9,metal,0.9,3,359.2,131108.0,clay,17.0,True,False,residential,31000.0,119376.5,0.911,12.641,9948.0,5968.8,Storage Tank
2358.7,152.8,rcc,0.85,6,924.4,337406.0,clay,70.9,True,True,residential,106000.0,275713.2,0.817,2.155,22976.1,13785.7,Storage Tank
1969.9,489.9,rcc,0.85,36,2504.8,914252.0,rocky,207.0,True,False,commercial,283000.0,738266.3,0.808,2.367,61522.2,36913.3,Storage Tank
2186.8,869.4,metal,0.9,27,1080.8,394492.0,loamy,227.3,True,False,commercial,71000.0,1539975.2,3.904,3.825,128331.3,19724.6,Hybrid System
1112.3,1618.4,rcc,0.85,21,1132.9,413508.5,clay,389.0,True,False,institutional,413000.0,1377111.9,3.33,4.16,114759.3,20675.4,Storage Tank
407.7,793.1,rcc,0.85,23,1658.9,605498.5,sandy,267.7,True,True,commercial,194000.0,247360.4,0.409,2.963,20613.4,12368.0,Recharge Well
1296.6,315.9,metal,0.9,6,893.7,326200.5,silty,78.7,True,False,residential,77000.0,331772.7,1.017,4.014,27647.7,16310.0,Hybrid System
610.0,445.2,tiles,0.8,19,1042.2,380403.0,rocky,106.6,False,True,commercial,189000.0,195531.8,0.514,4.176,16294.3,9776.6,Storage Tank
1079.0,152.5,metal,0.9,5,751.2,274188.0,silty,93.6,True,False,residential,91000.0,133283.5,0.486,1.629,11107.0,6664.2,Hybrid System
624.9,360.1,metal,0.9,23,837.1,305541.5,loamy,139.6,True,False,commercial,299000.0,182271.5,0.597,2.58,15189.3,9113.6,Hybrid System
1183.6,1217.6,metal,0.9,23,1148.2,419093.0,loamy,370.6,True,False,institutional,135000.0,1167332.6,2.785,3.285,97277.7,20954.7,Hybrid System
1919.2,101.7,rcc,0.85,6,811.8,296307.0,loamy,84.1,False,True,residential,129000.0,149314.7,0.504,1.209,12442.9,7465.7,Recharge Pit
1031.2,142.1,tiles,0.8,4,554.0,202210.0,clay,6.5,False,True,residential,112000.0,105504.1,0.522,21.862,8792.0,5275.2,Storage Tank
1131.2,68.5,rcc,0.85,2,266.4,97236.0,clay,40.6,True,False,residential,146000.0,59277.7,0.61,1.687,4939.8,2963.9,Storage Tank
337.7,1421.3,pavers,0.7,30,1281.3,467674.5,silty,92.6,False,True,institutional,398000.0,302383.0,0.647,15.349,25198.6,15119.2,Recharge Well
665.1,295.0,rcc,0.85,8,1148.0,419020.0,clay,46.5,True,False,residential,107000.0,150096.4,0.358,6.344,12508.0,7504.8,Storage Tank
767.6,66.3,rcc,0.85,3,476.3,173849.5,sandy,79.7,True,True,residential,131000.0,38932.3,0.224,0.832,3244.4,1946.6,Recharge Pit
1136.3,123.2,pavers,0.7,5,713.5,260427.5,sandy,8.9,True,True,residential,57000.0,88195.1,0.339,13.843,7349.6,4409.8,Storage Tank
956.9,250.3,rcc,0.85,8,1144.8,417852.0,loamy,113.5,False,False,residential,52000.0,183226.7,0.438,2.205,15268.9,9161.3,Recharge Well
1706.0,75.9,rcc,0.85,3,425.2,155198.0,loamy,79.7,True,True,residential,32000.0,99056.3,0.638,0.952,8254.7,4952.8,Recharge Pit
309.5,1065.0,rcc,0.85,51,1571.1,573451.5,clay,160.2,False,True,institutional,159000.0,252157.4,0.44,6.648,21013.1,12607.9,Storage Tank
1625.8,267.9,rcc,0.85,2,222.7,81285.5,loamy,8.4,True,False,residential,129000.0,333197.1,4.099,31.893,27766.4,4064.3,Storage Tank
367.5,295.9,rcc,0.85,7,939.0,342735.0,rocky,91.8,True,True,residential,39000.0,83188.6,0.243,3.223,6932.4,4159.4,Storage Tank
821.9,272.4,pavers,0.7,4,440.7,160855.5,sandy,111.0,True,True,residential,85000.0,141047.9,0.877,2.454,11754.0,7052.4,Recharge Pit
717.3,250.9,rcc,0.85,6,768.8,280612.0,sandy,79.4,True,False,residential,107000.0,137677.5,0.491,3.16,11473.1,6883.9,Hybrid System
2978.6,956.5,rcc,0.85,34,1291.2,471288.0,silty,305.3,False,False,commercial,158000.0,2179508.6,4.625,3.133,181625.7,23564.4,Hybrid System
1269.5,229.8,metal,0.9,3,381.7,139320.5,loamy,113.2,False,False,residential,111000.0,236302.2,1.696,2.03,19691.9,6966.0,Hybrid System
505.3,166.0,rcc,0.85,3,363.4,132641.0,loamy,84.8,False,False,residential,35000.0,64168.0,0.484,1.958,5347.3,3208.4,Recharge Pit
763.7,2114.1,tiles,0.8,21,1287.8,470047.0,clay,48.3,False,True,industrial,477000.0,1162467.5,2.473,43.77,96872.3,23502.4,Storage Tank
778.0,297.6,rcc,0.85,4,488.7,178375.5,loamy,105.9,False,True,residential,107000.0,177122.6,0.993,2.81,14760.2,8856.1,Recharge Well
498.5,654.5,rcc,0.85,68,2354.0,859210.0,silty,306.9,True,False,institutional,356000.0,249595.2,0.29,2.133,20799.6,12479.8,Hybrid System
1535.5,223.9,pavers,0.7,4,604.7,220715.5,sandy,49.2,True,False,residential,124000.0,216593.0,0.981,4.551,18049.4,10829.7,Hybrid System
539.3,845.5,metal,0.9,34,2349.3,857494.5,rocky,181.9,True,False,commercial,289000.0,369342.3,0.431,4.648,30778.5,18467.1,Storage Tank
634.1,857.3,rcc,0.85,66,3235.1,1180811.5,clay,235.3,True,False,institutional,393000.0,415864.7,0.352,3.643,34655.4,20793.2,Storage Tank
450.3,838.5,rcc,0.85,30,1294.7,472565.5,loamy,216.1,True,False,commercial,246000.0,288846.1,0.611,3.88,24070.5,14442.3,Hybrid System
1556.2,159.7,rcc,0.85,30,1276.7,465995.5,loamy,281.5,True,False,commercial,135000.0,190121.7,0.408,0.567,15843.5,9506.1,Hybrid System
326.7,1108.7,tiles,0.8,47,2591.6,945934.0,loamy,435.0,True,True,institutional,123000.0,260792.8,0.276,2.549,21732.7,13039.6,Recharge Well
994.1,57.4,rcc,0.85,4,462.3,168739.5,silty,90.2,True,False,residential,61000.0,43651.9,0.259,0.636,3637.7,2182.6,Storage Tank
996.7,86.3,metal,0.9,6,733.9,267873.5,sandy,18.1,True,False,residential,26000.0,69672.3,0.26,4.768,5806.0,3483.6,Recharge Pit
2522.0,1165.7,rcc,0.85,47,2630.6,960169.0,clay,376.3,True,False,institutional,354000.0,2249020.0,2.342,3.098,187418.3,48008.5,Storage Tank
319.7,180.4,rcc,0.85,8,922.6,336749.0,clay,19.8,True,False,residential,148000.0,44120.5,0.131,9.111,3676.7,2206.0,Storage Tank
821.3,363.8,rcc,0.85,15,725.1,264661.5,silty,187.5,True,False,commercial,88000.0,228573.5,0.864,1.94,19047.8,11428.7,Hybrid System
2325.5,1754.3,pavers,0.7,47,2406.5,878372.5,loamy,322.5,True,True,industrial,292000.0,2570163.5,2.926,5.44,214180.3,43918.6,Recharge Well
1619.1,743.5,rcc,0.85,36,2140.2,781173.0,sandy,323.1,False,True,commercial,277000.0,920907.7,1.179,2.301,76742.3,39058.7,Recharge Well
1531.9,691.4,metal,0.9,23,1643.4,599841.0,clay,334.0,True,True,commercial,321000.0,857916.1,1.43,2.07,71493.0,29992.1,Storage Tank
1691.4,2286.4,tiles,0.8,19,911.5,332697.5,rocky,419.6,False,False,industrial,299000.0,2784396.2,8.369,5.449,232033.0,16634.9,Storage Tank
939.4,1655.0,rcc,0.85,24,1405.7,513080.5,loamy,234.7,False,True,institutional,191000.0,1189350.9,2.318,7.052,99112.6,25654.0,Recharge Well
1110.0,197.5,pavers,0.7,4,525.7,191880.5,silty,52.2,False,False,residential,104000.0,138111.8,0.72,3.784,11509.3,6905.6,Hybrid System
1761.5,274.5,rcc,0.85,6,849.2,309958.0,clay,12.5,True,True,residential,33000.0,369901.8,1.193,21.96,30825.1,15497.9,Storage Tank
2658.9,379.9,rcc,0.85,15,545.3,199034.5,loamy,256.7,True,False,commercial,211000.0,772738.8,3.882,1.48,64394.9,9951.7,Hybrid System
2026.1,315.8,tiles,0.8,5,696.0,254040.0,clay,31.4,False,False,residential,56000.0,460686.5,1.813,10.057,38390.5,12702.0,Storage Tank
1070.5,2223.4,rcc,0.85,39,3186.4,1163036.0,loamy,411.8,True,True,industrial,292000.0,1820814.5,1.566,5.399,151734.5,58151.8,Recharge Well
2796.5,668.2,rcc,0.85,37,1909.2,696858.0,clay,79.0,True,True,commercial,169000.0,1429495.3,2.051,8.458,119124.6,34842.9,Storage Tank
968.7,41.0,metal,0.9,5,586.1,213926.5,loamy,27.6,True,True,residential,70000.0,32170.5,0.15,1.486,2680.9,1608.5,Recharge Pit
1604.1,238.8,rcc,0.85,8,1143.1,417231.5,clay,41.9,True,True,residential,53000.0,293040.2,0.702,5.699,24420.0,14652.0,Storage Tank
632.3,95.8,rcc,0.85,6,754.3,275319.5,loamy,96.1,True,True,residential,85000.0,46339.4,0.168,0.997,3861.6,2317.0,Recharge Pit
2940.8,238.4,tiles,0.8,6,690.7,252105.5,loamy,30.7,False,False,residential,71000.0,504782.4,2.002,7.765,42065.2,12605.3,Hybrid System
377.5,473.5,metal,0.9,39,1528.3,557829.5,clay,145.4,True,True,commercial,162000.0,144784.5,0.26,3.257,12065.4,7239.2,Storage Tank
2702.9,211.8,rcc,0.85,4,554.5,202392.5,sandy,34.6,True,False,residential,133000.0,437942.8,2.164,6.121,36495.2,10119.6,Hybrid System
1367.5,1367.1,rcc,0.85,16,733.8,267837.0,silty,551.8,False,False,industrial,465000.0,1430174.6,5.34,2.478,119181.2,13391.9,Hybrid System
1297.3,255.7,rcc,0.85,6,954.1,348246.5,loamy,88.2,True,False,residential,89000.0,253765.5,0.729,2.899,21147.1,12688.3,Hybrid System
1786.2,104.9,tiles,0.8,8,1113.8,406537.0,clay,26.5,True,False,residential,109000.0,134908.1,0.332,3.958,11242.3,6745.4,Storage Tank
1150.3,710.2,rcc,0.85,16,720.6,263019.0,sandy,315.9,True,True,commercial,71000.0,624961.4,2.376,2.248,52080.1,13151.0,Recharge Well
2444.0,298.7,rcc,0.85,6,790.0,288350.0,clay,22.1,True,True,residential,88000.0,558467.4,1.937,13.516,46539.0,14417.5,Storage Tank
508.1,589.4,metal,0.9,52,1415.7,516730.5,clay,121.5,True,True,institutional,410000.0,242574.1,0.469,4.851,20214.5,12128.7,Storage Tank
1404.2,1520.9,tiles,0.8,66,2015.1,735511.5,loamy,412.9,True,True,institutional,107000.0,1537666.4,2.091,3.683,128138.9,36775.6,Recharge Well
472.8,241.0,rcc,0.85,4,463.7,169250.5,loamy,9.9,True,False,residential,62000.0,87167.8,0.515,24.343,7264.0,4358.4,Storage Tank
1061.7,264.2,rcc,0.85,7,983.4,358941.0,loamy,57.5,True,True,residential,145000.0,214583.4,0.598,4.595,17882.0,10729.2,Recharge Well
766.7,80.6,rcc,0.85,5,602.6,219949.0,clay,106.2,True,False,residential,59000.0,47274.0,0.215,0.759,3939.5,2363.7,Storage Tank
1668.5,63.6,rcc,0.85,4,524.7,191515.5,clay,51.0,True,False,residential,35000.0,81179.2,0.424,1.247,6764.9,4059.0,Storage Tank
1371.0,465.5,rcc,0.85,59,1493.1,544981.5,loamy,239.9,True,False,institutional,108000.0,488223.4,0.896,1.94,40685.3,24411.2,Hybrid System
1968.6,504.8,rcc,0.85,34,1206.5,440372.5,loamy,280.3,False,True,commercial,99000.0,760218.2,1.726,1.801,63351.5,22018.6,Recharge Well
1999.2,119.3,pavers,0.7,6,852.9,311308.5,clay,116.1,True,True,residential,134000.0,150257.9,0.483,1.028,12521.5,7512.9,Storage Tank
931.1,1004.7,pavers,0.7,55,2055.7,750330.5,loamy,361.7,True,False,institutional,190000.0,589350.0,0.785,2.778,49112.5,29467.5,Hybrid System
1023.6,1314.2,rcc,0.85,45,4061.2,1482338.0,loamy,278.3,True,True,industrial,447000.0,1029089.6,0.694,4.722,85757.5,51454.5,Recharge Well
447.4,246.8,tiles,0.8,6,702.0,256230.0,sandy,74.9,True,False,residential,144000.0,79501.2,0.31,3.295,6625.1,3975.1,Hybrid System
348.8,247.8,tiles,0.8,4,467.5,170637.5,loamy,83.4,True,True,residential,67000.0,62231.5,0.365,2.971,5186.0,3111.6,Recharge Pit
1348.7,338.1,tiles,0.8,24,1181.3,431174.5,clay,153.2,True,False,commercial,119000.0,328316.7,0.761,2.207,27359.7,16415.8,Storage Tank
487.8,230.0,tiles,0.8,4,548.9,200348.5,clay,98.7,True,False,residential,113000.0,80779.7,0.403,2.33,6731.6,4039.0,Storage Tank
696.7,212.5,rcc,0.85,4,488.1,178156.5,sandy,108.6,True,False,residential,104000.0,113257.3,0.636,1.957,9438.1,5662.9,Hybrid System
860.6,222.6,metal,0.9,5,694.9,253638.5,sandy,60.2,False,False,residential,56000.0,155171.3,0.612,3.698,12930.9,7758.6,Storage Tank
2715.8,1569.9,rcc,0.85,29,1420.1,518336.5,loamy,566.5,True,False,industrial,493000.0,3261603.8,6.292,2.771,271800.3,25916.8,Hybrid System
1379.8,198.8,rcc,0.85,7,916.7,334595.5,silty,9.9,False,True,residential,140000.0,209842.7,0.627,20.081,17486.9,10492.1,Storage Tank
433.0,755.1,rcc,0.85,20,1247.3,455264.5,loamy,101.2,True,False,commercial,124000.0,250123.1,0.549,7.461,20843.6,12506.2,Hybrid System
2313.4,759.8,rcc,0.85,27,1463.0,533995.0,sandy,143.6,True,False,commercial,298000.0,1344656.8,2.518,5.291,112054.7,26699.8,Hybrid System
1222.4,249.5,rcc,0.85,8,902.8,329522.0,rocky,60.6,True,False,residential,32000.0,233316.4,0.708,4.117,19443.0,11665.8,Storage Tank
472.9,194.8,rcc,0.85,6,779.2,284408.0,clay,15.9,False,False,residential,104000.0,70472.5,0.248,12.252,5872.7,3523.6,Storage Tank
543.8,915.5,rcc,0.85,19,1334.2,486983.0,silty,191.7,True,True,commercial,241000.0,380854.4,0.782,4.776,31737.9,19042.7,Recharge Well
877.5,126.4,tiles,0.8,6,875.4,319521.0,rocky,28.6,False,False,residential,111000.0,79859.5,0.25,4.42,6655.0,3993.0,Storage Tank
3191.1,927.7,rcc,0.85,21,1461.6,533484.0,loamy,113.1,False,True,commercial,78000.0,2264693.4,4.245,8.202,188724.4,26674.2,Recharge Well
364.7,367.7,rcc,0.85,23,808.1,294956.5,silty,332.5,True,False,commercial,270000.0,102586.6,0.348,1.106,8548.9,5129.3,Hybrid System
326.8,743.5,metal,0.9,55,2946.6,1075509.0,sandy,436.5,False,True,institutional,224000.0,196810.4,0.183,1.703,16400.9,9840.5,Recharge Well
838.1,854.4,tiles,0.8,33,2094.7,764565.5,sandy,225.3,True,False,commercial,323000.0,515572.3,0.674,3.792,42964.4,25778.6,Hybrid System
410.7,50.0,rcc,0.85,2,299.1,109171.5,sandy,16.6,True,True,residential,72000.0,15709.3,0.144,3.012,1309.1,785.5,Storage Tank
1274.0,434.2,metal,0.9,34,2094.6,764529.0,sandy,293.7,True,False,commercial,86000.0,448068.3,0.586,1.478,37339.0,22403.4,Hybrid System
1879.5,331.6,metal,0.9,16,811.9,296343.5,sandy,246.6,True,False,commercial,241000.0,504826.2,1.704,1.345,42068.8,14817.2,Hybrid System
369.6,114.3,rcc,0.85,6,688.5,251302.5,sandy,42.3,True,False,residential,100000.0,32317.6,0.129,2.702,2693.1,1615.9,Storage Tank
1644.8,242.5,rcc,0.85,6,781.0,285065.0,loamy,85.7,True,False,residential,76000.0,305131.0,1.07,2.83,25427.6,14253.2,Hybrid System
834.3,626.4,metal,0.9,22,938.4,342516.0,sandy,102.4,False,True,commercial,342000.0,423310.5,1.236,6.117,35275.9,17125.8,Recharge Well
1477.0,434.4,rcc,0.85,17,967.9,353283.5,loamy,223.7,True,True,commercial,110000.0,490830.7,1.389,1.942,40902.6,17664.2,Recharge Well
1858.3,817.1,rcc,0.85,40,1592.6,581299.0,rocky,362.7,True,False,institutional,220000.0,1161589.0,1.998,2.253,96799.1,29065.0,Storage Tank
711.6,427.6,metal,0.9,20,906.3,330799.5,sandy,484.0,True,True,institutional,233000.0,246466.9,0.745,0.883,20538.9,12323.3,Recharge Well
316.9,243.1,tiles,0.8,6,807.5,294737.5,clay,13.3,True,False,residential,111000.0,55467.6,0.188,18.278,4622.3,2773.4,Storage Tank
1157.2,2160.3,tiles,0.8,37,2635.8,962067.0,loamy,49.0,True,True,industrial,366000.0,1799927.4,1.871,44.088,149993.9,48103.4,Recharge Well
710.7,674.5,rcc,0.85,19,1518.8,554362.0,clay,303.7,True,False,commercial,211000.0,366715.9,0.662,2.221,30559.7,18335.8,Storage Tank
808.2,283.5,metal,0.9,4,639.6,233454.0,sandy,8.2,True,False,residential,124000.0,185591.0,0.795,34.573,15465.9,9279.6,Storage Tank
960.9,1227.3,tiles,0.8,22,944.0,344560.0,silty,293.6,False,True,industrial,359000.0,849105.1,2.464,4.18,70758.8,17228.0,Recharge Well
2861.5,168.2,rcc,0.85,6,694.8,253602.0,rocky,66.2,False,False,residential,37000.0,368197.8,1.452,2.541,30683.1,12680.1,Storage Tank
493.3,207.4,tiles,0.8,21,871.7,318170.5,clay,298.8,False,True,commercial,300000.0,73663.5,0.232,0.694,6138.6,3683.2,Storage Tank
613.3,1394.0,rcc,0.85,22,1485.8,542317.0,sandy,332.0,True,False,industrial,454000.0,654029.3,1.206,4.199,54502.4,27115.9,Hybrid System
323.9,125.8,rcc,0.85,3,375.2,136948.0,sandy,62.0,True,False,residential,44000.0,31171.2,0.228,2.029,2597.6,1558.6,Recharge Pit
1648.8,140.5,metal,0.9,3,342.6,125049.0,clay,50.7,False,False,residential,136000.0,187641.7,1.501,2.771,15636.8,6252.5,Storage Tank
738.5,140.9,metal,0.9,8,1224.2,446833.0,sandy,87.2,False,False,residential,47000.0,84284.3,0.189,1.616,7023.7,4214.2,Recharge Pit
633.1,247.7,pavers,0.7,5,718.3,262179.5,clay,75.6,True,True,residential,141000.0,98795.9,0.377,3.276,8233.0,4939.8,Storage Tank
2427.1,90.5,tiles,0.8,8,1272.9,464608.5,clay,91.7,False,True,residential,140000.0,158149.8,0.34,0.987,13179.1,7907.5,Storage Tank
2434.6,629.8,rcc,0.85,31,1346.6,491509.0,loamy,228.8,True,False,commercial,183000.0,1172983.0,2.386,2.753,97748.6,24575.5,Hybrid System
1663.4,808.8,metal,0.9,14,770.3,281159.5,loamy,60.4,False,True,commercial,196000.0,1089739.9,3.876,13.391,90811.7,14058.0,Recharge Well
2776.4,85.4,tiles,0.8,7,945.2,344998.0,sandy,24.5,True,False,residential,89000.0,170715.3,0.495,3.486,14226.3,8535.8,Hybrid System
1677.9,313.7,rcc,0.85,8,951.4,347261.0,sandy,0.8,True,False,residential,61000.0,402663.3,1.16,313.7,33555.3,17363.0,Storage Tank
1205.4,177.2,rcc,0.85,8,1238.5,452052.5,loamy,109.5,True,True,residential,77000.0,163401.6,0.361,1.618,13616.8,8170.1,Recharge Pit
391.7,1582.8,rcc,0.85,40,1338.9,488698.5,loamy,84.7,False,False,institutional,373000.0,474286.8,0.971,18.687,39523.9,23714.3,Hybrid System
680.0,73.3,rcc,0.85,4,503.3,183704.5,sandy,93.8,False,False,residential,69000.0,38130.7,0.208,0.781,3177.6,1906.5,Storage Tank
1189.6,294.0,metal,0.9,2,307.9,112383.5,silty,84.5,False,False,residential,42000.0,283291.3,2.521,3.479,23607.6,5619.2,Recharge Well
1361.3,198.2,rcc,0.85,3,465.8,170017.0,silty,107.2,True,False,residential,106000.0,206404.4,1.214,1.849,17200.4,8500.9,Hybrid System
950.7,806.8,rcc,0.85,30,1854.3,676819.5,clay,193.4,True,False,commercial,346000.0,586773.9,0.867,4.172,48897.8,29338.7,Storage Tank
557.2,1774.5,rcc,0.85,37,2252.8,822272.0,loamy,123.3,True,True,industrial,412000.0,756394.8,0.92,14.392,63032.9,37819.7,Recharge Well
386.5,758.0,rcc,0.85,48,1943.1,709231.5,sandy,274.1,True,True,institutional,101000.0,224119.8,0.316,2.765,18676.6,11206.0,Recharge Well
450.1,53.3,metal,0.9,3,403.1,147131.5,loamy,75.1,True,True,residential,24000.0,19432.2,0.132,0.71,1619.4,971.6,Storage Tank
1162.4,116.4,metal,0.9,5,641.4,234111.0,sandy,28.7,True,False,residential,28000.0,109595.7,0.468,4.056,9133.0,5479.8,Recharge Pit
2455.8,261.0,rcc,0.85,5,562.0,205130.0,loamy,86.7,True,True,residential,24000.0,490337.3,2.39,3.01,40861.4,10256.5,Storage Tank
794.0,126.5,tiles,0.8,6,695.0,253675.0,silty,51.7,True,False,residential,65000.0,72317.5,0.285,2.447,6026.5,3615.9,Hybrid System
2288.3,84.3,tiles,0.8,5,755.3,275684.5,sandy,6.1,True,True,residential,64000.0,138890.7,0.504,13.82,11574.2,6944.5,Storage Tank
897.9,100.9,rcc,0.85,8,1035.3,377884.5,rocky,42.4,True,True,residential,90000.0,69307.6,0.183,2.38,5775.6,3465.4,Storage Tank
1023.8,72.3,metal,0.9,8,901.7,329120.5,silty,17.1,True,False,residential,78000.0,59956.8,0.182,4.228,4996.4,2997.8,Storage Tank
1076.0,361.4,metal,0.9,37,2700.3,985609.5,silty,307.5,False,False,commercial,78000.0,314981.8,0.32,1.175,26248.5,15749.1,Hybrid System
607.2,154.9,rcc,0.85,5,572.7,209035.5,loamy,109.1,True,False,residential,121000.0,71952.3,0.344,1.42,5996.0,3597.6,Hybrid System
949.9,251.8,metal,0.9,8,985.8,359817.0,sandy,44.4,False,False,residential,78000.0,193739.7,0.538,5.671,16145.0,9687.0,Hybrid System
1371.9,332.1,pavers,0.7,10,570.0,208050.0,rocky,271.3,False,True,commercial,315000.0,287033.0,1.38,1.224,23919.4,10402.5,Storage Tank
1061.9,260.4,rcc,0.85,4,623.7,227650.5,sandy,111.4,False,True,residential,67000.0,211536.9,0.929,2.338,17628.1,10576.8,Recharge Well
2115.1,341.0,tiles,0.8,27,1220.4,445446.0,loamy,94.5,False,False,commercial,316000.0,519299.4,1.166,3.608,43275.0,22272.3,Hybrid System
754.0,320.6,rcc,0.85,17,935.4,341421.0,rocky,150.7,True,False,commercial,245000.0,184925.3,0.542,2.127,15410.4,9246.3,Storage Tank
1188.9,925.8,rcc,0.85,14,951.3,347224.5,loamy,195.1,True,False,commercial,342000.0,842023.0,2.425,4.745,70168.6,17361.2,Hybrid System
2295.9,115.3,metal,0.9,7,959.7,350290.5,loamy,54.2,True,False,residential,128000.0,214421.0,0.612,2.127,17868.4,10721.1,Hybrid System
1859.0,249.7,rcc,0.85,38,1441.6,526184.0,clay,32.1,True,True,commercial,150000.0,355107.1,0.675,7.779,29592.3,17755.4,Storage Tank
1697.4,594.0,pavers,0.7,33,2366.0,863590.0,loamy,301.0,False,True,commercial,168000.0,635201.0,0.736,1.973,52933.4,31760.1,Recharge Well
1577.8,860.5,rcc,0.85,14,972.4,354926.0,silty,138.5,True,True,commercial,225000.0,1038638.1,2.926,6.213,86553.2,17746.3,Recharge Well
2145.3,314.7,rcc,0.85,4,599.6,218854.0,sandy,83.3,True,False,residential,140000.0,516471.3,2.36,3.778,43039.3,10942.7,Hybrid System
627.4,437.9,rcc,0.85,20,763.6,278714.0,sandy,246.3,False,True,commercial,345000.0,210174.9,0.754,1.778,17514.6,10508.7,Recharge Well
2707.1,1633.6,rcc,0.85,53,2290.6,836069.0,silty,184.4,True,False,institutional,447000.0,3383073.7,4.046,8.859,281922.8,41803.5,Hybrid System
462.3,905.4,pavers,0.7,34,1587.1,579291.5,rocky,94.6,True,True,institutional,390000.0,263696.8,0.455,9.571,21974.7,13184.8,Storage Tank
591.2,197.2,rcc,0.85,2,267.0,97455.0,clay,11.5,True,False,residential,64000.0,89187.2,0.915,17.148,7432.3,4459.4,Storage Tank
1566.0,117.7,metal,0.9,8,1032.3,376789.5,silty,82.0,False,False,residential,73000.0,149297.7,0.396,1.435,12441.5,7464.9,Hybrid System
525.9,199.4,metal,0.9,35,2046.8,747082.0,loamy,34.1,True,False,commercial,263000.0,84940.2,0.114,5.848,7078.3,4247.0,Hybrid System
1725.0,1953.4,pavers,0.7,19,1812.4,661526.0,loamy,186.7,True,False,industrial,498000.0,2122857.5,3.209,10.463,176904.8,33076.3,Hybrid System
504.4,1038.6,rcc,0.85,37,2267.6,827674.0,loamy,500.7,True,False,industrial,198000.0,400760.4,0.484,2.074,33396.7,20038.0,Hybrid System
714.7,192.4,rcc,0.85,3,466.4,170236.0,loamy,1.8,False,False,residential,62000.0,105193.8,0.618,106.889,8766.1,5259.7,Storage Tank
675.2,308.1,rcc,0.85,7,1106.7,403945.5,clay,90.0,True,True,residential,118000.0,159142.3,0.394,3.423,13261.9,7957.1,Storage Tank
1664.2,486.6,rcc,0.85,29,1686.4,615536.0,clay,323.7,True,False,commercial,318000.0,619496.8,1.006,1.503,51624.7,30776.8,Storage Tank
2863.7,251.2,rcc,0.85,4,453.2,165418.0,sandy,78.5,True,True,residential,57000.0,550311.5,3.327,3.2,45859.3,8270.9,Recharge Well
1006.0,280.5,tiles,0.8,24,1676.8,612032.0,rocky,274.9,True,True,commercial,269000.0,203171.8,0.332,1.02,16931.0,10158.6,Storage Tank
1080.3,69.6,rcc,0.85,4,541.1,197501.5,loamy,16.0,False,True,residential,94000.0,57519.5,0.291,4.35,4793.3,2876.0,Storage Tank
1445.6,126.6,rcc,0.85,8,1258.1,459206.5,silty,107.9,False,False,residential,89000.0,140004.9,0.305,1.173,11667.1,7000.2,Hybrid System
2095.9,800.9,rcc,0.85,62,2149.6,784604.0,sandy,216.2,True,True,institutional,363000.0,1284133.8,1.637,3.704,107011.2,39230.2,Recharge Well
2371.7,840.5,tiles,0.8,29,1341.5,489647.5,sandy,375.8,True,False,industrial,486000.0,1435258.0,2.931,2.237,119604.8,24482.4,Hybrid System
836.4,429.5,rcc,0.85,14,732.9,267508.5,rocky,20.7,True,False,commercial,117000.0,274813.9,1.027,20.749,22901.2,13375.4,Storage Tank
886.3,65.5,rcc,0.85,7,913.6,333464.0,clay,45.0,True,True,residential,105000.0,44410.3,0.133,1.456,3700.9,2220.5,Storage Tank
1386.2,393.7,rcc,0.85,32,1164.1,424896.5,loamy,214.8,True,False,commercial,162000.0,417496.4,0.983,1.833,34791.4,20874.8,Hybrid System
1391.8,225.4,rcc,0.85,3,409.4,149431.0,clay,57.4,True,False,residential,147000.0,239989.5,1.606,3.927,19999.1,7471.6,Storage Tank
1724.6,136.4,rcc,0.85,2,260.4,95046.0,loamy,98.9,True,True,residential,48000.0,179955.1,1.893,1.379,14996.3,4752.3,Recharge Pit
1927.3,231.4,rcc,0.85,4,454.4,165856.0,clay,72.6,True,False,residential,53000.0,341172.6,2.057,3.187,28431.0,8292.8,Storage Tank
1099.6,777.9,rcc,0.85,60,1942.4,708976.0,loamy,150.3,True,False,institutional,272000.0,654364.8,0.923,5.176,54530.4,32718.2,Hybrid System
1833.5,121.4,pavers,0.7,6,711.9,259843.5,silty,2.4,False,True,residential,75000.0,140229.7,0.54,50.583,11685.8,7011.5,Storage Tank
1568.7,297.9,rcc,0.85,7,938.9,342698.5,loamy,56.0,True,False,residential,61000.0,357496.5,1.043,5.32,29791.4,17134.9,Hybrid System
1529.9,79.5,rcc,0.85,8,920.1,335836.5,sandy,93.1,True,False,residential,94000.0,93044.7,0.277,0.854,7753.7,4652.2,Hybrid System
1979.5,76.7,rcc,0.85,3,360.7,131655.5,clay,79.7,True,False,residential,73000.0,116148.2,0.882,0.962,9679.0,5807.4,Storage Tank
2053.8,310.1,metal,0.9,3,367.8,134247.0,silty,45.7,True,False,residential,109000.0,515875.5,3.843,6.786,42989.6,6712.4,Hybrid System
916.0,1587.3,rcc,0.85,33,2109.8,770077.0,loamy,452.3,True,True,industrial,464000.0,1112284.6,1.444,3.509,92690.4,38503.8,Recharge Well
711.1,194.3,tiles,0.8,7,1086.0,396390.0,rocky,36.8,True,True,residential,25000.0,99480.0,0.251,5.28,8290.0,4974.0,Storage Tank
2762.9,304.2,tiles,0.8,2,260.6,95119.0,silty,0.3,True,False,residential,131000.0,605141.4,6.362,304.2,50428.5,4755.9,Storage Tank
2295.1,297.0,tiles,0.8,39,2467.1,900491.5,sandy,114.2,True,False,commercial,271000.0,490784.2,0.545,2.601,40898.7,24539.2,Hybrid System
556.0,1374.7,rcc,0.85,54,2775.4,1013021.0,sandy,162.6,True,False,institutional,380000.0,584714.9,0.577,8.454,48726.2,29235.7,Hybrid System
522.2,59.2,rcc,0.85,4,538.5,196552.5,loamy,55.6,True,False,residential,141000.0,23649.4,0.12,1.065,1970.8,1182.5,Storage Tank
786.9,1866.3,rcc,0.85,29,1659.2,605608.0,clay,226.3,True,False,industrial,387000.0,1123472.5,1.855,8.247,93622.7,30280.4,Storage Tank
3086.9,894.5,pavers,0.7,31,1739.0,634735.0,rocky,97.0,False,False,commercial,349000.0,1739576.2,2.741,9.222,144964.7,31736.8,Storage Tank
852.3,308.1,pavers,0.7,5,706.6,257909.0,loamy,12.0,True,True,residential,101000.0,165434.0,0.641,25.675,13786.2,8271.7,Storage Tank
382.7,609.7,rcc,0.85,24,1275.9,465703.5,loamy,28.7,True,True,commercial,76000.0,178499.1,0.383,21.244,14874.9,8925.0,Recharge Well
1325.9,41.3,rcc,0.85,8,1251.4,456761.0,loamy,7.3,False,False,residential,57000.0,41891.1,0.092,5.658,3490.9,2094.6,Storage Tank
600.7,627.6,rcc,0.85,16,1007.8,367847.0,loamy,305.9,True,False,commercial,258000.0,288404.5,0.784,2.052,24033.7,14420.2,Hybrid System
864.4,559.9,metal,0.9,15,956.4,349086.0,loamy,324.4,True,False,commercial,203000.0,392021.8,1.123,1.726,32668.5,17454.3,Hybrid System
1188.1,170.5,rcc,0.85,7,996.8,363832.0,sandy,55.6,False,True,residential,90000.0,154966.9,0.426,3.067,12913.9,7748.3,Recharge Pit
468.0,193.2,rcc,0.85,5,716.6,261559.0,clay,51.8,True,False,residential,31000.0,69169.5,0.264,3.73,5764.1,3458.5,Storage Tank
948.5,1268.0,rcc,0.85,45,2513.0,917245.0,sandy,333.0,False,True,institutional,183000.0,920064.0,1.003,3.808,76672.0,45862.2,Recharge Well
1695.8,292.3,tiles,0.8,6,897.2,327478.0,loamy,9.5,True,False,residential,99000.0,356891.3,1.09,30.768,29740.9,16373.9,Storage Tank
817.2,135.7,rcc,0.85,4,517.7,188960.5,loamy,48.3,True,False,residential,58000.0,84833.9,0.449,2.81,7069.5,4241.7,Storage Tank
2934.6,233.8,metal,0.9,8,1092.4,398726.0,sandy,70.9,False,False,residential,89000.0,555748.7,1.394,3.298,46312.4,19936.3,Hybrid System
764.6,207.4,rcc,0.85,8,1046.5,381972.5,sandy,63.0,True,False,residential,133000.0,121312.2,0.318,3.292,10109.4,6065.6,Hybrid System
2939.7,319.1,tiles,0.8,5,568.3,207429.5,loamy,64.8,False,True,residential,84000.0,675402.0,3.256,4.924,56283.5,10371.5,Recharge Well
1071.4,289.3,rcc,0.85,3,426.7,155745.5,loamy,104.8,True,False,residential,101000.0,237116.4,1.522,2.76,19759.7,7787.3,Hybrid System
3008.4,340.7,rcc,0.85,20,859.6,313754.0,loamy,312.7,True,False,commercial,169000.0,784095.8,2.499,1.09,65341.3,15687.7,Hybrid System
1502.8,466.5,metal,0.9,38,2252.8,822272.0,sandy,285.5,False,True,commercial,293000.0,567855.5,0.691,1.634,47321.3,28392.8,Recharge Well
2416.3,129.6,rcc,0.85,2,314.5,114792.5,loamy,35.2,True,False,residential,94000.0,239561.6,2.087,3.682,19963.5,5739.6,Hybrid System
968.1,62.1,pavers,0.7,8,1179.6,430554.0,loamy,24.8,True,False,residential,142000.0,37875.0,0.088,2.504,3156.2,1893.8,Storage Tank
323.8,679.3,metal,0.9,32,1625.2,593198.0,sandy,92.1,True,True,commercial,164000.0,178165.4,0.3,7.376,14847.1,8908.3,Recharge Well
475.8,307.8,rcc,0.85,5,750.3,273859.5,silty,113.6,True,True,residential,117000.0,112035.2,0.409,2.71,9336.3,5601.8,Recharge Well
486.4,50.1,rcc,0.85,4,532.7,194435.5,loamy,98.5,True,True,residential,66000.0,18642.0,0.096,0.509,1553.5,932.1,Recharge Pit
1144.7,287.4,metal,0.9,5,773.7,282400.5,rocky,89.7,True,False,residential,39000.0,266479.3,0.944,3.204,22206.6,13324.0,Storage Tank
841.5,1129.6,rcc,0.85,29,1038.8,379162.0,rocky,95.8,True,False,institutional,287000.0,727177.2,1.918,11.791,60598.1,18958.1,Storage Tank
901.6,174.1,rcc,0.85,3,448.8,163812.0,loamy,95.2,True,True,residential,65000.0,120080.9,0.733,1.829,10006.7,6004.0,Recharge Pit
1118.7,89.1,tiles,0.8,2,308.9,112748.5,clay,65.5,False,True,residential,78000.0,71766.8,0.637,1.36,5980.6,3588.3,Storage Tank
1118.6,309.0,rcc,0.85,2,260.0,94900.0,silty,92.7,True,True,residential,110000.0,264420.3,2.786,3.333,22035.0,4745.0,Recharge Well
1145.6,502.1,rcc,0.85,45,4442.2,1621403.0,silty,145.6,True,True,industrial,266000.0,440032.4,0.271,3.448,36669.4,22001.6,Recharge Well
1532.0,977.2,tiles,0.8,25,1614.0,589110.0,loamy,342.1,False,True,commercial,326000.0,1077890.7,1.83,2.856,89824.2,29455.5,Recharge Well
545.3,123.4,rcc,0.85,7,881.6,321784.0,rocky,2.5,False,True,residential,98000.0,51476.9,0.16,49.36,4289.7,2573.8,Storage Tank
1497.3,434.2,tiles,0.8,14,999.4,364781.0,loamy,346.7,True,True,commercial,180000.0,468091.9,1.283,1.252,39007.7,18239.0,Recharge Well
2213.9,235.9,metal,0.9,8,1012.4,369526.0,sandy,119.4,True,False,residential,24000.0,423029.8,1.145,1.976,35252.5,18476.3,Storage Tank
1087.9,170.2,pavers,0.7,36,2112.3,770989.5,loamy,145.4,True,True,commercial,331000.0,116651.2,0.151,1.171,9720.9,5832.6,Recharge Well
393.9,272.5,rcc,0.85,5,674.0,246010.0,sandy,53.3,False,True,residential,69000.0,82113.4,0.334,5.113,6842.8,4105.7,Recharge Pit
1940.8,170.5,rcc,0.85,7,994.2,362883.0,sandy,66.8,False,True,residential,30000.0,253143.4,0.698,2.552,21095.3,12657.2,Recharge Well
1192.1,278.5,rcc,0.85,4,523.3,191004.5,loamy,21.2,True,False,residential,86000.0,253979.9,1.33,13.137,21165.0,9550.2,Hybrid System
1556.2,382.0,metal,0.9,13,1029.3,375694.5,silty,23.6,False,False,commercial,211000.0,481519.4,1.282,16.186,40126.6,18784.7,Hybrid System
461.7,52.3,metal,0.9,8,1086.6,396609.0,silty,29.9,True,False,residential,45000.0,19559.0,0.049,1.749,1629.9,978.0,Recharge Pit
2103.3,36.3,rcc,0.85,5,641.4,234111.0,loamy,103.5,False,False,residential,115000.0,58407.6,0.249,0.351,4867.3,2920.4,Hybrid System
1402.2,145.4,pavers,0.7,7,1053.6,384564.0,sandy,32.5,True,True,residential,99000.0,128444.3,0.334,4.474,10703.7,6422.2,Recharge Pit
1739.7,808.7,rcc,0.85,55,1844.4,673206.0,loamy,447.4,True,True,institutional,203000.0,1076275.0,1.599,1.808,89689.6,33660.3,Recharge Well
450.5,233.0,rcc,0.85,2,304.2,111033.0,sandy,96.3,True,True,residential,147000.0,80299.4,0.723,2.42,6691.6,4015.0,Recharge Pit
670.9,223.9,metal,0.9,4,535.7,195530.5,loamy,75.6,True,True,residential,31000.0,121673.8,0.622,2.962,10139.5,6083.7,Recharge Pit
1581.8,39.0,rcc,0.85,7,857.1,312841.5,sandy,118.0,True,True,residential,130000.0,47193.0,0.151,0.331,3932.8,2359.7,Recharge Pit
1464.5,987.8,rcc,0.85,41,1700.6,620719.0,sandy,383.6,False,False,industrial,380000.0,1106674.3,1.783,2.575,92222.9,31036.0,Hybrid System
960.3,31.1,pavers,0.7,5,645.4,235571.0,loamy,116.2,True,False,residential,68000.0,18815.2,0.08,0.268,1567.9,940.8,Storage Tank
1171.2,110.0,tiles,0.8,5,564.8,206152.0,sandy,34.3,True,True,residential,48000.0,92759.0,0.45,3.207,7729.9,4637.9,Recharge Pit
1844.9,963.8,tiles,0.8,30,2032.0,741680.0,sandy,174.9,False,False,commercial,228000.0,1280242.5,1.726,5.511,106686.9,37084.0,Hybrid System
811.5,309.7,metal,0.9,37,2191.1,799751.5,loamy,203.2,True,True,commercial,97000.0,203570.5,0.255,1.524,16964.2,10178.5,Recharge Well
602.2,109.4,pavers,0.7,3,475.7,173630.5,loamy,106.0,True,False,residential,93000.0,41504.8,0.239,1.032,3458.7,2075.2,Storage Tank
1942.1,103.4,metal,0.9,8,1183.7,432050.5,sandy,115.2,True,False,residential,34000.0,162658.6,0.376,0.898,13554.9,8132.9,Recharge Well
1878.3,114.2,rcc,0.85,7,850.3,310359.5,clay,58.8,False,False,residential,144000.0,164093.9,0.529,1.942,13674.5,8204.7,Storage Tank
757.9,225.8,rcc,0.85,35,2263.9,826323.5,rocky,151.9,True,False,commercial,90000.0,130917.4,0.158,1.487,10909.8,6545.9,Storage Tank
2506.7,120.9,rcc,0.85,7,953.8,348137.0,loamy,87.0,True,True,residential,137000.0,231840.9,0.666,1.39,19320.1,11592.0,Recharge Well
714.9,905.7,pavers,0.7,29,2025.2,739198.0,sandy,71.3,True,True,commercial,124000.0,407915.5,0.552,12.703,33993.0,20395.8,Recharge Well
2189.4,1719.3,rcc,0.85,43,1679.6,613054.0,sandy,244.4,True,True,institutional,124000.0,2879640.1,4.697,7.035,239970.0,30652.7,Recharge Well
1905.7,751.5,metal,0.9,18,1122.2,409603.0,clay,52.2,True,False,commercial,342000.0,1160028.2,2.832,14.397,96669.0,20480.2,Storage Tank
833.8,884.6,metal,0.9,38,2009.5,733467.5,loamy,106.7,False,False,commercial,223000.0,597439.4,0.815,8.291,49786.6,29872.0,Hybrid System
1204.5,106.6,pavers,0.7,8,1137.4,415151.0,loamy,52.2,True,True,residential,60000.0,80891.8,0.195,2.042,6741.0,4044.6,Recharge Pit
584.5,188.9,rcc,0.85,3,459.6,167754.0,silty,43.0,False,True,residential,141000.0,84465.2,0.504,4.393,7038.8,4223.3,Recharge Pit
450.4,1632.7,rcc,0.85,44,2534.3,925019.5,loamy,229.0,False,False,institutional,405000.0,562556.6,0.608,7.13,46879.7,28127.8,Hybrid System
1838.5,1105.6,pavers,0.7,35,2796.1,1020576.5,loamy,152.1,True,False,industrial,235000.0,1280566.7,1.255,7.269,106713.9,51028.8,Hybrid System
2007.7,2170.9,rcc,0.85,45,4281.5,1562747.5,loamy,151.7,True,True,industrial,164000.0,3334264.7,2.134,14.31,277855.4,78137.4,Recharge Well
1757.1,41.3,rcc,0.85,3,391.1,142751.5,clay,102.8,True,False,residential,94000.0,55514.7,0.389,0.402,4626.2,2775.7,Storage Tank
544.4,693.2,metal,0.9,17,814.5,297292.5,loamy,272.8,False,False,commercial,105000.0,305676.2,1.028,2.541,25473.0,14864.6,Hybrid System
2200.6,39.7,rcc,0.85,4,450.7,164505.5,loamy,2.7,False,True,residential,104000.0,66833.3,0.406,14.704,5569.4,3341.7,Storage Tank
1303.2,1259.6,pavers,0.7,67,3991.4,1456861.0,silty,214.0,True,False,institutional,110000.0,1034151.8,0.71,5.886,86179.3,51707.6,Hybrid System
971.5,293.2,rcc,0.85,4,494.3,180419.5,loamy,74.2,True,False,residential,123000.0,217905.5,1.208,3.951,18158.8,9021.0,Hybrid System
590.0,622.0,rcc,0.85,60,1787.2,652328.0,loamy,367.9,True,True,institutional,159000.0,280739.7,0.43,1.691,23395.0,14037.0,Recharge Well
401.4,672.4,metal,0.9,23,1594.2,581883.0,clay,75.8,False,False,commercial,140000.0,218620.1,0.376,8.871,18218.3,10931.0,Storage Tank
2115.4,123.1,rcc,0.85,6,958.1,349706.5,sandy,108.3,True,True,residential,57000.0,199210.4,0.57,1.137,16600.9,9960.5,Recharge Well
1236.6,95.8,rcc,0.85,2,271.7,99170.5,silty,58.3,True,True,residential,65000.0,90626.7,0.914,1.643,7552.2,4531.3,Recharge Pit
1040.9,263.2,metal,0.9,5,576.6,210459.0,silty,59.0,True,True,residential,115000.0,221911.6,1.054,4.461,18492.6,10523.0,Recharge Well
1155.6,293.2,metal,0.9,5,609.6,222504.0,sandy,58.1,True,True,residential,129000.0,274445.8,1.233,5.046,22870.5,11125.2,Recharge Well
630.2,687.7,rcc,0.85,14,983.9,359123.5,clay,349.2,True,True,commercial,284000.0,331542.2,0.923,1.969,27628.5,16577.1,Storage Tank
938.9,319.2,metal,0.9,8,1116.3,407449.5,sandy,41.6,False,True,residential,112000.0,242754.5,0.596,7.673,20229.5,12137.7,Recharge Well
1458.5,401.2,rcc,0.85,35,1810.8,660942.0,sandy,134.4,True,False,commercial,167000.0,447639.9,0.677,2.985,37303.3,22382.0,Hybrid System
1894.5,1360.7,metal,0.9,69,3688.2,1346193.0,sandy,485.5,True,False,institutional,179000.0,2088055.4,1.551,2.803,174004.6,67309.7,Hybrid System
1183.8,891.2,pavers,0.7,41,1609.6,587504.0,clay,280.5,True,True,institutional,360000.0,664651.6,1.131,3.177,55387.6,29375.2,Storage Tank
1033.3,322.4,rcc,0.85,30,1510.1,551186.5,silty,345.4,False,False,commercial,236000.0,254849.0,0.462,0.933,21237.4,12742.5,Hybrid System
1304.5,264.1,metal,0.9,3,399.7,145890.5,loamy,20.6,False,False,residential,54000.0,279059.9,1.913,12.82,23255.0,7294.5,Recharge Well
860.3,76.6,rcc,0.85,8,1133.5,413727.5,sandy,41.5,True,True,residential,125000.0,50412.7,0.122,1.846,4201.1,2520.6,Recharge Pit
717.8,261.5,rcc,0.85,5,603.5,220277.5,loamy,32.1,False,True,residential,147000.0,143594.1,0.652,8.146,11966.2,7179.7,Recharge Pit
364.2,232.1,rcc,0.85,3,413.9,151073.5,sandy,61.7,True,True,residential,51000.0,64666.1,0.428,3.762,5388.8,3233.3,Recharge Pit
1133.4,1700.7,pavers,0.7,17,844.0,308060.0,loamy,263.5,True,True,industrial,171000.0,1214371.2,3.942,6.454,101197.6,15403.0,Recharge Well
482.6,693.4,rcc,0.85,63,2163.7,789750.5,loamy,269.2,True,False,institutional,377000.0,255995.7,0.324,2.576,21333.0,12799.8,Hybrid System
647.8,288.8,rcc,0.85,3,392.9,143408.5,sandy,63.1,True,False,residential,76000.0,143119.7,0.998,4.577,11926.6,7156.0,Hybrid System
883.1,299.4,tiles,0.8,3,475.2,173448.0,silty,68.8,True,True,residential,43000.0,190368.1,1.098,4.352,15864.0,8672.4,Recharge Well
537.2,121.5,metal,0.9,4,453.6,165564.0,rocky,53.3,False,True,residential,24000.0,52868.5,0.319,2.28,4405.7,2643.4,Storage Tank
828.8,66.3,rcc,0.85,6,833.2,304118.0,loamy,2.3,False,False,residential,98000.0,42036.3,0.138,28.826,3503.0,2101.8,Storage Tank
1314.4,155.8,pavers,0.7,7,950.9,347078.5,loamy,105.9,True,True,residential,131000.0,129013.6,0.372,1.471,10751.1,6450.7,Recharge Pit
2053.3,60.9,rcc,0.85,4,517.8,188997.0,loamy,92.4,True,False,residential,86000.0,95660.2,0.506,0.659,7971.7,4783.0,Hybrid System
1180.1,1424.2,rcc,0.85,42,1145.7,418180.5,loamy,321.9,True,False,institutional,394000.0,1285734.3,3.075,4.424,107144.5,20909.0,Hybrid System
1141.4,291.3,rcc,0.85,5,740.3,270209.5,loamy,74.4,True,False,residential,96000.0,254354.7,0.941,3.915,21196.2,12717.7,Hybrid System
1112.2,404.6,tiles,0.8,47,1916.8,699632.0,sandy,120.1,True,False,institutional,311000.0,323997.2,0.463,3.369,26999.8,16199.9,Hybrid System
1782.4,203.0,tiles,0.8,3,378.6,138189.0,loamy,43.5,True,False,residential,135000.0,260515.6,1.885,4.667,21709.6,6909.5,Hybrid System
2359.4,197.7,rcc,0.85,8,904.4,330106.0,loamy,102.0,True,False,residential,69000.0,356836.8,1.081,1.938,29736.4,16505.3,Hybrid System
585.4,48.8,metal,0.9,5,729.0,266085.0,clay,60.7,True,True,residential,41000.0,23139.7,0.087,0.804,1928.3,1157.0,Storage Tank
623.7,341.7,tiles,0.8,16,1044.3,381169.5,clay,264.9,False,True,commercial,216000.0,153445.2,0.403,1.29,12787.1,7672.3,Storage Tank
728.4,183.8,metal,0.9,7,1026.3,374599.5,silty,33.3,True,False,residential,72000.0,108442.7,0.289,5.52,9036.9,5422.1,Hybrid System
1012.3,930.1,rcc,0.85,46,2006.6,732409.0,sandy,469.6,True,True,industrial,246000.0,720278.3,0.983,1.981,60023.2,36013.9,Recharge Well
879.8,121.0,rcc,0.85,3,341.0,124465.0,sandy,3.6,True,True,residential,73000.0,81438.7,0.654,33.611,6786.6,4071.9,Storage Tank
847.7,194.7,rcc,0.85,4,487.3,177864.5,loamy,88.6,True,True,residential,69000.0,126261.1,0.71,2.198,10521.8,6313.1,Recharge Pit
2763.4,560.5,tiles,0.8,36,2681.0,978565.0,sandy,410.9,True,False,industrial,277000.0,1115197.7,1.14,1.364,92933.1,48928.2,Hybrid System
1964.2,1884.6,tiles,0.8,43,2387.1,871291.5,sandy,576.1,True,False,industrial,335000.0,2665246.6,3.059,3.271,222103.9,43564.6,Hybrid System
672.8,150.2,tiles,0.8,5,601.4,219511.0,silty,89.2,True,True,residential,108000.0,72759.3,0.331,1.684,6063.3,3638.0,Recharge Pit
913.0,769.7,rcc,0.85,37,2744.9,1001888.5,loamy,231.4,True,True,commercial,251000.0,537593.1,0.537,3.326,44799.4,26879.7,Recharge Well
972.9,173.5,rcc,0.85,8,1207.8,440847.0,loamy,98.6,False,False,residential,64000.0,129130.6,0.293,1.76,10760.9,6456.5,Hybrid System
398.1,121.9,metal,0.9,5,767.7,280210.5,sandy,103.2,False,True,residential,55000.0,39308.0,0.14,1.181,3275.7,1965.4,Recharge Pit
587.7,405.4,rcc,0.85,60,2452.1,895016.5,rocky,232.4,True,False,institutional,164000.0,182264.0,0.204,1.744,15188.7,9113.2,Storage Tank
640.7,380.1,rcc,0.85,37,1467.0,535455.0,sandy,41.4,False,False,institutional,114000.0,186300.5,0.348,9.181,15525.0,9315.0,Hybrid System
392.6,729.8,rcc,0.85,35,1707.9,623383.5,clay,140.9,True,False,commercial,84000.0,219187.4,0.352,5.18,18265.6,10959.4,Storage Tank
636.2,543.5,rcc,0.85,12,422.8,154322.0,silty,104.4,False,True,commercial,184000.0,264517.6,1.714,5.206,22043.1,7716.1,Recharge Well
2566.8,541.3,rcc,0.85,38,1566.5,571772.5,loamy,239.9,False,False,commercial,287000.0,1062897.8,1.859,2.256,88574.8,28588.6,Hybrid System
638.2,365.3,metal,0.9,13,589.9,215313.5,silty,99.0,True,True,commercial,209000.0,188838.9,0.877,3.69,15736.6,9441.9,Recharge Well
1013.3,735.5,metal,0.9,45,2242.4,818476.0,loamy,330.0,True,True,institutional,165000.0,603678.5,0.738,2.229,50306.5,30183.9,Recharge Well
428.5,634.5,rcc,0.85,30,1790.3,653459.5,sandy,31.9,True,False,commercial,112000.0,207990.7,0.318,19.89,17332.6,10399.5,Hybrid System
1664.4,245.4,rcc,0.85,5,656.2,239513.0,silty,22.6,True,True,residential,120000.0,312459.5,1.305,10.858,26038.3,11975.7,Recharge Well
1890.9,55.3,rcc,0.85,6,884.0,322660.0,loamy,90.1,True,False,residential,148000.0,79993.6,0.248,0.614,6666.1,3999.7,Hybrid System
1193.0,309.4,rcc,0.85,35,1356.7,495195.5,sandy,115.2,True,True,commercial,216000.0,282372.4,0.57,2.686,23531.0,14118.6,Recharge Well
1156.2,154.7,metal,0.9,5,741.5,270647.5,clay,1.3,True,False,residential,88000.0,144880.0,0.535,119.0,12073.3,7244.0,Storage Tank
1168.7,180.1,rcc,0.85,6,716.2,261413.0,sandy,83.5,True,False,residential,102000.0,161019.4,0.616,2.157,13418.3,8051.0,Hybrid System
2322.1,316.9,rcc,0.85,8,975.8,356167.0,silty,103.5,False,False,residential,107000.0,562943.2,1.581,3.062,46911.9,17808.4,Hybrid System
1247.4,387.7,rcc,0.85,41,2188.7,798875.5,sandy,457.6,True,False,institutional,278000.0,369967.0,0.463,0.847,30830.6,18498.4,Hybrid System
1711.7,1436.9,pavers,0.7,53,1642.1,599366.5,loamy,172.1,True,True,institutional,203000.0,1549511.3,2.585,8.349,129125.9,29968.3,Recharge Well
680.9,970.1,metal,0.9,39,1785.2,651598.0,loamy,159.8,False,False,commercial,129000.0,535038.3,0.821,6.071,44586.5,26751.9,Hybrid System
730.3,137.5,metal,0.9,3,408.4,149066.0,clay,31.4,False,True,residential,113000.0,81337.2,0.546,4.379,6778.1,4066.9,Storage Tank
3099.0,289.2,rcc,0.85,5,646.1,235826.5,loamy,47.7,False,False,residential,54000.0,685616.6,2.907,6.063,57134.7,11791.3,Recharge Well
2899.0,716.8,rcc,0.85,11,796.3,290649.5,loamy,139.1,True,False,commercial,294000.0,1589672.4,5.469,5.153,132472.7,14532.5,Hybrid System
1280.7,797.9,rcc,0.85,33,1607.9,586883.5,clay,136.1,False,False,industrial,313000.0,781731.0,1.332,5.863,65144.2,29344.2,Storage Tank
327.7,209.8,tiles,0.8,4,449.6,164104.0,loamy,49.4,True,True,residential,92000.0,49501.1,0.302,4.247,4125.1,2475.1,Recharge Pit
2708.6,647.6,rcc,0.85,14,1101.2,401938.0,rocky,26.7,True,True,commercial,142000.0,1341878.4,3.339,24.255,111823.2,20096.9,Storage Tank
2183.0,221.5,tiles,0.8,3,413.3,150854.5,loamy,33.5,True,True,residential,132000.0,348144.8,2.308,6.612,29012.1,7542.7,Recharge Well
1112.5,318.1,rcc,0.85,7,1005.6,367044.0,sandy,6.9,True,True,residential,89000.0,270723.0,0.738,46.101,22560.2,13536.2,Storage Tank
1978.2,179.8,pavers,0.7,5,680.3,248309.5,loamy,23.5,True,True,residential,44000.0,224078.6,0.902,7.651,18673.2,11203.9,Recharge Well
820.5,88.2,tiles,0.8,3,478.1,174506.5,clay,83.6,False,False,residential,85000.0,52105.0,0.299,1.055,4342.1,2605.2,Storage Tank
301.0,82.9,rcc,0.85,3,392.6,143299.0,sandy,9.4,True,True,residential,72000.0,19089.0,0.133,8.819,1590.8,954.5,Storage Tank
1968.3,575.7,tiles,0.8,31,1123.5,410077.5,sandy,303.2,False,False,commercial,175000.0,815868.2,1.99,1.899,67989.0,20503.9,Hybrid System
573.7,249.1,tiles,0.8,2,281.3,102674.5,sandy,43.2,True,False,residential,91000.0,102894.2,1.002,5.766,8574.5,5133.7,Hybrid System
2520.3,35.6,rcc,0.85,8,1105.4,403471.0,clay,86.3,False,False,residential,57000.0,68637.9,0.17,0.413,5719.8,3431.9,Storage Tank
1069.2,138.9,tiles,0.8,2,247.9,90483.5,sandy,27.8,False,True,residential,36000.0,106928.6,1.182,4.996,8910.7,4524.2,Recharge Pit
2120.1,235.3,tiles,0.8,5,752.3,274589.5,sandy,13.3,False,True,residential,54000.0,359178.9,1.308,17.692,29931.6,13729.5,Storage Tank
2309.9,941.6,metal,0.9,10,482.7,176185.5,loamy,93.1,True,False,commercial,293000.0,1761751.5,9.999,10.114,146812.6,8809.3,Hybrid System
857.8,1226.6,tiles,0.8,39,1773.2,647218.0,loamy,403.0,True,True,institutional,419000.0,757567.8,1.17,3.044,63130.7,32360.9,Recharge Well
1735.3,155.6,rcc,0.85,30,2144.7,782815.5,rocky,152.0,True,False,commercial,198000.0,206559.7,0.264,1.024,17213.3,10328.0,Storage Tank
606.5,750.5,rcc,0.85,29,1193.9,435773.5,loamy,223.6,True,True,commercial,85000.0,348211.4,0.799,3.356,29017.6,17410.6,Recharge Well
557.1,1418.2,rcc,0.85,63,2575.1,939911.5,loamy,370.3,True,True,institutional,201000.0,604410.6,0.643,3.83,50367.5,30220.5,Recharge Well
1995.9,81.8,metal,0.9,8,939.6,342954.0,rocky,41.9,True,True,residential,91000.0,132244.3,0.386,1.952,11020.4,6612.2,Storage Tank
1144.8,51.9,rcc,0.85,2,308.4,112566.0,loamy,85.2,True,True,residential,94000.0,45452.6,0.404,0.609,3787.7,2272.6,Recharge Pit
1945.3,976.7,pavers,0.7,17,927.0,338355.0,silty,31.4,False,False,commercial,276000.0,1196983.9,3.538,31.105,99748.7,16917.8,Hybrid System
2499.8,142.6,tiles,0.8,4,613.0,223745.0,rocky,42.1,True,False,residential,125000.0,256659.5,1.147,3.387,21388.3,11187.2,Storage Tank
2575.2,225.1,tiles,0.8,2,247.4,90301.0,sandy,13.4,True,False,residential,73000.0,417367.8,4.622,16.799,34780.7,4515.1,Storage Tank
387.7,120.4,rcc,0.85,6,815.6,297694.0,loamy,118.6,True,False,residential,113000.0,35709.5,0.12,1.015,2975.8,1785.5,Storage Tank
845.8,308.5,rcc,0.85,3,403.8,147387.0,loamy,55.1,True,True,residential,121000.0,199610.9,1.354,5.599,16634.2,7369.4,Recharge Well
2062.9,308.5,rcc,0.85,7,927.4,338501.0,loamy,26.1,True,False,residential,44000.0,486849.6,1.438,11.82,40570.8,16925.0,Recharge Well
695.6,190.0,rcc,0.85,7,884.8,322952.0,sandy,15.9,True,True,residential,90000.0,101105.5,0.313,11.95,8425.5,5055.3,Storage Tank
770.4,2010.6,metal,0.9,21,1139.9,416063.5,sandy,539.7,True,True,industrial,351000.0,1254662.7,3.016,3.725,104555.2,20803.2,Recharge Well
362.6,73.2,rcc,0.85,2,293.8,107237.0,silty,4.9,True,False,residential,52000.0,20304.9,0.189,14.939,1692.1,1015.2,Storage Tank
624.8,654.5,pavers,0.7,43,4135.9,1509603.5,loamy,203.3,True,False,industrial,282000.0,257626.9,0.171,3.219,21468.9,12881.3,Hybrid System
713.3,130.2,rcc,0.85,4,490.0,178850.0,clay,31.9,True,True,residential,97000.0,71046.8,0.397,4.082,5920.6,3552.3,Storage Tank
516.0,59.8,rcc,0.85,6,954.5,348392.5,silty,29.6,True,True,residential,119000.0,23605.5,0.068,2.02,1967.1,1180.3,Recharge Pit
1675.1,110.0,rcc,0.85,5,763.4,278641.0,silty,102.8,True,False,residential,84000.0,140959.7,0.506,1.07,11746.6,7048.0,Hybrid System
575.7,140.1,rcc,0.85,5,598.3,218379.5,loamy,14.9,True,False,residential,149000.0,61701.5,0.283,9.403,5141.8,3085.1,Storage Tank
624.0,83.4,tiles,0.8,3,373.3,136254.5,loamy,5.2,True,True,residential,119000.0,37470.0,0.275,16.038,3122.5,1873.5,Storage Tank
2124.3,205.3,tiles,0.8,2,226.7,82745.5,silty,88.6,True,True,residential,130000.0,314005.5,3.795,2.317,26167.1,4137.3,Recharge Well
758.2,112.6,metal,0.9,8,1024.2,373833.0,clay,55.3,True,True,residential,108000.0,69152.4,0.185,2.036,5762.7,3457.6,Storage Tank
1781.2,1435.7,pavers,0.7,21,1253.3,457454.5,sandy,475.4,True,True,industrial,467000.0,1611079.4,3.522,3.02,134256.6,22872.7,Recharge Well
1398.7,927.7,rcc,0.85,62,2796.0,1020540.0,sandy,388.9,True,True,institutional,330000.0,992644.1,0.973,2.385,82720.3,49632.2,Recharge Well
1111.6,479.1,rcc,0.85,32,2006.7,732445.5,sandy,159.8,True,False,commercial,80000.0,407414.2,0.556,2.998,33951.2,20370.7,Hybrid System
3129.7,244.5,rcc,0.85,4,440.5,160782.5,silty,9.4,True,True,residential,43000.0,585386.9,3.641,26.011,48782.2,8039.1,Storage Tank
1008.5,205.8,tiles,0.8,4,580.4,211846.0,sandy,50.3,True,False,residential,146000.0,149435.5,0.705,4.091,12453.0,7471.8,Hybrid System
1764.7,1138.0,rcc,0.85,25,835.7,305030.5,clay,186.6,True,False,institutional,227000.0,1536294.9,5.037,6.099,128024.6,15251.5,Storage Tank
611.5,319.2,rcc,0.85,2,237.1,86541.5,sandy,118.7,True,False,residential,49000.0,149321.0,1.725,2.689,12443.4,4327.1,Recharge Well
533.6,42.0,rcc,0.85,3,371.5,135597.5,clay,76.2,True,False,residential,88000.0,17144.6,0.126,0.551,1428.7,857.2,Storage Tank
1124.5,219.4,tiles,0.8,8,1190.6,434569.0,loamy,87.1,True,True,residential,123000.0,177635.0,0.409,2.519,14802.9,8881.8,Recharge Pit
785.3,1771.0,metal,0.9,28,1406.2,513263.0,sandy,289.6,True,True,institutional,239000.0,1126520.7,2.195,6.115,93876.7,25663.2,Recharge Well
3121.7,563.8,rcc,0.85,52,2635.5,961957.5,silty,433.4,False,False,institutional,327000.0,1346411.1,1.4,1.301,112200.9,48097.9,Hybrid System
2031.9,1911.1,rcc,0.85,30,2727.6,995574.0,rocky,126.4,True,False,industrial,452000.0,2970620.5,2.984,15.119,247551.7,49778.7,Storage Tank
590.2,222.6,rcc,0.85,5,633.3,231154.5,loamy,50.3,False,False,residential,40000.0,100504.6,0.435,4.425,8375.4,5025.2,Recharge Pit
1986.2,249.8,rcc,0.85,30,1623.9,592723.5,loamy,251.0,True,False,commercial,275000.0,379556.9,0.64,0.995,31629.7,18977.8,Hybrid System
598.1,1490.3,rcc,0.85,26,713.8,260537.0,rocky,190.2,True,False,institutional,341000.0,681881.5,2.617,7.835,56823.5,13026.9,Storage Tank
709.8,929.7,rcc,0.85,10,676.0,246740.0,sandy,135.2,True,True,commercial,198000.0,504824.3,2.046,6.876,42068.7,12337.0,Recharge Well
885.0,190.2,metal,0.9,4,605.0,220825.0,sandy,32.0,True,True,residential,122000.0,136344.9,0.617,5.944,11362.1,6817.2,Recharge Pit
1000.9,143.9,rcc,0.85,3,475.7,173630.5,loamy,106.5,True,False,residential,35000.0,110182.6,0.635,1.351,9181.9,5509.1,Recharge Pit
1157.2,1664.6,rcc,0.85,32,3145.1,1147961.5,loamy,508.5,True,True,industrial,253000.0,1473600.5,1.284,3.274,122800.0,57398.1,Recharge Well
414.0,893.0,rcc,0.85,19,1502.2,548303.0,sandy,249.5,True,True,commercial,252000.0,282822.0,0.516,3.579,23568.5,14141.1,Recharge Well
923.5,996.7,rcc,0.85,42,3636.2,1327213.0,rocky,591.4,False,False,industrial,409000.0,704146.1,0.531,1.685,58678.8,35207.3,Storage Tank
2731.2,453.0,rcc,0.85,19,1110.3,405259.5,silty,317.3,True,False,commercial,81000.0,946483.7,2.336,1.428,78873.6,20263.0,Hybrid System
516.1,65.4,tiles,0.8,7,920.0,335800.0,rocky,50.8,True,True,residential,31000.0,24302.1,0.072,1.287,2025.2,1215.1,Storage Tank
1952.2,86.4,rcc,0.85,4,495.2,180748.0,loamy,113.0,True,False,residential,48000.0,129032.6,0.714,0.765,10752.7,6451.6,Recharge Pit
2011.3,96.8,metal,0.9,2,268.6,98039.0,clay,14.3,True,False,residential,130000.0,157702.0,1.609,6.769,13141.8,4901.9,Storage Tank
722.6,1451.0,rcc,0.85,18,1336.0,487640.0,rocky,401.1,True,True,industrial,310000.0,802096.8,1.645,3.618,66841.4,24382.0,Storage Tank
1196.5,109.3,metal,0.9,6,757.5,276487.5,silty,12.7,True,False,residential,146000.0,105929.7,0.383,8.606,8827.5,5296.5,Storage Tank
947.0,123.7,rcc,0.85,3,331.0,120815.0,clay,48.2,True,False,residential,110000.0,89615.1,0.742,2.566,7467.9,4480.8,Storage Tank
1366.0,735.4,pavers,0.7,65,2363.6,862714.0,loamy,169.4,True,True,institutional,159000.0,632870.5,0.734,4.341,52739.2,31643.5,Recharge Well
1252.6,160.0,rcc,0.85,29,2059.5,751717.5,loamy,283.2,False,False,commercial,262000.0,153318.2,0.204,0.565,12776.5,7665.9,Hybrid System
914.5,99.3,rcc,0.85,5,612.7,223635.5,silty,65.6,True,False,residential,102000.0,69469.5,0.311,1.514,5789.1,3473.5,Hybrid System
1108.7,121.6,rcc,0.85,6,945.6,345144.0,clay,113.9,False,True,residential,56000.0,103135.7,0.299,1.068,8594.6,5156.8,Storage Tank
1128.5,218.7,rcc,0.85,4,493.1,179981.5,sandy,70.6,False,False,residential,25000.0,188804.3,1.049,3.098,15733.7,8999.1,Recharge Well
587.8,294.9,tiles,0.8,7,891.8,325507.0,sandy,63.2,True,True,residential,24000.0,124806.4,0.383,4.666,10400.5,6240.3,Storage Tank
317.8,113.0,rcc,0.85,3,347.1,126691.5,clay,97.2,True,False,residential,34000.0,27472.2,0.217,1.163,2289.3,1373.6,Storage Tank
2522.4,157.9,pavers,0.7,6,769.1,280721.5,sandy,91.9,True,True,residential,129000.0,250920.8,0.894,1.718,20910.1,12546.0,Recharge Well
1100.8,2025.1,rcc,0.85,36,1456.9,531768.5,sandy,91.7,True,True,industrial,197000.0,1705361.0,3.207,22.084,142113.4,26588.4,Recharge Well
1497.0,327.7,rcc,0.85,25,1570.2,573123.0,loamy,107.9,True,True,commercial,328000.0,375283.7,0.655,3.037,31273.6,18764.2,Recharge Well
851.2,94.2,metal,0.9,8,1046.1,381826.5,loamy,106.7,True,False,residential,41000.0,64948.3,0.17,0.883,5412.4,3247.4,Recharge Pit
728.0,189.9,pavers,0.7,8,965.1,352261.5,loamy,66.5,True,False,residential,115000.0,87095.7,0.247,2.856,7258.0,4354.8,Hybrid System
1407.3,244.7,tiles,0.8,4,480.3,175309.5,loamy,35.1,True,True,residential,31000.0,247943.7,1.414,6.972,20662.0,8765.5,Recharge Well
739.4,87.8,rcc,0.85,8,1178.0,429970.0,loamy,58.8,True,True,residential,79000.0,49663.3,0.116,1.493,4138.6,2483.2,Recharge Pit
364.7,1467.2,rcc,0.85,21,1361.0,496765.0,loamy,336.0,True,True,industrial,201000.0,409342.2,0.824,4.367,34111.8,20467.1,Recharge Well
440.3,377.2,rcc,0.85,21,759.5,277217.5,loamy,480.0,False,False,institutional,444000.0,127052.1,0.458,0.786,10587.7,6352.6,Hybrid System
676.6,396.9,rcc,0.85,35,2136.8,779932.0,clay,89.5,True,False,commercial,337000.0,205435.0,0.263,4.435,17119.6,10271.8,Storage Tank
374.6,1156.0,metal,0.9,59,1734.8,633202.0,sandy,200.8,True,False,institutional,301000.0,350760.5,0.554,5.757,29230.0,17538.0,Hybrid System
2445.8,84.2,pavers,0.7,5,599.4,218781.0,sandy,77.9,True,False,residential,110000.0,129739.9,0.593,1.081,10811.7,6487.0,Hybrid System
411.1,957.9,rcc,0.85,27,1605.3,585934.5,silty,418.0,True,True,industrial,160000.0,301251.4,0.514,2.292,25104.3,15062.6,Recharge Well
334.2,198.5,metal,0.9,5,633.6,231264.0,rocky,45.7,True,True,residential,76000.0,53734.3,0.232,4.344,4477.9,2686.7,Storage Tank
535.6,281.7,tiles,0.8,2,223.6,81614.0,loamy,30.0,False,False,residential,32000.0,108632.5,1.331,9.39,9052.7,4080.7,Recharge Well
851.4,195.5,tiles,0.8,6,723.7,264150.5,loamy,118.0,True,False,residential,21000.0,119843.1,0.454,1.657,9986.9,5992.2,Storage Tank
1857.8,106.9,tiles,0.8,7,860.5,314082.5,loamy,35.3,True,True,residential,134000.0,142991.2,0.455,3.028,11915.9,7149.6,Recharge Pit
879.1,958.1,rcc,0.85,13,920.1,335836.5,sandy,51.0,True,False,commercial,147000.0,644333.3,1.919,18.786,53694.4,16791.8,Hybrid System
3078.9,1512.6,rcc,0.85,61,1960.2,715473.0,sandy,181.0,True,False,institutional,213000.0,3562715.3,4.98,8.357,296892.9,35773.7,Hybrid System
800.9,251.7,pavers,0.7,8,1181.0,431065.0,clay,91.9,True,False,residential,144000.0,126999.5,0.295,2.739,10583.3,6350.0,Storage Tank
2173.4,172.7,rcc,0.85,5,741.1,270501.5,sandy,11.4,True,False,residential,97000.0,287139.8,1.062,15.149,23928.3,13525.1,Storage Tank
370.0,159.9,metal,0.9,4,629.8,229877.0,sandy,117.0,True,True,residential,135000.0,47922.0,0.208,1.367,3993.5,2396.1,Recharge Pit
1195.7,678.6,pavers,0.7,33,2456.6,896659.0,rocky,216.5,False,True,industrial,228000.0,511183.3,0.57,3.134,42598.6,25559.2,Storage Tank
1092.0,954.5,rcc,0.85,45,2152.3,785589.5,loamy,46.0,False,False,industrial,469000.0,797370.2,1.015,20.75,66447.5,39279.5,Hybrid System
883.3,123.3,rcc,0.85,5,558.0,203670.0,rocky,19.7,True,True,residential,140000.0,83316.8,0.409,6.259,6943.1,4165.8,Storage Tank
565.1,737.9,metal,0.9,23,1517.0,553705.0,clay,330.0,True,True,commercial,87000.0,337759.7,0.61,2.236,28146.6,16888.0,Storage Tank
1282.5,290.0,rcc,0.85,29,1192.7,435335.5,sandy,339.7,False,False,commercial,159000.0,284522.6,0.654,0.854,23710.2,14226.1,Hybrid System
591.7,204.8,tiles,0.8,6,870.8,317842.0,loamy,88.5,True,False,residential,45000.0,87249.7,0.275,2.314,7270.8,4362.5,Recharge Pit
1410.0,404.8,rcc,0.85,15,863.5,315177.5,silty,105.3,True,False,commercial,137000.0,436637.5,1.385,3.844,36386.5,15758.9,Hybrid System
1398.3,993.6,rcc,0.85,34,2703.5,986777.5,loamy,120.3,False,False,commercial,340000.0,1062853.4,1.077,8.259,88571.1,49338.9,Hybrid System
1165.9,827.4,tiles,0.8,12,473.5,172827.5,silty,278.1,True,False,commercial,187000.0,694559.3,4.019,2.975,57879.9,8641.4,Hybrid System
515.6,86.0,tiles,0.8,5,660.1,240936.5,loamy,88.8,True,True,residential,114000.0,31926.0,0.133,0.968,2660.5,1596.3,Recharge Pit
1396.7,1787.8,pavers,0.7,67,3415.0,1246475.0,silty,344.8,True,False,institutional,209000.0,1573122.8,1.262,5.185,131093.6,62323.8,Hybrid System
2993.6,1341.7,rcc,0.85,27,1458.8,532462.0,sandy,466.1,True,False,institutional,251000.0,3072632.5,5.771,2.879,256052.7,26623.1,Hybrid System
1082.0,842.1,metal,0.9,25,889.7,324740.5,loamy,213.1,False,True,commercial,163000.0,738033.3,2.273,3.952,61502.8,16237.0,Recharge Well
1172.2,143.2,pavers,0.7,7,788.4,287766.0,clay,39.5,False,True,residential,104000.0,105751.2,0.367,3.625,8812.6,5287.6,Storage Tank
440.9,192.1,rcc,0.85,5,796.8,290832.0,sandy,55.8,False,True,residential,96000.0,64793.1,0.223,3.443,5399.4,3239.7,Recharge Pit
1040.3,872.8,rcc,0.85,12,804.2,293533.0,loamy,114.6,True,True,commercial,71000.0,694600.0,2.366,7.616,57883.3,14676.7,Recharge Well
919.9,242.7,metal,0.9,5,692.3,252689.5,silty,118.0,True,True,residential,117000.0,180840.4,0.716,2.057,15070.0,9042.0,Recharge Well
816.2,290.6,rcc,0.85,31,1134.1,413946.5,loamy,37.4,True,True,commercial,85000.0,181448.6,0.438,7.77,15120.7,9072.4,Recharge Well
919.3,75.3,rcc,0.85,4,581.3,212174.5,silty,31.3,False,False,residential,71000.0,52955.8,0.25,2.406,4413.0,2647.8,Storage Tank
915.4,180.5,rcc,0.85,4,519.9,189763.5,loamy,33.9,True,True,residential,146000.0,126400.7,0.666,5.324,10533.4,6320.0,Recharge Pit
720.3,419.1,metal,0.9,12,703.2,256668.0,loamy,38.2,True,True,commercial,341000.0,244521.0,0.953,10.971,20376.8,12226.1,Recharge Well
2692.2,218.5,rcc,0.85,8,1248.4,455666.0,clay,2.1,True,False,residential,56000.0,450008.0,0.988,104.048,37500.7,22500.4,Storage Tank
1348.0,98.9,pavers,0.7,4,506.9,185018.5,sandy,12.6,False,False,residential,120000.0,83989.8,0.454,7.849,6999.2,4199.5,Storage Tank
1118.8,405.8,rcc,0.85,32,2551.0,931115.0,sandy,202.9,False,False,commercial,125000.0,347316.9,0.373,2.0,28943.1,17365.8,Hybrid System
1860.2,990.5,rcc,0.85,41,1487.7,543010.5,loamy,55.0,True,True,institutional,346000.0,1409534.0,2.596,18.009,117461.2,27150.5,Recharge Well
359.5,320.8,metal,0.9,19,815.6,297694.0,sandy,95.9,False,True,commercial,219000.0,93415.4,0.314,3.345,7784.6,4670.8,Recharge Well
707.8,65.3,rcc,0.85,7,857.3,312914.5,loamy,56.7,True,True,residential,65000.0,35357.8,0.113,1.152,2946.5,1767.9,Recharge Pit
1057.8,1148.1,rcc,0.85,37,1427.4,521001.0,rocky,429.9,True,False,institutional,425000.0,929062.0,1.783,2.671,77421.8,26050.1,Storage Tank
983.9,119.1,metal,0.9,7,853.7,311600.5,sandy,74.7,True,False,residential,58000.0,94917.8,0.305,1.594,7909.8,4745.9,Storage Tank
2589.0,90.9,rcc,0.85,7,937.3,342114.5,rocky,35.9,True,False,residential,139000.0,180035.2,0.526,2.532,15002.9,9001.8,Storage Tank
509.1,1029.9,metal,0.9,29,1161.8,424057.0,silty,288.7,False,False,institutional,303000.0,424700.9,1.002,3.567,35391.7,21202.9,Hybrid System
441.2,30.5,rcc,0.85,6,914.2,333683.0,loamy,114.4,True,False,residential,32000.0,10294.3,0.031,0.267,857.9,514.7,Recharge Pit
689.4,227.5,rcc,0.85,8,909.9,332113.5,loamy,91.4,True,False,residential,106000.0,119981.5,0.361,2.489,9998.5,5999.1,Hybrid System
1167.0,244.8,pavers,0.7,7,778.8,284262.0,loamy,53.7,True,False,residential,106000.0,179979.4,0.633,4.559,14998.3,8999.0,Hybrid System
1058.6,170.0,tiles,0.8,2,283.3,103404.5,sandy,66.5,True,True,residential,28000.0,129572.6,1.253,2.556,10797.7,5170.2,Recharge Pit
1204.7,302.0,rcc,0.85,4,633.6,231264.0,loamy,90.2,True,False,residential,68000.0,278321.8,1.203,3.348,23193.5,11563.2,Hybrid System
1113.7,2390.5,rcc,0.85,35,1766.5,644772.5,silty,444.5,False,False,industrial,251000.0,2036659.4,3.159,5.378,169721.6,32238.6,Hybrid System
610.1,122.8,metal,0.9,3,355.1,129611.5,sandy,33.2,False,False,residential,110000.0,60685.4,0.468,3.699,5057.1,3034.3,Hybrid System
1004.3,160.9,rcc,0.85,5,759.1,277071.5,loamy,37.9,False,False,residential,70000.0,123617.8,0.446,4.245,10301.5,6180.9,Hybrid System
331.2,268.5,pavers,0.7,8,1074.7,392265.5,sandy,9.1,True,False,residential,75000.0,56024.1,0.143,29.505,4668.7,2801.2,Storage Tank
1105.7,2324.5,rcc,0.85,42,3628.7,1324475.5,loamy,497.3,True,True,industrial,454000.0,1966202.7,1.485,4.674,163850.2,66223.8,Recharge Well
707.0,2246.0,rcc,0.85,47,4372.8,1596072.0,sandy,69.8,False,False,industrial,401000.0,1214760.3,0.761,32.178,101230.0,60738.0,Hybrid System
624.6,207.6,rcc,0.85,5,725.2,264698.0,sandy,58.4,True,False,residential,122000.0,99195.2,0.375,3.555,8266.3,4959.8,Hybrid System
1122.1,68.3,tiles,0.8,4,488.0,178120.0,loamy,64.2,True,False,residential,81000.0,55180.4,0.31,1.064,4598.4,2759.0,Hybrid System
761.2,36.2,metal,0.9,4,614.8,224402.0,sandy,9.1,False,True,residential,103000.0,22319.9,0.099,3.978,1860.0,1116.0,Storage Tank
1372.8,652.8,rcc,0.85,37,1715.7,626230.5,rocky,378.3,True,False,institutional,217000.0,685565.3,1.095,1.726,57130.4,31311.5,Storage Tank
576.6,60.4,metal,0.9,6,715.3,261084.5,rocky,81.0,True,False,residential,93000.0,28209.6,0.108,0.746,2350.8,1410.5,Storage Tank
448.7,1666.6,metal,0.9,42,3034.7,1107665.5,sandy,245.6,True,False,industrial,407000.0,605720.8,0.547,6.786,50476.7,30286.0,Hybrid System
1976.5,181.4,pavers,0.7,3,452.7,165235.5,sandy,104.8,True,False,residential,114000.0,225878.4,1.367,1.731,18823.2,8261.8,Hybrid System
1175.4,873.6,tiles,0.8,32,1160.5,423582.5,sandy,435.9,True,False,institutional,318000.0,739317.2,1.745,2.004,61609.8,21179.1,Hybrid System
1580.0,661.1,rcc,0.85,34,2591.4,945861.0,loamy,189.8,True,True,commercial,124000.0,799071.6,0.845,3.483,66589.3,39953.6,Recharge Well
1956.9,117.5,rcc,0.85,4,632.3,230789.5,loamy,75.7,True,True,residential,117000.0,175900.8,0.762,1.552,14658.4,8795.0,Recharge Pit
921.0,238.2,rcc,0.85,6,802.0,292730.0,silty,72.2,False,False,residential,127000.0,167827.4,0.573,3.299,13985.6,8391.4,Hybrid System
990.3,1711.2,metal,0.9,17,1288.0,470120.0,loamy,391.5,True,False,industrial,411000.0,1372627.1,2.92,4.371,114385.6,23506.0,Hybrid System
698.0,1266.0,rcc,0.85,69,1959.3,715144.5,clay,97.2,True,False,institutional,435000.0,676006.0,0.945,13.025,56333.8,33800.3,Storage Tank
331.0,353.7,rcc,0.85,26,1820.2,664373.0,loamy,44.7,True,False,commercial,108000.0,89562.1,0.135,7.913,7463.5,4478.1,Hybrid System
1015.9,810.2,tiles,0.8,17,1244.7,454315.5,silty,293.5,True,True,commercial,289000.0,592619.2,1.304,2.76,49384.9,22715.8,Recharge Well
708.2,61.3,rcc,0.85,2,286.9,104718.5,clay,116.4,True,False,residential,108000.0,33210.7,0.317,0.527,2767.6,1660.5,Storage Tank
325.1,614.7,tiles,0.8,15,1090.0,397850.0,clay,134.8,True,False,commercial,279000.0,143884.1,0.362,4.56,11990.3,7194.2,Storage Tank
595.2,602.8,tiles,0.8,22,1259.1,459571.5,rocky,69.3,False,True,commercial,295000.0,258326.3,0.562,8.698,21527.2,12916.3,Storage Tank
312.8,267.7,metal,0.9,2,317.8,115997.0,sandy,59.3,True,False,residential,98000.0,67826.6,0.585,4.514,5652.2,3391.3,Hybrid System
853.3,42.8,rcc,0.85,7,968.7,353575.5,loamy,40.0,True,False,residential,124000.0,27938.7,0.079,1.07,2328.2,1396.9,Storage Tank
300.2,1067.6,rcc,0.85,35,2644.3,965169.5,loamy,533.1,True,False,industrial,421000.0,245177.5,0.254,2.003,20431.5,12258.9,Hybrid System
2439.6,162.8,pavers,0.7,7,833.6,304264.0,clay,71.1,True,False,residential,80000.0,250215.1,0.822,2.29,20851.3,12510.8,Storage Tank
1540.2,1756.1,tiles,0.8,21,1167.9,426283.5,loamy,72.2,False,True,institutional,285000.0,1947416.6,4.568,24.323,162284.7,21314.2,Recharge Well
1030.5,180.2,metal,0.9,8,888.9,324448.5,loamy,45.8,True,False,residential,45000.0,150413.8,0.464,3.934,12534.5,7520.7,Recharge Well
1965.2,813.7,pavers,0.7,25,1425.6,520344.0,sandy,63.4,True,True,institutional,384000.0,1007422.4,1.936,12.834,83951.9,26017.2,Recharge Well
2906.8,215.6,rcc,0.85,7,820.8,299592.0,silty,101.7,True,True,residential,46000.0,479430.2,1.6,2.12,39952.5,14979.6,Recharge Well
3101.7,619.8,rcc,0.85,21,1632.2,595753.0,loamy,237.8,True,True,commercial,272000.0,1470661.7,2.469,2.606,122555.1,29787.7,Recharge Well
643.0,848.2,rcc,0.85,68,2668.9,974148.5,sandy,60.2,False,True,institutional,410000.0,417225.3,0.428,14.09,34768.8,20861.3,Recharge Well
2124.8,2266.2,tiles,0.8,29,1911.8,697807.0,loamy,582.8,True,True,industrial,235000.0,3466959.7,4.968,3.888,288913.3,34890.3,Recharge Well
1397.3,312.0,rcc,0.85,10,598.9,218598.5,clay,179.5,True,True,commercial,308000.0,333507.6,1.526,1.738,27792.3,10929.9,Storage Tank
1985.6,169.2,tiles,0.8,7,824.7,301015.5,loamy,66.3,True,True,residential,85000.0,241893.7,0.804,2.552,20157.8,12094.7,Recharge Well
2009.2,832.3,rcc,0.85,23,1019.8,372227.0,loamy,100.0,True,False,commercial,346000.0,1279276.7,3.437,8.323,106606.4,18611.4,Hybrid System
846.4,874.5,metal,0.9,36,938.5,342552.5,rocky,337.6,True,False,institutional,310000.0,599543.2,1.75,2.59,49961.9,17127.6,Storage Tank
1488.0,173.9,metal,0.9,3,333.3,121654.5,clay,62.6,True,True,residential,123000.0,209598.2,1.723,2.778,17466.5,6082.7,Storage Tank
405.6,844.8,tiles,0.8,27,1403.2,512168.0,clay,90.2,True,True,commercial,333000.0,246708.6,0.482,9.366,20559.0,12335.4,Storage Tank
878.4,276.9,tiles,0.8,7,1098.2,400843.0,sandy,116.0,True,True,residential,146000.0,175124.9,0.437,2.387,14593.7,8756.2,Recharge Pit
2286.5,979.8,rcc,0.85,21,807.9,294883.5,loamy,301.6,False,True,commercial,341000.0,1713839.2,5.812,3.249,142819.9,14744.2,Recharge Well
396.8,260.9,metal,0.9,8,1175.9,429203.5,clay,21.9,False,False,residential,118000.0,83855.3,0.195,11.913,6987.9,4192.8,Storage Tank
1837.5,495.4,metal,0.9,16,857.6,313024.0,loamy,215.8,True,True,commercial,263000.0,737341.0,2.356,2.296,61445.1,15651.2,Recharge Well
466.7,443.5,tiles,0.8,11,629.8,229877.0,clay,154.7,False,True,commercial,342000.0,149026.6,0.648,2.867,12418.9,7451.3,Storage Tank
1449.6,738.4,pavers,0.7,62,2197.7,802160.5,loamy,280.1,True,False,institutional,370000.0,674342.3,0.841,2.636,56195.2,33717.1,Hybrid System
594.5,1891.9,metal,0.9,47,3108.2,1134493.0,loamy,532.1,False,True,industrial,274000.0,911035.0,0.803,3.556,75919.6,45551.8,Recharge Well
902.2,137.5,rcc,0.85,7,1079.3,393944.5,sandy,83.7,False,True,residential,125000.0,94900.2,0.241,1.643,7908.3,4745.0,Recharge Pit
1264.9,1153.7,metal,0.9,55,3087.7,1127010.5,clay,365.0,True,False,institutional,210000.0,1182045.3,1.049,3.161,98503.8,56350.5,Storage Tank
